2026-01-28T09:31:57.667081019Z I0128 09:31:57.649993       1 cmd.go:253] Using service-serving-cert provided certificates
2026-01-28T09:31:57.667081019Z I0128 09:31:57.657360       1 leaderelection.go:121] The leader election gives 4 retries and allows for 30s of clock skew. The kube-apiserver downtime tolerance is 78s. Worst non-graceful lease acquisition is 2m43s. Worst graceful lease acquisition is {26s}.
2026-01-28T09:31:57.674047824Z I0128 09:31:57.671287       1 observer_polling.go:159] Starting file observer
2026-01-28T09:31:57.768745620Z I0128 09:31:57.768189       1 builder.go:304] openshift-cluster-kube-scheduler-operator version 4.20.0-202601161812.p2.g58cbd29.assembly.stream.el9-58cbd29-58cbd296eecc61c0871739588ae65af9c05e87a6
2026-01-28T09:32:01.161504246Z I0128 09:32:01.154085       1 secure_serving.go:57] Forcing use of http/1.1 only
2026-01-28T09:32:01.161504246Z W0128 09:32:01.154423       1 secure_serving.go:69] Use of insecure cipher 'TLS_ECDHE_ECDSA_WITH_AES_128_CBC_SHA256' detected.
2026-01-28T09:32:01.161504246Z W0128 09:32:01.154430       1 secure_serving.go:69] Use of insecure cipher 'TLS_ECDHE_RSA_WITH_AES_128_CBC_SHA256' detected.
2026-01-28T09:32:01.161504246Z W0128 09:32:01.154441       1 secure_serving.go:69] Use of insecure cipher 'TLS_RSA_WITH_AES_128_GCM_SHA256' detected.
2026-01-28T09:32:01.161504246Z W0128 09:32:01.154445       1 secure_serving.go:69] Use of insecure cipher 'TLS_RSA_WITH_AES_256_GCM_SHA384' detected.
2026-01-28T09:32:01.161504246Z W0128 09:32:01.154448       1 secure_serving.go:69] Use of insecure cipher 'TLS_RSA_WITH_AES_128_CBC_SHA' detected.
2026-01-28T09:32:01.161504246Z W0128 09:32:01.154452       1 secure_serving.go:69] Use of insecure cipher 'TLS_RSA_WITH_AES_256_CBC_SHA' detected.
2026-01-28T09:32:01.164277143Z I0128 09:32:01.164248       1 leaderelection.go:257] attempting to acquire leader lease openshift-kube-scheduler-operator/openshift-cluster-kube-scheduler-operator-lock...
2026-01-28T09:32:01.164467482Z I0128 09:32:01.164452       1 secure_serving.go:211] Serving securely on [::]:8443
2026-01-28T09:32:01.164502954Z I0128 09:32:01.164483       1 requestheader_controller.go:180] Starting RequestHeaderAuthRequestController
2026-01-28T09:32:01.164565217Z I0128 09:32:01.164543       1 shared_informer.go:350] "Waiting for caches to sync" controller="RequestHeaderAuthRequestController"
2026-01-28T09:32:01.164600499Z I0128 09:32:01.164589       1 tlsconfig.go:243] "Starting DynamicServingCertificateController"
2026-01-28T09:32:01.164691314Z I0128 09:32:01.164591       1 configmap_cafile_content.go:205] "Starting controller" name="client-ca::kube-system::extension-apiserver-authentication::client-ca-file"
2026-01-28T09:32:01.164724325Z I0128 09:32:01.164713       1 shared_informer.go:350] "Waiting for caches to sync" controller="client-ca::kube-system::extension-apiserver-authentication::client-ca-file"
2026-01-28T09:32:01.164786528Z I0128 09:32:01.164547       1 dynamic_serving_content.go:135] "Starting controller" name="serving-cert::/var/run/secrets/serving-cert/tls.crt::/var/run/secrets/serving-cert/tls.key"
2026-01-28T09:32:01.164812060Z I0128 09:32:01.164603       1 configmap_cafile_content.go:205] "Starting controller" name="client-ca::kube-system::extension-apiserver-authentication::requestheader-client-ca-file"
2026-01-28T09:32:01.164821630Z I0128 09:32:01.164814       1 shared_informer.go:350] "Waiting for caches to sync" controller="client-ca::kube-system::extension-apiserver-authentication::requestheader-client-ca-file"
2026-01-28T09:32:01.180193650Z I0128 09:32:01.179541       1 leaderelection.go:271] successfully acquired lease openshift-kube-scheduler-operator/openshift-cluster-kube-scheduler-operator-lock
2026-01-28T09:32:01.181694425Z I0128 09:32:01.180781       1 event.go:377] Event(v1.ObjectReference{Kind:"Lease", Namespace:"openshift-kube-scheduler-operator", Name:"openshift-cluster-kube-scheduler-operator-lock", UID:"49dd6c5e-c145-441e-a4e3-9c9d72cacfc4", APIVersion:"coordination.k8s.io/v1", ResourceVersion:"10783", FieldPath:""}): type: 'Normal' reason: 'LeaderElection' openshift-kube-scheduler-operator-658775bbff-4gb72_537963d6-ae89-43f1-801f-fdd84c67cc8e became leader
2026-01-28T09:32:01.181694425Z I0128 09:32:01.180836       1 simple_featuregate_reader.go:171] Starting feature-gate-detector
2026-01-28T09:32:01.188440559Z I0128 09:32:01.188397       1 starter.go:90] FeatureGates initialized: knownFeatureGates=[AdditionalRoutingCapabilities AdminNetworkPolicy AlibabaPlatform AzureWorkloadIdentity BuildCSIVolumes CPMSMachineNamePrefix ConsolePluginContentSecurityPolicy ExternalOIDC ExternalOIDCWithUIDAndExtraClaimMappings GatewayAPI GatewayAPIController HighlyAvailableArbiter ImageVolume IngressControllerLBSubnetsAWS KMSv1 MachineConfigNodes ManagedBootImages ManagedBootImagesAWS MetricsCollectionProfiles NetworkDiagnosticsConfig NetworkLiveMigration NetworkSegmentation NewOLM PinnedImages PreconfiguredUDNAddresses ProcMountType RouteAdvertisements RouteExternalCertificate ServiceAccountTokenNodeBinding SetEIPForNLBIngressController SigstoreImageVerification StoragePerformantSecurityPolicy UpgradeStatus UserNamespacesPodSecurityStandards UserNamespacesSupport VSphereMultiDisk VSphereMultiNetworks AWSClusterHostedDNS AWSClusterHostedDNSInstall AWSDedicatedHosts AWSServiceLBNetworkSecurityGroup AutomatedEtcdBackup AzureClusterHostedDNSInstall AzureDedicatedHosts AzureMultiDisk BootImageSkewEnforcement BootcNodeManagement ClusterAPIInstall ClusterAPIInstallIBMCloud ClusterMonitoringConfig ClusterVersionOperatorConfiguration DNSNameResolver DualReplica DyanmicServiceEndpointIBMCloud DynamicResourceAllocation EtcdBackendQuota EventedPLEG Example Example2 ExternalSnapshotMetadata GCPClusterHostedDNS GCPClusterHostedDNSInstall GCPCustomAPIEndpoints GCPCustomAPIEndpointsInstall ImageModeStatusReporting ImageStreamImportMode IngressControllerDynamicConfigurationManager InsightsConfig InsightsConfigAPI InsightsOnDemandDataGather IrreconcilableMachineConfig KMSEncryptionProvider MachineAPIMigration MachineAPIOperatorDisableMachineHealthCheckController ManagedBootImagesAzure ManagedBootImagesvSphere MaxUnavailableStatefulSet MinimumKubeletVersion MixedCPUsAllocation MultiArchInstallAzure MultiDiskSetup MutatingAdmissionPolicy NewOLMCatalogdAPIV1Metas NewOLMOwnSingleNamespace NewOLMPreflightPermissionChecks NewOLMWebhookProviderOpenshiftServiceCA NoRegistryClusterOperations NodeSwap NutanixMultiSubnets OVNObservability OpenShiftPodSecurityAdmission SELinuxMount ShortCertRotation SignatureStores SigstoreImageVerificationPKI TranslateStreamCloseWebsocketRequests VSphereConfigurableMaxAllowedBlockVolumesPerNode VSphereHostVMGroupZonal VSphereMixedNodeEnv VolumeAttributesClass VolumeGroupSnapshot]
2026-01-28T09:32:01.190163394Z I0128 09:32:01.190136       1 event.go:377] Event(v1.ObjectReference{Kind:"Deployment", Namespace:"openshift-kube-scheduler-operator", Name:"openshift-kube-scheduler-operator", UID:"4ee73538-84c8-4928-8a20-259cdec17ca8", APIVersion:"apps/v1", ResourceVersion:"", FieldPath:""}): type: 'Normal' reason: 'FeatureGatesInitialized' FeatureGates updated to featuregates.Features{Enabled:[]v1.FeatureGateName{"AdditionalRoutingCapabilities", "AdminNetworkPolicy", "AlibabaPlatform", "AzureWorkloadIdentity", "BuildCSIVolumes", "CPMSMachineNamePrefix", "ConsolePluginContentSecurityPolicy", "ExternalOIDC", "ExternalOIDCWithUIDAndExtraClaimMappings", "GatewayAPI", "GatewayAPIController", "HighlyAvailableArbiter", "ImageVolume", "IngressControllerLBSubnetsAWS", "KMSv1", "MachineConfigNodes", "ManagedBootImages", "ManagedBootImagesAWS", "MetricsCollectionProfiles", "NetworkDiagnosticsConfig", "NetworkLiveMigration", "NetworkSegmentation", "NewOLM", "PinnedImages", "PreconfiguredUDNAddresses", "ProcMountType", "RouteAdvertisements", "RouteExternalCertificate", "ServiceAccountTokenNodeBinding", "SetEIPForNLBIngressController", "SigstoreImageVerification", "StoragePerformantSecurityPolicy", "UpgradeStatus", "UserNamespacesPodSecurityStandards", "UserNamespacesSupport", "VSphereMultiDisk", "VSphereMultiNetworks"}, Disabled:[]v1.FeatureGateName{"AWSClusterHostedDNS", "AWSClusterHostedDNSInstall", "AWSDedicatedHosts", "AWSServiceLBNetworkSecurityGroup", "AutomatedEtcdBackup", "AzureClusterHostedDNSInstall", "AzureDedicatedHosts", "AzureMultiDisk", "BootImageSkewEnforcement", "BootcNodeManagement", "ClusterAPIInstall", "ClusterAPIInstallIBMCloud", "ClusterMonitoringConfig", "ClusterVersionOperatorConfiguration", "DNSNameResolver", "DualReplica", "DyanmicServiceEndpointIBMCloud", "DynamicResourceAllocation", "EtcdBackendQuota", "EventedPLEG", "Example", "Example2", "ExternalSnapshotMetadata", "GCPClusterHostedDNS", "GCPClusterHostedDNSInstall", "GCPCustomAPIEndpoints", "GCPCustomAPIEndpointsInstall", "ImageModeStatusReporting", "ImageStreamImportMode", "IngressControllerDynamicConfigurationManager", "InsightsConfig", "InsightsConfigAPI", "InsightsOnDemandDataGather", "IrreconcilableMachineConfig", "KMSEncryptionProvider", "MachineAPIMigration", "MachineAPIOperatorDisableMachineHealthCheckController", "ManagedBootImagesAzure", "ManagedBootImagesvSphere", "MaxUnavailableStatefulSet", "MinimumKubeletVersion", "MixedCPUsAllocation", "MultiArchInstallAzure", "MultiDiskSetup", "MutatingAdmissionPolicy", "NewOLMCatalogdAPIV1Metas", "NewOLMOwnSingleNamespace", "NewOLMPreflightPermissionChecks", "NewOLMWebhookProviderOpenshiftServiceCA", "NoRegistryClusterOperations", "NodeSwap", "NutanixMultiSubnets", "OVNObservability", "OpenShiftPodSecurityAdmission", "SELinuxMount", "ShortCertRotation", "SignatureStores", "SigstoreImageVerificationPKI", "TranslateStreamCloseWebsocketRequests", "VSphereConfigurableMaxAllowedBlockVolumesPerNode", "VSphereHostVMGroupZonal", "VSphereMixedNodeEnv", "VolumeAttributesClass", "VolumeGroupSnapshot"}}
2026-01-28T09:32:01.206808087Z I0128 09:32:01.206773       1 base_controller.go:76] Waiting for caches to sync for kube-controller-manager-RemoveStaleConditions
2026-01-28T09:32:01.207720563Z I0128 09:32:01.207699       1 base_controller.go:76] Waiting for caches to sync for ConfigObserver
2026-01-28T09:32:01.209077990Z I0128 09:32:01.209056       1 base_controller.go:76] Waiting for caches to sync for MissingStaticPodController
2026-01-28T09:32:01.209229227Z I0128 09:32:01.209215       1 base_controller.go:76] Waiting for caches to sync for KubeControllerManagerStaticResources-StaticResources
2026-01-28T09:32:01.209275129Z I0128 09:32:01.209254       1 base_controller.go:76] Waiting for caches to sync for TargetConfigController
2026-01-28T09:32:01.209313582Z I0128 09:32:01.209298       1 base_controller.go:76] Waiting for caches to sync for StatusSyncer_kube-scheduler
2026-01-28T09:32:01.209334352Z I0128 09:32:01.209231       1 base_controller.go:76] Waiting for caches to sync for GuardController
2026-01-28T09:32:01.209358734Z I0128 09:32:01.209244       1 base_controller.go:76] Waiting for caches to sync for kube-scheduler
2026-01-28T09:32:01.209381975Z I0128 09:32:01.209337       1 base_controller.go:76] Waiting for caches to sync for RevisionController
2026-01-28T09:32:01.209489300Z I0128 09:32:01.209464       1 base_controller.go:76] Waiting for caches to sync for Installer
2026-01-28T09:32:01.209502601Z I0128 09:32:01.209496       1 base_controller.go:76] Waiting for caches to sync for kube-scheduler-InstallerState
2026-01-28T09:32:01.209514161Z I0128 09:32:01.209509       1 base_controller.go:76] Waiting for caches to sync for kube-scheduler-StaticPodState
2026-01-28T09:32:01.209537562Z I0128 09:32:01.209522       1 base_controller.go:76] Waiting for caches to sync for PruneController
2026-01-28T09:32:01.209548923Z I0128 09:32:01.209543       1 base_controller.go:76] Waiting for caches to sync for kube-scheduler-Node
2026-01-28T09:32:01.209671599Z I0128 09:32:01.209651       1 base_controller.go:76] Waiting for caches to sync for BackingResourceController-StaticResources
2026-01-28T09:32:01.209686660Z I0128 09:32:01.209680       1 base_controller.go:76] Waiting for caches to sync for cluster-kube-scheduler-operator-UnsupportedConfigOverrides
2026-01-28T09:32:01.209709501Z I0128 09:32:01.209694       1 base_controller.go:76] Waiting for caches to sync for LoggingSyncer
2026-01-28T09:32:01.264945124Z I0128 09:32:01.264713       1 shared_informer.go:357] "Caches are synced" controller="RequestHeaderAuthRequestController"
2026-01-28T09:32:01.272086737Z I0128 09:32:01.272067       1 shared_informer.go:357] "Caches are synced" controller="client-ca::kube-system::extension-apiserver-authentication::client-ca-file"
2026-01-28T09:32:01.272914489Z I0128 09:32:01.272899       1 shared_informer.go:357] "Caches are synced" controller="client-ca::kube-system::extension-apiserver-authentication::requestheader-client-ca-file"
2026-01-28T09:32:01.309318880Z I0128 09:32:01.309282       1 base_controller.go:82] Caches are synced for kube-controller-manager-RemoveStaleConditions 
2026-01-28T09:32:01.309368122Z I0128 09:32:01.309356       1 base_controller.go:119] Starting #1 worker of kube-controller-manager-RemoveStaleConditions controller ...
2026-01-28T09:32:01.309405414Z I0128 09:32:01.309396       1 base_controller.go:82] Caches are synced for StatusSyncer_kube-scheduler 
2026-01-28T09:32:01.309430115Z I0128 09:32:01.309420       1 base_controller.go:119] Starting #1 worker of StatusSyncer_kube-scheduler controller ...
2026-01-28T09:32:01.309837245Z I0128 09:32:01.309820       1 base_controller.go:82] Caches are synced for ConfigObserver 
2026-01-28T09:32:01.309869717Z I0128 09:32:01.309859       1 base_controller.go:119] Starting #1 worker of ConfigObserver controller ...
2026-01-28T09:32:01.309983553Z I0128 09:32:01.309971       1 base_controller.go:82] Caches are synced for TargetConfigController 
2026-01-28T09:32:01.310009824Z I0128 09:32:01.310000       1 base_controller.go:119] Starting #1 worker of TargetConfigController controller ...
2026-01-28T09:32:01.310783822Z I0128 09:32:01.310768       1 base_controller.go:82] Caches are synced for PruneController 
2026-01-28T09:32:01.310820584Z I0128 09:32:01.310810       1 base_controller.go:119] Starting #1 worker of PruneController controller ...
2026-01-28T09:32:01.311162971Z I0128 09:32:01.311104       1 prune_controller.go:277] Nothing to prune
2026-01-28T09:32:01.311212953Z I0128 09:32:01.311201       1 base_controller.go:82] Caches are synced for BackingResourceController-StaticResources 
2026-01-28T09:32:01.311240685Z I0128 09:32:01.311230       1 base_controller.go:119] Starting #1 worker of BackingResourceController-StaticResources controller ...
2026-01-28T09:32:01.311275627Z I0128 09:32:01.311266       1 base_controller.go:82] Caches are synced for cluster-kube-scheduler-operator-UnsupportedConfigOverrides 
2026-01-28T09:32:01.311299398Z I0128 09:32:01.311290       1 base_controller.go:119] Starting #1 worker of cluster-kube-scheduler-operator-UnsupportedConfigOverrides controller ...
2026-01-28T09:32:01.312133409Z I0128 09:32:01.312109       1 base_controller.go:82] Caches are synced for RevisionController 
2026-01-28T09:32:01.312133409Z I0128 09:32:01.312125       1 base_controller.go:119] Starting #1 worker of RevisionController controller ...
2026-01-28T09:32:01.314257664Z I0128 09:32:01.314238       1 base_controller.go:82] Caches are synced for LoggingSyncer 
2026-01-28T09:32:01.314308077Z I0128 09:32:01.314286       1 base_controller.go:119] Starting #1 worker of LoggingSyncer controller ...
2026-01-28T09:32:01.405620195Z I0128 09:32:01.405584       1 reflector.go:430] "Caches populated" type="*v1.Service" reflector="k8s.io/client-go@v0.33.2/tools/cache/reflector.go:285"
2026-01-28T09:32:01.409480246Z I0128 09:32:01.409454       1 base_controller.go:82] Caches are synced for KubeControllerManagerStaticResources-StaticResources 
2026-01-28T09:32:01.409480246Z I0128 09:32:01.409469       1 base_controller.go:119] Starting #1 worker of KubeControllerManagerStaticResources-StaticResources controller ...
2026-01-28T09:32:01.608465272Z I0128 09:32:01.608427       1 reflector.go:430] "Caches populated" type="*v1.Pod" reflector="k8s.io/client-go@v0.33.2/tools/cache/reflector.go:285"
2026-01-28T09:32:01.609756116Z I0128 09:32:01.609734       1 base_controller.go:82] Caches are synced for Installer 
2026-01-28T09:32:01.609863621Z I0128 09:32:01.609849       1 base_controller.go:119] Starting #1 worker of Installer controller ...
2026-01-28T09:32:01.612670250Z I0128 09:32:01.609796       1 base_controller.go:82] Caches are synced for kube-scheduler-InstallerState 
2026-01-28T09:32:01.612717092Z I0128 09:32:01.612704       1 base_controller.go:119] Starting #1 worker of kube-scheduler-InstallerState controller ...
2026-01-28T09:32:01.612751934Z I0128 09:32:01.609807       1 base_controller.go:82] Caches are synced for kube-scheduler-StaticPodState 
2026-01-28T09:32:01.612780765Z I0128 09:32:01.612769       1 base_controller.go:119] Starting #1 worker of kube-scheduler-StaticPodState controller ...
2026-01-28T09:32:01.612884740Z I0128 09:32:01.609830       1 base_controller.go:82] Caches are synced for MissingStaticPodController 
2026-01-28T09:32:01.612917222Z I0128 09:32:01.612905       1 base_controller.go:119] Starting #1 worker of MissingStaticPodController controller ...
2026-01-28T09:32:01.805802096Z I0128 09:32:01.805747       1 reflector.go:430] "Caches populated" type="*v1.ConfigMap" reflector="k8s.io/client-go@v0.33.2/tools/cache/reflector.go:285"
2026-01-28T09:32:02.006821463Z I0128 09:32:02.005563       1 reflector.go:430] "Caches populated" type="*v1.Secret" reflector="k8s.io/client-go@v0.33.2/tools/cache/reflector.go:285"
2026-01-28T09:32:02.025339359Z I0128 09:32:02.025296       1 base_controller.go:82] Caches are synced for kube-scheduler 
2026-01-28T09:32:02.025339359Z I0128 09:32:02.025324       1 base_controller.go:119] Starting #1 worker of kube-scheduler controller ...
2026-01-28T09:32:02.210840608Z I0128 09:32:02.210797       1 reflector.go:430] "Caches populated" type="*v1.Node" reflector="k8s.io/client-go@v0.33.2/tools/cache/reflector.go:285"
2026-01-28T09:32:02.211250288Z I0128 09:32:02.211232       1 base_controller.go:82] Caches are synced for GuardController 
2026-01-28T09:32:02.211320451Z I0128 09:32:02.211307       1 base_controller.go:119] Starting #1 worker of GuardController controller ...
2026-01-28T09:32:02.211702870Z E0128 09:32:02.211686       1 guard_controller.go:310] Missing operand on node ip-10-0-102-200.us-west-1.compute.internal
2026-01-28T09:32:02.211816376Z E0128 09:32:02.211803       1 guard_controller.go:310] Missing operand on node ip-10-0-108-54.us-west-1.compute.internal
2026-01-28T09:32:02.211853508Z E0128 09:32:02.211842       1 guard_controller.go:310] Missing operand on node ip-10-0-3-203.us-west-1.compute.internal
2026-01-28T09:32:02.212944782Z E0128 09:32:02.212922       1 base_controller.go:279] "Unhandled Error" err="GuardController reconciliation failed: [Missing operand on node ip-10-0-102-200.us-west-1.compute.internal, Missing operand on node ip-10-0-108-54.us-west-1.compute.internal, Missing operand on node ip-10-0-3-203.us-west-1.compute.internal]"
2026-01-28T09:32:02.225830600Z E0128 09:32:02.225799       1 guard_controller.go:310] Missing operand on node ip-10-0-102-200.us-west-1.compute.internal
2026-01-28T09:32:02.226013758Z E0128 09:32:02.225978       1 guard_controller.go:310] Missing operand on node ip-10-0-108-54.us-west-1.compute.internal
2026-01-28T09:32:02.226065381Z E0128 09:32:02.226053       1 guard_controller.go:310] Missing operand on node ip-10-0-3-203.us-west-1.compute.internal
2026-01-28T09:32:02.227094582Z E0128 09:32:02.227072       1 base_controller.go:279] "Unhandled Error" err="GuardController reconciliation failed: [Missing operand on node ip-10-0-102-200.us-west-1.compute.internal, Missing operand on node ip-10-0-108-54.us-west-1.compute.internal, Missing operand on node ip-10-0-3-203.us-west-1.compute.internal]"
2026-01-28T09:32:02.240614971Z E0128 09:32:02.240578       1 guard_controller.go:310] Missing operand on node ip-10-0-108-54.us-west-1.compute.internal
2026-01-28T09:32:02.240680294Z E0128 09:32:02.240668       1 guard_controller.go:310] Missing operand on node ip-10-0-3-203.us-west-1.compute.internal
2026-01-28T09:32:02.240712286Z E0128 09:32:02.240701       1 guard_controller.go:310] Missing operand on node ip-10-0-102-200.us-west-1.compute.internal
2026-01-28T09:32:02.241672233Z E0128 09:32:02.241650       1 base_controller.go:279] "Unhandled Error" err="GuardController reconciliation failed: [Missing operand on node ip-10-0-102-200.us-west-1.compute.internal, Missing operand on node ip-10-0-108-54.us-west-1.compute.internal, Missing operand on node ip-10-0-3-203.us-west-1.compute.internal]"
2026-01-28T09:32:02.269472209Z E0128 09:32:02.269432       1 guard_controller.go:310] Missing operand on node ip-10-0-102-200.us-west-1.compute.internal
2026-01-28T09:32:02.269522491Z E0128 09:32:02.269510       1 guard_controller.go:310] Missing operand on node ip-10-0-108-54.us-west-1.compute.internal
2026-01-28T09:32:02.269550763Z E0128 09:32:02.269540       1 guard_controller.go:310] Missing operand on node ip-10-0-3-203.us-west-1.compute.internal
2026-01-28T09:32:02.270520671Z E0128 09:32:02.270499       1 base_controller.go:279] "Unhandled Error" err="GuardController reconciliation failed: [Missing operand on node ip-10-0-102-200.us-west-1.compute.internal, Missing operand on node ip-10-0-108-54.us-west-1.compute.internal, Missing operand on node ip-10-0-3-203.us-west-1.compute.internal]"
2026-01-28T09:32:02.311156351Z I0128 09:32:02.311104       1 base_controller.go:82] Caches are synced for kube-scheduler-Node 
2026-01-28T09:32:02.311235105Z I0128 09:32:02.311221       1 base_controller.go:119] Starting #1 worker of kube-scheduler-Node controller ...
2026-01-28T09:32:02.317887915Z E0128 09:32:02.317864       1 guard_controller.go:310] Missing operand on node ip-10-0-102-200.us-west-1.compute.internal
2026-01-28T09:32:02.317939217Z E0128 09:32:02.317928       1 guard_controller.go:310] Missing operand on node ip-10-0-108-54.us-west-1.compute.internal
2026-01-28T09:32:02.317971859Z E0128 09:32:02.317962       1 guard_controller.go:310] Missing operand on node ip-10-0-3-203.us-west-1.compute.internal
2026-01-28T09:32:02.318886644Z E0128 09:32:02.318866       1 base_controller.go:279] "Unhandled Error" err="GuardController reconciliation failed: [Missing operand on node ip-10-0-102-200.us-west-1.compute.internal, Missing operand on node ip-10-0-108-54.us-west-1.compute.internal, Missing operand on node ip-10-0-3-203.us-west-1.compute.internal]"
2026-01-28T09:32:02.400516043Z E0128 09:32:02.400465       1 guard_controller.go:310] Missing operand on node ip-10-0-102-200.us-west-1.compute.internal
2026-01-28T09:32:02.400574926Z E0128 09:32:02.400563       1 guard_controller.go:310] Missing operand on node ip-10-0-108-54.us-west-1.compute.internal
2026-01-28T09:32:02.400601237Z E0128 09:32:02.400592       1 guard_controller.go:310] Missing operand on node ip-10-0-3-203.us-west-1.compute.internal
2026-01-28T09:32:02.401593346Z E0128 09:32:02.401570       1 base_controller.go:279] "Unhandled Error" err="GuardController reconciliation failed: [Missing operand on node ip-10-0-102-200.us-west-1.compute.internal, Missing operand on node ip-10-0-108-54.us-west-1.compute.internal, Missing operand on node ip-10-0-3-203.us-west-1.compute.internal]"
2026-01-28T09:32:02.406485939Z I0128 09:32:02.406462       1 request.go:752] "Waited before sending request" delay="1.092194083s" reason="client-side throttling, not priority and fairness" verb="GET" URL="https://172.30.0.1:443/api/v1/namespaces/openshift-kube-scheduler/serviceaccounts/installer-sa"
2026-01-28T09:32:02.539050188Z E0128 09:32:02.538660       1 guard_controller.go:310] Missing operand on node ip-10-0-102-200.us-west-1.compute.internal
2026-01-28T09:32:02.545472006Z E0128 09:32:02.545438       1 guard_controller.go:310] Missing operand on node ip-10-0-108-54.us-west-1.compute.internal
2026-01-28T09:32:02.545644074Z E0128 09:32:02.545630       1 guard_controller.go:310] Missing operand on node ip-10-0-3-203.us-west-1.compute.internal
2026-01-28T09:32:02.547009392Z E0128 09:32:02.546988       1 base_controller.go:279] "Unhandled Error" err="GuardController reconciliation failed: [Missing operand on node ip-10-0-102-200.us-west-1.compute.internal, Missing operand on node ip-10-0-108-54.us-west-1.compute.internal, Missing operand on node ip-10-0-3-203.us-west-1.compute.internal]"
2026-01-28T09:32:02.568385069Z E0128 09:32:02.567965       1 guard_controller.go:310] Missing operand on node ip-10-0-3-203.us-west-1.compute.internal
2026-01-28T09:32:02.568385069Z E0128 09:32:02.567995       1 guard_controller.go:310] Missing operand on node ip-10-0-102-200.us-west-1.compute.internal
2026-01-28T09:32:02.568385069Z E0128 09:32:02.568002       1 guard_controller.go:310] Missing operand on node ip-10-0-108-54.us-west-1.compute.internal
2026-01-28T09:32:02.569404930Z E0128 09:32:02.569156       1 base_controller.go:279] "Unhandled Error" err="GuardController reconciliation failed: [Missing operand on node ip-10-0-102-200.us-west-1.compute.internal, Missing operand on node ip-10-0-108-54.us-west-1.compute.internal, Missing operand on node ip-10-0-3-203.us-west-1.compute.internal]"
2026-01-28T09:32:02.613791846Z I0128 09:32:02.610651       1 annotations.go:45] Updating "openshift.io/owning-component" annotation for serviceaccount-ca/openshift-kube-scheduler, diff:   string(
2026-01-28T09:32:02.613791846Z - 	"",
2026-01-28T09:32:02.613791846Z + 	"kube-scheduler",
2026-01-28T09:32:02.613791846Z   )
2026-01-28T09:32:03.211837948Z E0128 09:32:03.211576       1 guard_controller.go:310] Missing operand on node ip-10-0-102-200.us-west-1.compute.internal
2026-01-28T09:32:03.212269869Z E0128 09:32:03.212254       1 guard_controller.go:310] Missing operand on node ip-10-0-108-54.us-west-1.compute.internal
2026-01-28T09:32:03.212312641Z E0128 09:32:03.212301       1 guard_controller.go:310] Missing operand on node ip-10-0-3-203.us-west-1.compute.internal
2026-01-28T09:32:03.213342072Z E0128 09:32:03.213303       1 base_controller.go:279] "Unhandled Error" err="GuardController reconciliation failed: [Missing operand on node ip-10-0-102-200.us-west-1.compute.internal, Missing operand on node ip-10-0-108-54.us-west-1.compute.internal, Missing operand on node ip-10-0-3-203.us-west-1.compute.internal]"
2026-01-28T09:32:04.210358985Z I0128 09:32:04.209696       1 installer_controller.go:550] "ip-10-0-102-200.us-west-1.compute.internal" is in transition to 3, but has not made progress because installer is not finished, but in Running phase
2026-01-28T09:32:04.412192632Z I0128 09:32:04.411133       1 core.go:352] ConfigMap "openshift-kube-scheduler/serviceaccount-ca" changes: {"data":{"ca-bundle.crt":"-----BEGIN CERTIFICATE-----\nMIIDmTCCAoGgAwIBAgIIb4xeNBHytXIwDQYJKoZIhvcNAQELBQAwJjEkMCIGA1UE\nAwwbaW5ncmVzcy1vcGVyYXRvckAxNzY5NTkyNzE4MB4XDTI2MDEyODA5MzE1OVoX\nDTI4MDEyODA5MzIwMFowPDE6MDgGA1UEAwwxKi5hcHBzLmNpLWxuLXZqYjVsMXQt\nNzZlZjguYXdzLTQuY2kub3BlbnNoaWZ0Lm9yZzCCASIwDQYJKoZIhvcNAQEBBQAD\nggEPADCCAQoCggEBAMXTORae20ScYg8W8LZIYQt5eGdQJNSnArfNAhefjyS7JvsO\njZYRgFymcN6kb6JwtFnLIh9tAozS09wGrln9YsaES7WaRRNgENt7HIG/NwJN8sAA\n/tnIJNgNv0GENnvzyGMtYaLlIZyyxDMauAr8o6vokvxJ8aHjwvC1ThxRDOZXwI94\njKrJKGjRpRTRM7f8EJAf8CjZL1Ui9VY8izIsLAtSM5HqL/xQGTEtc1Mns/R//npT\nla6dP/PifA97/dJed5ScuxalBb60KorBXLIUmJzdhiWrRcfQwO3JLr/UA6pkBeK1\nsmZwX9akOIPJB7oq6jsw2ovomr1RiSgOrqLNP1kCAwEAAaOBtDCBsTAOBgNVHQ8B\nAf8EBAMCBaAwEwYDVR0lBAwwCgYIKwYBBQUHAwEwDAYDVR0TAQH/BAIwADAdBgNV\nHQ4EFgQU0+DhdYYd6q27Ms4qxc0mEgRNTQgwHwYDVR0jBBgwFoAUCejrXcFExiXv\nLHiaLV9ybT6Ip3owPAYDVR0RBDUwM4IxKi5hcHBzLmNpLWxuLXZqYjVsMXQtNzZl\nZjguYXdzLTQuY2kub3BlbnNoaWZ0Lm9yZzANBgkqhkiG9w0BAQsFAAOCAQEAnc4w\n8l067gsnfeEtywkYkwBQ37XjyGBTvV1OVfW+CcAD1DJsyAw//3rebfzVbgf4OrZ0\nqkBlQIyRacGBFkrFpvOrRYnJcCTNwPmsZW8yBfzEmV8+bHBSXtFU3U1midsX2HIY\nAEk3kUVGhszPRvFcLnXUVhd8Zvyvg8m70bTWL79OqvxCq5TaZVzF89Fa8dK83g0c\n5QNgg3sLkoP8P+dWsm2ys0redTt6TWee56DvuUfveti8o60/xxc9zX8eIuAMevlA\n9HyWL1egQ32DQk8cd7vFezDVXZYcmAgZyV6ZTG041AnXIUAOviuWMDbgO8yVapxD\nW7DJT1RUqfNwQt1/Ow==\n-----END CERTIFICATE-----\n-----BEGIN CERTIFICATE-----\nMIIDDDCCAfSgAwIBAgIBATANBgkqhkiG9w0BAQsFADAmMSQwIgYDVQQDDBtpbmdy\nZXNzLW9wZXJhdG9yQDE3Njk1OTI3MTgwHhcNMjYwMTI4MDkzMTU4WhcNMjgwMTI4\nMDkzMTU5WjAmMSQwIgYDVQQDDBtpbmdyZXNzLW9wZXJhdG9yQDE3Njk1OTI3MTgw\nggEiMA0GCSqGSIb3DQEBAQUAA4IBDwAwggEKAoIBAQCzjFOfmzvg006r9F4yB0rw\nepKwvapZFtjQfJUZp/MpGqz6QpHKFtI+li3j4lJwqMTc1hyBMWG+VwuuNsh2ge7z\noLqIKo5DK4fQ69Q+CGmI+8PQBpl9Yane84ziJsWAFOe1VezyGK27Knx9G1Ey0GiX\nZogGCnuiXMhyxjHem79Qd1+0dBn9XkAnhTOoDlQFFayHg/QExiOz1uz0K/n4Il8i\notOllNSIJy27fzLxNlfL8rfAFKbl1hHCcqNE3iCNJt38++Gn9/UV7wod0BG8+31j\nhT2r0k9lj/AKek93GLpCsk5ZnRt1U7oIMW9RT7AJEds293lmOS55iNwPUP1eya31\nAgMBAAGjRTBDMA4GA1UdDwEB/wQEAwICpDASBgNVHRMBAf8ECDAGAQH/AgEAMB0G\nA1UdDgQWBBQJ6OtdwUTGJe8seJotX3JtPoinejANBgkqhkiG9w0BAQsFAAOCAQEA\ni6HMt6cXqsQ/vhdXP4kIqPvYmOt/gdBMQJetAf8OIVNjRzd3otSrxbP+A9xw6Gaf\nAiAiX90b+5/o5XkSO1jgcdp0YCeG5E8A2rbYzKuI5hU8eRpkFiwDOTcepPmvXCkL\nt6w9ZpeekZLxlHu4KPccf5m8u9K17wLoaiLLh1b1h7nOn/xMfzh45fOhPZUrzT/q\nh6jRggndh8WfjGJzJ+VFQiVXpS7NPZ89+eM9Im0nhUxbR6rjZYvm8Yvg/CniHWC8\n2CoMr7SXXfMJ29jFg1y6SHQJ0fMlTGuZCVcMDhwzIOB7DZZYjsQtWFT1Cu8lpY8c\nbicZnGkLWHDQh2hUKPwawg==\n-----END CERTIFICATE-----\n"},"metadata":{"creationTimestamp":null,"managedFields":null,"resourceVersion":null,"uid":null}}
2026-01-28T09:32:04.424373975Z I0128 09:32:04.421571       1 prune_controller.go:277] Nothing to prune
2026-01-28T09:32:04.431622764Z I0128 09:32:04.424425       1 event.go:377] Event(v1.ObjectReference{Kind:"Deployment", Namespace:"openshift-kube-scheduler-operator", Name:"openshift-kube-scheduler-operator", UID:"4ee73538-84c8-4928-8a20-259cdec17ca8", APIVersion:"apps/v1", ResourceVersion:"", FieldPath:""}): type: 'Normal' reason: 'ConfigMapUpdated' Updated ConfigMap/serviceaccount-ca -n openshift-kube-scheduler:
2026-01-28T09:32:04.431622764Z cause by changes in data.ca-bundle.crt
2026-01-28T09:32:04.431622764Z I0128 09:32:04.424557       1 event.go:377] Event(v1.ObjectReference{Kind:"Deployment", Namespace:"openshift-kube-scheduler-operator", Name:"openshift-kube-scheduler-operator", UID:"4ee73538-84c8-4928-8a20-259cdec17ca8", APIVersion:"apps/v1", ResourceVersion:"", FieldPath:""}): type: 'Normal' reason: 'StartingNewRevision' new revision 4 triggered by "required configmap/serviceaccount-ca has changed"
2026-01-28T09:32:04.503732772Z E0128 09:32:04.498236       1 guard_controller.go:310] Missing operand on node ip-10-0-3-203.us-west-1.compute.internal
2026-01-28T09:32:04.503732772Z E0128 09:32:04.498265       1 guard_controller.go:310] Missing operand on node ip-10-0-102-200.us-west-1.compute.internal
2026-01-28T09:32:04.503732772Z E0128 09:32:04.498274       1 guard_controller.go:310] Missing operand on node ip-10-0-108-54.us-west-1.compute.internal
2026-01-28T09:32:04.503732772Z E0128 09:32:04.499218       1 base_controller.go:279] "Unhandled Error" err="GuardController reconciliation failed: [Missing operand on node ip-10-0-102-200.us-west-1.compute.internal, Missing operand on node ip-10-0-108-54.us-west-1.compute.internal, Missing operand on node ip-10-0-3-203.us-west-1.compute.internal]"
2026-01-28T09:32:05.210142165Z I0128 09:32:05.209874       1 prune_controller.go:277] Nothing to prune
2026-01-28T09:32:06.018696283Z I0128 09:32:06.016284       1 event.go:377] Event(v1.ObjectReference{Kind:"Deployment", Namespace:"openshift-kube-scheduler-operator", Name:"openshift-kube-scheduler-operator", UID:"4ee73538-84c8-4928-8a20-259cdec17ca8", APIVersion:"apps/v1", ResourceVersion:"", FieldPath:""}): type: 'Normal' reason: 'ConfigMapCreated' Created ConfigMap/kube-scheduler-pod-4 -n openshift-kube-scheduler because it was missing
2026-01-28T09:32:06.018696283Z I0128 09:32:06.018578       1 prune_controller.go:277] Nothing to prune
2026-01-28T09:32:06.207241603Z I0128 09:32:06.207196       1 installer_controller.go:550] "ip-10-0-102-200.us-west-1.compute.internal" is in transition to 3, but has not made progress because installer is not finished, but in Running phase
2026-01-28T09:32:06.810495262Z I0128 09:32:06.810450       1 prune_controller.go:277] Nothing to prune
2026-01-28T09:32:06.810654160Z I0128 09:32:06.810623       1 event.go:377] Event(v1.ObjectReference{Kind:"Deployment", Namespace:"openshift-kube-scheduler-operator", Name:"openshift-kube-scheduler-operator", UID:"4ee73538-84c8-4928-8a20-259cdec17ca8", APIVersion:"apps/v1", ResourceVersion:"", FieldPath:""}): type: 'Normal' reason: 'ConfigMapCreated' Created ConfigMap/config-4 -n openshift-kube-scheduler because it was missing
2026-01-28T09:32:07.071068305Z E0128 09:32:07.068376       1 guard_controller.go:310] Missing operand on node ip-10-0-102-200.us-west-1.compute.internal
2026-01-28T09:32:07.071068305Z E0128 09:32:07.068402       1 guard_controller.go:310] Missing operand on node ip-10-0-108-54.us-west-1.compute.internal
2026-01-28T09:32:07.071068305Z E0128 09:32:07.068409       1 guard_controller.go:310] Missing operand on node ip-10-0-3-203.us-west-1.compute.internal
2026-01-28T09:32:07.071068305Z E0128 09:32:07.069369       1 base_controller.go:279] "Unhandled Error" err="GuardController reconciliation failed: [Missing operand on node ip-10-0-102-200.us-west-1.compute.internal, Missing operand on node ip-10-0-108-54.us-west-1.compute.internal, Missing operand on node ip-10-0-3-203.us-west-1.compute.internal]"
2026-01-28T09:32:07.610743159Z I0128 09:32:07.610695       1 prune_controller.go:277] Nothing to prune
2026-01-28T09:32:07.610854704Z I0128 09:32:07.610808       1 event.go:377] Event(v1.ObjectReference{Kind:"Deployment", Namespace:"openshift-kube-scheduler-operator", Name:"openshift-kube-scheduler-operator", UID:"4ee73538-84c8-4928-8a20-259cdec17ca8", APIVersion:"apps/v1", ResourceVersion:"", FieldPath:""}): type: 'Normal' reason: 'ConfigMapCreated' Created ConfigMap/serviceaccount-ca-4 -n openshift-kube-scheduler because it was missing
2026-01-28T09:32:07.807615740Z I0128 09:32:07.807560       1 installer_controller.go:550] "ip-10-0-102-200.us-west-1.compute.internal" is in transition to 3, but has not made progress because installer is not finished, but in Running phase
2026-01-28T09:32:07.988180015Z E0128 09:32:07.987770       1 guard_controller.go:310] Missing operand on node ip-10-0-102-200.us-west-1.compute.internal
2026-01-28T09:32:07.988180015Z E0128 09:32:07.987798       1 guard_controller.go:310] Missing operand on node ip-10-0-108-54.us-west-1.compute.internal
2026-01-28T09:32:07.988180015Z E0128 09:32:07.987806       1 guard_controller.go:310] Missing operand on node ip-10-0-3-203.us-west-1.compute.internal
2026-01-28T09:32:07.989277429Z E0128 09:32:07.989007       1 base_controller.go:279] "Unhandled Error" err="GuardController reconciliation failed: [Missing operand on node ip-10-0-102-200.us-west-1.compute.internal, Missing operand on node ip-10-0-108-54.us-west-1.compute.internal, Missing operand on node ip-10-0-3-203.us-west-1.compute.internal]"
2026-01-28T09:32:08.218184026Z E0128 09:32:08.214920       1 base_controller.go:279] "Unhandled Error" err="TargetConfigController reconciliation failed: KubeScheduler.operator.openshift.io \"cluster\" is invalid: [status.nodeStatuses[0].currentRevision: Invalid value: \"object\": cannot be unset once set, status.nodeStatuses[1].currentRevision: Invalid value: \"object\": cannot be unset once set, status.nodeStatuses[2].currentRevision: Invalid value: \"object\": cannot be unset once set]"
2026-01-28T09:32:08.358341821Z E0128 09:32:08.356491       1 guard_controller.go:310] Missing operand on node ip-10-0-102-200.us-west-1.compute.internal
2026-01-28T09:32:08.358341821Z E0128 09:32:08.356548       1 guard_controller.go:310] Missing operand on node ip-10-0-108-54.us-west-1.compute.internal
2026-01-28T09:32:08.358341821Z E0128 09:32:08.356557       1 guard_controller.go:310] Missing operand on node ip-10-0-3-203.us-west-1.compute.internal
2026-01-28T09:32:08.358341821Z E0128 09:32:08.357606       1 base_controller.go:279] "Unhandled Error" err="GuardController reconciliation failed: [Missing operand on node ip-10-0-102-200.us-west-1.compute.internal, Missing operand on node ip-10-0-108-54.us-west-1.compute.internal, Missing operand on node ip-10-0-3-203.us-west-1.compute.internal]"
2026-01-28T09:32:08.419231194Z I0128 09:32:08.419167       1 prune_controller.go:277] Nothing to prune
2026-01-28T09:32:08.420568140Z I0128 09:32:08.420533       1 event.go:377] Event(v1.ObjectReference{Kind:"Deployment", Namespace:"openshift-kube-scheduler-operator", Name:"openshift-kube-scheduler-operator", UID:"4ee73538-84c8-4928-8a20-259cdec17ca8", APIVersion:"apps/v1", ResourceVersion:"", FieldPath:""}): type: 'Normal' reason: 'ConfigMapCreated' Created ConfigMap/scheduler-kubeconfig-4 -n openshift-kube-scheduler because it was missing
2026-01-28T09:32:09.206698219Z I0128 09:32:09.206656       1 annotations.go:45] Updating "openshift.io/owning-component" annotation for serviceaccount-ca/openshift-kube-scheduler, diff:   string(
2026-01-28T09:32:09.206698219Z - 	"",
2026-01-28T09:32:09.206698219Z + 	"kube-scheduler",
2026-01-28T09:32:09.206698219Z   )
2026-01-28T09:32:09.328408841Z E0128 09:32:09.326826       1 guard_controller.go:310] Missing operand on node ip-10-0-102-200.us-west-1.compute.internal
2026-01-28T09:32:09.328408841Z E0128 09:32:09.326854       1 guard_controller.go:310] Missing operand on node ip-10-0-108-54.us-west-1.compute.internal
2026-01-28T09:32:09.328408841Z E0128 09:32:09.326864       1 guard_controller.go:310] Missing operand on node ip-10-0-3-203.us-west-1.compute.internal
2026-01-28T09:32:09.328408841Z E0128 09:32:09.327848       1 base_controller.go:279] "Unhandled Error" err="GuardController reconciliation failed: [Missing operand on node ip-10-0-102-200.us-west-1.compute.internal, Missing operand on node ip-10-0-108-54.us-west-1.compute.internal, Missing operand on node ip-10-0-3-203.us-west-1.compute.internal]"
2026-01-28T09:32:09.409007249Z I0128 09:32:09.408967       1 prune_controller.go:277] Nothing to prune
2026-01-28T09:32:09.409112704Z I0128 09:32:09.409081       1 event.go:377] Event(v1.ObjectReference{Kind:"Deployment", Namespace:"openshift-kube-scheduler-operator", Name:"openshift-kube-scheduler-operator", UID:"4ee73538-84c8-4928-8a20-259cdec17ca8", APIVersion:"apps/v1", ResourceVersion:"", FieldPath:""}): type: 'Normal' reason: 'ConfigMapCreated' Created ConfigMap/kube-scheduler-cert-syncer-kubeconfig-4 -n openshift-kube-scheduler because it was missing
2026-01-28T09:32:09.607142533Z I0128 09:32:09.607099       1 installer_controller.go:550] "ip-10-0-102-200.us-west-1.compute.internal" is in transition to 3, but has not made progress because installer is not finished, but in Running phase
2026-01-28T09:32:10.210832904Z I0128 09:32:10.210783       1 event.go:377] Event(v1.ObjectReference{Kind:"Deployment", Namespace:"openshift-kube-scheduler-operator", Name:"openshift-kube-scheduler-operator", UID:"4ee73538-84c8-4928-8a20-259cdec17ca8", APIVersion:"apps/v1", ResourceVersion:"", FieldPath:""}): type: 'Normal' reason: 'SecretCreated' Created Secret/serving-cert-4 -n openshift-kube-scheduler because it was missing
2026-01-28T09:32:10.765574103Z E0128 09:32:10.765137       1 guard_controller.go:310] Missing operand on node ip-10-0-102-200.us-west-1.compute.internal
2026-01-28T09:32:10.765574103Z E0128 09:32:10.765162       1 guard_controller.go:310] Missing operand on node ip-10-0-108-54.us-west-1.compute.internal
2026-01-28T09:32:10.765574103Z E0128 09:32:10.765169       1 guard_controller.go:310] Missing operand on node ip-10-0-3-203.us-west-1.compute.internal
2026-01-28T09:32:10.768319189Z E0128 09:32:10.766638       1 base_controller.go:279] "Unhandled Error" err="GuardController reconciliation failed: [Missing operand on node ip-10-0-102-200.us-west-1.compute.internal, Missing operand on node ip-10-0-108-54.us-west-1.compute.internal, Missing operand on node ip-10-0-3-203.us-west-1.compute.internal]"
2026-01-28T09:32:11.023983949Z I0128 09:32:11.023926       1 event.go:377] Event(v1.ObjectReference{Kind:"Deployment", Namespace:"openshift-kube-scheduler-operator", Name:"openshift-kube-scheduler-operator", UID:"4ee73538-84c8-4928-8a20-259cdec17ca8", APIVersion:"apps/v1", ResourceVersion:"", FieldPath:""}): type: 'Normal' reason: 'SecretCreated' Created Secret/localhost-recovery-client-token-4 -n openshift-kube-scheduler because it was missing
2026-01-28T09:32:11.211306688Z I0128 09:32:11.211269       1 installer_controller.go:550] "ip-10-0-102-200.us-west-1.compute.internal" is in transition to 3, but has not made progress because installer is not finished, but in Running phase
2026-01-28T09:32:11.810538959Z I0128 09:32:11.810476       1 prune_controller.go:277] Nothing to prune
2026-01-28T09:32:11.810819463Z I0128 09:32:11.810768       1 event.go:377] Event(v1.ObjectReference{Kind:"Deployment", Namespace:"openshift-kube-scheduler-operator", Name:"openshift-kube-scheduler-operator", UID:"4ee73538-84c8-4928-8a20-259cdec17ca8", APIVersion:"apps/v1", ResourceVersion:"", FieldPath:""}): type: 'Normal' reason: 'RevisionTriggered' new revision 4 triggered by "required configmap/serviceaccount-ca has changed"
2026-01-28T09:32:11.822608216Z I0128 09:32:11.822579       1 prune_controller.go:277] Nothing to prune
2026-01-28T09:32:12.192779222Z E0128 09:32:12.192743       1 guard_controller.go:310] Missing operand on node ip-10-0-102-200.us-west-1.compute.internal
2026-01-28T09:32:12.192779222Z E0128 09:32:12.192767       1 guard_controller.go:310] Missing operand on node ip-10-0-108-54.us-west-1.compute.internal
2026-01-28T09:32:12.192779222Z E0128 09:32:12.192774       1 guard_controller.go:310] Missing operand on node ip-10-0-3-203.us-west-1.compute.internal
2026-01-28T09:32:12.193642225Z E0128 09:32:12.193615       1 base_controller.go:279] "Unhandled Error" err="GuardController reconciliation failed: [Missing operand on node ip-10-0-102-200.us-west-1.compute.internal, Missing operand on node ip-10-0-108-54.us-west-1.compute.internal, Missing operand on node ip-10-0-3-203.us-west-1.compute.internal]"
2026-01-28T09:32:12.760088543Z E0128 09:32:12.759633       1 guard_controller.go:310] Missing operand on node ip-10-0-108-54.us-west-1.compute.internal
2026-01-28T09:32:12.760088543Z E0128 09:32:12.759658       1 guard_controller.go:310] Missing operand on node ip-10-0-3-203.us-west-1.compute.internal
2026-01-28T09:32:12.760088543Z E0128 09:32:12.759664       1 guard_controller.go:310] Missing operand on node ip-10-0-102-200.us-west-1.compute.internal
2026-01-28T09:32:12.782414358Z E0128 09:32:12.760523       1 base_controller.go:279] "Unhandled Error" err="GuardController reconciliation failed: [Missing operand on node ip-10-0-102-200.us-west-1.compute.internal, Missing operand on node ip-10-0-108-54.us-west-1.compute.internal, Missing operand on node ip-10-0-3-203.us-west-1.compute.internal]"
2026-01-28T09:32:13.006686135Z I0128 09:32:13.006629       1 installer_controller.go:550] "ip-10-0-102-200.us-west-1.compute.internal" is in transition to 3, but has not made progress because installer is not finished, but in Running phase
2026-01-28T09:32:14.222644925Z E0128 09:32:14.222410       1 base_controller.go:279] "Unhandled Error" err="TargetConfigController reconciliation failed: KubeScheduler.operator.openshift.io \"cluster\" is invalid: [status.nodeStatuses[0].currentRevision: Invalid value: \"object\": cannot be unset once set, status.nodeStatuses[1].currentRevision: Invalid value: \"object\": cannot be unset once set, status.nodeStatuses[2].currentRevision: Invalid value: \"object\": cannot be unset once set]"
2026-01-28T09:32:14.467584638Z E0128 09:32:14.467536       1 guard_controller.go:310] Missing operand on node ip-10-0-3-203.us-west-1.compute.internal
2026-01-28T09:32:14.467584638Z E0128 09:32:14.467560       1 guard_controller.go:316] Missing PodIP in operand openshift-kube-scheduler-ip-10-0-102-200.us-west-1.compute.internal on node ip-10-0-102-200.us-west-1.compute.internal
2026-01-28T09:32:14.467584638Z E0128 09:32:14.467576       1 guard_controller.go:310] Missing operand on node ip-10-0-108-54.us-west-1.compute.internal
2026-01-28T09:32:14.479600733Z E0128 09:32:14.479570       1 base_controller.go:279] "Unhandled Error" err="GuardController reconciliation failed: [Missing PodIP in operand openshift-kube-scheduler-ip-10-0-102-200.us-west-1.compute.internal on node ip-10-0-102-200.us-west-1.compute.internal, Missing operand on node ip-10-0-108-54.us-west-1.compute.internal, Missing operand on node ip-10-0-3-203.us-west-1.compute.internal]"
2026-01-28T09:32:14.480958790Z I0128 09:32:14.480934       1 status_controller.go:229] clusteroperator/kube-scheduler diff {"status":{"conditions":[{"lastTransitionTime":"2026-01-28T09:30:35Z","message":"NodeControllerDegraded: All master nodes are ready\nGuardControllerDegraded: [Missing PodIP in operand openshift-kube-scheduler-ip-10-0-102-200.us-west-1.compute.internal on node ip-10-0-102-200.us-west-1.compute.internal, Missing operand on node ip-10-0-108-54.us-west-1.compute.internal, Missing operand on node ip-10-0-3-203.us-west-1.compute.internal]","reason":"AsExpected","status":"False","type":"Degraded"},{"lastTransitionTime":"2026-01-28T09:30:54Z","message":"NodeInstallerProgressing: 3 nodes are at revision 0; 0 nodes have achieved new revision 3","reason":"NodeInstaller","status":"True","type":"Progressing"},{"lastTransitionTime":"2026-01-28T09:30:35Z","message":"StaticPodsAvailable: 0 nodes are active; 3 nodes are at revision 0; 0 nodes have achieved new revision 3","reason":"StaticPods_ZeroNodesActive","status":"False","type":"Available"},{"lastTransitionTime":"2026-01-28T09:30:35Z","message":"All is well","reason":"AsExpected","status":"True","type":"Upgradeable"},{"lastTransitionTime":"2026-01-28T09:30:35Z","reason":"NoData","status":"Unknown","type":"EvaluationConditionsDetected"}]}}
2026-01-28T09:32:14.481990891Z I0128 09:32:14.481961       1 prune_controller.go:277] Nothing to prune
2026-01-28T09:32:14.489427520Z I0128 09:32:14.489401       1 event.go:377] Event(v1.ObjectReference{Kind:"Deployment", Namespace:"openshift-kube-scheduler-operator", Name:"openshift-kube-scheduler-operator", UID:"4ee73538-84c8-4928-8a20-259cdec17ca8", APIVersion:"apps/v1", ResourceVersion:"", FieldPath:""}): type: 'Normal' reason: 'OperatorStatusChanged' Status for clusteroperator/kube-scheduler changed: Degraded message changed from "NodeControllerDegraded: All master nodes are ready\nGuardControllerDegraded: [Missing operand on node ip-10-0-102-200.us-west-1.compute.internal, Missing operand on node ip-10-0-108-54.us-west-1.compute.internal, Missing operand on node ip-10-0-3-203.us-west-1.compute.internal]" to "NodeControllerDegraded: All master nodes are ready\nGuardControllerDegraded: [Missing PodIP in operand openshift-kube-scheduler-ip-10-0-102-200.us-west-1.compute.internal on node ip-10-0-102-200.us-west-1.compute.internal, Missing operand on node ip-10-0-108-54.us-west-1.compute.internal, Missing operand on node ip-10-0-3-203.us-west-1.compute.internal]"
2026-01-28T09:32:14.609840884Z I0128 09:32:14.609805       1 installer_controller.go:540] "ip-10-0-102-200.us-west-1.compute.internal" moving to (v1.NodeStatus) {
2026-01-28T09:32:14.609840884Z  NodeName: (string) (len=42) "ip-10-0-102-200.us-west-1.compute.internal",
2026-01-28T09:32:14.609840884Z  CurrentRevision: (int32) 0,
2026-01-28T09:32:14.609840884Z  TargetRevision: (int32) 4,
2026-01-28T09:32:14.609840884Z  LastFailedRevision: (int32) 0,
2026-01-28T09:32:14.609840884Z  LastFailedTime: (*v1.Time)(<nil>),
2026-01-28T09:32:14.609840884Z  LastFailedReason: (string) "",
2026-01-28T09:32:14.609840884Z  LastFailedCount: (int) 0,
2026-01-28T09:32:14.609840884Z  LastFallbackCount: (int) 0,
2026-01-28T09:32:14.609840884Z  LastFailedRevisionErrors: ([]string) <nil>
2026-01-28T09:32:14.609840884Z }
2026-01-28T09:32:14.609840884Z  because new revision pending
2026-01-28T09:32:14.610116988Z E0128 09:32:14.610090       1 guard_controller.go:316] Missing PodIP in operand openshift-kube-scheduler-ip-10-0-102-200.us-west-1.compute.internal on node ip-10-0-102-200.us-west-1.compute.internal
2026-01-28T09:32:14.610144230Z E0128 09:32:14.610123       1 guard_controller.go:310] Missing operand on node ip-10-0-108-54.us-west-1.compute.internal
2026-01-28T09:32:14.610144230Z E0128 09:32:14.610132       1 guard_controller.go:310] Missing operand on node ip-10-0-3-203.us-west-1.compute.internal
2026-01-28T09:32:14.611100717Z E0128 09:32:14.611077       1 base_controller.go:279] "Unhandled Error" err="GuardController reconciliation failed: [Missing PodIP in operand openshift-kube-scheduler-ip-10-0-102-200.us-west-1.compute.internal on node ip-10-0-102-200.us-west-1.compute.internal, Missing operand on node ip-10-0-108-54.us-west-1.compute.internal, Missing operand on node ip-10-0-3-203.us-west-1.compute.internal]"
2026-01-28T09:32:14.623413187Z E0128 09:32:14.623390       1 guard_controller.go:316] Missing PodIP in operand openshift-kube-scheduler-ip-10-0-102-200.us-west-1.compute.internal on node ip-10-0-102-200.us-west-1.compute.internal
2026-01-28T09:32:14.623471870Z E0128 09:32:14.623458       1 guard_controller.go:310] Missing operand on node ip-10-0-108-54.us-west-1.compute.internal
2026-01-28T09:32:14.623506601Z E0128 09:32:14.623497       1 guard_controller.go:310] Missing operand on node ip-10-0-3-203.us-west-1.compute.internal
2026-01-28T09:32:14.623554514Z I0128 09:32:14.623533       1 prune_controller.go:277] Nothing to prune
2026-01-28T09:32:14.624118802Z I0128 09:32:14.624096       1 status_controller.go:229] clusteroperator/kube-scheduler diff {"status":{"conditions":[{"lastTransitionTime":"2026-01-28T09:30:35Z","message":"NodeControllerDegraded: All master nodes are ready\nGuardControllerDegraded: [Missing PodIP in operand openshift-kube-scheduler-ip-10-0-102-200.us-west-1.compute.internal on node ip-10-0-102-200.us-west-1.compute.internal, Missing operand on node ip-10-0-108-54.us-west-1.compute.internal, Missing operand on node ip-10-0-3-203.us-west-1.compute.internal]","reason":"AsExpected","status":"False","type":"Degraded"},{"lastTransitionTime":"2026-01-28T09:30:54Z","message":"NodeInstallerProgressing: 3 nodes are at revision 0; 0 nodes have achieved new revision 4","reason":"NodeInstaller","status":"True","type":"Progressing"},{"lastTransitionTime":"2026-01-28T09:30:35Z","message":"StaticPodsAvailable: 0 nodes are active; 3 nodes are at revision 0; 0 nodes have achieved new revision 4","reason":"StaticPods_ZeroNodesActive","status":"False","type":"Available"},{"lastTransitionTime":"2026-01-28T09:30:35Z","message":"All is well","reason":"AsExpected","status":"True","type":"Upgradeable"},{"lastTransitionTime":"2026-01-28T09:30:35Z","reason":"NoData","status":"Unknown","type":"EvaluationConditionsDetected"}]}}
2026-01-28T09:32:14.624309261Z E0128 09:32:14.624288       1 base_controller.go:279] "Unhandled Error" err="GuardController reconciliation failed: [Missing PodIP in operand openshift-kube-scheduler-ip-10-0-102-200.us-west-1.compute.internal on node ip-10-0-102-200.us-west-1.compute.internal, Missing operand on node ip-10-0-108-54.us-west-1.compute.internal, Missing operand on node ip-10-0-3-203.us-west-1.compute.internal]"
2026-01-28T09:32:14.636714035Z I0128 09:32:14.630825       1 event.go:377] Event(v1.ObjectReference{Kind:"Deployment", Namespace:"openshift-kube-scheduler-operator", Name:"openshift-kube-scheduler-operator", UID:"4ee73538-84c8-4928-8a20-259cdec17ca8", APIVersion:"apps/v1", ResourceVersion:"", FieldPath:""}): type: 'Normal' reason: 'OperatorStatusChanged' Status for clusteroperator/kube-scheduler changed: Progressing message changed from "NodeInstallerProgressing: 3 nodes are at revision 0; 0 nodes have achieved new revision 3" to "NodeInstallerProgressing: 3 nodes are at revision 0; 0 nodes have achieved new revision 4",Available message changed from "StaticPodsAvailable: 0 nodes are active; 3 nodes are at revision 0; 0 nodes have achieved new revision 3" to "StaticPodsAvailable: 0 nodes are active; 3 nodes are at revision 0; 0 nodes have achieved new revision 4"
2026-01-28T09:32:15.006181016Z I0128 09:32:15.006121       1 annotations.go:45] Updating "openshift.io/owning-component" annotation for serviceaccount-ca/openshift-kube-scheduler, diff:   string(
2026-01-28T09:32:15.006181016Z - 	"",
2026-01-28T09:32:15.006181016Z + 	"kube-scheduler",
2026-01-28T09:32:15.006181016Z   )
2026-01-28T09:32:15.605573637Z I0128 09:32:15.605470       1 request.go:752] "Waited before sending request" delay="1.125198145s" reason="client-side throttling, not priority and fairness" verb="GET" URL="https://172.30.0.1:443/api/v1/namespaces/openshift-kube-scheduler/serviceaccounts/installer-sa"
2026-01-28T09:32:16.805358327Z I0128 09:32:16.805313       1 request.go:752] "Waited before sending request" delay="1.398078412s" reason="client-side throttling, not priority and fairness" verb="GET" URL="https://172.30.0.1:443/api/v1/namespaces/openshift-kube-scheduler/pods/openshift-kube-scheduler-ip-10-0-108-54.us-west-1.compute.internal"
2026-01-28T09:32:17.210372889Z I0128 09:32:17.210321       1 warnings.go:110] "Warning: metadata.name: this is used in the Pod's hostname, which can result in surprising behavior; a DNS label is recommended: [must not contain dots]"
2026-01-28T09:32:17.210665763Z I0128 09:32:17.210458       1 event.go:377] Event(v1.ObjectReference{Kind:"Deployment", Namespace:"openshift-kube-scheduler-operator", Name:"openshift-kube-scheduler-operator", UID:"4ee73538-84c8-4928-8a20-259cdec17ca8", APIVersion:"apps/v1", ResourceVersion:"", FieldPath:""}): type: 'Normal' reason: 'PodCreated' Created Pod/installer-4-ip-10-0-102-200.us-west-1.compute.internal -n openshift-kube-scheduler because it was missing
2026-01-28T09:32:17.805482536Z I0128 09:32:17.805403       1 request.go:752] "Waited before sending request" delay="1.398670791s" reason="client-side throttling, not priority and fairness" verb="GET" URL="https://172.30.0.1:443/api/v1/namespaces/openshift-kube-scheduler/serviceaccounts/localhost-recovery-client"
2026-01-28T09:32:18.006802529Z I0128 09:32:18.006758       1 event.go:377] Event(v1.ObjectReference{Kind:"Deployment", Namespace:"openshift-kube-scheduler-operator", Name:"openshift-kube-scheduler-operator", UID:"4ee73538-84c8-4928-8a20-259cdec17ca8", APIVersion:"apps/v1", ResourceVersion:"", FieldPath:""}): type: 'Normal' reason: 'OperatorVersionChanged' clusteroperator/kube-scheduler version "operator" changed from "" to "4.20.0-0-2026-01-28-090915-test-ci-ln-vjb5l1t-latest"
2026-01-28T09:32:18.006862771Z I0128 09:32:18.006843       1 event.go:377] Event(v1.ObjectReference{Kind:"Deployment", Namespace:"openshift-kube-scheduler-operator", Name:"openshift-kube-scheduler-operator", UID:"4ee73538-84c8-4928-8a20-259cdec17ca8", APIVersion:"apps/v1", ResourceVersion:"", FieldPath:""}): type: 'Normal' reason: 'OperatorVersionChanged' clusteroperator/kube-scheduler version "kube-scheduler" changed from "" to "1.33.6"
2026-01-28T09:32:18.007316074Z I0128 09:32:18.007187       1 status_controller.go:229] clusteroperator/kube-scheduler diff {"status":{"versions":[{"name":"raw-internal","version":"4.20.0-0-2026-01-28-090915-test-ci-ln-vjb5l1t-latest"},{"name":"operator","version":"4.20.0-0-2026-01-28-090915-test-ci-ln-vjb5l1t-latest"},{"name":"kube-scheduler","version":"1.33.6"}]}}
2026-01-28T09:32:18.015012295Z I0128 09:32:18.014981       1 status_controller.go:229] clusteroperator/kube-scheduler diff {"status":{"versions":[{"name":"raw-internal","version":"4.20.0-0-2026-01-28-090915-test-ci-ln-vjb5l1t-latest"},{"name":"kube-scheduler","version":"1.33.6"},{"name":"operator","version":"4.20.0-0-2026-01-28-090915-test-ci-ln-vjb5l1t-latest"}]}}
2026-01-28T09:32:18.015266628Z I0128 09:32:18.015130       1 event.go:377] Event(v1.ObjectReference{Kind:"Deployment", Namespace:"openshift-kube-scheduler-operator", Name:"openshift-kube-scheduler-operator", UID:"4ee73538-84c8-4928-8a20-259cdec17ca8", APIVersion:"apps/v1", ResourceVersion:"", FieldPath:""}): type: 'Normal' reason: 'OperatorStatusChanged' Status for clusteroperator/kube-scheduler changed: status.versions changed from [{"raw-internal" "4.20.0-0-2026-01-28-090915-test-ci-ln-vjb5l1t-latest"}] to [{"raw-internal" "4.20.0-0-2026-01-28-090915-test-ci-ln-vjb5l1t-latest"} {"operator" "4.20.0-0-2026-01-28-090915-test-ci-ln-vjb5l1t-latest"} {"kube-scheduler" "1.33.6"}]
2026-01-28T09:32:18.015307280Z I0128 09:32:18.015291       1 event.go:377] Event(v1.ObjectReference{Kind:"Deployment", Namespace:"openshift-kube-scheduler-operator", Name:"openshift-kube-scheduler-operator", UID:"4ee73538-84c8-4928-8a20-259cdec17ca8", APIVersion:"apps/v1", ResourceVersion:"", FieldPath:""}): type: 'Normal' reason: 'OperatorVersionChanged' clusteroperator/kube-scheduler version "kube-scheduler" changed from "" to "1.33.6"
2026-01-28T09:32:18.015337351Z I0128 09:32:18.015323       1 event.go:377] Event(v1.ObjectReference{Kind:"Deployment", Namespace:"openshift-kube-scheduler-operator", Name:"openshift-kube-scheduler-operator", UID:"4ee73538-84c8-4928-8a20-259cdec17ca8", APIVersion:"apps/v1", ResourceVersion:"", FieldPath:""}): type: 'Normal' reason: 'OperatorVersionChanged' clusteroperator/kube-scheduler version "operator" changed from "" to "4.20.0-0-2026-01-28-090915-test-ci-ln-vjb5l1t-latest"
2026-01-28T09:32:18.022040814Z E0128 09:32:18.021983       1 base_controller.go:279] "Unhandled Error" err="StatusSyncer_kube-scheduler reconciliation failed: Operation cannot be fulfilled on clusteroperators.config.openshift.io \"kube-scheduler\": the object has been modified; please apply your changes to the latest version and try again"
2026-01-28T09:32:18.206580544Z I0128 09:32:18.206545       1 installer_controller.go:550] "ip-10-0-102-200.us-west-1.compute.internal" is in transition to 4, but has not made progress because installer is not finished, but in Pending phase
2026-01-28T09:32:18.610002597Z I0128 09:32:18.609944       1 warnings.go:110] "Warning: metadata.name: this is used in the Pod's hostname, which can result in surprising behavior; a DNS label is recommended: [must be no more than 63 characters must not contain dots]"
2026-01-28T09:32:18.610103843Z E0128 09:32:18.610076       1 guard_controller.go:310] Missing operand on node ip-10-0-108-54.us-west-1.compute.internal
2026-01-28T09:32:18.610103843Z E0128 09:32:18.610099       1 guard_controller.go:310] Missing operand on node ip-10-0-3-203.us-west-1.compute.internal
2026-01-28T09:32:18.610247550Z I0128 09:32:18.610181       1 event.go:377] Event(v1.ObjectReference{Kind:"Deployment", Namespace:"openshift-kube-scheduler-operator", Name:"openshift-kube-scheduler-operator", UID:"4ee73538-84c8-4928-8a20-259cdec17ca8", APIVersion:"apps/v1", ResourceVersion:"", FieldPath:""}): type: 'Normal' reason: 'PodCreated' Created Pod/openshift-kube-scheduler-guard-ip-10-0-102-200.us-west-1.compute.internal -n openshift-kube-scheduler because it was missing
2026-01-28T09:32:18.626513265Z E0128 09:32:18.626483       1 base_controller.go:279] "Unhandled Error" err="GuardController reconciliation failed: [Missing operand on node ip-10-0-108-54.us-west-1.compute.internal, Missing operand on node ip-10-0-3-203.us-west-1.compute.internal]"
2026-01-28T09:32:18.626812510Z I0128 09:32:18.626794       1 prune_controller.go:277] Nothing to prune
2026-01-28T09:32:18.628313874Z I0128 09:32:18.628288       1 status_controller.go:229] clusteroperator/kube-scheduler diff {"status":{"conditions":[{"lastTransitionTime":"2026-01-28T09:30:35Z","message":"NodeControllerDegraded: All master nodes are ready\nGuardControllerDegraded: [Missing operand on node ip-10-0-108-54.us-west-1.compute.internal, Missing operand on node ip-10-0-3-203.us-west-1.compute.internal]","reason":"AsExpected","status":"False","type":"Degraded"},{"lastTransitionTime":"2026-01-28T09:30:54Z","message":"NodeInstallerProgressing: 3 nodes are at revision 0; 0 nodes have achieved new revision 4","reason":"NodeInstaller","status":"True","type":"Progressing"},{"lastTransitionTime":"2026-01-28T09:30:35Z","message":"StaticPodsAvailable: 0 nodes are active; 3 nodes are at revision 0; 0 nodes have achieved new revision 4","reason":"StaticPods_ZeroNodesActive","status":"False","type":"Available"},{"lastTransitionTime":"2026-01-28T09:30:35Z","message":"All is well","reason":"AsExpected","status":"True","type":"Upgradeable"},{"lastTransitionTime":"2026-01-28T09:30:35Z","reason":"NoData","status":"Unknown","type":"EvaluationConditionsDetected"}]}}
2026-01-28T09:32:18.635739542Z I0128 09:32:18.635706       1 event.go:377] Event(v1.ObjectReference{Kind:"Deployment", Namespace:"openshift-kube-scheduler-operator", Name:"openshift-kube-scheduler-operator", UID:"4ee73538-84c8-4928-8a20-259cdec17ca8", APIVersion:"apps/v1", ResourceVersion:"", FieldPath:""}): type: 'Normal' reason: 'OperatorStatusChanged' Status for clusteroperator/kube-scheduler changed: Degraded message changed from "NodeControllerDegraded: All master nodes are ready\nGuardControllerDegraded: [Missing PodIP in operand openshift-kube-scheduler-ip-10-0-102-200.us-west-1.compute.internal on node ip-10-0-102-200.us-west-1.compute.internal, Missing operand on node ip-10-0-108-54.us-west-1.compute.internal, Missing operand on node ip-10-0-3-203.us-west-1.compute.internal]" to "NodeControllerDegraded: All master nodes are ready\nGuardControllerDegraded: [Missing operand on node ip-10-0-108-54.us-west-1.compute.internal, Missing operand on node ip-10-0-3-203.us-west-1.compute.internal]"
2026-01-28T09:32:19.005287817Z I0128 09:32:19.005221       1 request.go:752] "Waited before sending request" delay="1.197149559s" reason="client-side throttling, not priority and fairness" verb="GET" URL="https://172.30.0.1:443/api/v1/namespaces/openshift-kube-scheduler/secrets/localhost-recovery-client-token"
2026-01-28T09:32:20.205217615Z I0128 09:32:20.205172       1 request.go:752] "Waited before sending request" delay="1.39802752s" reason="client-side throttling, not priority and fairness" verb="GET" URL="https://172.30.0.1:443/api/v1/namespaces/openshift-kube-scheduler/serviceaccounts/openshift-kube-scheduler-sa"
2026-01-28T09:32:20.806785972Z I0128 09:32:20.806739       1 installer_controller.go:550] "ip-10-0-102-200.us-west-1.compute.internal" is in transition to 4, but has not made progress because installer is not finished, but in Running phase
2026-01-28T09:32:21.210012686Z I0128 09:32:21.209959       1 core.go:220] Pod "openshift-kube-scheduler/openshift-kube-scheduler-guard-ip-10-0-102-200.us-west-1.compute.internal" changes: {"apiVersion":"v1","kind":"Pod","metadata":{"annotations":{"k8s.ovn.org/pod-networks":null,"k8s.v1.cni.cncf.io/network-status":null,"target.workload.openshift.io/management":"{\"effect\": \"PreferredDuringScheduling\"}"},"creationTimestamp":null,"generation":null,"managedFields":null,"resourceVersion":null,"uid":null},"spec":{"containers":[{"args":["-c","# properly handle TERM and exit as soon as it is signaled\nset -euo pipefail\ntrap 'jobs -p | xargs -r kill; exit 0' TERM\nsleep infinity \u0026 wait\n"],"command":["/bin/bash"],"image":"registry.build11.ci.openshift.org/ci-ln-vjb5l1t/stable@sha256:8da3ae0c230867d7c67107ad8fcd99839b6058f4e9ba9c94c5fc3a865bd20b9f","imagePullPolicy":"IfNotPresent","name":"guard","readinessProbe":{"failureThreshold":3,"httpGet":{"host":"10.0.102.200","path":"healthz","port":10259,"scheme":"HTTPS"},"periodSeconds":5,"successThreshold":1,"timeoutSeconds":5},"resources":{"requests":{"cpu":"10m","memory":"5Mi"}},"terminationMessagePolicy":"FallbackToLogsOnError"}],"dnsPolicy":null,"enableServiceLinks":null,"preemptionPolicy":null,"priority":null,"restartPolicy":null,"schedulerName":null,"securityContext":null,"serviceAccount":null,"serviceAccountName":null,"volumes":null},"status":{"conditions":null,"containerStatuses":null,"hostIP":null,"hostIPs":null,"phase":null,"podIP":null,"podIPs":null,"qosClass":null,"startTime":null}}
2026-01-28T09:32:21.405234216Z I0128 09:32:21.405192       1 request.go:752] "Waited before sending request" delay="1.195734779s" reason="client-side throttling, not priority and fairness" verb="GET" URL="https://172.30.0.1:443/api/v1/namespaces/openshift-kube-scheduler/serviceaccounts/localhost-recovery-client"
2026-01-28T09:32:22.413388394Z E0128 09:32:22.413294       1 guard_controller.go:310] Missing operand on node ip-10-0-108-54.us-west-1.compute.internal
2026-01-28T09:32:22.413388394Z E0128 09:32:22.413315       1 guard_controller.go:310] Missing operand on node ip-10-0-3-203.us-west-1.compute.internal
2026-01-28T09:32:22.414146591Z I0128 09:32:22.414101       1 event.go:377] Event(v1.ObjectReference{Kind:"Deployment", Namespace:"openshift-kube-scheduler-operator", Name:"openshift-kube-scheduler-operator", UID:"4ee73538-84c8-4928-8a20-259cdec17ca8", APIVersion:"apps/v1", ResourceVersion:"", FieldPath:""}): type: 'Normal' reason: 'PodUpdated' Updated Pod/openshift-kube-scheduler-guard-ip-10-0-102-200.us-west-1.compute.internal -n openshift-kube-scheduler because it changed
2026-01-28T09:32:22.414218245Z E0128 09:32:22.414193       1 base_controller.go:279] "Unhandled Error" err="GuardController reconciliation failed: [Missing operand on node ip-10-0-108-54.us-west-1.compute.internal, Missing operand on node ip-10-0-3-203.us-west-1.compute.internal]"
2026-01-28T09:32:22.415484678Z E0128 09:32:22.415465       1 guard_controller.go:310] Missing operand on node ip-10-0-3-203.us-west-1.compute.internal
2026-01-28T09:32:22.604795245Z I0128 09:32:22.604744       1 request.go:752] "Waited before sending request" delay="1.196388362s" reason="client-side throttling, not priority and fairness" verb="GET" URL="https://172.30.0.1:443/api/v1/namespaces/openshift-kube-scheduler"
2026-01-28T09:32:22.816860959Z E0128 09:32:22.816822       1 base_controller.go:279] "Unhandled Error" err="TargetConfigController reconciliation failed: KubeScheduler.operator.openshift.io \"cluster\" is invalid: [status.nodeStatuses[0].currentRevision: Invalid value: \"object\": cannot be unset once set, status.nodeStatuses[1].currentRevision: Invalid value: \"object\": cannot be unset once set, status.nodeStatuses[2].currentRevision: Invalid value: \"object\": cannot be unset once set]"
2026-01-28T09:32:23.206625166Z I0128 09:32:23.206585       1 installer_controller.go:550] "ip-10-0-102-200.us-west-1.compute.internal" is in transition to 4, but has not made progress because installer is not finished, but in Running phase
2026-01-28T09:32:23.804478869Z I0128 09:32:23.804438       1 request.go:752] "Waited before sending request" delay="1.192533191s" reason="client-side throttling, not priority and fairness" verb="GET" URL="https://172.30.0.1:443/api/v1/namespaces/openshift-kube-scheduler/services/scheduler"
2026-01-28T09:32:24.005983441Z I0128 09:32:24.005934       1 annotations.go:45] Updating "openshift.io/owning-component" annotation for serviceaccount-ca/openshift-kube-scheduler, diff:   string(
2026-01-28T09:32:24.005983441Z - 	"",
2026-01-28T09:32:24.005983441Z + 	"kube-scheduler",
2026-01-28T09:32:24.005983441Z   )
2026-01-28T09:32:24.805440151Z I0128 09:32:24.805400       1 request.go:752] "Waited before sending request" delay="1.198235504s" reason="client-side throttling, not priority and fairness" verb="GET" URL="https://172.30.0.1:443/api/v1/namespaces/openshift-kube-scheduler/pods/openshift-kube-scheduler-guard-ip-10-0-102-200.us-west-1.compute.internal"
2026-01-28T09:32:24.807327884Z E0128 09:32:24.807300       1 guard_controller.go:310] Missing operand on node ip-10-0-108-54.us-west-1.compute.internal
2026-01-28T09:32:24.808016448Z E0128 09:32:24.807990       1 base_controller.go:279] "Unhandled Error" err="GuardController reconciliation failed: [Missing operand on node ip-10-0-108-54.us-west-1.compute.internal, Missing operand on node ip-10-0-3-203.us-west-1.compute.internal]"
2026-01-28T09:32:25.606788345Z I0128 09:32:25.606753       1 installer_controller.go:550] "ip-10-0-102-200.us-west-1.compute.internal" is in transition to 4, but has not made progress because installer is not finished, but in Running phase
2026-01-28T09:32:26.005419410Z I0128 09:32:26.005369       1 request.go:752] "Waited before sending request" delay="1.195830084s" reason="client-side throttling, not priority and fairness" verb="GET" URL="https://172.30.0.1:443/api/v1/namespaces/openshift-kube-scheduler/pods/openshift-kube-scheduler-guard-ip-10-0-102-200.us-west-1.compute.internal"
2026-01-28T09:32:27.007080436Z E0128 09:32:27.007040       1 guard_controller.go:310] Missing operand on node ip-10-0-108-54.us-west-1.compute.internal
2026-01-28T09:32:27.007080436Z E0128 09:32:27.007061       1 guard_controller.go:310] Missing operand on node ip-10-0-3-203.us-west-1.compute.internal
2026-01-28T09:32:27.008139139Z E0128 09:32:27.008101       1 base_controller.go:279] "Unhandled Error" err="GuardController reconciliation failed: [Missing operand on node ip-10-0-108-54.us-west-1.compute.internal, Missing operand on node ip-10-0-3-203.us-west-1.compute.internal]"
2026-01-28T09:32:27.204936387Z I0128 09:32:27.204888       1 request.go:752] "Waited before sending request" delay="1.184266661s" reason="client-side throttling, not priority and fairness" verb="GET" URL="https://172.30.0.1:443/api/v1/namespaces/openshift-kube-scheduler/serviceaccounts/installer-sa"
2026-01-28T09:32:28.007863969Z I0128 09:32:28.007815       1 installer_controller.go:550] "ip-10-0-102-200.us-west-1.compute.internal" is in transition to 4, but has not made progress because installer is not finished, but in Running phase
2026-01-28T09:32:28.405361118Z I0128 09:32:28.405320       1 request.go:752] "Waited before sending request" delay="1.19656089s" reason="client-side throttling, not priority and fairness" verb="GET" URL="https://172.30.0.1:443/api/v1/namespaces/openshift-kube-scheduler/serviceaccounts/installer-sa"
2026-01-28T09:32:29.605307285Z I0128 09:32:29.605257       1 request.go:752] "Waited before sending request" delay="1.398211937s" reason="client-side throttling, not priority and fairness" verb="GET" URL="https://172.30.0.1:443/api/v1/namespaces/openshift-kube-scheduler/pods/openshift-kube-scheduler-guard-ip-10-0-102-200.us-west-1.compute.internal"
2026-01-28T09:32:29.607499075Z E0128 09:32:29.607475       1 guard_controller.go:310] Missing operand on node ip-10-0-108-54.us-west-1.compute.internal
2026-01-28T09:32:29.607499075Z E0128 09:32:29.607491       1 guard_controller.go:310] Missing operand on node ip-10-0-3-203.us-west-1.compute.internal
2026-01-28T09:32:29.608438872Z E0128 09:32:29.608417       1 base_controller.go:279] "Unhandled Error" err="GuardController reconciliation failed: [Missing operand on node ip-10-0-108-54.us-west-1.compute.internal, Missing operand on node ip-10-0-3-203.us-west-1.compute.internal]"
2026-01-28T09:32:30.606920230Z I0128 09:32:30.606868       1 installer_controller.go:550] "ip-10-0-102-200.us-west-1.compute.internal" is in transition to 4, but has not made progress because installer is not finished, but in Running phase
2026-01-28T09:32:30.804907594Z I0128 09:32:30.804858       1 request.go:752] "Waited before sending request" delay="1.194496374s" reason="client-side throttling, not priority and fairness" verb="GET" URL="https://172.30.0.1:443/api/v1/namespaces/openshift-kube-scheduler/pods/openshift-kube-scheduler-guard-ip-10-0-102-200.us-west-1.compute.internal"
2026-01-28T09:32:31.428866478Z E0128 09:32:31.428819       1 base_controller.go:279] "Unhandled Error" err="TargetConfigController reconciliation failed: KubeScheduler.operator.openshift.io \"cluster\" is invalid: [status.nodeStatuses[0].currentRevision: Invalid value: \"object\": cannot be unset once set, status.nodeStatuses[1].currentRevision: Invalid value: \"object\": cannot be unset once set, status.nodeStatuses[2].currentRevision: Invalid value: \"object\": cannot be unset once set]"
2026-01-28T09:32:31.806185732Z E0128 09:32:31.806135       1 guard_controller.go:310] Missing operand on node ip-10-0-108-54.us-west-1.compute.internal
2026-01-28T09:32:31.806185732Z E0128 09:32:31.806161       1 guard_controller.go:310] Missing operand on node ip-10-0-3-203.us-west-1.compute.internal
2026-01-28T09:32:31.807312328Z E0128 09:32:31.807279       1 base_controller.go:279] "Unhandled Error" err="GuardController reconciliation failed: [Missing operand on node ip-10-0-108-54.us-west-1.compute.internal, Missing operand on node ip-10-0-3-203.us-west-1.compute.internal]"
2026-01-28T09:32:32.206280106Z I0128 09:32:32.206237       1 annotations.go:45] Updating "openshift.io/owning-component" annotation for serviceaccount-ca/openshift-kube-scheduler, diff:   string(
2026-01-28T09:32:32.206280106Z - 	"",
2026-01-28T09:32:32.206280106Z + 	"kube-scheduler",
2026-01-28T09:32:32.206280106Z   )
2026-01-28T09:32:33.607199846Z E0128 09:32:33.607157       1 guard_controller.go:310] Missing operand on node ip-10-0-108-54.us-west-1.compute.internal
2026-01-28T09:32:33.607199846Z E0128 09:32:33.607177       1 guard_controller.go:310] Missing operand on node ip-10-0-3-203.us-west-1.compute.internal
2026-01-28T09:32:33.608321212Z E0128 09:32:33.608104       1 base_controller.go:279] "Unhandled Error" err="GuardController reconciliation failed: [Missing operand on node ip-10-0-108-54.us-west-1.compute.internal, Missing operand on node ip-10-0-3-203.us-west-1.compute.internal]"
2026-01-28T09:32:34.614337468Z E0128 09:32:34.614293       1 base_controller.go:279] "Unhandled Error" err="TargetConfigController reconciliation failed: KubeScheduler.operator.openshift.io \"cluster\" is invalid: [status.nodeStatuses[0].currentRevision: Invalid value: \"object\": cannot be unset once set, status.nodeStatuses[1].currentRevision: Invalid value: \"object\": cannot be unset once set, status.nodeStatuses[2].currentRevision: Invalid value: \"object\": cannot be unset once set]"
2026-01-28T09:32:35.007004830Z I0128 09:32:35.006961       1 annotations.go:45] Updating "openshift.io/owning-component" annotation for serviceaccount-ca/openshift-kube-scheduler, diff:   string(
2026-01-28T09:32:35.007004830Z - 	"",
2026-01-28T09:32:35.007004830Z + 	"kube-scheduler",
2026-01-28T09:32:35.007004830Z   )
2026-01-28T09:32:35.206736252Z E0128 09:32:35.206693       1 guard_controller.go:310] Missing operand on node ip-10-0-108-54.us-west-1.compute.internal
2026-01-28T09:32:35.206736252Z E0128 09:32:35.206720       1 guard_controller.go:310] Missing operand on node ip-10-0-3-203.us-west-1.compute.internal
2026-01-28T09:32:35.207759943Z E0128 09:32:35.207739       1 base_controller.go:279] "Unhandled Error" err="GuardController reconciliation failed: [Missing operand on node ip-10-0-108-54.us-west-1.compute.internal, Missing operand on node ip-10-0-3-203.us-west-1.compute.internal]"
2026-01-28T09:32:36.006751061Z E0128 09:32:36.006706       1 guard_controller.go:310] Missing operand on node ip-10-0-108-54.us-west-1.compute.internal
2026-01-28T09:32:36.006751061Z E0128 09:32:36.006728       1 guard_controller.go:310] Missing operand on node ip-10-0-3-203.us-west-1.compute.internal
2026-01-28T09:32:36.007693239Z E0128 09:32:36.007643       1 base_controller.go:279] "Unhandled Error" err="GuardController reconciliation failed: [Missing operand on node ip-10-0-108-54.us-west-1.compute.internal, Missing operand on node ip-10-0-3-203.us-west-1.compute.internal]"
2026-01-28T09:32:36.302713032Z I0128 09:32:36.302676       1 status_controller.go:229] clusteroperator/kube-scheduler diff {"status":{"conditions":[{"lastTransitionTime":"2026-01-28T09:32:36Z","message":"GuardControllerDegraded: [Missing operand on node ip-10-0-108-54.us-west-1.compute.internal, Missing operand on node ip-10-0-3-203.us-west-1.compute.internal]","reason":"GuardController_SyncError","status":"True","type":"Degraded"},{"lastTransitionTime":"2026-01-28T09:30:54Z","message":"NodeInstallerProgressing: 3 nodes are at revision 0; 0 nodes have achieved new revision 4","reason":"NodeInstaller","status":"True","type":"Progressing"},{"lastTransitionTime":"2026-01-28T09:30:35Z","message":"StaticPodsAvailable: 0 nodes are active; 3 nodes are at revision 0; 0 nodes have achieved new revision 4","reason":"StaticPods_ZeroNodesActive","status":"False","type":"Available"},{"lastTransitionTime":"2026-01-28T09:30:35Z","message":"All is well","reason":"AsExpected","status":"True","type":"Upgradeable"},{"lastTransitionTime":"2026-01-28T09:30:35Z","reason":"NoData","status":"Unknown","type":"EvaluationConditionsDetected"}]}}
2026-01-28T09:32:36.320396307Z I0128 09:32:36.320354       1 event.go:377] Event(v1.ObjectReference{Kind:"Deployment", Namespace:"openshift-kube-scheduler-operator", Name:"openshift-kube-scheduler-operator", UID:"4ee73538-84c8-4928-8a20-259cdec17ca8", APIVersion:"apps/v1", ResourceVersion:"", FieldPath:""}): type: 'Normal' reason: 'OperatorStatusChanged' Status for clusteroperator/kube-scheduler changed: Degraded changed from False to True ("GuardControllerDegraded: [Missing operand on node ip-10-0-108-54.us-west-1.compute.internal, Missing operand on node ip-10-0-3-203.us-west-1.compute.internal]")
2026-01-28T09:32:36.814794654Z E0128 09:32:36.814711       1 base_controller.go:279] "Unhandled Error" err="TargetConfigController reconciliation failed: KubeScheduler.operator.openshift.io \"cluster\" is invalid: [status.nodeStatuses[0].currentRevision: Invalid value: \"object\": cannot be unset once set, status.nodeStatuses[1].currentRevision: Invalid value: \"object\": cannot be unset once set, status.nodeStatuses[2].currentRevision: Invalid value: \"object\": cannot be unset once set]"
2026-01-28T09:32:37.006329114Z I0128 09:32:37.006274       1 annotations.go:45] Updating "openshift.io/owning-component" annotation for serviceaccount-ca/openshift-kube-scheduler, diff:   string(
2026-01-28T09:32:37.006329114Z - 	"",
2026-01-28T09:32:37.006329114Z + 	"kube-scheduler",
2026-01-28T09:32:37.006329114Z   )
2026-01-28T09:32:38.220506533Z E0128 09:32:38.220466       1 base_controller.go:279] "Unhandled Error" err="TargetConfigController reconciliation failed: KubeScheduler.operator.openshift.io \"cluster\" is invalid: [status.nodeStatuses[0].currentRevision: Invalid value: \"object\": cannot be unset once set, status.nodeStatuses[1].currentRevision: Invalid value: \"object\": cannot be unset once set, status.nodeStatuses[2].currentRevision: Invalid value: \"object\": cannot be unset once set]"
2026-01-28T09:32:38.406171740Z I0128 09:32:38.406130       1 annotations.go:45] Updating "openshift.io/owning-component" annotation for serviceaccount-ca/openshift-kube-scheduler, diff:   string(
2026-01-28T09:32:38.406171740Z - 	"",
2026-01-28T09:32:38.406171740Z + 	"kube-scheduler",
2026-01-28T09:32:38.406171740Z   )
2026-01-28T09:32:39.614443093Z E0128 09:32:39.614394       1 base_controller.go:279] "Unhandled Error" err="TargetConfigController reconciliation failed: KubeScheduler.operator.openshift.io \"cluster\" is invalid: [status.nodeStatuses[0].currentRevision: Invalid value: \"object\": cannot be unset once set, status.nodeStatuses[1].currentRevision: Invalid value: \"object\": cannot be unset once set, status.nodeStatuses[2].currentRevision: Invalid value: \"object\": cannot be unset once set]"
2026-01-28T09:32:40.007370199Z I0128 09:32:40.007329       1 annotations.go:45] Updating "openshift.io/owning-component" annotation for serviceaccount-ca/openshift-kube-scheduler, diff:   string(
2026-01-28T09:32:40.007370199Z - 	"",
2026-01-28T09:32:40.007370199Z + 	"kube-scheduler",
2026-01-28T09:32:40.007370199Z   )
2026-01-28T09:32:40.207139882Z E0128 09:32:40.207104       1 guard_controller.go:310] Missing operand on node ip-10-0-108-54.us-west-1.compute.internal
2026-01-28T09:32:40.207210286Z E0128 09:32:40.207184       1 guard_controller.go:310] Missing operand on node ip-10-0-3-203.us-west-1.compute.internal
2026-01-28T09:32:40.208221437Z E0128 09:32:40.208189       1 base_controller.go:279] "Unhandled Error" err="GuardController reconciliation failed: [Missing operand on node ip-10-0-108-54.us-west-1.compute.internal, Missing operand on node ip-10-0-3-203.us-west-1.compute.internal]"
2026-01-28T09:32:41.415481459Z E0128 09:32:41.415445       1 base_controller.go:279] "Unhandled Error" err="TargetConfigController reconciliation failed: KubeScheduler.operator.openshift.io \"cluster\" is invalid: [status.nodeStatuses[0].currentRevision: Invalid value: \"object\": cannot be unset once set, status.nodeStatuses[1].currentRevision: Invalid value: \"object\": cannot be unset once set, status.nodeStatuses[2].currentRevision: Invalid value: \"object\": cannot be unset once set]"
2026-01-28T09:32:41.609334886Z I0128 09:32:41.609294       1 annotations.go:45] Updating "openshift.io/owning-component" annotation for serviceaccount-ca/openshift-kube-scheduler, diff:   string(
2026-01-28T09:32:41.609334886Z - 	"",
2026-01-28T09:32:41.609334886Z + 	"kube-scheduler",
2026-01-28T09:32:41.609334886Z   )
2026-01-28T09:32:42.816688193Z E0128 09:32:42.816616       1 base_controller.go:279] "Unhandled Error" err="TargetConfigController reconciliation failed: KubeScheduler.operator.openshift.io \"cluster\" is invalid: [status.nodeStatuses[0].currentRevision: Invalid value: \"object\": cannot be unset once set, status.nodeStatuses[1].currentRevision: Invalid value: \"object\": cannot be unset once set, status.nodeStatuses[2].currentRevision: Invalid value: \"object\": cannot be unset once set]"
2026-01-28T09:32:43.007675667Z I0128 09:32:43.007641       1 annotations.go:45] Updating "openshift.io/owning-component" annotation for serviceaccount-ca/openshift-kube-scheduler, diff:   string(
2026-01-28T09:32:43.007675667Z - 	"",
2026-01-28T09:32:43.007675667Z + 	"kube-scheduler",
2026-01-28T09:32:43.007675667Z   )
2026-01-28T09:32:44.215554050Z E0128 09:32:44.215506       1 base_controller.go:279] "Unhandled Error" err="TargetConfigController reconciliation failed: KubeScheduler.operator.openshift.io \"cluster\" is invalid: [status.nodeStatuses[0].currentRevision: Invalid value: \"object\": cannot be unset once set, status.nodeStatuses[1].currentRevision: Invalid value: \"object\": cannot be unset once set, status.nodeStatuses[2].currentRevision: Invalid value: \"object\": cannot be unset once set]"
2026-01-28T09:32:45.380904234Z I0128 09:32:45.380862       1 annotations.go:45] Updating "openshift.io/owning-component" annotation for serviceaccount-ca/openshift-kube-scheduler, diff:   string(
2026-01-28T09:32:45.380904234Z - 	"",
2026-01-28T09:32:45.380904234Z + 	"kube-scheduler",
2026-01-28T09:32:45.380904234Z   )
2026-01-28T09:32:45.616039046Z E0128 09:32:45.615987       1 base_controller.go:279] "Unhandled Error" err="TargetConfigController reconciliation failed: KubeScheduler.operator.openshift.io \"cluster\" is invalid: [status.nodeStatuses[0].currentRevision: Invalid value: \"object\": cannot be unset once set, status.nodeStatuses[1].currentRevision: Invalid value: \"object\": cannot be unset once set, status.nodeStatuses[2].currentRevision: Invalid value: \"object\": cannot be unset once set]"
2026-01-28T09:32:50.168391346Z E0128 09:32:50.168351       1 guard_controller.go:310] Missing operand on node ip-10-0-108-54.us-west-1.compute.internal
2026-01-28T09:32:50.168471350Z E0128 09:32:50.168458       1 guard_controller.go:310] Missing operand on node ip-10-0-3-203.us-west-1.compute.internal
2026-01-28T09:32:50.169676522Z E0128 09:32:50.169656       1 base_controller.go:279] "Unhandled Error" err="GuardController reconciliation failed: [Missing operand on node ip-10-0-108-54.us-west-1.compute.internal, Missing operand on node ip-10-0-3-203.us-west-1.compute.internal]"
2026-01-28T09:32:50.223168089Z E0128 09:32:50.223109       1 guard_controller.go:310] Missing operand on node ip-10-0-108-54.us-west-1.compute.internal
2026-01-28T09:32:50.224330168Z E0128 09:32:50.224314       1 guard_controller.go:310] Missing operand on node ip-10-0-3-203.us-west-1.compute.internal
2026-01-28T09:32:50.227249157Z E0128 09:32:50.227225       1 base_controller.go:279] "Unhandled Error" err="GuardController reconciliation failed: [Missing operand on node ip-10-0-108-54.us-west-1.compute.internal, Missing operand on node ip-10-0-3-203.us-west-1.compute.internal]"
2026-01-28T09:32:50.228557284Z I0128 09:32:50.228535       1 installer_controller.go:550] "ip-10-0-102-200.us-west-1.compute.internal" is in transition to 4, but has not made progress because installer is not finished, but in Running phase
2026-01-28T09:32:50.710522524Z E0128 09:32:50.710486       1 guard_controller.go:310] Missing operand on node ip-10-0-108-54.us-west-1.compute.internal
2026-01-28T09:32:50.710587447Z E0128 09:32:50.710575       1 guard_controller.go:310] Missing operand on node ip-10-0-3-203.us-west-1.compute.internal
2026-01-28T09:32:50.727102702Z E0128 09:32:50.727065       1 base_controller.go:279] "Unhandled Error" err="GuardController reconciliation failed: [Missing operand on node ip-10-0-108-54.us-west-1.compute.internal, Missing operand on node ip-10-0-3-203.us-west-1.compute.internal]"
2026-01-28T09:32:51.326187244Z E0128 09:32:51.325206       1 guard_controller.go:310] Missing operand on node ip-10-0-108-54.us-west-1.compute.internal
2026-01-28T09:32:51.326187244Z E0128 09:32:51.325228       1 guard_controller.go:310] Missing operand on node ip-10-0-3-203.us-west-1.compute.internal
2026-01-28T09:32:51.331534248Z E0128 09:32:51.330942       1 base_controller.go:279] "Unhandled Error" err="GuardController reconciliation failed: [Missing operand on node ip-10-0-108-54.us-west-1.compute.internal, Missing operand on node ip-10-0-3-203.us-west-1.compute.internal]"
2026-01-28T09:32:51.747812587Z E0128 09:32:51.747766       1 guard_controller.go:310] Missing operand on node ip-10-0-108-54.us-west-1.compute.internal
2026-01-28T09:32:51.747812587Z E0128 09:32:51.747797       1 guard_controller.go:310] Missing operand on node ip-10-0-3-203.us-west-1.compute.internal
2026-01-28T09:32:51.748650550Z E0128 09:32:51.748611       1 base_controller.go:279] "Unhandled Error" err="GuardController reconciliation failed: [Missing operand on node ip-10-0-108-54.us-west-1.compute.internal, Missing operand on node ip-10-0-3-203.us-west-1.compute.internal]"
2026-01-28T09:32:52.750522540Z I0128 09:32:52.747389       1 installer_controller.go:550] "ip-10-0-102-200.us-west-1.compute.internal" is in transition to 4, but has not made progress because waiting for static pod of revision 4, found 3
2026-01-28T09:32:53.288052682Z E0128 09:32:53.287011       1 guard_controller.go:310] Missing operand on node ip-10-0-108-54.us-west-1.compute.internal
2026-01-28T09:32:53.288052682Z E0128 09:32:53.287058       1 guard_controller.go:310] Missing operand on node ip-10-0-3-203.us-west-1.compute.internal
2026-01-28T09:32:53.288186559Z E0128 09:32:53.288079       1 base_controller.go:279] "Unhandled Error" err="GuardController reconciliation failed: [Missing operand on node ip-10-0-108-54.us-west-1.compute.internal, Missing operand on node ip-10-0-3-203.us-west-1.compute.internal]"
2026-01-28T09:32:55.862013438Z I0128 09:32:55.861902       1 annotations.go:45] Updating "openshift.io/owning-component" annotation for serviceaccount-ca/openshift-kube-scheduler, diff:   string(
2026-01-28T09:32:55.862013438Z - 	"",
2026-01-28T09:32:55.862013438Z + 	"kube-scheduler",
2026-01-28T09:32:55.862013438Z   )
2026-01-28T09:32:55.885661528Z E0128 09:32:55.885601       1 base_controller.go:279] "Unhandled Error" err="TargetConfigController reconciliation failed: KubeScheduler.operator.openshift.io \"cluster\" is invalid: [status.nodeStatuses[0].currentRevision: Invalid value: \"object\": cannot be unset once set, status.nodeStatuses[1].currentRevision: Invalid value: \"object\": cannot be unset once set, status.nodeStatuses[2].currentRevision: Invalid value: \"object\": cannot be unset once set]"
2026-01-28T09:32:58.201679756Z E0128 09:32:58.201630       1 guard_controller.go:310] Missing operand on node ip-10-0-108-54.us-west-1.compute.internal
2026-01-28T09:32:58.201679756Z E0128 09:32:58.201656       1 guard_controller.go:310] Missing operand on node ip-10-0-3-203.us-west-1.compute.internal
2026-01-28T09:32:58.202780782Z E0128 09:32:58.202756       1 base_controller.go:279] "Unhandled Error" err="GuardController reconciliation failed: [Missing operand on node ip-10-0-108-54.us-west-1.compute.internal, Missing operand on node ip-10-0-3-203.us-west-1.compute.internal]"
2026-01-28T09:33:01.314290762Z I0128 09:33:01.314254       1 annotations.go:45] Updating "openshift.io/owning-component" annotation for serviceaccount-ca/openshift-kube-scheduler, diff:   string(
2026-01-28T09:33:01.314290762Z - 	"",
2026-01-28T09:33:01.314290762Z + 	"kube-scheduler",
2026-01-28T09:33:01.314290762Z   )
2026-01-28T09:33:01.343160369Z E0128 09:33:01.343103       1 base_controller.go:279] "Unhandled Error" err="TargetConfigController reconciliation failed: KubeScheduler.operator.openshift.io \"cluster\" is invalid: [status.nodeStatuses[0].currentRevision: Invalid value: \"object\": cannot be unset once set, status.nodeStatuses[1].currentRevision: Invalid value: \"object\": cannot be unset once set, status.nodeStatuses[2].currentRevision: Invalid value: \"object\": cannot be unset once set]"
2026-01-28T09:33:02.914913074Z E0128 09:33:02.914866       1 guard_controller.go:310] Missing operand on node ip-10-0-108-54.us-west-1.compute.internal
2026-01-28T09:33:02.914913074Z E0128 09:33:02.914886       1 guard_controller.go:310] Missing operand on node ip-10-0-3-203.us-west-1.compute.internal
2026-01-28T09:33:02.915754076Z E0128 09:33:02.915728       1 base_controller.go:279] "Unhandled Error" err="GuardController reconciliation failed: [Missing operand on node ip-10-0-108-54.us-west-1.compute.internal, Missing operand on node ip-10-0-3-203.us-west-1.compute.internal]"
2026-01-28T09:33:04.114698471Z E0128 09:33:04.114638       1 guard_controller.go:310] Missing operand on node ip-10-0-108-54.us-west-1.compute.internal
2026-01-28T09:33:04.114698471Z E0128 09:33:04.114660       1 guard_controller.go:310] Missing operand on node ip-10-0-3-203.us-west-1.compute.internal
2026-01-28T09:33:04.115604947Z E0128 09:33:04.115575       1 base_controller.go:279] "Unhandled Error" err="GuardController reconciliation failed: [Missing operand on node ip-10-0-108-54.us-west-1.compute.internal, Missing operand on node ip-10-0-3-203.us-west-1.compute.internal]"
2026-01-28T09:33:04.116869860Z E0128 09:33:04.116847       1 guard_controller.go:310] Missing operand on node ip-10-0-3-203.us-west-1.compute.internal
2026-01-28T09:33:04.116895571Z E0128 09:33:04.116870       1 guard_controller.go:316] Missing PodIP in operand openshift-kube-scheduler-ip-10-0-102-200.us-west-1.compute.internal on node ip-10-0-102-200.us-west-1.compute.internal
2026-01-28T09:33:04.116895571Z E0128 09:33:04.116887       1 guard_controller.go:310] Missing operand on node ip-10-0-108-54.us-west-1.compute.internal
2026-01-28T09:33:04.130444810Z E0128 09:33:04.130418       1 base_controller.go:279] "Unhandled Error" err="GuardController reconciliation failed: [Missing PodIP in operand openshift-kube-scheduler-ip-10-0-102-200.us-west-1.compute.internal on node ip-10-0-102-200.us-west-1.compute.internal, Missing operand on node ip-10-0-108-54.us-west-1.compute.internal, Missing operand on node ip-10-0-3-203.us-west-1.compute.internal]"
2026-01-28T09:33:04.131786387Z I0128 09:33:04.131762       1 status_controller.go:229] clusteroperator/kube-scheduler diff {"status":{"conditions":[{"lastTransitionTime":"2026-01-28T09:32:36Z","message":"GuardControllerDegraded: [Missing PodIP in operand openshift-kube-scheduler-ip-10-0-102-200.us-west-1.compute.internal on node ip-10-0-102-200.us-west-1.compute.internal, Missing operand on node ip-10-0-108-54.us-west-1.compute.internal, Missing operand on node ip-10-0-3-203.us-west-1.compute.internal]","reason":"GuardController_SyncError","status":"True","type":"Degraded"},{"lastTransitionTime":"2026-01-28T09:30:54Z","message":"NodeInstallerProgressing: 3 nodes are at revision 0; 0 nodes have achieved new revision 4","reason":"NodeInstaller","status":"True","type":"Progressing"},{"lastTransitionTime":"2026-01-28T09:30:35Z","message":"StaticPodsAvailable: 0 nodes are active; 3 nodes are at revision 0; 0 nodes have achieved new revision 4","reason":"StaticPods_ZeroNodesActive","status":"False","type":"Available"},{"lastTransitionTime":"2026-01-28T09:30:35Z","message":"All is well","reason":"AsExpected","status":"True","type":"Upgradeable"},{"lastTransitionTime":"2026-01-28T09:30:35Z","reason":"NoData","status":"Unknown","type":"EvaluationConditionsDetected"}]}}
2026-01-28T09:33:04.131874841Z I0128 09:33:04.131852       1 prune_controller.go:277] Nothing to prune
2026-01-28T09:33:04.147489753Z I0128 09:33:04.147431       1 event.go:377] Event(v1.ObjectReference{Kind:"Deployment", Namespace:"openshift-kube-scheduler-operator", Name:"openshift-kube-scheduler-operator", UID:"4ee73538-84c8-4928-8a20-259cdec17ca8", APIVersion:"apps/v1", ResourceVersion:"", FieldPath:""}): type: 'Normal' reason: 'OperatorStatusChanged' Status for clusteroperator/kube-scheduler changed: Degraded message changed from "GuardControllerDegraded: [Missing operand on node ip-10-0-108-54.us-west-1.compute.internal, Missing operand on node ip-10-0-3-203.us-west-1.compute.internal]" to "GuardControllerDegraded: [Missing PodIP in operand openshift-kube-scheduler-ip-10-0-102-200.us-west-1.compute.internal on node ip-10-0-102-200.us-west-1.compute.internal, Missing operand on node ip-10-0-108-54.us-west-1.compute.internal, Missing operand on node ip-10-0-3-203.us-west-1.compute.internal]"
2026-01-28T09:33:05.311768302Z I0128 09:33:05.311712       1 request.go:752] "Waited before sending request" delay="1.179150433s" reason="client-side throttling, not priority and fairness" verb="GET" URL="https://172.30.0.1:443/api/v1/namespaces/openshift-kube-scheduler/configmaps/config"
2026-01-28T09:33:05.315786593Z I0128 09:33:05.315758       1 annotations.go:45] Updating "openshift.io/owning-component" annotation for serviceaccount-ca/openshift-kube-scheduler, diff:   string(
2026-01-28T09:33:05.315786593Z - 	"",
2026-01-28T09:33:05.315786593Z + 	"kube-scheduler",
2026-01-28T09:33:05.315786593Z   )
2026-01-28T09:33:05.914249615Z I0128 09:33:05.914194       1 installer_controller.go:550] "ip-10-0-102-200.us-west-1.compute.internal" is in transition to 4, but has not made progress because static pod is pending
2026-01-28T09:33:06.312158056Z I0128 09:33:06.312097       1 request.go:752] "Waited before sending request" delay="1.139173143s" reason="client-side throttling, not priority and fairness" verb="GET" URL="https://172.30.0.1:443/api/v1/namespaces/openshift-kube-scheduler/services/scheduler"
2026-01-28T09:33:06.713853077Z E0128 09:33:06.713806       1 guard_controller.go:310] Missing operand on node ip-10-0-108-54.us-west-1.compute.internal
2026-01-28T09:33:06.713853077Z E0128 09:33:06.713828       1 guard_controller.go:310] Missing operand on node ip-10-0-3-203.us-west-1.compute.internal
2026-01-28T09:33:06.727220166Z E0128 09:33:06.727175       1 base_controller.go:279] "Unhandled Error" err="GuardController reconciliation failed: [Missing operand on node ip-10-0-108-54.us-west-1.compute.internal, Missing operand on node ip-10-0-3-203.us-west-1.compute.internal]"
2026-01-28T09:33:06.730805776Z I0128 09:33:06.730774       1 prune_controller.go:277] Nothing to prune
2026-01-28T09:33:06.731583995Z I0128 09:33:06.731556       1 status_controller.go:229] clusteroperator/kube-scheduler diff {"status":{"conditions":[{"lastTransitionTime":"2026-01-28T09:32:36Z","message":"GuardControllerDegraded: [Missing operand on node ip-10-0-108-54.us-west-1.compute.internal, Missing operand on node ip-10-0-3-203.us-west-1.compute.internal]","reason":"GuardController_SyncError","status":"True","type":"Degraded"},{"lastTransitionTime":"2026-01-28T09:30:54Z","message":"NodeInstallerProgressing: 3 nodes are at revision 0; 0 nodes have achieved new revision 4","reason":"NodeInstaller","status":"True","type":"Progressing"},{"lastTransitionTime":"2026-01-28T09:30:35Z","message":"StaticPodsAvailable: 0 nodes are active; 3 nodes are at revision 0; 0 nodes have achieved new revision 4","reason":"StaticPods_ZeroNodesActive","status":"False","type":"Available"},{"lastTransitionTime":"2026-01-28T09:30:35Z","message":"All is well","reason":"AsExpected","status":"True","type":"Upgradeable"},{"lastTransitionTime":"2026-01-28T09:30:35Z","reason":"NoData","status":"Unknown","type":"EvaluationConditionsDetected"}]}}
2026-01-28T09:33:06.739829838Z I0128 09:33:06.739759       1 event.go:377] Event(v1.ObjectReference{Kind:"Deployment", Namespace:"openshift-kube-scheduler-operator", Name:"openshift-kube-scheduler-operator", UID:"4ee73538-84c8-4928-8a20-259cdec17ca8", APIVersion:"apps/v1", ResourceVersion:"", FieldPath:""}): type: 'Normal' reason: 'OperatorStatusChanged' Status for clusteroperator/kube-scheduler changed: Degraded message changed from "GuardControllerDegraded: [Missing PodIP in operand openshift-kube-scheduler-ip-10-0-102-200.us-west-1.compute.internal on node ip-10-0-102-200.us-west-1.compute.internal, Missing operand on node ip-10-0-108-54.us-west-1.compute.internal, Missing operand on node ip-10-0-3-203.us-west-1.compute.internal]" to "GuardControllerDegraded: [Missing operand on node ip-10-0-108-54.us-west-1.compute.internal, Missing operand on node ip-10-0-3-203.us-west-1.compute.internal]"
2026-01-28T09:33:07.312543480Z I0128 09:33:07.312483       1 request.go:752] "Waited before sending request" delay="1.197723034s" reason="client-side throttling, not priority and fairness" verb="GET" URL="https://172.30.0.1:443/api/v1/namespaces/openshift-kube-scheduler/pods/openshift-kube-scheduler-ip-10-0-108-54.us-west-1.compute.internal"
2026-01-28T09:33:08.312605308Z I0128 09:33:08.312560       1 request.go:752] "Waited before sending request" delay="1.197709913s" reason="client-side throttling, not priority and fairness" verb="GET" URL="https://172.30.0.1:443/api/v1/namespaces/openshift-kube-scheduler/pods/installer-4-ip-10-0-102-200.us-west-1.compute.internal"
2026-01-28T09:33:09.116232392Z E0128 09:33:09.116184       1 guard_controller.go:310] Missing operand on node ip-10-0-108-54.us-west-1.compute.internal
2026-01-28T09:33:09.116306516Z E0128 09:33:09.116294       1 guard_controller.go:310] Missing operand on node ip-10-0-3-203.us-west-1.compute.internal
2026-01-28T09:33:09.117535197Z E0128 09:33:09.117503       1 base_controller.go:279] "Unhandled Error" err="GuardController reconciliation failed: [Missing operand on node ip-10-0-108-54.us-west-1.compute.internal, Missing operand on node ip-10-0-3-203.us-west-1.compute.internal]"
2026-01-28T09:33:09.512659739Z I0128 09:33:09.512609       1 request.go:752] "Waited before sending request" delay="1.1976444s" reason="client-side throttling, not priority and fairness" verb="GET" URL="https://172.30.0.1:443/api/v1/namespaces/openshift-kube-scheduler/pods/openshift-kube-scheduler-ip-10-0-102-200.us-west-1.compute.internal"
2026-01-28T09:33:09.514594006Z I0128 09:33:09.514571       1 installer_controller.go:550] "ip-10-0-102-200.us-west-1.compute.internal" is in transition to 4, but has not made progress because static pod is pending
2026-01-28T09:33:11.313776891Z E0128 09:33:11.313711       1 guard_controller.go:310] Missing operand on node ip-10-0-108-54.us-west-1.compute.internal
2026-01-28T09:33:11.313776891Z E0128 09:33:11.313741       1 guard_controller.go:310] Missing operand on node ip-10-0-3-203.us-west-1.compute.internal
2026-01-28T09:33:11.314582002Z E0128 09:33:11.314553       1 base_controller.go:279] "Unhandled Error" err="GuardController reconciliation failed: [Missing operand on node ip-10-0-108-54.us-west-1.compute.internal, Missing operand on node ip-10-0-3-203.us-west-1.compute.internal]"
2026-01-28T09:33:12.123260268Z E0128 09:33:12.123216       1 base_controller.go:279] "Unhandled Error" err="TargetConfigController reconciliation failed: KubeScheduler.operator.openshift.io \"cluster\" is invalid: [status.nodeStatuses[0].currentRevision: Invalid value: \"object\": cannot be unset once set, status.nodeStatuses[1].currentRevision: Invalid value: \"object\": cannot be unset once set, status.nodeStatuses[2].currentRevision: Invalid value: \"object\": cannot be unset once set]"
2026-01-28T09:33:12.318064941Z I0128 09:33:12.317842       1 installer_controller.go:550] "ip-10-0-102-200.us-west-1.compute.internal" is in transition to 4, but has not made progress because static pod is pending
2026-01-28T09:33:12.713932709Z I0128 09:33:12.713893       1 annotations.go:45] Updating "openshift.io/owning-component" annotation for serviceaccount-ca/openshift-kube-scheduler, diff:   string(
2026-01-28T09:33:12.713932709Z - 	"",
2026-01-28T09:33:12.713932709Z + 	"kube-scheduler",
2026-01-28T09:33:12.713932709Z   )
2026-01-28T09:33:13.922546718Z E0128 09:33:13.922496       1 base_controller.go:279] "Unhandled Error" err="TargetConfigController reconciliation failed: KubeScheduler.operator.openshift.io \"cluster\" is invalid: [status.nodeStatuses[0].currentRevision: Invalid value: \"object\": cannot be unset once set, status.nodeStatuses[1].currentRevision: Invalid value: \"object\": cannot be unset once set, status.nodeStatuses[2].currentRevision: Invalid value: \"object\": cannot be unset once set]"
2026-01-28T09:33:16.369698334Z I0128 09:33:16.369653       1 annotations.go:45] Updating "openshift.io/owning-component" annotation for serviceaccount-ca/openshift-kube-scheduler, diff:   string(
2026-01-28T09:33:16.369698334Z - 	"",
2026-01-28T09:33:16.369698334Z + 	"kube-scheduler",
2026-01-28T09:33:16.369698334Z   )
2026-01-28T09:33:16.393337478Z E0128 09:33:16.393286       1 base_controller.go:279] "Unhandled Error" err="TargetConfigController reconciliation failed: KubeScheduler.operator.openshift.io \"cluster\" is invalid: [status.nodeStatuses[0].currentRevision: Invalid value: \"object\": cannot be unset once set, status.nodeStatuses[1].currentRevision: Invalid value: \"object\": cannot be unset once set, status.nodeStatuses[2].currentRevision: Invalid value: \"object\": cannot be unset once set]"
2026-01-28T09:33:23.291974047Z E0128 09:33:23.291935       1 guard_controller.go:310] Missing operand on node ip-10-0-108-54.us-west-1.compute.internal
2026-01-28T09:33:23.292070942Z E0128 09:33:23.292056       1 guard_controller.go:310] Missing operand on node ip-10-0-3-203.us-west-1.compute.internal
2026-01-28T09:33:23.293269332Z E0128 09:33:23.293245       1 base_controller.go:279] "Unhandled Error" err="GuardController reconciliation failed: [Missing operand on node ip-10-0-108-54.us-west-1.compute.internal, Missing operand on node ip-10-0-3-203.us-west-1.compute.internal]"
2026-01-28T09:33:23.839504584Z E0128 09:33:23.839454       1 guard_controller.go:310] Missing operand on node ip-10-0-108-54.us-west-1.compute.internal
2026-01-28T09:33:23.839588868Z E0128 09:33:23.839575       1 guard_controller.go:310] Missing operand on node ip-10-0-3-203.us-west-1.compute.internal
2026-01-28T09:33:23.840550907Z E0128 09:33:23.840531       1 base_controller.go:279] "Unhandled Error" err="GuardController reconciliation failed: [Missing operand on node ip-10-0-108-54.us-west-1.compute.internal, Missing operand on node ip-10-0-3-203.us-west-1.compute.internal]"
2026-01-28T09:33:24.824295999Z E0128 09:33:24.824243       1 guard_controller.go:310] Missing operand on node ip-10-0-108-54.us-west-1.compute.internal
2026-01-28T09:33:24.824389243Z E0128 09:33:24.824377       1 guard_controller.go:310] Missing operand on node ip-10-0-3-203.us-west-1.compute.internal
2026-01-28T09:33:24.825791233Z E0128 09:33:24.825765       1 base_controller.go:279] "Unhandled Error" err="GuardController reconciliation failed: [Missing operand on node ip-10-0-108-54.us-west-1.compute.internal, Missing operand on node ip-10-0-3-203.us-west-1.compute.internal]"
2026-01-28T09:33:28.597434626Z E0128 09:33:28.597377       1 guard_controller.go:310] Missing operand on node ip-10-0-108-54.us-west-1.compute.internal
2026-01-28T09:33:28.597434626Z E0128 09:33:28.597401       1 guard_controller.go:310] Missing operand on node ip-10-0-3-203.us-west-1.compute.internal
2026-01-28T09:33:28.598427606Z E0128 09:33:28.598403       1 base_controller.go:279] "Unhandled Error" err="GuardController reconciliation failed: [Missing operand on node ip-10-0-108-54.us-west-1.compute.internal, Missing operand on node ip-10-0-3-203.us-west-1.compute.internal]"
2026-01-28T09:33:29.872088550Z E0128 09:33:29.869455       1 guard_controller.go:310] Missing operand on node ip-10-0-3-203.us-west-1.compute.internal
2026-01-28T09:33:29.880587486Z E0128 09:33:29.880546       1 guard_controller.go:310] Missing operand on node ip-10-0-108-54.us-west-1.compute.internal
2026-01-28T09:33:29.885059459Z E0128 09:33:29.883264       1 base_controller.go:279] "Unhandled Error" err="GuardController reconciliation failed: [Missing operand on node ip-10-0-108-54.us-west-1.compute.internal, Missing operand on node ip-10-0-3-203.us-west-1.compute.internal]"
2026-01-28T09:33:31.262943740Z E0128 09:33:31.262681       1 guard_controller.go:310] Missing operand on node ip-10-0-3-203.us-west-1.compute.internal
2026-01-28T09:33:31.273456007Z E0128 09:33:31.272455       1 guard_controller.go:310] Missing operand on node ip-10-0-108-54.us-west-1.compute.internal
2026-01-28T09:33:31.273572692Z E0128 09:33:31.273538       1 base_controller.go:279] "Unhandled Error" err="GuardController reconciliation failed: [Missing operand on node ip-10-0-108-54.us-west-1.compute.internal, Missing operand on node ip-10-0-3-203.us-west-1.compute.internal]"
2026-01-28T09:33:33.524146377Z E0128 09:33:33.524098       1 guard_controller.go:310] Missing operand on node ip-10-0-108-54.us-west-1.compute.internal
2026-01-28T09:33:33.524214240Z E0128 09:33:33.524202       1 guard_controller.go:310] Missing operand on node ip-10-0-3-203.us-west-1.compute.internal
2026-01-28T09:33:33.525546407Z E0128 09:33:33.525522       1 base_controller.go:279] "Unhandled Error" err="GuardController reconciliation failed: [Missing operand on node ip-10-0-108-54.us-west-1.compute.internal, Missing operand on node ip-10-0-3-203.us-west-1.compute.internal]"
2026-01-28T09:33:33.575532429Z E0128 09:33:33.575495       1 guard_controller.go:310] Missing operand on node ip-10-0-108-54.us-west-1.compute.internal
2026-01-28T09:33:33.575622993Z E0128 09:33:33.575609       1 guard_controller.go:310] Missing operand on node ip-10-0-3-203.us-west-1.compute.internal
2026-01-28T09:33:33.607124520Z E0128 09:33:33.606720       1 base_controller.go:279] "Unhandled Error" err="GuardController reconciliation failed: [Missing operand on node ip-10-0-108-54.us-west-1.compute.internal, Missing operand on node ip-10-0-3-203.us-west-1.compute.internal]"
2026-01-28T09:33:33.617266268Z E0128 09:33:33.616626       1 guard_controller.go:310] Missing operand on node ip-10-0-108-54.us-west-1.compute.internal
2026-01-28T09:33:33.617266268Z E0128 09:33:33.616646       1 guard_controller.go:310] Missing operand on node ip-10-0-3-203.us-west-1.compute.internal
2026-01-28T09:33:33.617484439Z E0128 09:33:33.617455       1 base_controller.go:279] "Unhandled Error" err="GuardController reconciliation failed: [Missing operand on node ip-10-0-108-54.us-west-1.compute.internal, Missing operand on node ip-10-0-3-203.us-west-1.compute.internal]"
2026-01-28T09:33:33.941593062Z E0128 09:33:33.941540       1 guard_controller.go:310] Missing operand on node ip-10-0-108-54.us-west-1.compute.internal
2026-01-28T09:33:33.941593062Z E0128 09:33:33.941557       1 guard_controller.go:310] Missing operand on node ip-10-0-3-203.us-west-1.compute.internal
2026-01-28T09:33:33.942339550Z E0128 09:33:33.942307       1 base_controller.go:279] "Unhandled Error" err="GuardController reconciliation failed: [Missing operand on node ip-10-0-108-54.us-west-1.compute.internal, Missing operand on node ip-10-0-3-203.us-west-1.compute.internal]"
2026-01-28T09:33:34.841981602Z E0128 09:33:34.841944       1 guard_controller.go:310] Missing operand on node ip-10-0-108-54.us-west-1.compute.internal
2026-01-28T09:33:34.842067956Z E0128 09:33:34.842055       1 guard_controller.go:310] Missing operand on node ip-10-0-3-203.us-west-1.compute.internal
2026-01-28T09:33:34.843073717Z E0128 09:33:34.843051       1 base_controller.go:279] "Unhandled Error" err="GuardController reconciliation failed: [Missing operand on node ip-10-0-108-54.us-west-1.compute.internal, Missing operand on node ip-10-0-3-203.us-west-1.compute.internal]"
2026-01-28T09:33:36.296734761Z E0128 09:33:36.295947       1 guard_controller.go:310] Missing operand on node ip-10-0-108-54.us-west-1.compute.internal
2026-01-28T09:33:36.296734761Z E0128 09:33:36.295976       1 guard_controller.go:310] Missing operand on node ip-10-0-3-203.us-west-1.compute.internal
2026-01-28T09:33:36.299073068Z E0128 09:33:36.297046       1 base_controller.go:279] "Unhandled Error" err="GuardController reconciliation failed: [Missing operand on node ip-10-0-108-54.us-west-1.compute.internal, Missing operand on node ip-10-0-3-203.us-west-1.compute.internal]"
2026-01-28T09:33:38.538117955Z E0128 09:33:38.537459       1 guard_controller.go:310] Missing operand on node ip-10-0-108-54.us-west-1.compute.internal
2026-01-28T09:33:38.538117955Z E0128 09:33:38.537517       1 guard_controller.go:310] Missing operand on node ip-10-0-3-203.us-west-1.compute.internal
2026-01-28T09:33:38.540164158Z E0128 09:33:38.538851       1 base_controller.go:279] "Unhandled Error" err="GuardController reconciliation failed: [Missing operand on node ip-10-0-108-54.us-west-1.compute.internal, Missing operand on node ip-10-0-3-203.us-west-1.compute.internal]"
2026-01-28T09:33:41.326554783Z E0128 09:33:41.326520       1 guard_controller.go:310] Missing operand on node ip-10-0-108-54.us-west-1.compute.internal
2026-01-28T09:33:41.326594975Z E0128 09:33:41.326576       1 guard_controller.go:310] Missing operand on node ip-10-0-3-203.us-west-1.compute.internal
2026-01-28T09:33:41.327642968Z E0128 09:33:41.327605       1 base_controller.go:279] "Unhandled Error" err="GuardController reconciliation failed: [Missing operand on node ip-10-0-108-54.us-west-1.compute.internal, Missing operand on node ip-10-0-3-203.us-west-1.compute.internal]"
2026-01-28T09:33:43.536887524Z E0128 09:33:43.536849       1 guard_controller.go:310] Missing operand on node ip-10-0-108-54.us-west-1.compute.internal
2026-01-28T09:33:43.536946316Z E0128 09:33:43.536934       1 guard_controller.go:310] Missing operand on node ip-10-0-3-203.us-west-1.compute.internal
2026-01-28T09:33:43.537915365Z E0128 09:33:43.537894       1 base_controller.go:279] "Unhandled Error" err="GuardController reconciliation failed: [Missing operand on node ip-10-0-108-54.us-west-1.compute.internal, Missing operand on node ip-10-0-3-203.us-west-1.compute.internal]"
2026-01-28T09:33:43.923484115Z E0128 09:33:43.923448       1 guard_controller.go:310] Missing operand on node ip-10-0-108-54.us-west-1.compute.internal
2026-01-28T09:33:43.924669524Z E0128 09:33:43.924650       1 guard_controller.go:310] Missing operand on node ip-10-0-3-203.us-west-1.compute.internal
2026-01-28T09:33:43.930303106Z E0128 09:33:43.930273       1 base_controller.go:279] "Unhandled Error" err="GuardController reconciliation failed: [Missing operand on node ip-10-0-108-54.us-west-1.compute.internal, Missing operand on node ip-10-0-3-203.us-west-1.compute.internal]"
2026-01-28T09:33:49.151355541Z E0128 09:33:49.151282       1 guard_controller.go:310] Missing operand on node ip-10-0-108-54.us-west-1.compute.internal
2026-01-28T09:33:49.151446885Z E0128 09:33:49.151434       1 guard_controller.go:310] Missing operand on node ip-10-0-3-203.us-west-1.compute.internal
2026-01-28T09:33:49.152741830Z E0128 09:33:49.152701       1 base_controller.go:279] "Unhandled Error" err="GuardController reconciliation failed: [Missing operand on node ip-10-0-108-54.us-west-1.compute.internal, Missing operand on node ip-10-0-3-203.us-west-1.compute.internal]"
2026-01-28T09:33:54.038303855Z E0128 09:33:54.038269       1 guard_controller.go:310] Missing operand on node ip-10-0-108-54.us-west-1.compute.internal
2026-01-28T09:33:54.038366898Z E0128 09:33:54.038355       1 guard_controller.go:310] Missing operand on node ip-10-0-3-203.us-west-1.compute.internal
2026-01-28T09:33:54.040879524Z E0128 09:33:54.040858       1 base_controller.go:279] "Unhandled Error" err="GuardController reconciliation failed: [Missing operand on node ip-10-0-108-54.us-west-1.compute.internal, Missing operand on node ip-10-0-3-203.us-west-1.compute.internal]"
2026-01-28T09:33:56.267310431Z E0128 09:33:56.267276       1 guard_controller.go:310] Missing operand on node ip-10-0-3-203.us-west-1.compute.internal
2026-01-28T09:33:56.276250926Z E0128 09:33:56.276225       1 guard_controller.go:310] Missing operand on node ip-10-0-108-54.us-west-1.compute.internal
2026-01-28T09:33:56.277069847Z E0128 09:33:56.277050       1 base_controller.go:279] "Unhandled Error" err="GuardController reconciliation failed: [Missing operand on node ip-10-0-108-54.us-west-1.compute.internal, Missing operand on node ip-10-0-3-203.us-west-1.compute.internal]"
2026-01-28T09:33:56.290249884Z I0128 09:33:56.290208       1 installer_controller.go:540] "ip-10-0-102-200.us-west-1.compute.internal" moving to (v1.NodeStatus) {
2026-01-28T09:33:56.290249884Z  NodeName: (string) (len=42) "ip-10-0-102-200.us-west-1.compute.internal",
2026-01-28T09:33:56.290249884Z  CurrentRevision: (int32) 4,
2026-01-28T09:33:56.290249884Z  TargetRevision: (int32) 0,
2026-01-28T09:33:56.290249884Z  LastFailedRevision: (int32) 0,
2026-01-28T09:33:56.290249884Z  LastFailedTime: (*v1.Time)(<nil>),
2026-01-28T09:33:56.290249884Z  LastFailedReason: (string) "",
2026-01-28T09:33:56.290249884Z  LastFailedCount: (int) 0,
2026-01-28T09:33:56.290249884Z  LastFallbackCount: (int) 0,
2026-01-28T09:33:56.290249884Z  LastFailedRevisionErrors: ([]string) <nil>
2026-01-28T09:33:56.290249884Z }
2026-01-28T09:33:56.290249884Z  because static pod is ready
2026-01-28T09:33:56.303773127Z I0128 09:33:56.303719       1 event.go:377] Event(v1.ObjectReference{Kind:"Deployment", Namespace:"openshift-kube-scheduler-operator", Name:"openshift-kube-scheduler-operator", UID:"4ee73538-84c8-4928-8a20-259cdec17ca8", APIVersion:"apps/v1", ResourceVersion:"", FieldPath:""}): type: 'Normal' reason: 'NodeCurrentRevisionChanged' Updated node "ip-10-0-102-200.us-west-1.compute.internal" from revision 0 to 4 because static pod is ready
2026-01-28T09:33:56.304857692Z I0128 09:33:56.304839       1 prune_controller.go:277] Nothing to prune
2026-01-28T09:33:56.305958506Z I0128 09:33:56.305931       1 status_controller.go:229] clusteroperator/kube-scheduler diff {"status":{"conditions":[{"lastTransitionTime":"2026-01-28T09:32:36Z","message":"GuardControllerDegraded: [Missing operand on node ip-10-0-108-54.us-west-1.compute.internal, Missing operand on node ip-10-0-3-203.us-west-1.compute.internal]","reason":"GuardController_SyncError","status":"True","type":"Degraded"},{"lastTransitionTime":"2026-01-28T09:30:54Z","message":"NodeInstallerProgressing: 2 nodes are at revision 0; 1 node is at revision 4","reason":"NodeInstaller","status":"True","type":"Progressing"},{"lastTransitionTime":"2026-01-28T09:33:56Z","message":"StaticPodsAvailable: 1 nodes are active; 2 nodes are at revision 0; 1 node is at revision 4","reason":"AsExpected","status":"True","type":"Available"},{"lastTransitionTime":"2026-01-28T09:30:35Z","message":"All is well","reason":"AsExpected","status":"True","type":"Upgradeable"},{"lastTransitionTime":"2026-01-28T09:30:35Z","reason":"NoData","status":"Unknown","type":"EvaluationConditionsDetected"}]}}
2026-01-28T09:33:56.313520113Z I0128 09:33:56.313494       1 event.go:377] Event(v1.ObjectReference{Kind:"Deployment", Namespace:"openshift-kube-scheduler-operator", Name:"openshift-kube-scheduler-operator", UID:"4ee73538-84c8-4928-8a20-259cdec17ca8", APIVersion:"apps/v1", ResourceVersion:"", FieldPath:""}): type: 'Normal' reason: 'OperatorStatusChanged' Status for clusteroperator/kube-scheduler changed: Progressing message changed from "NodeInstallerProgressing: 3 nodes are at revision 0; 0 nodes have achieved new revision 4" to "NodeInstallerProgressing: 2 nodes are at revision 0; 1 node is at revision 4",Available changed from False to True ("StaticPodsAvailable: 1 nodes are active; 2 nodes are at revision 0; 1 node is at revision 4")
2026-01-28T09:33:56.669660305Z I0128 09:33:56.669621       1 annotations.go:45] Updating "openshift.io/owning-component" annotation for serviceaccount-ca/openshift-kube-scheduler, diff:   string(
2026-01-28T09:33:56.669660305Z - 	"",
2026-01-28T09:33:56.669660305Z + 	"kube-scheduler",
2026-01-28T09:33:56.669660305Z   )
2026-01-28T09:33:57.869193114Z I0128 09:33:57.869151       1 installer_controller.go:562] node ip-10-0-108-54.us-west-1.compute.internal static pod not found and needs new revision 4
2026-01-28T09:33:57.869243817Z I0128 09:33:57.869189       1 installer_controller.go:570] "ip-10-0-108-54.us-west-1.compute.internal" moving to (v1.NodeStatus) {
2026-01-28T09:33:57.869243817Z  NodeName: (string) (len=41) "ip-10-0-108-54.us-west-1.compute.internal",
2026-01-28T09:33:57.869243817Z  CurrentRevision: (int32) 0,
2026-01-28T09:33:57.869243817Z  TargetRevision: (int32) 4,
2026-01-28T09:33:57.869243817Z  LastFailedRevision: (int32) 0,
2026-01-28T09:33:57.869243817Z  LastFailedTime: (*v1.Time)(<nil>),
2026-01-28T09:33:57.869243817Z  LastFailedReason: (string) "",
2026-01-28T09:33:57.869243817Z  LastFailedCount: (int) 0,
2026-01-28T09:33:57.869243817Z  LastFallbackCount: (int) 0,
2026-01-28T09:33:57.869243817Z  LastFailedRevisionErrors: ([]string) <nil>
2026-01-28T09:33:57.869243817Z }
2026-01-28T09:33:57.883382941Z I0128 09:33:57.883341       1 event.go:377] Event(v1.ObjectReference{Kind:"Deployment", Namespace:"openshift-kube-scheduler-operator", Name:"openshift-kube-scheduler-operator", UID:"4ee73538-84c8-4928-8a20-259cdec17ca8", APIVersion:"apps/v1", ResourceVersion:"", FieldPath:""}): type: 'Normal' reason: 'NodeTargetRevisionChanged' Updating node "ip-10-0-108-54.us-west-1.compute.internal" from revision 0 to 4 because node ip-10-0-108-54.us-west-1.compute.internal static pod not found
2026-01-28T09:33:57.884865365Z I0128 09:33:57.884842       1 prune_controller.go:277] Nothing to prune
2026-01-28T09:33:59.537724408Z E0128 09:33:59.537683       1 guard_controller.go:310] Missing operand on node ip-10-0-108-54.us-west-1.compute.internal
2026-01-28T09:33:59.539006581Z E0128 09:33:59.538989       1 guard_controller.go:310] Missing operand on node ip-10-0-3-203.us-west-1.compute.internal
2026-01-28T09:33:59.745325680Z I0128 09:33:59.744849       1 warnings.go:110] "Warning: metadata.name: this is used in the Pod's hostname, which can result in surprising behavior; a DNS label is recommended: [must not contain dots]"
2026-01-28T09:33:59.745566952Z I0128 09:33:59.745428       1 event.go:377] Event(v1.ObjectReference{Kind:"Deployment", Namespace:"openshift-kube-scheduler-operator", Name:"openshift-kube-scheduler-operator", UID:"4ee73538-84c8-4928-8a20-259cdec17ca8", APIVersion:"apps/v1", ResourceVersion:"", FieldPath:""}): type: 'Normal' reason: 'PodCreated' Created Pod/installer-4-ip-10-0-108-54.us-west-1.compute.internal -n openshift-kube-scheduler because it was missing
2026-01-28T09:34:00.669480760Z I0128 09:34:00.669417       1 installer_controller.go:550] "ip-10-0-108-54.us-west-1.compute.internal" is in transition to 4, but has not made progress because installer is not finished, but in Pending phase
2026-01-28T09:34:00.867957427Z I0128 09:34:00.867912       1 request.go:752] "Waited before sending request" delay="1.122421817s" reason="client-side throttling, not priority and fairness" verb="GET" URL="https://172.30.0.1:443/api/v1/namespaces/openshift-kube-scheduler/pods?labelSelector=app%3Dinstaller"
2026-01-28T09:34:01.670436756Z E0128 09:34:01.670385       1 base_controller.go:279] "Unhandled Error" err="GuardController reconciliation failed: [Missing operand on node ip-10-0-108-54.us-west-1.compute.internal, Missing operand on node ip-10-0-3-203.us-west-1.compute.internal]"
2026-01-28T09:34:02.067718938Z I0128 09:34:02.067664       1 request.go:752] "Waited before sending request" delay="1.196442424s" reason="client-side throttling, not priority and fairness" verb="GET" URL="https://172.30.0.1:443/api/v1/namespaces/openshift-kube-scheduler/pods?labelSelector=app%3Dinstaller"
2026-01-28T09:34:02.478410417Z E0128 09:34:02.478371       1 base_controller.go:279] "Unhandled Error" err="TargetConfigController reconciliation failed: KubeScheduler.operator.openshift.io \"cluster\" is invalid: [status.nodeStatuses[1].currentRevision: Invalid value: \"object\": cannot be unset once set, status.nodeStatuses[2].currentRevision: Invalid value: \"object\": cannot be unset once set]"
2026-01-28T09:34:03.067944467Z I0128 09:34:03.067903       1 request.go:752] "Waited before sending request" delay="1.396010747s" reason="client-side throttling, not priority and fairness" verb="GET" URL="https://172.30.0.1:443/api/v1/namespaces/openshift-kube-scheduler/pods/openshift-kube-scheduler-guard-ip-10-0-102-200.us-west-1.compute.internal"
2026-01-28T09:34:03.268763381Z I0128 09:34:03.268694       1 installer_controller.go:550] "ip-10-0-108-54.us-west-1.compute.internal" is in transition to 4, but has not made progress because installer is not finished, but in Running phase
2026-01-28T09:34:03.868976893Z I0128 09:34:03.868932       1 annotations.go:45] Updating "openshift.io/owning-component" annotation for serviceaccount-ca/openshift-kube-scheduler, diff:   string(
2026-01-28T09:34:03.868976893Z - 	"",
2026-01-28T09:34:03.868976893Z + 	"kube-scheduler",
2026-01-28T09:34:03.868976893Z   )
2026-01-28T09:34:04.267431883Z I0128 09:34:04.267387       1 request.go:752] "Waited before sending request" delay="1.197680576s" reason="client-side throttling, not priority and fairness" verb="GET" URL="https://172.30.0.1:443/api/v1/namespaces/openshift-kube-scheduler/pods/openshift-kube-scheduler-guard-ip-10-0-102-200.us-west-1.compute.internal"
2026-01-28T09:34:04.269343229Z E0128 09:34:04.269314       1 guard_controller.go:310] Missing operand on node ip-10-0-108-54.us-west-1.compute.internal
2026-01-28T09:34:04.269343229Z E0128 09:34:04.269337       1 guard_controller.go:310] Missing operand on node ip-10-0-3-203.us-west-1.compute.internal
2026-01-28T09:34:04.270367260Z E0128 09:34:04.270331       1 base_controller.go:279] "Unhandled Error" err="GuardController reconciliation failed: [Missing operand on node ip-10-0-108-54.us-west-1.compute.internal, Missing operand on node ip-10-0-3-203.us-west-1.compute.internal]"
2026-01-28T09:34:05.269791729Z I0128 09:34:05.269738       1 installer_controller.go:550] "ip-10-0-108-54.us-west-1.compute.internal" is in transition to 4, but has not made progress because installer is not finished, but in Running phase
2026-01-28T09:34:06.468866630Z E0128 09:34:06.468824       1 guard_controller.go:310] Missing operand on node ip-10-0-108-54.us-west-1.compute.internal
2026-01-28T09:34:06.468866630Z E0128 09:34:06.468850       1 guard_controller.go:310] Missing operand on node ip-10-0-3-203.us-west-1.compute.internal
2026-01-28T09:34:06.469578456Z E0128 09:34:06.469557       1 base_controller.go:279] "Unhandled Error" err="GuardController reconciliation failed: [Missing operand on node ip-10-0-108-54.us-west-1.compute.internal, Missing operand on node ip-10-0-3-203.us-west-1.compute.internal]"
2026-01-28T09:34:07.877787284Z E0128 09:34:07.877737       1 base_controller.go:279] "Unhandled Error" err="TargetConfigController reconciliation failed: KubeScheduler.operator.openshift.io \"cluster\" is invalid: [status.nodeStatuses[1].currentRevision: Invalid value: \"object\": cannot be unset once set, status.nodeStatuses[2].currentRevision: Invalid value: \"object\": cannot be unset once set]"
2026-01-28T09:34:09.776897154Z E0128 09:34:09.775760       1 guard_controller.go:310] Missing operand on node ip-10-0-108-54.us-west-1.compute.internal
2026-01-28T09:34:09.776897154Z E0128 09:34:09.775787       1 guard_controller.go:310] Missing operand on node ip-10-0-3-203.us-west-1.compute.internal
2026-01-28T09:34:09.776897154Z E0128 09:34:09.776697       1 base_controller.go:279] "Unhandled Error" err="GuardController reconciliation failed: [Missing operand on node ip-10-0-108-54.us-west-1.compute.internal, Missing operand on node ip-10-0-3-203.us-west-1.compute.internal]"
2026-01-28T09:34:14.885576586Z E0128 09:34:14.885537       1 guard_controller.go:310] Missing operand on node ip-10-0-3-203.us-west-1.compute.internal
2026-01-28T09:34:14.898824254Z E0128 09:34:14.898773       1 guard_controller.go:310] Missing operand on node ip-10-0-108-54.us-west-1.compute.internal
2026-01-28T09:34:14.899818014Z E0128 09:34:14.899787       1 base_controller.go:279] "Unhandled Error" err="GuardController reconciliation failed: [Missing operand on node ip-10-0-108-54.us-west-1.compute.internal, Missing operand on node ip-10-0-3-203.us-west-1.compute.internal]"
2026-01-28T09:34:19.925585717Z E0128 09:34:19.925547       1 guard_controller.go:310] Missing operand on node ip-10-0-3-203.us-west-1.compute.internal
2026-01-28T09:34:19.936304667Z E0128 09:34:19.936270       1 guard_controller.go:310] Missing operand on node ip-10-0-108-54.us-west-1.compute.internal
2026-01-28T09:34:19.937354240Z E0128 09:34:19.937329       1 base_controller.go:279] "Unhandled Error" err="GuardController reconciliation failed: [Missing operand on node ip-10-0-108-54.us-west-1.compute.internal, Missing operand on node ip-10-0-3-203.us-west-1.compute.internal]"
2026-01-28T09:34:24.574619288Z E0128 09:34:24.574580       1 guard_controller.go:310] Missing operand on node ip-10-0-108-54.us-west-1.compute.internal
2026-01-28T09:34:24.574696572Z E0128 09:34:24.574683       1 guard_controller.go:310] Missing operand on node ip-10-0-3-203.us-west-1.compute.internal
2026-01-28T09:34:24.575851302Z E0128 09:34:24.575805       1 base_controller.go:279] "Unhandled Error" err="GuardController reconciliation failed: [Missing operand on node ip-10-0-108-54.us-west-1.compute.internal, Missing operand on node ip-10-0-3-203.us-west-1.compute.internal]"
2026-01-28T09:34:31.544402053Z E0128 09:34:31.544358       1 guard_controller.go:316] Missing PodIP in operand openshift-kube-scheduler-ip-10-0-108-54.us-west-1.compute.internal on node ip-10-0-108-54.us-west-1.compute.internal
2026-01-28T09:34:31.544402053Z E0128 09:34:31.544388       1 guard_controller.go:310] Missing operand on node ip-10-0-3-203.us-west-1.compute.internal
2026-01-28T09:34:31.547651469Z I0128 09:34:31.547627       1 installer_controller.go:550] "ip-10-0-108-54.us-west-1.compute.internal" is in transition to 4, but has not made progress because installer is not finished, but in Running phase
2026-01-28T09:34:31.555734964Z E0128 09:34:31.555700       1 base_controller.go:279] "Unhandled Error" err="GuardController reconciliation failed: [Missing PodIP in operand openshift-kube-scheduler-ip-10-0-108-54.us-west-1.compute.internal on node ip-10-0-108-54.us-west-1.compute.internal, Missing operand on node ip-10-0-3-203.us-west-1.compute.internal]"
2026-01-28T09:34:31.556909584Z I0128 09:34:31.556888       1 status_controller.go:229] clusteroperator/kube-scheduler diff {"status":{"conditions":[{"lastTransitionTime":"2026-01-28T09:32:36Z","message":"GuardControllerDegraded: [Missing PodIP in operand openshift-kube-scheduler-ip-10-0-108-54.us-west-1.compute.internal on node ip-10-0-108-54.us-west-1.compute.internal, Missing operand on node ip-10-0-3-203.us-west-1.compute.internal]","reason":"GuardController_SyncError","status":"True","type":"Degraded"},{"lastTransitionTime":"2026-01-28T09:30:54Z","message":"NodeInstallerProgressing: 2 nodes are at revision 0; 1 node is at revision 4","reason":"NodeInstaller","status":"True","type":"Progressing"},{"lastTransitionTime":"2026-01-28T09:33:56Z","message":"StaticPodsAvailable: 1 nodes are active; 2 nodes are at revision 0; 1 node is at revision 4","reason":"AsExpected","status":"True","type":"Available"},{"lastTransitionTime":"2026-01-28T09:30:35Z","message":"All is well","reason":"AsExpected","status":"True","type":"Upgradeable"},{"lastTransitionTime":"2026-01-28T09:30:35Z","reason":"NoData","status":"Unknown","type":"EvaluationConditionsDetected"}]}}
2026-01-28T09:34:31.558464224Z I0128 09:34:31.558310       1 prune_controller.go:277] Nothing to prune
2026-01-28T09:34:31.568414535Z I0128 09:34:31.568385       1 event.go:377] Event(v1.ObjectReference{Kind:"Deployment", Namespace:"openshift-kube-scheduler-operator", Name:"openshift-kube-scheduler-operator", UID:"4ee73538-84c8-4928-8a20-259cdec17ca8", APIVersion:"apps/v1", ResourceVersion:"", FieldPath:""}): type: 'Normal' reason: 'OperatorStatusChanged' Status for clusteroperator/kube-scheduler changed: Degraded message changed from "GuardControllerDegraded: [Missing operand on node ip-10-0-108-54.us-west-1.compute.internal, Missing operand on node ip-10-0-3-203.us-west-1.compute.internal]" to "GuardControllerDegraded: [Missing PodIP in operand openshift-kube-scheduler-ip-10-0-108-54.us-west-1.compute.internal on node ip-10-0-108-54.us-west-1.compute.internal, Missing operand on node ip-10-0-3-203.us-west-1.compute.internal]"
2026-01-28T09:34:31.943813422Z I0128 09:34:31.943764       1 annotations.go:45] Updating "openshift.io/owning-component" annotation for serviceaccount-ca/openshift-kube-scheduler, diff:   string(
2026-01-28T09:34:31.943813422Z - 	"",
2026-01-28T09:34:31.943813422Z + 	"kube-scheduler",
2026-01-28T09:34:31.943813422Z   )
2026-01-28T09:34:32.940344714Z I0128 09:34:32.940292       1 request.go:752] "Waited before sending request" delay="1.181078188s" reason="client-side throttling, not priority and fairness" verb="GET" URL="https://172.30.0.1:443/api/v1/namespaces/openshift-kube-scheduler/pods/openshift-kube-scheduler-guard-ip-10-0-108-54.us-west-1.compute.internal"
2026-01-28T09:34:33.941270980Z I0128 09:34:33.941220       1 request.go:752] "Waited before sending request" delay="1.19746574s" reason="client-side throttling, not priority and fairness" verb="GET" URL="https://172.30.0.1:443/api/v1/namespaces/openshift-kube-scheduler/pods?labelSelector=app%3Dinstaller"
2026-01-28T09:34:34.742593337Z I0128 09:34:34.742519       1 installer_controller.go:550] "ip-10-0-108-54.us-west-1.compute.internal" is in transition to 4, but has not made progress because static pod is pending
2026-01-28T09:34:35.140728112Z I0128 09:34:35.140678       1 request.go:752] "Waited before sending request" delay="1.195904529s" reason="client-side throttling, not priority and fairness" verb="GET" URL="https://172.30.0.1:443/api/v1/namespaces/openshift-kube-scheduler/pods?labelSelector=app%3Dinstaller"
2026-01-28T09:34:35.345202851Z I0128 09:34:35.345161       1 warnings.go:110] "Warning: metadata.name: this is used in the Pod's hostname, which can result in surprising behavior; a DNS label is recommended: [must be no more than 63 characters must not contain dots]"
2026-01-28T09:34:35.345496356Z E0128 09:34:35.345469       1 guard_controller.go:310] Missing operand on node ip-10-0-3-203.us-west-1.compute.internal
2026-01-28T09:34:35.346148279Z I0128 09:34:35.346101       1 event.go:377] Event(v1.ObjectReference{Kind:"Deployment", Namespace:"openshift-kube-scheduler-operator", Name:"openshift-kube-scheduler-operator", UID:"4ee73538-84c8-4928-8a20-259cdec17ca8", APIVersion:"apps/v1", ResourceVersion:"", FieldPath:""}): type: 'Normal' reason: 'PodCreated' Created Pod/openshift-kube-scheduler-guard-ip-10-0-108-54.us-west-1.compute.internal -n openshift-kube-scheduler because it was missing
2026-01-28T09:34:37.155531399Z E0128 09:34:37.155491       1 base_controller.go:279] "Unhandled Error" err="GuardController reconciliation failed: Missing operand on node ip-10-0-3-203.us-west-1.compute.internal"
2026-01-28T09:34:37.157363493Z I0128 09:34:37.157334       1 prune_controller.go:277] Nothing to prune
2026-01-28T09:34:37.161899316Z I0128 09:34:37.161879       1 status_controller.go:229] clusteroperator/kube-scheduler diff {"status":{"conditions":[{"lastTransitionTime":"2026-01-28T09:32:36Z","message":"GuardControllerDegraded: Missing operand on node ip-10-0-3-203.us-west-1.compute.internal","reason":"GuardController_SyncError","status":"True","type":"Degraded"},{"lastTransitionTime":"2026-01-28T09:30:54Z","message":"NodeInstallerProgressing: 2 nodes are at revision 0; 1 node is at revision 4","reason":"NodeInstaller","status":"True","type":"Progressing"},{"lastTransitionTime":"2026-01-28T09:33:56Z","message":"StaticPodsAvailable: 1 nodes are active; 2 nodes are at revision 0; 1 node is at revision 4","reason":"AsExpected","status":"True","type":"Available"},{"lastTransitionTime":"2026-01-28T09:30:35Z","message":"All is well","reason":"AsExpected","status":"True","type":"Upgradeable"},{"lastTransitionTime":"2026-01-28T09:30:35Z","reason":"NoData","status":"Unknown","type":"EvaluationConditionsDetected"}]}}
2026-01-28T09:34:37.175405939Z I0128 09:34:37.169650       1 event.go:377] Event(v1.ObjectReference{Kind:"Deployment", Namespace:"openshift-kube-scheduler-operator", Name:"openshift-kube-scheduler-operator", UID:"4ee73538-84c8-4928-8a20-259cdec17ca8", APIVersion:"apps/v1", ResourceVersion:"", FieldPath:""}): type: 'Normal' reason: 'OperatorStatusChanged' Status for clusteroperator/kube-scheduler changed: Degraded message changed from "GuardControllerDegraded: [Missing PodIP in operand openshift-kube-scheduler-ip-10-0-108-54.us-west-1.compute.internal on node ip-10-0-108-54.us-west-1.compute.internal, Missing operand on node ip-10-0-3-203.us-west-1.compute.internal]" to "GuardControllerDegraded: Missing operand on node ip-10-0-3-203.us-west-1.compute.internal"
2026-01-28T09:34:37.942437137Z I0128 09:34:37.942391       1 installer_controller.go:550] "ip-10-0-108-54.us-west-1.compute.internal" is in transition to 4, but has not made progress because static pod is pending
2026-01-28T09:34:38.340164150Z I0128 09:34:38.340118       1 request.go:752] "Waited before sending request" delay="1.177688784s" reason="client-side throttling, not priority and fairness" verb="GET" URL="https://172.30.0.1:443/api/v1/namespaces/openshift-kube-scheduler"
2026-01-28T09:34:38.755821535Z E0128 09:34:38.755781       1 base_controller.go:279] "Unhandled Error" err="TargetConfigController reconciliation failed: KubeScheduler.operator.openshift.io \"cluster\" is invalid: [status.nodeStatuses[1].currentRevision: Invalid value: \"object\": cannot be unset once set, status.nodeStatuses[2].currentRevision: Invalid value: \"object\": cannot be unset once set]"
2026-01-28T09:34:39.741952778Z I0128 09:34:39.741896       1 annotations.go:45] Updating "openshift.io/owning-component" annotation for serviceaccount-ca/openshift-kube-scheduler, diff:   string(
2026-01-28T09:34:39.741952778Z - 	"",
2026-01-28T09:34:39.741952778Z + 	"kube-scheduler",
2026-01-28T09:34:39.741952778Z   )
2026-01-28T09:34:39.940690259Z I0128 09:34:39.940632       1 request.go:752] "Waited before sending request" delay="1.136020614s" reason="client-side throttling, not priority and fairness" verb="GET" URL="https://172.30.0.1:443/api/v1/namespaces/openshift-kube-scheduler/pods?labelSelector=app%3Dinstaller"
2026-01-28T09:34:40.940733573Z I0128 09:34:40.940690       1 request.go:752] "Waited before sending request" delay="1.19869104s" reason="client-side throttling, not priority and fairness" verb="GET" URL="https://172.30.0.1:443/api/v1/namespaces/openshift-kube-scheduler/configmaps/serviceaccount-ca"
2026-01-28T09:34:41.544007201Z I0128 09:34:41.543964       1 installer_controller.go:550] "ip-10-0-108-54.us-west-1.compute.internal" is in transition to 4, but has not made progress because static pod is pending
2026-01-28T09:34:41.944799950Z I0128 09:34:41.944748       1 core.go:220] Pod "openshift-kube-scheduler/openshift-kube-scheduler-guard-ip-10-0-108-54.us-west-1.compute.internal" changes: {"apiVersion":"v1","kind":"Pod","metadata":{"annotations":{"k8s.ovn.org/pod-networks":null,"k8s.v1.cni.cncf.io/network-status":null,"target.workload.openshift.io/management":"{\"effect\": \"PreferredDuringScheduling\"}"},"creationTimestamp":null,"generation":null,"managedFields":null,"resourceVersion":null,"uid":null},"spec":{"containers":[{"args":["-c","# properly handle TERM and exit as soon as it is signaled\nset -euo pipefail\ntrap 'jobs -p | xargs -r kill; exit 0' TERM\nsleep infinity \u0026 wait\n"],"command":["/bin/bash"],"image":"registry.build11.ci.openshift.org/ci-ln-vjb5l1t/stable@sha256:8da3ae0c230867d7c67107ad8fcd99839b6058f4e9ba9c94c5fc3a865bd20b9f","imagePullPolicy":"IfNotPresent","name":"guard","readinessProbe":{"failureThreshold":3,"httpGet":{"host":"10.0.108.54","path":"healthz","port":10259,"scheme":"HTTPS"},"periodSeconds":5,"successThreshold":1,"timeoutSeconds":5},"resources":{"requests":{"cpu":"10m","memory":"5Mi"}},"terminationMessagePolicy":"FallbackToLogsOnError"}],"dnsPolicy":null,"enableServiceLinks":null,"preemptionPolicy":null,"priority":null,"restartPolicy":null,"schedulerName":null,"securityContext":null,"serviceAccount":null,"serviceAccountName":null,"volumes":null},"status":{"conditions":null,"containerStatuses":null,"hostIP":null,"hostIPs":null,"phase":null,"podIP":null,"podIPs":null,"qosClass":null,"startTime":null}}
2026-01-28T09:34:42.140569011Z I0128 09:34:42.140519       1 request.go:752] "Waited before sending request" delay="1.197867409s" reason="client-side throttling, not priority and fairness" verb="GET" URL="https://172.30.0.1:443/api/v1/namespaces/openshift-kube-scheduler/serviceaccounts/localhost-recovery-client"
2026-01-28T09:34:42.750779478Z E0128 09:34:42.749711       1 guard_controller.go:310] Missing operand on node ip-10-0-3-203.us-west-1.compute.internal
2026-01-28T09:34:42.751301725Z I0128 09:34:42.751159       1 event.go:377] Event(v1.ObjectReference{Kind:"Deployment", Namespace:"openshift-kube-scheduler-operator", Name:"openshift-kube-scheduler-operator", UID:"4ee73538-84c8-4928-8a20-259cdec17ca8", APIVersion:"apps/v1", ResourceVersion:"", FieldPath:""}): type: 'Normal' reason: 'PodUpdated' Updated Pod/openshift-kube-scheduler-guard-ip-10-0-108-54.us-west-1.compute.internal -n openshift-kube-scheduler because it changed
2026-01-28T09:34:42.752451473Z E0128 09:34:42.752420       1 base_controller.go:279] "Unhandled Error" err="GuardController reconciliation failed: Missing operand on node ip-10-0-3-203.us-west-1.compute.internal"
2026-01-28T09:34:44.342400951Z I0128 09:34:44.342361       1 installer_controller.go:550] "ip-10-0-108-54.us-west-1.compute.internal" is in transition to 4, but has not made progress because static pod is pending
2026-01-28T09:34:45.557293518Z E0128 09:34:45.557243       1 base_controller.go:279] "Unhandled Error" err="TargetConfigController reconciliation failed: KubeScheduler.operator.openshift.io \"cluster\" is invalid: [status.nodeStatuses[1].currentRevision: Invalid value: \"object\": cannot be unset once set, status.nodeStatuses[2].currentRevision: Invalid value: \"object\": cannot be unset once set]"
2026-01-28T09:34:46.142407371Z E0128 09:34:46.142365       1 guard_controller.go:310] Missing operand on node ip-10-0-3-203.us-west-1.compute.internal
2026-01-28T09:34:46.144055884Z E0128 09:34:46.144003       1 base_controller.go:279] "Unhandled Error" err="GuardController reconciliation failed: Missing operand on node ip-10-0-3-203.us-west-1.compute.internal"
2026-01-28T09:34:46.342244307Z I0128 09:34:46.342187       1 installer_controller.go:550] "ip-10-0-108-54.us-west-1.compute.internal" is in transition to 4, but has not made progress because static pod is pending
2026-01-28T09:34:47.141637665Z I0128 09:34:47.141588       1 annotations.go:45] Updating "openshift.io/owning-component" annotation for serviceaccount-ca/openshift-kube-scheduler, diff:   string(
2026-01-28T09:34:47.141637665Z - 	"",
2026-01-28T09:34:47.141637665Z + 	"kube-scheduler",
2026-01-28T09:34:47.141637665Z   )
2026-01-28T09:34:47.342492392Z E0128 09:34:47.342448       1 guard_controller.go:310] Missing operand on node ip-10-0-3-203.us-west-1.compute.internal
2026-01-28T09:34:47.343406148Z E0128 09:34:47.343339       1 base_controller.go:279] "Unhandled Error" err="GuardController reconciliation failed: Missing operand on node ip-10-0-3-203.us-west-1.compute.internal"
2026-01-28T09:34:48.551299692Z E0128 09:34:48.551232       1 base_controller.go:279] "Unhandled Error" err="TargetConfigController reconciliation failed: KubeScheduler.operator.openshift.io \"cluster\" is invalid: [status.nodeStatuses[1].currentRevision: Invalid value: \"object\": cannot be unset once set, status.nodeStatuses[2].currentRevision: Invalid value: \"object\": cannot be unset once set]"
2026-01-28T09:34:48.742245731Z I0128 09:34:48.742201       1 annotations.go:45] Updating "openshift.io/owning-component" annotation for serviceaccount-ca/openshift-kube-scheduler, diff:   string(
2026-01-28T09:34:48.742245731Z - 	"",
2026-01-28T09:34:48.742245731Z + 	"kube-scheduler",
2026-01-28T09:34:48.742245731Z   )
2026-01-28T09:34:49.148199119Z I0128 09:34:49.148147       1 core.go:352] ConfigMap "openshift-kube-scheduler/serviceaccount-ca" changes: {"data":{"ca-bundle.crt":"-----BEGIN CERTIFICATE-----\nMIIDMjCCAhqgAwIBAgIIByYKR3AVtcMwDQYJKoZIhvcNAQELBQAwNzESMBAGA1UE\nCxMJb3BlbnNoaWZ0MSEwHwYDVQQDExhrdWJlLWFwaXNlcnZlci1sYi1zaWduZXIw\nHhcNMjYwMTI4MDkxMzAzWhcNMzYwMTI2MDkxMzAzWjA3MRIwEAYDVQQLEwlvcGVu\nc2hpZnQxITAfBgNVBAMTGGt1YmUtYXBpc2VydmVyLWxiLXNpZ25lcjCCASIwDQYJ\nKoZIhvcNAQEBBQADggEPADCCAQoCggEBALRiKZnrSZHGqyQ9m800xnEd56Uej7VC\nEAQvccNkkg3d0pgYQCSUQlV7p/dCKswr37lmUvWpoB5T5OpII2j0KkfU3EeYfqd4\nRDOc09rPV2wFsTY5LAPuer+W6UKGLQCxCyj0nCS5PdByn1EV0aKUHUEotfXirPFe\nI0BbqJr9QYrpvZHfVrVON5Vf/5016hLEBTb75l4FMMKIE/Q6EsUk8FhVe7wiPKH5\ndNInwZpqcY5tGWCN+Rl/mo+HL6DD1ficHm813LGGYOMeYjdBJYJ+b4pOP7cojws2\n06Wzm+g4DbJuAxivs2unHjLA+M6RsKiGN/SlG+e4FqdUoaZc4rPsCCkCAwEAAaNC\nMEAwDgYDVR0PAQH/BAQDAgKkMA8GA1UdEwEB/wQFMAMBAf8wHQYDVR0OBBYEFHQf\nhcy5r9DkJwDYOaFfDbiaI3dqMA0GCSqGSIb3DQEBCwUAA4IBAQApfSAKWYDSkG/i\nbAUtGvPxQVzEAaVEHs2FI6W2TpXk1zRCp4l1xGcVYGWpaG6fm+JRndU6+cVmkl4e\nuBlFIM6fWsZS9Q4dJ04V7UMMASuXfq+y9BNqCK2usDoucEANuYLt2O/f7qpQHQn8\nG+ciGLJ9ljOfvjOQd2VZJHXdeV56QrZltVo5I8PkAQaR44vHY8JA1F0Daifu7eqU\nHpjARsVsWlXuVlB5BkcaOxJJgaYHdMLEEu+xD7j8gO7k/Cdv1+knyIJqShrdRp+T\nfB6iOWN4jflKhRoyu5bcjBR3xqfqH7yjlDNYoyEy9YoM0nnpmSm8hRl9mVvPkoNW\nRxiiUoSW\n-----END CERTIFICATE-----\n-----BEGIN CERTIFICATE-----\nMIIDQDCCAiigAwIBAgIIHq9JAQR1yUIwDQYJKoZIhvcNAQELBQAwPjESMBAGA1UE\nCxMJb3BlbnNoaWZ0MSgwJgYDVQQDEx9rdWJlLWFwaXNlcnZlci1sb2NhbGhvc3Qt\nc2lnbmVyMB4XDTI2MDEyODA5MTMwM1oXDTM2MDEyNjA5MTMwM1owPjESMBAGA1UE\nCxMJb3BlbnNoaWZ0MSgwJgYDVQQDEx9rdWJlLWFwaXNlcnZlci1sb2NhbGhvc3Qt\nc2lnbmVyMIIBIjANBgkqhkiG9w0BAQEFAAOCAQ8AMIIBCgKCAQEAoYv0///tizFy\nhzDPXCYHwEf7CwX6iFnwCK9zLMIFoiN4gGfiHjZ2zJEOfECExiuElWF2G0DulHqU\ni5gCf3Uea1RRZKY93tSjE28ZriWyQ4/CEFLdKZWa50ThWEsNC0Apyi3DjrrSbdmQ\nWVYnxVbsSofigHoghEahDpWtgbDjsq+1Ao//PTSUlP3ABO0OtJmr+Cd9aqnwpMr/\nX8zqWJfsUEyK6Vts6iOEVeUY61F7VgS7JrrULwz8NXaMmi94Pxg251n1rsLnzoQ/\n9HqikDvTuQYrH3Db7FSxq9x0+6I70xGZdKcl83OkKiU0vkrzPvxtJjDAWMKRuIfO\nIepRKLYrdwIDAQABo0IwQDAOBgNVHQ8BAf8EBAMCAqQwDwYDVR0TAQH/BAUwAwEB\n/zAdBgNVHQ4EFgQUjaBbln91se3v7p2s8oPADEc09QMwDQYJKoZIhvcNAQELBQAD\nggEBAGBsE3YAN3iO+uvNP9P6WuzbSoTOxPX1vMrS5q5htKxhpyyDgoDGB47xogm5\na0nRq4FCHOMaVwDlBf+D3EUDRakt0n2EM7qH7gPsoQKP3HOu1kPcMwdU5b3qZLLP\n+21AvIryboDjQ1FPcJOF96ZzD6dYbEvomtdIvEnRDXKNCBpwOlCwj8pBUbyyj+Qt\nHg9B5Jy9SOo2Da8khJQvNZpq6k1lrhxfCft5yZgH7as+SVvlKH3p1u8dPRu+n8gM\nmQRlHORxOeI4GNGP/LnjTpKdKxfS9Zzh+oSHIV/cYVujVEzJ83jYN+LRdmSHujWh\ncIriLUbsb5CpUNfg3RuKE/AUBVE=\n-----END CERTIFICATE-----\n-----BEGIN CERTIFICATE-----\nMIIDTDCCAjSgAwIBAgIIP3bo+ME0X0cwDQYJKoZIhvcNAQELBQAwRDESMBAGA1UE\nCxMJb3BlbnNoaWZ0MS4wLAYDVQQDEyVrdWJlLWFwaXNlcnZlci1zZXJ2aWNlLW5l\ndHdvcmstc2lnbmVyMB4XDTI2MDEyODA5MTMwM1oXDTM2MDEyNjA5MTMwM1owRDES\nMBAGA1UECxMJb3BlbnNoaWZ0MS4wLAYDVQQDEyVrdWJlLWFwaXNlcnZlci1zZXJ2\naWNlLW5ldHdvcmstc2lnbmVyMIIBIjANBgkqhkiG9w0BAQEFAAOCAQ8AMIIBCgKC\nAQEAnk4y2e6ZWnDJXz3WO0NNhsIl++Pl/REsljpqGfRMs8HpT6KgFFfyKWQpSfLS\nb0ydtkhXPJ1hImC7fcvei3vs8qmnN7Nv5hM4jTAwojtvrJP/fWFE5mz/6DGck0rP\nTH/tIlqoxQX+D4iyu7CNiACQhes8aN45zud+ouj/gGwhRRm4MQjEcxcwYV7A2sqq\nI4yO+hie4qCOjS2OHXCDY670eOx+p+su7A5k6tRFb5vIRqyMdKxB1dyhfNhNEqsy\nIrxaiaYPjxc1pQBfh503FQJSDyIXH9QHPlfC5hPo4lgjaPO4IKM63sW8zjlgjnTE\n75l8AU4ZNfec8muM5ds8h2b8FQIDAQABo0IwQDAOBgNVHQ8BAf8EBAMCAqQwDwYD\nVR0TAQH/BAUwAwEB/zAdBgNVHQ4EFgQU1/p9Rcc0lIbzVTO8BUpk5MF8tV8wDQYJ\nKoZIhvcNAQELBQADggEBABXwI1H6aPzGLUfUHtovnPpBLE1KrO+lfkZyx2JHsUDC\ngTwrOIcqtY1/g9Wq2h5MB+gHXWwW8bpKQoOARWhZBTpp2daD6yiUfZz6HHYPzDHr\nU3TYHRqahG0tMiVmk6qwgOgMsxXEjL7F06vUMrrWXIFwFleuXEPcH7qTxl8lmF0S\nH9xNAdLYwlThHvNgjTkmxHix0Tr4R+zlWSxYimNYt0VOoyFNutOn83GH4NUGk/UW\n1km3Y96APVF0/gu2u9Y3g7mIcyWi2EVPRpCGRbq1WFFsgh6tvqidd1ICKUqT3nn8\n0cFN/9Xlx69t7rOev4G6x2lZ2gFySaqcjpv8/NOInS4=\n-----END CERTIFICATE-----\n-----BEGIN CERTIFICATE-----\nMIIDlzCCAn+gAwIBAgIIDDy/MDsA6o4wDQYJKoZIhvcNAQELBQAwWTFXMFUGA1UE\nAwxOb3BlbnNoaWZ0LWt1YmUtYXBpc2VydmVyLW9wZXJhdG9yX2xvY2FsaG9zdC1y\nZWNvdmVyeS1zZXJ2aW5nLXNpZ25lckAxNzY5NTkyNjM1MB4XDTI2MDEyODA5MzAz\nNFoXDTM2MDEyNjA5MzAzNVowWTFXMFUGA1UEAwxOb3BlbnNoaWZ0LWt1YmUtYXBp\nc2VydmVyLW9wZXJhdG9yX2xvY2FsaG9zdC1yZWNvdmVyeS1zZXJ2aW5nLXNpZ25l\nckAxNzY5NTkyNjM1MIIBIjANBgkqhkiG9w0BAQEFAAOCAQ8AMIIBCgKCAQEAswJq\nQT49l7XjjNWuUNIz9ufkbGxWCaOCbkn7NCXP/LKqv0dVveLzp0wDzRWvIG5N4Adn\nPAiySjJjJMatRgKDqhDfZgZVOswoczBmjGRKKmfD0a8Gy1d2+wDSw52S9PxczY1D\njDG5PAf/Zyyq/AWoHS+sdQ/QiNQLP6Nfq1n4qQi1RMdMsvXIkiVxDkge2nQ3JrKR\nFMkQveSfpcUA3sgJZl2+MD2Jx74p9jy7lQj0td277NTK9qYOqDpGSutX1vQ+tYdg\nAYQlwoahrCN7jAwfEmUQTvqA8McYkm8PoWSqlk/6/lM+HCnF1CTga2kFt5K4Z06k\n0On78xa5fOicrJHGnQIDAQABo2MwYTAOBgNVHQ8BAf8EBAMCAqQwDwYDVR0TAQH/\nBAUwAwEB/zAdBgNVHQ4EFgQUwInzU7ZUKngaYqzNgsa07jreMmYwHwYDVR0jBBgw\nFoAUwInzU7ZUKngaYqzNgsa07jreMmYwDQYJKoZIhvcNAQELBQADggEBAEM1wZdD\nY4Zj/pNLD71sbdAF8w1ssU4jWwB1qiA6R0r/olTH9rKNcuwwLG/yjJpfJUqrg/jp\nAP86tukI0hef2So3J9HKllzulQcFvEgU3X8m3EgqmmKvNcni7VwZiYYeP0vdk8+N\nCh/Yd+eBYf+YK9WKQpTG8lkAXCiInP3di5fkMdKku6jftQcBGBlotwahh5g3hUZJ\neADiuFd5ecz0460Ia382Y4fqgjagygbgnPpXq4sQsnPEghC2iGqHc9tdxFhQRS64\nTF6BFarEMhAkqEB9MGsN0mv4/lWSsHaRoa+TqmXRXXA0UcA3WwvraEns4ZsdzKXS\nXYX9Z6bUbNeFGbQ=\n-----END CERTIFICATE-----\n-----BEGIN CERTIFICATE-----\nMIIDmTCCAoGgAwIBAgIIb4xeNBHytXIwDQYJKoZIhvcNAQELBQAwJjEkMCIGA1UE\nAwwbaW5ncmVzcy1vcGVyYXRvckAxNzY5NTkyNzE4MB4XDTI2MDEyODA5MzE1OVoX\nDTI4MDEyODA5MzIwMFowPDE6MDgGA1UEAwwxKi5hcHBzLmNpLWxuLXZqYjVsMXQt\nNzZlZjguYXdzLTQuY2kub3BlbnNoaWZ0Lm9yZzCCASIwDQYJKoZIhvcNAQEBBQAD\nggEPADCCAQoCggEBAMXTORae20ScYg8W8LZIYQt5eGdQJNSnArfNAhefjyS7JvsO\njZYRgFymcN6kb6JwtFnLIh9tAozS09wGrln9YsaES7WaRRNgENt7HIG/NwJN8sAA\n/tnIJNgNv0GENnvzyGMtYaLlIZyyxDMauAr8o6vokvxJ8aHjwvC1ThxRDOZXwI94\njKrJKGjRpRTRM7f8EJAf8CjZL1Ui9VY8izIsLAtSM5HqL/xQGTEtc1Mns/R//npT\nla6dP/PifA97/dJed5ScuxalBb60KorBXLIUmJzdhiWrRcfQwO3JLr/UA6pkBeK1\nsmZwX9akOIPJB7oq6jsw2ovomr1RiSgOrqLNP1kCAwEAAaOBtDCBsTAOBgNVHQ8B\nAf8EBAMCBaAwEwYDVR0lBAwwCgYIKwYBBQUHAwEwDAYDVR0TAQH/BAIwADAdBgNV\nHQ4EFgQU0+DhdYYd6q27Ms4qxc0mEgRNTQgwHwYDVR0jBBgwFoAUCejrXcFExiXv\nLHiaLV9ybT6Ip3owPAYDVR0RBDUwM4IxKi5hcHBzLmNpLWxuLXZqYjVsMXQtNzZl\nZjguYXdzLTQuY2kub3BlbnNoaWZ0Lm9yZzANBgkqhkiG9w0BAQsFAAOCAQEAnc4w\n8l067gsnfeEtywkYkwBQ37XjyGBTvV1OVfW+CcAD1DJsyAw//3rebfzVbgf4OrZ0\nqkBlQIyRacGBFkrFpvOrRYnJcCTNwPmsZW8yBfzEmV8+bHBSXtFU3U1midsX2HIY\nAEk3kUVGhszPRvFcLnXUVhd8Zvyvg8m70bTWL79OqvxCq5TaZVzF89Fa8dK83g0c\n5QNgg3sLkoP8P+dWsm2ys0redTt6TWee56DvuUfveti8o60/xxc9zX8eIuAMevlA\n9HyWL1egQ32DQk8cd7vFezDVXZYcmAgZyV6ZTG041AnXIUAOviuWMDbgO8yVapxD\nW7DJT1RUqfNwQt1/Ow==\n-----END CERTIFICATE-----\n-----BEGIN CERTIFICATE-----\nMIIDDDCCAfSgAwIBAgIBATANBgkqhkiG9w0BAQsFADAmMSQwIgYDVQQDDBtpbmdy\nZXNzLW9wZXJhdG9yQDE3Njk1OTI3MTgwHhcNMjYwMTI4MDkzMTU4WhcNMjgwMTI4\nMDkzMTU5WjAmMSQwIgYDVQQDDBtpbmdyZXNzLW9wZXJhdG9yQDE3Njk1OTI3MTgw\nggEiMA0GCSqGSIb3DQEBAQUAA4IBDwAwggEKAoIBAQCzjFOfmzvg006r9F4yB0rw\nepKwvapZFtjQfJUZp/MpGqz6QpHKFtI+li3j4lJwqMTc1hyBMWG+VwuuNsh2ge7z\noLqIKo5DK4fQ69Q+CGmI+8PQBpl9Yane84ziJsWAFOe1VezyGK27Knx9G1Ey0GiX\nZogGCnuiXMhyxjHem79Qd1+0dBn9XkAnhTOoDlQFFayHg/QExiOz1uz0K/n4Il8i\notOllNSIJy27fzLxNlfL8rfAFKbl1hHCcqNE3iCNJt38++Gn9/UV7wod0BG8+31j\nhT2r0k9lj/AKek93GLpCsk5ZnRt1U7oIMW9RT7AJEds293lmOS55iNwPUP1eya31\nAgMBAAGjRTBDMA4GA1UdDwEB/wQEAwICpDASBgNVHRMBAf8ECDAGAQH/AgEAMB0G\nA1UdDgQWBBQJ6OtdwUTGJe8seJotX3JtPoinejANBgkqhkiG9w0BAQsFAAOCAQEA\ni6HMt6cXqsQ/vhdXP4kIqPvYmOt/gdBMQJetAf8OIVNjRzd3otSrxbP+A9xw6Gaf\nAiAiX90b+5/o5XkSO1jgcdp0YCeG5E8A2rbYzKuI5hU8eRpkFiwDOTcepPmvXCkL\nt6w9ZpeekZLxlHu4KPccf5m8u9K17wLoaiLLh1b1h7nOn/xMfzh45fOhPZUrzT/q\nh6jRggndh8WfjGJzJ+VFQiVXpS7NPZ89+eM9Im0nhUxbR6rjZYvm8Yvg/CniHWC8\n2CoMr7SXXfMJ29jFg1y6SHQJ0fMlTGuZCVcMDhwzIOB7DZZYjsQtWFT1Cu8lpY8c\nbicZnGkLWHDQh2hUKPwawg==\n-----END CERTIFICATE-----\n"},"metadata":{"creationTimestamp":null,"managedFields":null,"resourceVersion":null,"uid":null}}
2026-01-28T09:34:49.148713115Z I0128 09:34:49.148676       1 event.go:377] Event(v1.ObjectReference{Kind:"Deployment", Namespace:"openshift-kube-scheduler-operator", Name:"openshift-kube-scheduler-operator", UID:"4ee73538-84c8-4928-8a20-259cdec17ca8", APIVersion:"apps/v1", ResourceVersion:"", FieldPath:""}): type: 'Normal' reason: 'ConfigMapUpdated' Updated ConfigMap/serviceaccount-ca -n openshift-kube-scheduler:
2026-01-28T09:34:49.148713115Z cause by changes in data.ca-bundle.crt
2026-01-28T09:34:49.148931226Z I0128 09:34:49.148912       1 prune_controller.go:277] Nothing to prune
2026-01-28T09:34:49.150002900Z I0128 09:34:49.149969       1 event.go:377] Event(v1.ObjectReference{Kind:"Deployment", Namespace:"openshift-kube-scheduler-operator", Name:"openshift-kube-scheduler-operator", UID:"4ee73538-84c8-4928-8a20-259cdec17ca8", APIVersion:"apps/v1", ResourceVersion:"", FieldPath:""}): type: 'Normal' reason: 'StartingNewRevision' new revision 5 triggered by "required configmap/serviceaccount-ca has changed"
2026-01-28T09:34:49.747580621Z I0128 09:34:49.747537       1 prune_controller.go:277] Nothing to prune
2026-01-28T09:34:50.546933856Z I0128 09:34:50.546871       1 prune_controller.go:277] Nothing to prune
2026-01-28T09:34:50.546933856Z I0128 09:34:50.546910       1 event.go:377] Event(v1.ObjectReference{Kind:"Deployment", Namespace:"openshift-kube-scheduler-operator", Name:"openshift-kube-scheduler-operator", UID:"4ee73538-84c8-4928-8a20-259cdec17ca8", APIVersion:"apps/v1", ResourceVersion:"", FieldPath:""}): type: 'Normal' reason: 'ConfigMapCreated' Created ConfigMap/kube-scheduler-pod-5 -n openshift-kube-scheduler because it was missing
2026-01-28T09:34:51.345739013Z I0128 09:34:51.345642       1 prune_controller.go:277] Nothing to prune
2026-01-28T09:34:51.345919942Z I0128 09:34:51.345885       1 event.go:377] Event(v1.ObjectReference{Kind:"Deployment", Namespace:"openshift-kube-scheduler-operator", Name:"openshift-kube-scheduler-operator", UID:"4ee73538-84c8-4928-8a20-259cdec17ca8", APIVersion:"apps/v1", ResourceVersion:"", FieldPath:""}): type: 'Normal' reason: 'ConfigMapCreated' Created ConfigMap/config-5 -n openshift-kube-scheduler because it was missing
2026-01-28T09:34:51.742249895Z I0128 09:34:51.742192       1 installer_controller.go:550] "ip-10-0-108-54.us-west-1.compute.internal" is in transition to 4, but has not made progress because static pod is pending
2026-01-28T09:34:52.346000328Z I0128 09:34:52.345947       1 prune_controller.go:277] Nothing to prune
2026-01-28T09:34:52.346203388Z I0128 09:34:52.346158       1 event.go:377] Event(v1.ObjectReference{Kind:"Deployment", Namespace:"openshift-kube-scheduler-operator", Name:"openshift-kube-scheduler-operator", UID:"4ee73538-84c8-4928-8a20-259cdec17ca8", APIVersion:"apps/v1", ResourceVersion:"", FieldPath:""}): type: 'Normal' reason: 'ConfigMapCreated' Created ConfigMap/serviceaccount-ca-5 -n openshift-kube-scheduler because it was missing
2026-01-28T09:34:52.950771121Z E0128 09:34:52.950714       1 base_controller.go:279] "Unhandled Error" err="TargetConfigController reconciliation failed: KubeScheduler.operator.openshift.io \"cluster\" is invalid: [status.nodeStatuses[1].currentRevision: Invalid value: \"object\": cannot be unset once set, status.nodeStatuses[2].currentRevision: Invalid value: \"object\": cannot be unset once set]"
2026-01-28T09:34:53.352065865Z I0128 09:34:53.351154       1 event.go:377] Event(v1.ObjectReference{Kind:"Deployment", Namespace:"openshift-kube-scheduler-operator", Name:"openshift-kube-scheduler-operator", UID:"4ee73538-84c8-4928-8a20-259cdec17ca8", APIVersion:"apps/v1", ResourceVersion:"", FieldPath:""}): type: 'Normal' reason: 'ConfigMapCreated' Created ConfigMap/scheduler-kubeconfig-5 -n openshift-kube-scheduler because it was missing
2026-01-28T09:34:53.353383222Z I0128 09:34:53.352343       1 prune_controller.go:277] Nothing to prune
2026-01-28T09:34:53.942185201Z I0128 09:34:53.942142       1 annotations.go:45] Updating "openshift.io/owning-component" annotation for serviceaccount-ca/openshift-kube-scheduler, diff:   string(
2026-01-28T09:34:53.942185201Z - 	"",
2026-01-28T09:34:53.942185201Z + 	"kube-scheduler",
2026-01-28T09:34:53.942185201Z   )
2026-01-28T09:34:54.345624233Z I0128 09:34:54.345585       1 prune_controller.go:277] Nothing to prune
2026-01-28T09:34:54.345705887Z I0128 09:34:54.345610       1 event.go:377] Event(v1.ObjectReference{Kind:"Deployment", Namespace:"openshift-kube-scheduler-operator", Name:"openshift-kube-scheduler-operator", UID:"4ee73538-84c8-4928-8a20-259cdec17ca8", APIVersion:"apps/v1", ResourceVersion:"", FieldPath:""}): type: 'Normal' reason: 'ConfigMapCreated' Created ConfigMap/kube-scheduler-cert-syncer-kubeconfig-5 -n openshift-kube-scheduler because it was missing
2026-01-28T09:34:54.541983194Z E0128 09:34:54.541940       1 guard_controller.go:310] Missing operand on node ip-10-0-3-203.us-west-1.compute.internal
2026-01-28T09:34:54.542718500Z E0128 09:34:54.542686       1 base_controller.go:279] "Unhandled Error" err="GuardController reconciliation failed: Missing operand on node ip-10-0-3-203.us-west-1.compute.internal"
2026-01-28T09:34:54.742390419Z I0128 09:34:54.742352       1 installer_controller.go:550] "ip-10-0-108-54.us-west-1.compute.internal" is in transition to 4, but has not made progress because static pod is pending
2026-01-28T09:34:55.345452055Z I0128 09:34:55.345400       1 event.go:377] Event(v1.ObjectReference{Kind:"Deployment", Namespace:"openshift-kube-scheduler-operator", Name:"openshift-kube-scheduler-operator", UID:"4ee73538-84c8-4928-8a20-259cdec17ca8", APIVersion:"apps/v1", ResourceVersion:"", FieldPath:""}): type: 'Normal' reason: 'SecretCreated' Created Secret/serving-cert-5 -n openshift-kube-scheduler because it was missing
2026-01-28T09:34:56.345559260Z I0128 09:34:56.345509       1 event.go:377] Event(v1.ObjectReference{Kind:"Deployment", Namespace:"openshift-kube-scheduler-operator", Name:"openshift-kube-scheduler-operator", UID:"4ee73538-84c8-4928-8a20-259cdec17ca8", APIVersion:"apps/v1", ResourceVersion:"", FieldPath:""}): type: 'Normal' reason: 'SecretCreated' Created Secret/localhost-recovery-client-token-5 -n openshift-kube-scheduler because it was missing
2026-01-28T09:34:57.345245972Z I0128 09:34:57.345190       1 prune_controller.go:277] Nothing to prune
2026-01-28T09:34:57.346874153Z I0128 09:34:57.346809       1 event.go:377] Event(v1.ObjectReference{Kind:"Deployment", Namespace:"openshift-kube-scheduler-operator", Name:"openshift-kube-scheduler-operator", UID:"4ee73538-84c8-4928-8a20-259cdec17ca8", APIVersion:"apps/v1", ResourceVersion:"", FieldPath:""}): type: 'Normal' reason: 'RevisionTriggered' new revision 5 triggered by "required configmap/serviceaccount-ca has changed"
2026-01-28T09:34:57.363578578Z I0128 09:34:57.363532       1 prune_controller.go:277] Nothing to prune
2026-01-28T09:34:57.743124679Z I0128 09:34:57.743076       1 installer_controller.go:550] "ip-10-0-108-54.us-west-1.compute.internal" is in transition to 4, but has not made progress because static pod is pending
2026-01-28T09:34:58.540914716Z I0128 09:34:58.540862       1 request.go:752] "Waited before sending request" delay="1.17933329s" reason="client-side throttling, not priority and fairness" verb="GET" URL="https://172.30.0.1:443/api/v1/namespaces/openshift-kube-scheduler/serviceaccounts/installer-sa"
2026-01-28T09:34:58.742600819Z E0128 09:34:58.742550       1 guard_controller.go:310] Missing operand on node ip-10-0-3-203.us-west-1.compute.internal
2026-01-28T09:34:58.743289127Z E0128 09:34:58.743259       1 base_controller.go:279] "Unhandled Error" err="GuardController reconciliation failed: Missing operand on node ip-10-0-3-203.us-west-1.compute.internal"
2026-01-28T09:34:58.941781331Z I0128 09:34:58.941743       1 installer_controller.go:540] "ip-10-0-108-54.us-west-1.compute.internal" moving to (v1.NodeStatus) {
2026-01-28T09:34:58.941781331Z  NodeName: (string) (len=41) "ip-10-0-108-54.us-west-1.compute.internal",
2026-01-28T09:34:58.941781331Z  CurrentRevision: (int32) 0,
2026-01-28T09:34:58.941781331Z  TargetRevision: (int32) 5,
2026-01-28T09:34:58.941781331Z  LastFailedRevision: (int32) 0,
2026-01-28T09:34:58.941781331Z  LastFailedTime: (*v1.Time)(<nil>),
2026-01-28T09:34:58.941781331Z  LastFailedReason: (string) "",
2026-01-28T09:34:58.941781331Z  LastFailedCount: (int) 0,
2026-01-28T09:34:58.941781331Z  LastFallbackCount: (int) 0,
2026-01-28T09:34:58.941781331Z  LastFailedRevisionErrors: ([]string) <nil>
2026-01-28T09:34:58.941781331Z }
2026-01-28T09:34:58.941781331Z  because new revision pending
2026-01-28T09:34:58.957044265Z I0128 09:34:58.956992       1 status_controller.go:229] clusteroperator/kube-scheduler diff {"status":{"conditions":[{"lastTransitionTime":"2026-01-28T09:32:36Z","message":"GuardControllerDegraded: Missing operand on node ip-10-0-3-203.us-west-1.compute.internal","reason":"GuardController_SyncError","status":"True","type":"Degraded"},{"lastTransitionTime":"2026-01-28T09:30:54Z","message":"NodeInstallerProgressing: 2 nodes are at revision 0; 1 node is at revision 4; 0 nodes have achieved new revision 5","reason":"NodeInstaller","status":"True","type":"Progressing"},{"lastTransitionTime":"2026-01-28T09:33:56Z","message":"StaticPodsAvailable: 1 nodes are active; 2 nodes are at revision 0; 1 node is at revision 4; 0 nodes have achieved new revision 5","reason":"AsExpected","status":"True","type":"Available"},{"lastTransitionTime":"2026-01-28T09:30:35Z","message":"All is well","reason":"AsExpected","status":"True","type":"Upgradeable"},{"lastTransitionTime":"2026-01-28T09:30:35Z","reason":"NoData","status":"Unknown","type":"EvaluationConditionsDetected"}]}}
2026-01-28T09:34:58.960611675Z I0128 09:34:58.960571       1 prune_controller.go:277] Nothing to prune
2026-01-28T09:34:58.968264214Z I0128 09:34:58.965104       1 event.go:377] Event(v1.ObjectReference{Kind:"Deployment", Namespace:"openshift-kube-scheduler-operator", Name:"openshift-kube-scheduler-operator", UID:"4ee73538-84c8-4928-8a20-259cdec17ca8", APIVersion:"apps/v1", ResourceVersion:"", FieldPath:""}): type: 'Normal' reason: 'OperatorStatusChanged' Status for clusteroperator/kube-scheduler changed: Progressing message changed from "NodeInstallerProgressing: 2 nodes are at revision 0; 1 node is at revision 4" to "NodeInstallerProgressing: 2 nodes are at revision 0; 1 node is at revision 4; 0 nodes have achieved new revision 5",Available message changed from "StaticPodsAvailable: 1 nodes are active; 2 nodes are at revision 0; 1 node is at revision 4" to "StaticPodsAvailable: 1 nodes are active; 2 nodes are at revision 0; 1 node is at revision 4; 0 nodes have achieved new revision 5"
2026-01-28T09:34:59.540953408Z I0128 09:34:59.540894       1 request.go:752] "Waited before sending request" delay="1.198109811s" reason="client-side throttling, not priority and fairness" verb="GET" URL="https://172.30.0.1:443/api/v1/namespaces/openshift-kube-scheduler/pods/openshift-kube-scheduler-ip-10-0-108-54.us-west-1.compute.internal"
2026-01-28T09:35:00.352093103Z E0128 09:35:00.352003       1 base_controller.go:279] "Unhandled Error" err="TargetConfigController reconciliation failed: KubeScheduler.operator.openshift.io \"cluster\" is invalid: [status.nodeStatuses[1].currentRevision: Invalid value: \"object\": cannot be unset once set, status.nodeStatuses[2].currentRevision: Invalid value: \"object\": cannot be unset once set]"
2026-01-28T09:35:00.739958499Z I0128 09:35:00.739900       1 request.go:752] "Waited before sending request" delay="1.196541823s" reason="client-side throttling, not priority and fairness" verb="GET" URL="https://172.30.0.1:443/api/v1/namespaces/openshift-kube-scheduler/pods/openshift-kube-scheduler-ip-10-0-3-203.us-west-1.compute.internal"
2026-01-28T09:35:01.145084232Z I0128 09:35:01.144976       1 warnings.go:110] "Warning: metadata.name: this is used in the Pod's hostname, which can result in surprising behavior; a DNS label is recommended: [must not contain dots]"
2026-01-28T09:35:01.145340786Z I0128 09:35:01.145315       1 event.go:377] Event(v1.ObjectReference{Kind:"Deployment", Namespace:"openshift-kube-scheduler-operator", Name:"openshift-kube-scheduler-operator", UID:"4ee73538-84c8-4928-8a20-259cdec17ca8", APIVersion:"apps/v1", ResourceVersion:"", FieldPath:""}): type: 'Normal' reason: 'PodCreated' Created Pod/installer-5-ip-10-0-108-54.us-west-1.compute.internal -n openshift-kube-scheduler because it was missing
2026-01-28T09:35:01.350109991Z I0128 09:35:01.348632       1 annotations.go:45] Updating "openshift.io/owning-component" annotation for serviceaccount-ca/openshift-kube-scheduler, diff:   string(
2026-01-28T09:35:01.350109991Z - 	"",
2026-01-28T09:35:01.350109991Z + 	"kube-scheduler",
2026-01-28T09:35:01.350109991Z   )
2026-01-28T09:35:02.143173194Z I0128 09:35:02.142912       1 installer_controller.go:550] "ip-10-0-108-54.us-west-1.compute.internal" is in transition to 5, but has not made progress because installer is not finished, but in Pending phase
2026-01-28T09:35:02.340874203Z I0128 09:35:02.340828       1 request.go:752] "Waited before sending request" delay="1.195326375s" reason="client-side throttling, not priority and fairness" verb="GET" URL="https://172.30.0.1:443/api/v1/namespaces/openshift-kube-scheduler/pods?labelSelector=app%3Dinstaller"
2026-01-28T09:35:03.342744417Z E0128 09:35:03.342681       1 guard_controller.go:310] Missing operand on node ip-10-0-3-203.us-west-1.compute.internal
2026-01-28T09:35:03.343597735Z E0128 09:35:03.343567       1 base_controller.go:279] "Unhandled Error" err="GuardController reconciliation failed: Missing operand on node ip-10-0-3-203.us-west-1.compute.internal"
2026-01-28T09:35:03.539912166Z I0128 09:35:03.539866       1 request.go:752] "Waited before sending request" delay="1.391872s" reason="client-side throttling, not priority and fairness" verb="GET" URL="https://172.30.0.1:443/api/v1/namespaces/openshift-kube-scheduler/pods/installer-5-ip-10-0-108-54.us-west-1.compute.internal"
2026-01-28T09:35:04.540036550Z I0128 09:35:04.539967       1 request.go:752] "Waited before sending request" delay="1.194828396s" reason="client-side throttling, not priority and fairness" verb="GET" URL="https://172.30.0.1:443/api/v1/namespaces/openshift-kube-scheduler/pods/openshift-kube-scheduler-guard-ip-10-0-102-200.us-west-1.compute.internal"
2026-01-28T09:35:04.746227828Z I0128 09:35:04.746168       1 installer_controller.go:550] "ip-10-0-108-54.us-west-1.compute.internal" is in transition to 5, but has not made progress because installer is not finished, but in Running phase
2026-01-28T09:35:05.540942775Z I0128 09:35:05.540877       1 request.go:752] "Waited before sending request" delay="1.197153972s" reason="client-side throttling, not priority and fairness" verb="GET" URL="https://172.30.0.1:443/api/v1/namespaces/openshift-kube-scheduler/pods/openshift-kube-scheduler-ip-10-0-102-200.us-west-1.compute.internal"
2026-01-28T09:35:06.941760261Z I0128 09:35:06.941709       1 installer_controller.go:550] "ip-10-0-108-54.us-west-1.compute.internal" is in transition to 5, but has not made progress because installer is not finished, but in Running phase
2026-01-28T09:35:07.742526102Z E0128 09:35:07.742482       1 guard_controller.go:310] Missing operand on node ip-10-0-3-203.us-west-1.compute.internal
2026-01-28T09:35:07.743518751Z E0128 09:35:07.743470       1 base_controller.go:279] "Unhandled Error" err="GuardController reconciliation failed: Missing operand on node ip-10-0-3-203.us-west-1.compute.internal"
2026-01-28T09:35:07.950989333Z E0128 09:35:07.950860       1 base_controller.go:279] "Unhandled Error" err="TargetConfigController reconciliation failed: KubeScheduler.operator.openshift.io \"cluster\" is invalid: [status.nodeStatuses[1].currentRevision: Invalid value: \"object\": cannot be unset once set, status.nodeStatuses[2].currentRevision: Invalid value: \"object\": cannot be unset once set]"
2026-01-28T09:35:08.542771406Z I0128 09:35:08.542720       1 annotations.go:45] Updating "openshift.io/owning-component" annotation for serviceaccount-ca/openshift-kube-scheduler, diff:   string(
2026-01-28T09:35:08.542771406Z - 	"",
2026-01-28T09:35:08.542771406Z + 	"kube-scheduler",
2026-01-28T09:35:08.542771406Z   )
2026-01-28T09:35:09.741612455Z E0128 09:35:09.741566       1 guard_controller.go:310] Missing operand on node ip-10-0-3-203.us-west-1.compute.internal
2026-01-28T09:35:09.742286658Z E0128 09:35:09.742260       1 base_controller.go:279] "Unhandled Error" err="GuardController reconciliation failed: Missing operand on node ip-10-0-3-203.us-west-1.compute.internal"
2026-01-28T09:35:10.554338533Z E0128 09:35:10.554296       1 base_controller.go:279] "Unhandled Error" err="TargetConfigController reconciliation failed: KubeScheduler.operator.openshift.io \"cluster\" is invalid: [status.nodeStatuses[1].currentRevision: Invalid value: \"object\": cannot be unset once set, status.nodeStatuses[2].currentRevision: Invalid value: \"object\": cannot be unset once set]"
2026-01-28T09:35:11.341944590Z E0128 09:35:11.341896       1 guard_controller.go:310] Missing operand on node ip-10-0-3-203.us-west-1.compute.internal
2026-01-28T09:35:11.343093178Z E0128 09:35:11.343057       1 base_controller.go:279] "Unhandled Error" err="GuardController reconciliation failed: Missing operand on node ip-10-0-3-203.us-west-1.compute.internal"
2026-01-28T09:35:21.451063995Z E0128 09:35:21.448413       1 guard_controller.go:310] Missing operand on node ip-10-0-3-203.us-west-1.compute.internal
2026-01-28T09:35:21.462490480Z E0128 09:35:21.462453       1 base_controller.go:279] "Unhandled Error" err="GuardController reconciliation failed: Missing operand on node ip-10-0-3-203.us-west-1.compute.internal"
2026-01-28T09:35:25.807792567Z E0128 09:35:25.807730       1 guard_controller.go:310] Missing operand on node ip-10-0-3-203.us-west-1.compute.internal
2026-01-28T09:35:25.808876582Z E0128 09:35:25.808849       1 base_controller.go:279] "Unhandled Error" err="GuardController reconciliation failed: Missing operand on node ip-10-0-3-203.us-west-1.compute.internal"
2026-01-28T09:35:26.445359430Z E0128 09:35:26.445277       1 guard_controller.go:310] Missing operand on node ip-10-0-3-203.us-west-1.compute.internal
2026-01-28T09:35:26.446610543Z E0128 09:35:26.446585       1 base_controller.go:279] "Unhandled Error" err="GuardController reconciliation failed: Missing operand on node ip-10-0-3-203.us-west-1.compute.internal"
2026-01-28T09:35:31.688251136Z E0128 09:35:31.688200       1 guard_controller.go:310] Missing operand on node ip-10-0-3-203.us-west-1.compute.internal
2026-01-28T09:35:31.689312669Z E0128 09:35:31.689248       1 base_controller.go:279] "Unhandled Error" err="GuardController reconciliation failed: Missing operand on node ip-10-0-3-203.us-west-1.compute.internal"
2026-01-28T09:35:32.253794433Z E0128 09:35:32.253753       1 guard_controller.go:310] Missing operand on node ip-10-0-3-203.us-west-1.compute.internal
2026-01-28T09:35:32.254639965Z E0128 09:35:32.254579       1 base_controller.go:279] "Unhandled Error" err="GuardController reconciliation failed: Missing operand on node ip-10-0-3-203.us-west-1.compute.internal"
2026-01-28T09:35:32.454089222Z I0128 09:35:32.454045       1 installer_controller.go:550] "ip-10-0-108-54.us-west-1.compute.internal" is in transition to 5, but has not made progress because installer is not finished, but in Running phase
2026-01-28T09:35:34.254147930Z I0128 09:35:34.254108       1 installer_controller.go:550] "ip-10-0-108-54.us-west-1.compute.internal" is in transition to 5, but has not made progress because installer is not finished, but in Running phase
2026-01-28T09:35:34.453407159Z E0128 09:35:34.453340       1 guard_controller.go:310] Missing operand on node ip-10-0-3-203.us-west-1.compute.internal
2026-01-28T09:35:34.454138385Z E0128 09:35:34.454110       1 base_controller.go:279] "Unhandled Error" err="GuardController reconciliation failed: Missing operand on node ip-10-0-3-203.us-west-1.compute.internal"
2026-01-28T09:35:36.454217339Z E0128 09:35:36.454174       1 guard_controller.go:310] Missing operand on node ip-10-0-3-203.us-west-1.compute.internal
2026-01-28T09:35:36.455089382Z E0128 09:35:36.455047       1 base_controller.go:279] "Unhandled Error" err="GuardController reconciliation failed: Missing operand on node ip-10-0-3-203.us-west-1.compute.internal"
2026-01-28T09:35:36.654486407Z I0128 09:35:36.654431       1 installer_controller.go:550] "ip-10-0-108-54.us-west-1.compute.internal" is in transition to 5, but has not made progress because waiting for static pod of revision 5, found 4
2026-01-28T09:35:37.458912468Z E0128 09:35:37.458869       1 guard_controller.go:310] Missing operand on node ip-10-0-3-203.us-west-1.compute.internal
2026-01-28T09:35:37.459766681Z E0128 09:35:37.459740       1 base_controller.go:279] "Unhandled Error" err="GuardController reconciliation failed: Missing operand on node ip-10-0-3-203.us-west-1.compute.internal"
2026-01-28T09:35:42.048013380Z E0128 09:35:42.047961       1 guard_controller.go:310] Missing operand on node ip-10-0-3-203.us-west-1.compute.internal
2026-01-28T09:35:42.055156387Z E0128 09:35:42.055120       1 base_controller.go:279] "Unhandled Error" err="GuardController reconciliation failed: Missing operand on node ip-10-0-3-203.us-west-1.compute.internal"
2026-01-28T09:35:44.837893287Z E0128 09:35:44.837850       1 guard_controller.go:310] Missing operand on node ip-10-0-3-203.us-west-1.compute.internal
2026-01-28T09:35:44.838445795Z E0128 09:35:44.838422       1 base_controller.go:279] "Unhandled Error" err="GuardController reconciliation failed: Missing operand on node ip-10-0-3-203.us-west-1.compute.internal"
2026-01-28T09:35:45.024710504Z I0128 09:35:45.024658       1 installer_controller.go:550] "ip-10-0-108-54.us-west-1.compute.internal" is in transition to 5, but has not made progress because waiting for static pod of revision 5, found 4
2026-01-28T09:35:48.183089043Z E0128 09:35:48.182783       1 guard_controller.go:310] Missing operand on node ip-10-0-3-203.us-west-1.compute.internal
2026-01-28T09:35:48.772737643Z E0128 09:35:48.772688       1 base_controller.go:279] "Unhandled Error" err="GuardController reconciliation failed: Missing operand on node ip-10-0-3-203.us-west-1.compute.internal"
2026-01-28T09:35:49.170041541Z I0128 09:35:49.169980       1 installer_controller.go:550] "ip-10-0-108-54.us-west-1.compute.internal" is in transition to 5, but has not made progress because static pod is pending
2026-01-28T09:35:50.369687011Z E0128 09:35:50.369632       1 guard_controller.go:316] Missing PodIP in operand openshift-kube-scheduler-ip-10-0-108-54.us-west-1.compute.internal on node ip-10-0-108-54.us-west-1.compute.internal
2026-01-28T09:35:50.369687011Z E0128 09:35:50.369662       1 guard_controller.go:310] Missing operand on node ip-10-0-3-203.us-west-1.compute.internal
2026-01-28T09:35:50.380681421Z E0128 09:35:50.380649       1 base_controller.go:279] "Unhandled Error" err="GuardController reconciliation failed: [Missing PodIP in operand openshift-kube-scheduler-ip-10-0-108-54.us-west-1.compute.internal on node ip-10-0-108-54.us-west-1.compute.internal, Missing operand on node ip-10-0-3-203.us-west-1.compute.internal]"
2026-01-28T09:35:50.381615708Z I0128 09:35:50.381590       1 status_controller.go:229] clusteroperator/kube-scheduler diff {"status":{"conditions":[{"lastTransitionTime":"2026-01-28T09:32:36Z","message":"GuardControllerDegraded: [Missing PodIP in operand openshift-kube-scheduler-ip-10-0-108-54.us-west-1.compute.internal on node ip-10-0-108-54.us-west-1.compute.internal, Missing operand on node ip-10-0-3-203.us-west-1.compute.internal]","reason":"GuardController_SyncError","status":"True","type":"Degraded"},{"lastTransitionTime":"2026-01-28T09:30:54Z","message":"NodeInstallerProgressing: 2 nodes are at revision 0; 1 node is at revision 4; 0 nodes have achieved new revision 5","reason":"NodeInstaller","status":"True","type":"Progressing"},{"lastTransitionTime":"2026-01-28T09:33:56Z","message":"StaticPodsAvailable: 1 nodes are active; 2 nodes are at revision 0; 1 node is at revision 4; 0 nodes have achieved new revision 5","reason":"AsExpected","status":"True","type":"Available"},{"lastTransitionTime":"2026-01-28T09:30:35Z","message":"All is well","reason":"AsExpected","status":"True","type":"Upgradeable"},{"lastTransitionTime":"2026-01-28T09:30:35Z","reason":"NoData","status":"Unknown","type":"EvaluationConditionsDetected"}]}}
2026-01-28T09:35:50.382006738Z I0128 09:35:50.381988       1 prune_controller.go:277] Nothing to prune
2026-01-28T09:35:50.388252980Z I0128 09:35:50.388224       1 event.go:377] Event(v1.ObjectReference{Kind:"Deployment", Namespace:"openshift-kube-scheduler-operator", Name:"openshift-kube-scheduler-operator", UID:"4ee73538-84c8-4928-8a20-259cdec17ca8", APIVersion:"apps/v1", ResourceVersion:"", FieldPath:""}): type: 'Normal' reason: 'OperatorStatusChanged' Status for clusteroperator/kube-scheduler changed: Degraded message changed from "GuardControllerDegraded: Missing operand on node ip-10-0-3-203.us-west-1.compute.internal" to "GuardControllerDegraded: [Missing PodIP in operand openshift-kube-scheduler-ip-10-0-108-54.us-west-1.compute.internal on node ip-10-0-108-54.us-west-1.compute.internal, Missing operand on node ip-10-0-3-203.us-west-1.compute.internal]"
2026-01-28T09:35:51.169013802Z I0128 09:35:51.168952       1 annotations.go:45] Updating "openshift.io/owning-component" annotation for serviceaccount-ca/openshift-kube-scheduler, diff:   string(
2026-01-28T09:35:51.169013802Z - 	"",
2026-01-28T09:35:51.169013802Z + 	"kube-scheduler",
2026-01-28T09:35:51.169013802Z   )
2026-01-28T09:35:51.567506099Z I0128 09:35:51.567459       1 request.go:752] "Waited before sending request" delay="1.185097871s" reason="client-side throttling, not priority and fairness" verb="GET" URL="https://172.30.0.1:443/api/v1/namespaces/openshift-kube-scheduler"
2026-01-28T09:35:51.969756044Z I0128 09:35:51.969713       1 installer_controller.go:550] "ip-10-0-108-54.us-west-1.compute.internal" is in transition to 5, but has not made progress because static pod is pending
2026-01-28T09:35:52.767914647Z I0128 09:35:52.767868       1 request.go:752] "Waited before sending request" delay="1.192201827s" reason="client-side throttling, not priority and fairness" verb="GET" URL="https://172.30.0.1:443/api/v1/namespaces/openshift-kube-scheduler/services/scheduler"
2026-01-28T09:35:53.591477471Z I0128 09:35:53.591440       1 tlsconfig.go:181] "Loaded client CA" index=0 certName="client-ca::kube-system::extension-apiserver-authentication::client-ca-file,client-ca::kube-system::extension-apiserver-authentication::requestheader-client-ca-file" certDetail="\"admin-kubeconfig-signer\" [] issuer=\"<self>\" (2026-01-28 09:13:02 +0000 UTC to 2036-01-26 09:13:02 +0000 UTC (now=2026-01-28 09:35:53.591404187 +0000 UTC))"
2026-01-28T09:35:53.592324603Z I0128 09:35:53.592093       1 tlsconfig.go:181] "Loaded client CA" index=1 certName="client-ca::kube-system::extension-apiserver-authentication::client-ca-file,client-ca::kube-system::extension-apiserver-authentication::requestheader-client-ca-file" certDetail="\"kubelet-signer\" [] issuer=\"<self>\" (2026-01-28 09:13:06 +0000 UTC to 2026-01-29 09:13:06 +0000 UTC (now=2026-01-28 09:35:53.592075131 +0000 UTC))"
2026-01-28T09:35:53.592388846Z I0128 09:35:53.592373       1 tlsconfig.go:181] "Loaded client CA" index=2 certName="client-ca::kube-system::extension-apiserver-authentication::client-ca-file,client-ca::kube-system::extension-apiserver-authentication::requestheader-client-ca-file" certDetail="\"kube-control-plane-signer\" [] issuer=\"<self>\" (2026-01-28 09:13:06 +0000 UTC to 2027-01-28 09:13:06 +0000 UTC (now=2026-01-28 09:35:53.592354455 +0000 UTC))"
2026-01-28T09:35:53.592438669Z I0128 09:35:53.592425       1 tlsconfig.go:181] "Loaded client CA" index=3 certName="client-ca::kube-system::extension-apiserver-authentication::client-ca-file,client-ca::kube-system::extension-apiserver-authentication::requestheader-client-ca-file" certDetail="\"kube-apiserver-to-kubelet-signer\" [] issuer=\"<self>\" (2026-01-28 09:13:07 +0000 UTC to 2027-01-28 09:13:07 +0000 UTC (now=2026-01-28 09:35:53.592411018 +0000 UTC))"
2026-01-28T09:35:53.596108683Z I0128 09:35:53.596078       1 tlsconfig.go:181] "Loaded client CA" index=4 certName="client-ca::kube-system::extension-apiserver-authentication::client-ca-file,client-ca::kube-system::extension-apiserver-authentication::requestheader-client-ca-file" certDetail="\"kubelet-bootstrap-kubeconfig-signer\" [] issuer=\"<self>\" (2026-01-28 09:13:03 +0000 UTC to 2036-01-26 09:13:03 +0000 UTC (now=2026-01-28 09:35:53.5960541 +0000 UTC))"
2026-01-28T09:35:53.596157995Z I0128 09:35:53.596108       1 tlsconfig.go:181] "Loaded client CA" index=5 certName="client-ca::kube-system::extension-apiserver-authentication::client-ca-file,client-ca::kube-system::extension-apiserver-authentication::requestheader-client-ca-file" certDetail="\"kube-csr-signer_@1769592636\" [] issuer=\"kubelet-signer\" (2026-01-28 09:30:35 +0000 UTC to 2026-01-29 09:13:06 +0000 UTC (now=2026-01-28 09:35:53.596095872 +0000 UTC))"
2026-01-28T09:35:53.596157995Z I0128 09:35:53.596131       1 tlsconfig.go:181] "Loaded client CA" index=6 certName="client-ca::kube-system::extension-apiserver-authentication::client-ca-file,client-ca::kube-system::extension-apiserver-authentication::requestheader-client-ca-file" certDetail="\"openshift-kube-apiserver-operator_node-system-admin-signer@1769592635\" [] issuer=\"<self>\" (2026-01-28 09:30:35 +0000 UTC to 2029-01-27 09:30:36 +0000 UTC (now=2026-01-28 09:35:53.596114983 +0000 UTC))"
2026-01-28T09:35:53.596157995Z I0128 09:35:53.596150       1 tlsconfig.go:181] "Loaded client CA" index=7 certName="client-ca::kube-system::extension-apiserver-authentication::client-ca-file,client-ca::kube-system::extension-apiserver-authentication::requestheader-client-ca-file" certDetail="\"aggregator-signer\" [] issuer=\"<self>\" (2026-01-28 09:13:04 +0000 UTC to 2026-01-29 09:13:04 +0000 UTC (now=2026-01-28 09:35:53.596138764 +0000 UTC))"
2026-01-28T09:35:53.596450500Z I0128 09:35:53.596402       1 tlsconfig.go:203] "Loaded serving cert" certName="serving-cert::/var/run/secrets/serving-cert/tls.crt::/var/run/secrets/serving-cert/tls.key" certDetail="\"metrics.openshift-kube-scheduler-operator.svc\" [serving] validServingFor=[metrics.openshift-kube-scheduler-operator.svc,metrics.openshift-kube-scheduler-operator.svc.cluster.local] issuer=\"openshift-service-serving-signer@1769592635\" (2026-01-28 09:30:46 +0000 UTC to 2028-01-28 09:30:47 +0000 UTC (now=2026-01-28 09:35:53.596384186 +0000 UTC))"
2026-01-28T09:35:53.596627389Z I0128 09:35:53.596594       1 named_certificates.go:53] "Loaded SNI cert" index=0 certName="self-signed loopback" certDetail="\"apiserver-loopback-client@1769592721\" [serving] validServingFor=[apiserver-loopback-client] issuer=\"apiserver-loopback-client-ca@1769592718\" (2026-01-28 08:31:57 +0000 UTC to 2029-01-28 08:31:57 +0000 UTC (now=2026-01-28 09:35:53.596580046 +0000 UTC))"
2026-01-28T09:35:54.968780519Z E0128 09:35:54.968725       1 guard_controller.go:310] Missing operand on node ip-10-0-3-203.us-west-1.compute.internal
2026-01-28T09:35:54.980607381Z E0128 09:35:54.980560       1 base_controller.go:279] "Unhandled Error" err="GuardController reconciliation failed: Missing operand on node ip-10-0-3-203.us-west-1.compute.internal"
2026-01-28T09:35:54.981473394Z I0128 09:35:54.981448       1 status_controller.go:229] clusteroperator/kube-scheduler diff {"status":{"conditions":[{"lastTransitionTime":"2026-01-28T09:32:36Z","message":"GuardControllerDegraded: Missing operand on node ip-10-0-3-203.us-west-1.compute.internal","reason":"GuardController_SyncError","status":"True","type":"Degraded"},{"lastTransitionTime":"2026-01-28T09:30:54Z","message":"NodeInstallerProgressing: 2 nodes are at revision 0; 1 node is at revision 4; 0 nodes have achieved new revision 5","reason":"NodeInstaller","status":"True","type":"Progressing"},{"lastTransitionTime":"2026-01-28T09:33:56Z","message":"StaticPodsAvailable: 1 nodes are active; 2 nodes are at revision 0; 1 node is at revision 4; 0 nodes have achieved new revision 5","reason":"AsExpected","status":"True","type":"Available"},{"lastTransitionTime":"2026-01-28T09:30:35Z","message":"All is well","reason":"AsExpected","status":"True","type":"Upgradeable"},{"lastTransitionTime":"2026-01-28T09:30:35Z","reason":"NoData","status":"Unknown","type":"EvaluationConditionsDetected"}]}}
2026-01-28T09:35:54.981832242Z I0128 09:35:54.981814       1 prune_controller.go:277] Nothing to prune
2026-01-28T09:35:54.982007341Z E0128 09:35:54.981988       1 guard_controller.go:310] Missing operand on node ip-10-0-3-203.us-west-1.compute.internal
2026-01-28T09:35:54.992927707Z I0128 09:35:54.992892       1 event.go:377] Event(v1.ObjectReference{Kind:"Deployment", Namespace:"openshift-kube-scheduler-operator", Name:"openshift-kube-scheduler-operator", UID:"4ee73538-84c8-4928-8a20-259cdec17ca8", APIVersion:"apps/v1", ResourceVersion:"", FieldPath:""}): type: 'Normal' reason: 'OperatorStatusChanged' Status for clusteroperator/kube-scheduler changed: Degraded message changed from "GuardControllerDegraded: [Missing PodIP in operand openshift-kube-scheduler-ip-10-0-108-54.us-west-1.compute.internal on node ip-10-0-108-54.us-west-1.compute.internal, Missing operand on node ip-10-0-3-203.us-west-1.compute.internal]" to "GuardControllerDegraded: Missing operand on node ip-10-0-3-203.us-west-1.compute.internal"
2026-01-28T09:35:55.173200537Z I0128 09:35:55.172554       1 installer_controller.go:550] "ip-10-0-108-54.us-west-1.compute.internal" is in transition to 5, but has not made progress because static pod is pending
2026-01-28T09:35:56.169315864Z I0128 09:35:56.169265       1 request.go:752] "Waited before sending request" delay="1.186897822s" reason="client-side throttling, not priority and fairness" verb="GET" URL="https://172.30.0.1:443/api/v1/namespaces/openshift-kube-scheduler/pods/openshift-kube-scheduler-guard-ip-10-0-102-200.us-west-1.compute.internal"
2026-01-28T09:35:57.775771877Z E0128 09:35:57.775722       1 base_controller.go:279] "Unhandled Error" err="TargetConfigController reconciliation failed: KubeScheduler.operator.openshift.io \"cluster\" is invalid: [status.nodeStatuses[1].currentRevision: Invalid value: \"object\": cannot be unset once set, status.nodeStatuses[2].currentRevision: Invalid value: \"object\": cannot be unset once set]"
2026-01-28T09:35:58.369308422Z I0128 09:35:58.369260       1 installer_controller.go:550] "ip-10-0-108-54.us-west-1.compute.internal" is in transition to 5, but has not made progress because static pod is pending
2026-01-28T09:35:58.769370028Z I0128 09:35:58.769324       1 annotations.go:45] Updating "openshift.io/owning-component" annotation for serviceaccount-ca/openshift-kube-scheduler, diff:   string(
2026-01-28T09:35:58.769370028Z - 	"",
2026-01-28T09:35:58.769370028Z + 	"kube-scheduler",
2026-01-28T09:35:58.769370028Z   )
2026-01-28T09:35:59.172067685Z E0128 09:35:59.171696       1 base_controller.go:279] "Unhandled Error" err="GuardController reconciliation failed: Missing operand on node ip-10-0-3-203.us-west-1.compute.internal"
2026-01-28T09:36:00.772990370Z E0128 09:36:00.772825       1 guard_controller.go:310] Missing operand on node ip-10-0-3-203.us-west-1.compute.internal
2026-01-28T09:36:00.773972570Z E0128 09:36:00.773942       1 base_controller.go:279] "Unhandled Error" err="GuardController reconciliation failed: Missing operand on node ip-10-0-3-203.us-west-1.compute.internal"
2026-01-28T09:36:01.176339671Z E0128 09:36:01.176295       1 base_controller.go:279] "Unhandled Error" err="TargetConfigController reconciliation failed: KubeScheduler.operator.openshift.io \"cluster\" is invalid: [status.nodeStatuses[1].currentRevision: Invalid value: \"object\": cannot be unset once set, status.nodeStatuses[2].currentRevision: Invalid value: \"object\": cannot be unset once set]"
2026-01-28T09:36:01.368773984Z I0128 09:36:01.368722       1 annotations.go:45] Updating "openshift.io/owning-component" annotation for serviceaccount-ca/openshift-kube-scheduler, diff:   string(
2026-01-28T09:36:01.368773984Z - 	"",
2026-01-28T09:36:01.368773984Z + 	"kube-scheduler",
2026-01-28T09:36:01.368773984Z   )
2026-01-28T09:36:04.969530798Z E0128 09:36:04.969472       1 guard_controller.go:310] Missing operand on node ip-10-0-3-203.us-west-1.compute.internal
2026-01-28T09:36:04.970204612Z E0128 09:36:04.970175       1 base_controller.go:279] "Unhandled Error" err="GuardController reconciliation failed: Missing operand on node ip-10-0-3-203.us-west-1.compute.internal"
2026-01-28T09:36:05.176935610Z E0128 09:36:05.176865       1 base_controller.go:279] "Unhandled Error" err="TargetConfigController reconciliation failed: KubeScheduler.operator.openshift.io \"cluster\" is invalid: [status.nodeStatuses[1].currentRevision: Invalid value: \"object\": cannot be unset once set, status.nodeStatuses[2].currentRevision: Invalid value: \"object\": cannot be unset once set]"
2026-01-28T09:36:07.694053506Z E0128 09:36:07.693984       1 guard_controller.go:310] Missing operand on node ip-10-0-3-203.us-west-1.compute.internal
2026-01-28T09:36:07.695299918Z E0128 09:36:07.695260       1 base_controller.go:279] "Unhandled Error" err="GuardController reconciliation failed: Missing operand on node ip-10-0-3-203.us-west-1.compute.internal"
2026-01-28T09:36:10.970208945Z E0128 09:36:10.970145       1 guard_controller.go:310] Missing operand on node ip-10-0-3-203.us-west-1.compute.internal
2026-01-28T09:36:10.978989615Z E0128 09:36:10.977185       1 base_controller.go:279] "Unhandled Error" err="GuardController reconciliation failed: Missing operand on node ip-10-0-3-203.us-west-1.compute.internal"
2026-01-28T09:36:11.036070655Z E0128 09:36:11.033809       1 guard_controller.go:310] Missing operand on node ip-10-0-3-203.us-west-1.compute.internal
2026-01-28T09:36:11.036070655Z E0128 09:36:11.035224       1 base_controller.go:279] "Unhandled Error" err="GuardController reconciliation failed: Missing operand on node ip-10-0-3-203.us-west-1.compute.internal"
2026-01-28T09:36:11.300743007Z E0128 09:36:11.300658       1 guard_controller.go:310] Missing operand on node ip-10-0-3-203.us-west-1.compute.internal
2026-01-28T09:36:11.304425042Z E0128 09:36:11.304389       1 base_controller.go:279] "Unhandled Error" err="GuardController reconciliation failed: Missing operand on node ip-10-0-3-203.us-west-1.compute.internal"
2026-01-28T09:36:12.089700911Z E0128 09:36:12.089653       1 guard_controller.go:310] Missing operand on node ip-10-0-3-203.us-west-1.compute.internal
2026-01-28T09:36:12.090396655Z E0128 09:36:12.090373       1 base_controller.go:279] "Unhandled Error" err="GuardController reconciliation failed: Missing operand on node ip-10-0-3-203.us-west-1.compute.internal"
2026-01-28T09:36:12.889066754Z E0128 09:36:12.888999       1 guard_controller.go:310] Missing operand on node ip-10-0-3-203.us-west-1.compute.internal
2026-01-28T09:36:12.889853314Z E0128 09:36:12.889815       1 base_controller.go:279] "Unhandled Error" err="GuardController reconciliation failed: Missing operand on node ip-10-0-3-203.us-west-1.compute.internal"
2026-01-28T09:36:13.689544045Z E0128 09:36:13.689491       1 guard_controller.go:310] Missing operand on node ip-10-0-3-203.us-west-1.compute.internal
2026-01-28T09:36:13.690264841Z E0128 09:36:13.690241       1 base_controller.go:279] "Unhandled Error" err="GuardController reconciliation failed: Missing operand on node ip-10-0-3-203.us-west-1.compute.internal"
2026-01-28T09:36:13.691733324Z E0128 09:36:13.691706       1 guard_controller.go:310] Missing operand on node ip-10-0-3-203.us-west-1.compute.internal
2026-01-28T09:36:14.490395653Z E0128 09:36:14.490328       1 base_controller.go:279] "Unhandled Error" err="GuardController reconciliation failed: Missing operand on node ip-10-0-3-203.us-west-1.compute.internal"
2026-01-28T09:36:15.646133916Z E0128 09:36:15.645858       1 guard_controller.go:310] Missing operand on node ip-10-0-3-203.us-west-1.compute.internal
2026-01-28T09:36:15.646815420Z E0128 09:36:15.646754       1 base_controller.go:279] "Unhandled Error" err="GuardController reconciliation failed: Missing operand on node ip-10-0-3-203.us-west-1.compute.internal"
2026-01-28T09:36:16.089453624Z E0128 09:36:16.089402       1 guard_controller.go:310] Missing operand on node ip-10-0-3-203.us-west-1.compute.internal
2026-01-28T09:36:16.090288625Z E0128 09:36:16.090264       1 base_controller.go:279] "Unhandled Error" err="GuardController reconciliation failed: Missing operand on node ip-10-0-3-203.us-west-1.compute.internal"
2026-01-28T09:36:21.190069980Z E0128 09:36:21.188930       1 guard_controller.go:310] Missing operand on node ip-10-0-3-203.us-west-1.compute.internal
2026-01-28T09:36:21.190720262Z E0128 09:36:21.190672       1 base_controller.go:279] "Unhandled Error" err="GuardController reconciliation failed: Missing operand on node ip-10-0-3-203.us-west-1.compute.internal"
2026-01-28T09:36:33.116008020Z E0128 09:36:33.115393       1 guard_controller.go:310] Missing operand on node ip-10-0-3-203.us-west-1.compute.internal
2026-01-28T09:36:33.116793859Z E0128 09:36:33.116458       1 base_controller.go:279] "Unhandled Error" err="GuardController reconciliation failed: Missing operand on node ip-10-0-3-203.us-west-1.compute.internal"
2026-01-28T09:36:37.815611298Z E0128 09:36:37.815506       1 guard_controller.go:310] Missing operand on node ip-10-0-3-203.us-west-1.compute.internal
2026-01-28T09:36:37.816467470Z E0128 09:36:37.816440       1 base_controller.go:279] "Unhandled Error" err="GuardController reconciliation failed: Missing operand on node ip-10-0-3-203.us-west-1.compute.internal"
2026-01-28T09:36:38.408371345Z E0128 09:36:38.408332       1 guard_controller.go:310] Missing operand on node ip-10-0-3-203.us-west-1.compute.internal
2026-01-28T09:36:38.409424718Z E0128 09:36:38.409400       1 base_controller.go:279] "Unhandled Error" err="GuardController reconciliation failed: Missing operand on node ip-10-0-3-203.us-west-1.compute.internal"
2026-01-28T09:36:41.178706287Z E0128 09:36:41.177447       1 guard_controller.go:310] Missing operand on node ip-10-0-3-203.us-west-1.compute.internal
2026-01-28T09:36:41.178706287Z E0128 09:36:41.178307       1 base_controller.go:279] "Unhandled Error" err="GuardController reconciliation failed: Missing operand on node ip-10-0-3-203.us-west-1.compute.internal"
2026-01-28T09:36:41.369937742Z I0128 09:36:41.369889       1 installer_controller.go:540] "ip-10-0-108-54.us-west-1.compute.internal" moving to (v1.NodeStatus) {
2026-01-28T09:36:41.369937742Z  NodeName: (string) (len=41) "ip-10-0-108-54.us-west-1.compute.internal",
2026-01-28T09:36:41.369937742Z  CurrentRevision: (int32) 5,
2026-01-28T09:36:41.369937742Z  TargetRevision: (int32) 0,
2026-01-28T09:36:41.369937742Z  LastFailedRevision: (int32) 0,
2026-01-28T09:36:41.369937742Z  LastFailedTime: (*v1.Time)(<nil>),
2026-01-28T09:36:41.369937742Z  LastFailedReason: (string) "",
2026-01-28T09:36:41.369937742Z  LastFailedCount: (int) 0,
2026-01-28T09:36:41.369937742Z  LastFallbackCount: (int) 0,
2026-01-28T09:36:41.369937742Z  LastFailedRevisionErrors: ([]string) <nil>
2026-01-28T09:36:41.369937742Z }
2026-01-28T09:36:41.369937742Z  because static pod is ready
2026-01-28T09:36:41.381713774Z I0128 09:36:41.381641       1 event.go:377] Event(v1.ObjectReference{Kind:"Deployment", Namespace:"openshift-kube-scheduler-operator", Name:"openshift-kube-scheduler-operator", UID:"4ee73538-84c8-4928-8a20-259cdec17ca8", APIVersion:"apps/v1", ResourceVersion:"", FieldPath:""}): type: 'Normal' reason: 'NodeCurrentRevisionChanged' Updated node "ip-10-0-108-54.us-west-1.compute.internal" from revision 0 to 5 because static pod is ready
2026-01-28T09:36:41.382419799Z I0128 09:36:41.382394       1 prune_controller.go:277] Nothing to prune
2026-01-28T09:36:41.383319114Z I0128 09:36:41.383297       1 status_controller.go:229] clusteroperator/kube-scheduler diff {"status":{"conditions":[{"lastTransitionTime":"2026-01-28T09:32:36Z","message":"GuardControllerDegraded: Missing operand on node ip-10-0-3-203.us-west-1.compute.internal","reason":"GuardController_SyncError","status":"True","type":"Degraded"},{"lastTransitionTime":"2026-01-28T09:30:54Z","message":"NodeInstallerProgressing: 1 node is at revision 0; 1 node is at revision 4; 1 node is at revision 5","reason":"NodeInstaller","status":"True","type":"Progressing"},{"lastTransitionTime":"2026-01-28T09:33:56Z","message":"StaticPodsAvailable: 2 nodes are active; 1 node is at revision 0; 1 node is at revision 4; 1 node is at revision 5","reason":"AsExpected","status":"True","type":"Available"},{"lastTransitionTime":"2026-01-28T09:30:35Z","message":"All is well","reason":"AsExpected","status":"True","type":"Upgradeable"},{"lastTransitionTime":"2026-01-28T09:30:35Z","reason":"NoData","status":"Unknown","type":"EvaluationConditionsDetected"}]}}
2026-01-28T09:36:41.396735558Z I0128 09:36:41.390413       1 event.go:377] Event(v1.ObjectReference{Kind:"Deployment", Namespace:"openshift-kube-scheduler-operator", Name:"openshift-kube-scheduler-operator", UID:"4ee73538-84c8-4928-8a20-259cdec17ca8", APIVersion:"apps/v1", ResourceVersion:"", FieldPath:""}): type: 'Normal' reason: 'OperatorStatusChanged' Status for clusteroperator/kube-scheduler changed: Progressing message changed from "NodeInstallerProgressing: 2 nodes are at revision 0; 1 node is at revision 4; 0 nodes have achieved new revision 5" to "NodeInstallerProgressing: 1 node is at revision 0; 1 node is at revision 4; 1 node is at revision 5",Available message changed from "StaticPodsAvailable: 1 nodes are active; 2 nodes are at revision 0; 1 node is at revision 4; 0 nodes have achieved new revision 5" to "StaticPodsAvailable: 2 nodes are active; 1 node is at revision 0; 1 node is at revision 4; 1 node is at revision 5"
2026-01-28T09:36:42.169871333Z I0128 09:36:42.169749       1 annotations.go:45] Updating "openshift.io/owning-component" annotation for serviceaccount-ca/openshift-kube-scheduler, diff:   string(
2026-01-28T09:36:42.169871333Z - 	"",
2026-01-28T09:36:42.169871333Z + 	"kube-scheduler",
2026-01-28T09:36:42.169871333Z   )
2026-01-28T09:36:44.369746160Z I0128 09:36:44.369704       1 installer_controller.go:562] node ip-10-0-3-203.us-west-1.compute.internal static pod not found and needs new revision 5
2026-01-28T09:36:44.369797733Z I0128 09:36:44.369747       1 installer_controller.go:570] "ip-10-0-3-203.us-west-1.compute.internal" moving to (v1.NodeStatus) {
2026-01-28T09:36:44.369797733Z  NodeName: (string) (len=40) "ip-10-0-3-203.us-west-1.compute.internal",
2026-01-28T09:36:44.369797733Z  CurrentRevision: (int32) 0,
2026-01-28T09:36:44.369797733Z  TargetRevision: (int32) 5,
2026-01-28T09:36:44.369797733Z  LastFailedRevision: (int32) 0,
2026-01-28T09:36:44.369797733Z  LastFailedTime: (*v1.Time)(<nil>),
2026-01-28T09:36:44.369797733Z  LastFailedReason: (string) "",
2026-01-28T09:36:44.369797733Z  LastFailedCount: (int) 0,
2026-01-28T09:36:44.369797733Z  LastFallbackCount: (int) 0,
2026-01-28T09:36:44.369797733Z  LastFailedRevisionErrors: ([]string) <nil>
2026-01-28T09:36:44.369797733Z }
2026-01-28T09:36:44.381715172Z I0128 09:36:44.381674       1 event.go:377] Event(v1.ObjectReference{Kind:"Deployment", Namespace:"openshift-kube-scheduler-operator", Name:"openshift-kube-scheduler-operator", UID:"4ee73538-84c8-4928-8a20-259cdec17ca8", APIVersion:"apps/v1", ResourceVersion:"", FieldPath:""}): type: 'Normal' reason: 'NodeTargetRevisionChanged' Updating node "ip-10-0-3-203.us-west-1.compute.internal" from revision 0 to 5 because node ip-10-0-3-203.us-west-1.compute.internal static pod not found
2026-01-28T09:36:44.383313711Z I0128 09:36:44.383288       1 prune_controller.go:277] Nothing to prune
2026-01-28T09:36:45.567547033Z I0128 09:36:45.567506       1 request.go:752] "Waited before sending request" delay="1.178270766s" reason="client-side throttling, not priority and fairness" verb="GET" URL="https://172.30.0.1:443/api/v1/namespaces/openshift-kube-scheduler/pods/installer-5-ip-10-0-3-203.us-west-1.compute.internal"
2026-01-28T09:36:45.774236422Z E0128 09:36:45.774194       1 guard_controller.go:310] Missing operand on node ip-10-0-3-203.us-west-1.compute.internal
2026-01-28T09:36:45.775428201Z E0128 09:36:45.775404       1 base_controller.go:279] "Unhandled Error" err="GuardController reconciliation failed: Missing operand on node ip-10-0-3-203.us-west-1.compute.internal"
2026-01-28T09:36:46.575208405Z I0128 09:36:46.575153       1 warnings.go:110] "Warning: metadata.name: this is used in the Pod's hostname, which can result in surprising behavior; a DNS label is recommended: [must not contain dots]"
2026-01-28T09:36:46.575658807Z I0128 09:36:46.575619       1 event.go:377] Event(v1.ObjectReference{Kind:"Deployment", Namespace:"openshift-kube-scheduler-operator", Name:"openshift-kube-scheduler-operator", UID:"4ee73538-84c8-4928-8a20-259cdec17ca8", APIVersion:"apps/v1", ResourceVersion:"", FieldPath:""}): type: 'Normal' reason: 'PodCreated' Created Pod/installer-5-ip-10-0-3-203.us-west-1.compute.internal -n openshift-kube-scheduler because it was missing
2026-01-28T09:36:47.569057143Z I0128 09:36:47.568996       1 installer_controller.go:550] "ip-10-0-3-203.us-west-1.compute.internal" is in transition to 5, but has not made progress because installer is not finished, but in Pending phase
2026-01-28T09:36:47.767202680Z I0128 09:36:47.767155       1 request.go:752] "Waited before sending request" delay="1.191349173s" reason="client-side throttling, not priority and fairness" verb="GET" URL="https://172.30.0.1:443/api/v1/namespaces/openshift-kube-scheduler/pods?labelSelector=app%3Dinstaller"
2026-01-28T09:36:48.381567990Z E0128 09:36:48.381504       1 base_controller.go:279] "Unhandled Error" err="TargetConfigController reconciliation failed: KubeScheduler.operator.openshift.io \"cluster\" is invalid: status.nodeStatuses[2].currentRevision: Invalid value: \"object\": cannot be unset once set"
2026-01-28T09:36:48.767445185Z I0128 09:36:48.767339       1 request.go:752] "Waited before sending request" delay="1.192819526s" reason="client-side throttling, not priority and fairness" verb="GET" URL="https://172.30.0.1:443/api/v1/namespaces/openshift-kube-scheduler/pods/installer-5-ip-10-0-3-203.us-west-1.compute.internal"
2026-01-28T09:36:49.570014147Z I0128 09:36:49.569954       1 annotations.go:45] Updating "openshift.io/owning-component" annotation for serviceaccount-ca/openshift-kube-scheduler, diff:   string(
2026-01-28T09:36:49.570014147Z - 	"",
2026-01-28T09:36:49.570014147Z + 	"kube-scheduler",
2026-01-28T09:36:49.570014147Z   )
2026-01-28T09:36:49.967938471Z I0128 09:36:49.967871       1 request.go:752] "Waited before sending request" delay="1.198087436s" reason="client-side throttling, not priority and fairness" verb="GET" URL="https://172.30.0.1:443/api/v1/namespaces/openshift-kube-scheduler/pods/installer-5-ip-10-0-3-203.us-west-1.compute.internal"
2026-01-28T09:36:49.970043875Z I0128 09:36:49.969997       1 installer_controller.go:550] "ip-10-0-3-203.us-west-1.compute.internal" is in transition to 5, but has not made progress because installer is not finished, but in Pending phase
2026-01-28T09:36:50.169937379Z E0128 09:36:50.169889       1 guard_controller.go:310] Missing operand on node ip-10-0-3-203.us-west-1.compute.internal
2026-01-28T09:36:50.170696436Z E0128 09:36:50.170665       1 base_controller.go:279] "Unhandled Error" err="GuardController reconciliation failed: Missing operand on node ip-10-0-3-203.us-west-1.compute.internal"
2026-01-28T09:36:50.171976280Z E0128 09:36:50.171950       1 guard_controller.go:310] Missing operand on node ip-10-0-3-203.us-west-1.compute.internal
2026-01-28T09:36:52.569736410Z I0128 09:36:52.569685       1 installer_controller.go:550] "ip-10-0-3-203.us-west-1.compute.internal" is in transition to 5, but has not made progress because installer is not finished, but in Running phase
2026-01-28T09:36:52.970376628Z E0128 09:36:52.970323       1 base_controller.go:279] "Unhandled Error" err="GuardController reconciliation failed: Missing operand on node ip-10-0-3-203.us-west-1.compute.internal"
2026-01-28T09:36:53.777182911Z E0128 09:36:53.777142       1 base_controller.go:279] "Unhandled Error" err="TargetConfigController reconciliation failed: KubeScheduler.operator.openshift.io \"cluster\" is invalid: status.nodeStatuses[2].currentRevision: Invalid value: \"object\": cannot be unset once set"
2026-01-28T09:36:54.369537436Z E0128 09:36:54.369493       1 guard_controller.go:310] Missing operand on node ip-10-0-3-203.us-west-1.compute.internal
2026-01-28T09:36:54.370193428Z E0128 09:36:54.370170       1 base_controller.go:279] "Unhandled Error" err="GuardController reconciliation failed: Missing operand on node ip-10-0-3-203.us-west-1.compute.internal"
2026-01-28T09:36:55.173062515Z E0128 09:36:55.171696       1 guard_controller.go:310] Missing operand on node ip-10-0-3-203.us-west-1.compute.internal
2026-01-28T09:36:55.173062515Z E0128 09:36:55.172759       1 base_controller.go:279] "Unhandled Error" err="GuardController reconciliation failed: Missing operand on node ip-10-0-3-203.us-west-1.compute.internal"
2026-01-28T09:36:57.398571057Z E0128 09:36:57.398524       1 guard_controller.go:310] Missing operand on node ip-10-0-3-203.us-west-1.compute.internal
2026-01-28T09:36:57.406875400Z E0128 09:36:57.406830       1 base_controller.go:279] "Unhandled Error" err="GuardController reconciliation failed: Missing operand on node ip-10-0-3-203.us-west-1.compute.internal"
2026-01-28T09:37:00.311911493Z E0128 09:37:00.311832       1 guard_controller.go:310] Missing operand on node ip-10-0-3-203.us-west-1.compute.internal
2026-01-28T09:37:00.312700302Z E0128 09:37:00.312655       1 base_controller.go:279] "Unhandled Error" err="GuardController reconciliation failed: Missing operand on node ip-10-0-3-203.us-west-1.compute.internal"
2026-01-28T09:37:01.314807290Z I0128 09:37:01.314757       1 annotations.go:45] Updating "openshift.io/owning-component" annotation for serviceaccount-ca/openshift-kube-scheduler, diff:   string(
2026-01-28T09:37:01.314807290Z - 	"",
2026-01-28T09:37:01.314807290Z + 	"kube-scheduler",
2026-01-28T09:37:01.314807290Z   )
2026-01-28T09:37:01.334222155Z E0128 09:37:01.334178       1 base_controller.go:279] "Unhandled Error" err="TargetConfigController reconciliation failed: KubeScheduler.operator.openshift.io \"cluster\" is invalid: status.nodeStatuses[2].currentRevision: Invalid value: \"object\": cannot be unset once set"
2026-01-28T09:37:05.316367273Z E0128 09:37:05.315882       1 guard_controller.go:310] Missing operand on node ip-10-0-3-203.us-west-1.compute.internal
2026-01-28T09:37:05.316826636Z E0128 09:37:05.316792       1 base_controller.go:279] "Unhandled Error" err="GuardController reconciliation failed: Missing operand on node ip-10-0-3-203.us-west-1.compute.internal"
2026-01-28T09:37:07.725489719Z E0128 09:37:07.725439       1 guard_controller.go:310] Missing operand on node ip-10-0-3-203.us-west-1.compute.internal
2026-01-28T09:37:07.726845587Z E0128 09:37:07.726813       1 base_controller.go:279] "Unhandled Error" err="GuardController reconciliation failed: Missing operand on node ip-10-0-3-203.us-west-1.compute.internal"
2026-01-28T09:37:10.323098968Z E0128 09:37:10.322530       1 guard_controller.go:310] Missing operand on node ip-10-0-3-203.us-west-1.compute.internal
2026-01-28T09:37:10.327053306Z E0128 09:37:10.324238       1 base_controller.go:279] "Unhandled Error" err="GuardController reconciliation failed: Missing operand on node ip-10-0-3-203.us-west-1.compute.internal"
2026-01-28T09:37:12.706392401Z E0128 09:37:12.706353       1 guard_controller.go:310] Missing operand on node ip-10-0-3-203.us-west-1.compute.internal
2026-01-28T09:37:12.707150749Z E0128 09:37:12.707127       1 base_controller.go:279] "Unhandled Error" err="GuardController reconciliation failed: Missing operand on node ip-10-0-3-203.us-west-1.compute.internal"
2026-01-28T09:37:13.763195489Z E0128 09:37:13.763157       1 guard_controller.go:310] Missing operand on node ip-10-0-3-203.us-west-1.compute.internal
2026-01-28T09:37:13.814059035Z E0128 09:37:13.811367       1 base_controller.go:279] "Unhandled Error" err="GuardController reconciliation failed: Missing operand on node ip-10-0-3-203.us-west-1.compute.internal"
2026-01-28T09:37:14.807488041Z E0128 09:37:14.807450       1 guard_controller.go:310] Missing operand on node ip-10-0-3-203.us-west-1.compute.internal
2026-01-28T09:37:14.808254960Z E0128 09:37:14.808234       1 base_controller.go:279] "Unhandled Error" err="GuardController reconciliation failed: Missing operand on node ip-10-0-3-203.us-west-1.compute.internal"
2026-01-28T09:37:20.720999356Z E0128 09:37:20.720956       1 guard_controller.go:316] Missing PodIP in operand openshift-kube-scheduler-ip-10-0-3-203.us-west-1.compute.internal on node ip-10-0-3-203.us-west-1.compute.internal
2026-01-28T09:37:20.721585865Z I0128 09:37:20.721561       1 installer_controller.go:550] "ip-10-0-3-203.us-west-1.compute.internal" is in transition to 5, but has not made progress because installer is not finished, but in Running phase
2026-01-28T09:37:20.732097793Z E0128 09:37:20.732070       1 base_controller.go:279] "Unhandled Error" err="GuardController reconciliation failed: Missing PodIP in operand openshift-kube-scheduler-ip-10-0-3-203.us-west-1.compute.internal on node ip-10-0-3-203.us-west-1.compute.internal"
2026-01-28T09:37:20.732826109Z I0128 09:37:20.732793       1 prune_controller.go:277] Nothing to prune
2026-01-28T09:37:20.733522824Z I0128 09:37:20.733497       1 status_controller.go:229] clusteroperator/kube-scheduler diff {"status":{"conditions":[{"lastTransitionTime":"2026-01-28T09:32:36Z","message":"GuardControllerDegraded: Missing PodIP in operand openshift-kube-scheduler-ip-10-0-3-203.us-west-1.compute.internal on node ip-10-0-3-203.us-west-1.compute.internal","reason":"GuardController_SyncError","status":"True","type":"Degraded"},{"lastTransitionTime":"2026-01-28T09:30:54Z","message":"NodeInstallerProgressing: 1 node is at revision 0; 1 node is at revision 4; 1 node is at revision 5","reason":"NodeInstaller","status":"True","type":"Progressing"},{"lastTransitionTime":"2026-01-28T09:33:56Z","message":"StaticPodsAvailable: 2 nodes are active; 1 node is at revision 0; 1 node is at revision 4; 1 node is at revision 5","reason":"AsExpected","status":"True","type":"Available"},{"lastTransitionTime":"2026-01-28T09:30:35Z","message":"All is well","reason":"AsExpected","status":"True","type":"Upgradeable"},{"lastTransitionTime":"2026-01-28T09:30:35Z","reason":"NoData","status":"Unknown","type":"EvaluationConditionsDetected"}]}}
2026-01-28T09:37:20.743369979Z I0128 09:37:20.743335       1 event.go:377] Event(v1.ObjectReference{Kind:"Deployment", Namespace:"openshift-kube-scheduler-operator", Name:"openshift-kube-scheduler-operator", UID:"4ee73538-84c8-4928-8a20-259cdec17ca8", APIVersion:"apps/v1", ResourceVersion:"", FieldPath:""}): type: 'Normal' reason: 'OperatorStatusChanged' Status for clusteroperator/kube-scheduler changed: Degraded message changed from "GuardControllerDegraded: Missing operand on node ip-10-0-3-203.us-west-1.compute.internal" to "GuardControllerDegraded: Missing PodIP in operand openshift-kube-scheduler-ip-10-0-3-203.us-west-1.compute.internal on node ip-10-0-3-203.us-west-1.compute.internal"
2026-01-28T09:37:21.314909060Z I0128 09:37:21.314856       1 annotations.go:45] Updating "openshift.io/owning-component" annotation for serviceaccount-ca/openshift-kube-scheduler, diff:   string(
2026-01-28T09:37:21.314909060Z - 	"",
2026-01-28T09:37:21.314909060Z + 	"kube-scheduler",
2026-01-28T09:37:21.314909060Z   )
2026-01-28T09:37:22.515075615Z I0128 09:37:22.514997       1 installer_controller.go:550] "ip-10-0-3-203.us-west-1.compute.internal" is in transition to 5, but has not made progress because installer is not finished, but in Running phase
2026-01-28T09:37:22.912062519Z I0128 09:37:22.911983       1 request.go:752] "Waited before sending request" delay="1.016664988s" reason="client-side throttling, not priority and fairness" verb="GET" URL="https://172.30.0.1:443/api/v1/namespaces/openshift-kube-scheduler/pods/openshift-kube-scheduler-guard-ip-10-0-102-200.us-west-1.compute.internal"
2026-01-28T09:37:23.912288327Z I0128 09:37:23.912125       1 request.go:752] "Waited before sending request" delay="1.195475774s" reason="client-side throttling, not priority and fairness" verb="GET" URL="https://172.30.0.1:443/api/v1/namespaces/openshift-kube-scheduler/pods?labelSelector=app%3Dinstaller"
2026-01-28T09:37:24.912292843Z I0128 09:37:24.912251       1 request.go:752] "Waited before sending request" delay="1.197544356s" reason="client-side throttling, not priority and fairness" verb="GET" URL="https://172.30.0.1:443/api/v1/namespaces/openshift-kube-scheduler/pods/installer-5-ip-10-0-3-203.us-west-1.compute.internal"
2026-01-28T09:37:25.914357231Z I0128 09:37:25.914311       1 installer_controller.go:550] "ip-10-0-3-203.us-west-1.compute.internal" is in transition to 5, but has not made progress because static pod is pending
2026-01-28T09:37:27.122941762Z E0128 09:37:27.122890       1 base_controller.go:279] "Unhandled Error" err="TargetConfigController reconciliation failed: KubeScheduler.operator.openshift.io \"cluster\" is invalid: status.nodeStatuses[2].currentRevision: Invalid value: \"object\": cannot be unset once set"
2026-01-28T09:37:28.114558075Z I0128 09:37:28.114507       1 installer_controller.go:550] "ip-10-0-3-203.us-west-1.compute.internal" is in transition to 5, but has not made progress because static pod is pending
2026-01-28T09:37:28.318358484Z I0128 09:37:28.318297       1 warnings.go:110] "Warning: metadata.name: this is used in the Pod's hostname, which can result in surprising behavior; a DNS label is recommended: [must be no more than 63 characters must not contain dots]"
2026-01-28T09:37:28.318567124Z I0128 09:37:28.318540       1 event.go:377] Event(v1.ObjectReference{Kind:"Deployment", Namespace:"openshift-kube-scheduler-operator", Name:"openshift-kube-scheduler-operator", UID:"4ee73538-84c8-4928-8a20-259cdec17ca8", APIVersion:"apps/v1", ResourceVersion:"", FieldPath:""}): type: 'Normal' reason: 'PodCreated' Created Pod/openshift-kube-scheduler-guard-ip-10-0-3-203.us-west-1.compute.internal -n openshift-kube-scheduler because it was missing
2026-01-28T09:37:28.333739732Z I0128 09:37:28.333693       1 status_controller.go:229] clusteroperator/kube-scheduler diff {"status":{"conditions":[{"lastTransitionTime":"2026-01-28T09:37:28Z","message":"NodeControllerDegraded: All master nodes are ready","reason":"AsExpected","status":"False","type":"Degraded"},{"lastTransitionTime":"2026-01-28T09:30:54Z","message":"NodeInstallerProgressing: 1 node is at revision 0; 1 node is at revision 4; 1 node is at revision 5","reason":"NodeInstaller","status":"True","type":"Progressing"},{"lastTransitionTime":"2026-01-28T09:33:56Z","message":"StaticPodsAvailable: 2 nodes are active; 1 node is at revision 0; 1 node is at revision 4; 1 node is at revision 5","reason":"AsExpected","status":"True","type":"Available"},{"lastTransitionTime":"2026-01-28T09:30:35Z","message":"All is well","reason":"AsExpected","status":"True","type":"Upgradeable"},{"lastTransitionTime":"2026-01-28T09:30:35Z","reason":"NoData","status":"Unknown","type":"EvaluationConditionsDetected"}]}}
2026-01-28T09:37:28.336188033Z I0128 09:37:28.336152       1 prune_controller.go:277] Nothing to prune
2026-01-28T09:37:28.344954815Z I0128 09:37:28.341224       1 event.go:377] Event(v1.ObjectReference{Kind:"Deployment", Namespace:"openshift-kube-scheduler-operator", Name:"openshift-kube-scheduler-operator", UID:"4ee73538-84c8-4928-8a20-259cdec17ca8", APIVersion:"apps/v1", ResourceVersion:"", FieldPath:""}): type: 'Normal' reason: 'OperatorStatusChanged' Status for clusteroperator/kube-scheduler changed: Degraded changed from True to False ("NodeControllerDegraded: All master nodes are ready")
2026-01-28T09:37:29.512662850Z I0128 09:37:29.512602       1 request.go:752] "Waited before sending request" delay="1.178983131s" reason="client-side throttling, not priority and fairness" verb="GET" URL="https://172.30.0.1:443/api/v1/namespaces/openshift-kube-scheduler/configmaps/config"
2026-01-28T09:37:29.514742103Z I0128 09:37:29.514718       1 annotations.go:45] Updating "openshift.io/owning-component" annotation for serviceaccount-ca/openshift-kube-scheduler, diff:   string(
2026-01-28T09:37:29.514742103Z - 	"",
2026-01-28T09:37:29.514742103Z + 	"kube-scheduler",
2026-01-28T09:37:29.514742103Z   )
2026-01-28T09:37:30.512719629Z I0128 09:37:30.512664       1 request.go:752] "Waited before sending request" delay="1.396444374s" reason="client-side throttling, not priority and fairness" verb="GET" URL="https://172.30.0.1:443/api/v1/namespaces/openshift-kube-scheduler/pods/openshift-kube-scheduler-guard-ip-10-0-102-200.us-west-1.compute.internal"
2026-01-28T09:37:31.514640660Z I0128 09:37:31.514597       1 installer_controller.go:550] "ip-10-0-3-203.us-west-1.compute.internal" is in transition to 5, but has not made progress because static pod is pending
2026-01-28T09:37:31.712621432Z I0128 09:37:31.712571       1 request.go:752] "Waited before sending request" delay="1.197656252s" reason="client-side throttling, not priority and fairness" verb="GET" URL="https://172.30.0.1:443/api/v1/namespaces/openshift-kube-scheduler/pods/openshift-kube-scheduler-guard-ip-10-0-108-54.us-west-1.compute.internal"
2026-01-28T09:37:34.314901732Z I0128 09:37:34.314848       1 installer_controller.go:550] "ip-10-0-3-203.us-west-1.compute.internal" is in transition to 5, but has not made progress because static pod is pending
2026-01-28T09:37:34.515101023Z I0128 09:37:34.515043       1 core.go:220] Pod "openshift-kube-scheduler/openshift-kube-scheduler-guard-ip-10-0-3-203.us-west-1.compute.internal" changes: {"apiVersion":"v1","kind":"Pod","metadata":{"annotations":{"k8s.ovn.org/pod-networks":null,"k8s.v1.cni.cncf.io/network-status":null,"target.workload.openshift.io/management":"{\"effect\": \"PreferredDuringScheduling\"}"},"creationTimestamp":null,"generation":null,"managedFields":null,"resourceVersion":null,"uid":null},"spec":{"containers":[{"args":["-c","# properly handle TERM and exit as soon as it is signaled\nset -euo pipefail\ntrap 'jobs -p | xargs -r kill; exit 0' TERM\nsleep infinity \u0026 wait\n"],"command":["/bin/bash"],"image":"registry.build11.ci.openshift.org/ci-ln-vjb5l1t/stable@sha256:8da3ae0c230867d7c67107ad8fcd99839b6058f4e9ba9c94c5fc3a865bd20b9f","imagePullPolicy":"IfNotPresent","name":"guard","readinessProbe":{"failureThreshold":3,"httpGet":{"host":"10.0.3.203","path":"healthz","port":10259,"scheme":"HTTPS"},"periodSeconds":5,"successThreshold":1,"timeoutSeconds":5},"resources":{"requests":{"cpu":"10m","memory":"5Mi"}},"terminationMessagePolicy":"FallbackToLogsOnError"}],"dnsPolicy":null,"enableServiceLinks":null,"preemptionPolicy":null,"priority":null,"restartPolicy":null,"schedulerName":null,"securityContext":null,"serviceAccount":null,"serviceAccountName":null,"volumes":null},"status":{"conditions":null,"containerStatuses":null,"hostIP":null,"hostIPs":null,"phase":null,"podIP":null,"podIPs":null,"qosClass":null,"startTime":null}}
2026-01-28T09:37:35.119273842Z I0128 09:37:35.119187       1 event.go:377] Event(v1.ObjectReference{Kind:"Deployment", Namespace:"openshift-kube-scheduler-operator", Name:"openshift-kube-scheduler-operator", UID:"4ee73538-84c8-4928-8a20-259cdec17ca8", APIVersion:"apps/v1", ResourceVersion:"", FieldPath:""}): type: 'Normal' reason: 'PodUpdated' Updated Pod/openshift-kube-scheduler-guard-ip-10-0-3-203.us-west-1.compute.internal -n openshift-kube-scheduler because it changed
2026-01-28T09:37:35.321562027Z E0128 09:37:35.321517       1 base_controller.go:279] "Unhandled Error" err="TargetConfigController reconciliation failed: KubeScheduler.operator.openshift.io \"cluster\" is invalid: status.nodeStatuses[2].currentRevision: Invalid value: \"object\": cannot be unset once set"
2026-01-28T09:37:37.315994835Z I0128 09:37:37.315906       1 installer_controller.go:550] "ip-10-0-3-203.us-west-1.compute.internal" is in transition to 5, but has not made progress because static pod is pending
2026-01-28T09:38:01.317450010Z I0128 09:38:01.317384       1 annotations.go:45] Updating "openshift.io/owning-component" annotation for serviceaccount-ca/openshift-kube-scheduler, diff:   string(
2026-01-28T09:38:01.317450010Z - 	"",
2026-01-28T09:38:01.317450010Z + 	"kube-scheduler",
2026-01-28T09:38:01.317450010Z   )
2026-01-28T09:38:01.336878981Z E0128 09:38:01.336834       1 base_controller.go:279] "Unhandled Error" err="TargetConfigController reconciliation failed: KubeScheduler.operator.openshift.io \"cluster\" is invalid: status.nodeStatuses[2].currentRevision: Invalid value: \"object\": cannot be unset once set"
2026-01-28T09:38:19.133893873Z I0128 09:38:19.133845       1 installer_controller.go:540] "ip-10-0-3-203.us-west-1.compute.internal" moving to (v1.NodeStatus) {
2026-01-28T09:38:19.133893873Z  NodeName: (string) (len=40) "ip-10-0-3-203.us-west-1.compute.internal",
2026-01-28T09:38:19.133893873Z  CurrentRevision: (int32) 5,
2026-01-28T09:38:19.133893873Z  TargetRevision: (int32) 0,
2026-01-28T09:38:19.133893873Z  LastFailedRevision: (int32) 0,
2026-01-28T09:38:19.133893873Z  LastFailedTime: (*v1.Time)(<nil>),
2026-01-28T09:38:19.133893873Z  LastFailedReason: (string) "",
2026-01-28T09:38:19.133893873Z  LastFailedCount: (int) 0,
2026-01-28T09:38:19.133893873Z  LastFallbackCount: (int) 0,
2026-01-28T09:38:19.133893873Z  LastFailedRevisionErrors: ([]string) <nil>
2026-01-28T09:38:19.133893873Z }
2026-01-28T09:38:19.133893873Z  because static pod is ready
2026-01-28T09:38:19.146057531Z I0128 09:38:19.145983       1 event.go:377] Event(v1.ObjectReference{Kind:"Deployment", Namespace:"openshift-kube-scheduler-operator", Name:"openshift-kube-scheduler-operator", UID:"4ee73538-84c8-4928-8a20-259cdec17ca8", APIVersion:"apps/v1", ResourceVersion:"", FieldPath:""}): type: 'Normal' reason: 'NodeCurrentRevisionChanged' Updated node "ip-10-0-3-203.us-west-1.compute.internal" from revision 0 to 5 because static pod is ready
2026-01-28T09:38:19.146922114Z I0128 09:38:19.146895       1 status_controller.go:229] clusteroperator/kube-scheduler diff {"status":{"conditions":[{"lastTransitionTime":"2026-01-28T09:37:28Z","message":"NodeControllerDegraded: All master nodes are ready","reason":"AsExpected","status":"False","type":"Degraded"},{"lastTransitionTime":"2026-01-28T09:30:54Z","message":"NodeInstallerProgressing: 1 node is at revision 4; 2 nodes are at revision 5","reason":"NodeInstaller","status":"True","type":"Progressing"},{"lastTransitionTime":"2026-01-28T09:33:56Z","message":"StaticPodsAvailable: 3 nodes are active; 1 node is at revision 4; 2 nodes are at revision 5","reason":"AsExpected","status":"True","type":"Available"},{"lastTransitionTime":"2026-01-28T09:30:35Z","message":"All is well","reason":"AsExpected","status":"True","type":"Upgradeable"},{"lastTransitionTime":"2026-01-28T09:30:35Z","reason":"NoData","status":"Unknown","type":"EvaluationConditionsDetected"}]}}
2026-01-28T09:38:19.147312664Z I0128 09:38:19.147293       1 prune_controller.go:277] Nothing to prune
2026-01-28T09:38:19.156902614Z I0128 09:38:19.154402       1 event.go:377] Event(v1.ObjectReference{Kind:"Deployment", Namespace:"openshift-kube-scheduler-operator", Name:"openshift-kube-scheduler-operator", UID:"4ee73538-84c8-4928-8a20-259cdec17ca8", APIVersion:"apps/v1", ResourceVersion:"", FieldPath:""}): type: 'Normal' reason: 'OperatorStatusChanged' Status for clusteroperator/kube-scheduler changed: Progressing message changed from "NodeInstallerProgressing: 1 node is at revision 0; 1 node is at revision 4; 1 node is at revision 5" to "NodeInstallerProgressing: 1 node is at revision 4; 2 nodes are at revision 5",Available message changed from "StaticPodsAvailable: 2 nodes are active; 1 node is at revision 0; 1 node is at revision 4; 1 node is at revision 5" to "StaticPodsAvailable: 3 nodes are active; 1 node is at revision 4; 2 nodes are at revision 5"
2026-01-28T09:38:19.533440779Z I0128 09:38:19.533393       1 annotations.go:45] Updating "openshift.io/owning-component" annotation for serviceaccount-ca/openshift-kube-scheduler, diff:   string(
2026-01-28T09:38:19.533440779Z - 	"",
2026-01-28T09:38:19.533440779Z + 	"kube-scheduler",
2026-01-28T09:38:19.533440779Z   )
2026-01-28T09:38:20.331164975Z I0128 09:38:20.331099       1 request.go:752] "Waited before sending request" delay="1.179613449s" reason="client-side throttling, not priority and fairness" verb="GET" URL="https://172.30.0.1:443/api/v1/namespaces/openshift-kube-scheduler/pods/openshift-kube-scheduler-ip-10-0-102-200.us-west-1.compute.internal"
2026-01-28T09:38:23.534097370Z I0128 09:38:23.534004       1 installer_controller.go:562] node ip-10-0-102-200.us-west-1.compute.internal with revision 4 is the oldest and needs new revision 5
2026-01-28T09:38:23.534097370Z I0128 09:38:23.534079       1 installer_controller.go:570] "ip-10-0-102-200.us-west-1.compute.internal" moving to (v1.NodeStatus) {
2026-01-28T09:38:23.534097370Z  NodeName: (string) (len=42) "ip-10-0-102-200.us-west-1.compute.internal",
2026-01-28T09:38:23.534097370Z  CurrentRevision: (int32) 4,
2026-01-28T09:38:23.534097370Z  TargetRevision: (int32) 5,
2026-01-28T09:38:23.534097370Z  LastFailedRevision: (int32) 0,
2026-01-28T09:38:23.534097370Z  LastFailedTime: (*v1.Time)(<nil>),
2026-01-28T09:38:23.534097370Z  LastFailedReason: (string) "",
2026-01-28T09:38:23.534097370Z  LastFailedCount: (int) 0,
2026-01-28T09:38:23.534097370Z  LastFallbackCount: (int) 0,
2026-01-28T09:38:23.534097370Z  LastFailedRevisionErrors: ([]string) <nil>
2026-01-28T09:38:23.534097370Z }
2026-01-28T09:38:23.547046218Z I0128 09:38:23.546987       1 event.go:377] Event(v1.ObjectReference{Kind:"Deployment", Namespace:"openshift-kube-scheduler-operator", Name:"openshift-kube-scheduler-operator", UID:"4ee73538-84c8-4928-8a20-259cdec17ca8", APIVersion:"apps/v1", ResourceVersion:"", FieldPath:""}): type: 'Normal' reason: 'NodeTargetRevisionChanged' Updating node "ip-10-0-102-200.us-west-1.compute.internal" from revision 4 to 5 because node ip-10-0-102-200.us-west-1.compute.internal with revision 4 is the oldest
2026-01-28T09:38:23.550555304Z I0128 09:38:23.550520       1 prune_controller.go:277] Nothing to prune
2026-01-28T09:38:23.746631557Z I0128 09:38:23.746580       1 prune_controller.go:277] Nothing to prune
2026-01-28T09:38:24.734439097Z I0128 09:38:24.734382       1 annotations.go:45] Updating "openshift.io/owning-component" annotation for serviceaccount-ca/openshift-kube-scheduler, diff:   string(
2026-01-28T09:38:24.734439097Z - 	"",
2026-01-28T09:38:24.734439097Z + 	"kube-scheduler",
2026-01-28T09:38:24.734439097Z   )
2026-01-28T09:38:25.540338845Z I0128 09:38:25.540296       1 warnings.go:110] "Warning: metadata.name: this is used in the Pod's hostname, which can result in surprising behavior; a DNS label is recommended: [must not contain dots]"
2026-01-28T09:38:25.540812309Z I0128 09:38:25.540485       1 event.go:377] Event(v1.ObjectReference{Kind:"Deployment", Namespace:"openshift-kube-scheduler-operator", Name:"openshift-kube-scheduler-operator", UID:"4ee73538-84c8-4928-8a20-259cdec17ca8", APIVersion:"apps/v1", ResourceVersion:"", FieldPath:""}): type: 'Normal' reason: 'PodCreated' Created Pod/installer-5-ip-10-0-102-200.us-west-1.compute.internal -n openshift-kube-scheduler because it was missing
2026-01-28T09:38:26.731255571Z I0128 09:38:26.731191       1 request.go:752] "Waited before sending request" delay="1.190664753s" reason="client-side throttling, not priority and fairness" verb="GET" URL="https://172.30.0.1:443/api/v1/namespaces/openshift-kube-scheduler/pods/installer-5-ip-10-0-102-200.us-west-1.compute.internal"
2026-01-28T09:38:26.734265782Z I0128 09:38:26.734233       1 installer_controller.go:550] "ip-10-0-102-200.us-west-1.compute.internal" is in transition to 5, but has not made progress because installer is not finished, but in Pending phase
2026-01-28T09:38:27.931381078Z I0128 09:38:27.931321       1 request.go:752] "Waited before sending request" delay="1.191451632s" reason="client-side throttling, not priority and fairness" verb="GET" URL="https://172.30.0.1:443/api/v1/namespaces/openshift-kube-scheduler/pods/installer-5-ip-10-0-102-200.us-west-1.compute.internal"
2026-01-28T09:38:29.131408879Z I0128 09:38:29.131354       1 request.go:752] "Waited before sending request" delay="1.196755278s" reason="client-side throttling, not priority and fairness" verb="GET" URL="https://172.30.0.1:443/api/v1/namespaces/openshift-kube-scheduler/pods/installer-5-ip-10-0-102-200.us-west-1.compute.internal"
2026-01-28T09:38:29.134728526Z I0128 09:38:29.134700       1 installer_controller.go:550] "ip-10-0-102-200.us-west-1.compute.internal" is in transition to 5, but has not made progress because installer is not finished, but in Running phase
2026-01-28T09:38:31.133067964Z I0128 09:38:31.133002       1 installer_controller.go:550] "ip-10-0-102-200.us-west-1.compute.internal" is in transition to 5, but has not made progress because installer is not finished, but in Running phase
2026-01-28T09:38:32.133477414Z I0128 09:38:32.133421       1 annotations.go:45] Updating "openshift.io/owning-component" annotation for serviceaccount-ca/openshift-kube-scheduler, diff:   string(
2026-01-28T09:38:32.133477414Z - 	"",
2026-01-28T09:38:32.133477414Z + 	"kube-scheduler",
2026-01-28T09:38:32.133477414Z   )
2026-01-28T09:38:44.078512849Z I0128 09:38:44.078461       1 annotations.go:45] Updating "openshift.io/owning-component" annotation for serviceaccount-ca/openshift-kube-scheduler, diff:   string(
2026-01-28T09:38:44.078512849Z - 	"",
2026-01-28T09:38:44.078512849Z + 	"kube-scheduler",
2026-01-28T09:38:44.078512849Z   )
2026-01-28T09:38:57.450486688Z I0128 09:38:57.450434       1 installer_controller.go:550] "ip-10-0-102-200.us-west-1.compute.internal" is in transition to 5, but has not made progress because installer is not finished, but in Running phase
2026-01-28T09:39:00.037812264Z I0128 09:39:00.037762       1 installer_controller.go:550] "ip-10-0-102-200.us-west-1.compute.internal" is in transition to 5, but has not made progress because waiting for static pod of revision 5, found 4
2026-01-28T09:39:01.317442649Z I0128 09:39:01.317370       1 annotations.go:45] Updating "openshift.io/owning-component" annotation for serviceaccount-ca/openshift-kube-scheduler, diff:   string(
2026-01-28T09:39:01.317442649Z - 	"",
2026-01-28T09:39:01.317442649Z + 	"kube-scheduler",
2026-01-28T09:39:01.317442649Z   )
2026-01-28T09:39:08.108957028Z I0128 09:39:08.108899       1 installer_controller.go:550] "ip-10-0-102-200.us-west-1.compute.internal" is in transition to 5, but has not made progress because waiting for static pod of revision 5, found 4
2026-01-28T09:39:11.495210237Z I0128 09:39:11.495161       1 installer_controller.go:550] "ip-10-0-102-200.us-west-1.compute.internal" is in transition to 5, but has not made progress because static pod is pending
2026-01-28T09:39:13.496378101Z I0128 09:39:13.496325       1 installer_controller.go:550] "ip-10-0-102-200.us-west-1.compute.internal" is in transition to 5, but has not made progress because static pod is pending
2026-01-28T09:39:29.740554216Z I0128 09:39:29.740486       1 installer_controller.go:550] "ip-10-0-102-200.us-west-1.compute.internal" is in transition to 5, but has not made progress because static pod is pending
2026-01-28T09:39:32.139950303Z I0128 09:39:32.139902       1 installer_controller.go:550] "ip-10-0-102-200.us-west-1.compute.internal" is in transition to 5, but has not made progress because static pod is pending
2026-01-28T09:39:34.740561386Z I0128 09:39:34.740504       1 installer_controller.go:550] "ip-10-0-102-200.us-west-1.compute.internal" is in transition to 5, but has not made progress because static pod is pending
2026-01-28T09:39:51.824279442Z I0128 09:39:51.824222       1 event.go:377] Event(v1.ObjectReference{Kind:"Deployment", Namespace:"openshift-kube-scheduler-operator", Name:"openshift-kube-scheduler-operator", UID:"4ee73538-84c8-4928-8a20-259cdec17ca8", APIVersion:"apps/v1", ResourceVersion:"", FieldPath:""}): type: 'Normal' reason: 'StartingNewRevision' new revision 6 triggered by "required secret/localhost-recovery-client-token has changed"
2026-01-28T09:39:52.383238323Z I0128 09:39:52.382234       1 annotations.go:45] Updating "openshift.io/owning-component" annotation for serviceaccount-ca/openshift-kube-scheduler, diff:   string(
2026-01-28T09:39:52.383238323Z - 	"",
2026-01-28T09:39:52.383238323Z + 	"kube-scheduler",
2026-01-28T09:39:52.383238323Z   )
2026-01-28T09:39:52.719431111Z I0128 09:39:52.719388       1 prune_controller.go:277] Nothing to prune
2026-01-28T09:39:52.771886935Z I0128 09:39:52.771821       1 prune_controller.go:277] Nothing to prune
2026-01-28T09:39:53.775881917Z I0128 09:39:53.774737       1 prune_controller.go:277] Nothing to prune
2026-01-28T09:39:53.779656626Z I0128 09:39:53.772007       1 event.go:377] Event(v1.ObjectReference{Kind:"Deployment", Namespace:"openshift-kube-scheduler-operator", Name:"openshift-kube-scheduler-operator", UID:"4ee73538-84c8-4928-8a20-259cdec17ca8", APIVersion:"apps/v1", ResourceVersion:"", FieldPath:""}): type: 'Normal' reason: 'ConfigMapCreated' Created ConfigMap/kube-scheduler-pod-6 -n openshift-kube-scheduler because it was missing
2026-01-28T09:39:54.177251345Z I0128 09:39:54.174602       1 installer_controller.go:550] "ip-10-0-102-200.us-west-1.compute.internal" is in transition to 5, but has not made progress because static pod is pending
2026-01-28T09:39:54.771473850Z I0128 09:39:54.770493       1 event.go:377] Event(v1.ObjectReference{Kind:"Deployment", Namespace:"openshift-kube-scheduler-operator", Name:"openshift-kube-scheduler-operator", UID:"4ee73538-84c8-4928-8a20-259cdec17ca8", APIVersion:"apps/v1", ResourceVersion:"", FieldPath:""}): type: 'Normal' reason: 'ConfigMapCreated' Created ConfigMap/config-6 -n openshift-kube-scheduler because it was missing
2026-01-28T09:39:54.771473850Z I0128 09:39:54.770623       1 prune_controller.go:277] Nothing to prune
2026-01-28T09:39:55.771856722Z I0128 09:39:55.771619       1 event.go:377] Event(v1.ObjectReference{Kind:"Deployment", Namespace:"openshift-kube-scheduler-operator", Name:"openshift-kube-scheduler-operator", UID:"4ee73538-84c8-4928-8a20-259cdec17ca8", APIVersion:"apps/v1", ResourceVersion:"", FieldPath:""}): type: 'Normal' reason: 'ConfigMapCreated' Created ConfigMap/serviceaccount-ca-6 -n openshift-kube-scheduler because it was missing
2026-01-28T09:39:55.771856722Z I0128 09:39:55.771757       1 prune_controller.go:277] Nothing to prune
2026-01-28T09:39:56.769683696Z I0128 09:39:56.769630       1 prune_controller.go:277] Nothing to prune
2026-01-28T09:39:56.769749809Z I0128 09:39:56.769669       1 event.go:377] Event(v1.ObjectReference{Kind:"Deployment", Namespace:"openshift-kube-scheduler-operator", Name:"openshift-kube-scheduler-operator", UID:"4ee73538-84c8-4928-8a20-259cdec17ca8", APIVersion:"apps/v1", ResourceVersion:"", FieldPath:""}): type: 'Normal' reason: 'ConfigMapCreated' Created ConfigMap/scheduler-kubeconfig-6 -n openshift-kube-scheduler because it was missing
2026-01-28T09:39:56.967238939Z I0128 09:39:56.967177       1 installer_controller.go:550] "ip-10-0-102-200.us-west-1.compute.internal" is in transition to 5, but has not made progress because static pod is pending
2026-01-28T09:39:57.569576349Z I0128 09:39:57.569535       1 event.go:377] Event(v1.ObjectReference{Kind:"Deployment", Namespace:"openshift-kube-scheduler-operator", Name:"openshift-kube-scheduler-operator", UID:"4ee73538-84c8-4928-8a20-259cdec17ca8", APIVersion:"apps/v1", ResourceVersion:"", FieldPath:""}): type: 'Normal' reason: 'ConfigMapCreated' Created ConfigMap/kube-scheduler-cert-syncer-kubeconfig-6 -n openshift-kube-scheduler because it was missing
2026-01-28T09:39:57.570012491Z I0128 09:39:57.569975       1 prune_controller.go:277] Nothing to prune
2026-01-28T09:39:58.571324689Z I0128 09:39:58.571148       1 event.go:377] Event(v1.ObjectReference{Kind:"Deployment", Namespace:"openshift-kube-scheduler-operator", Name:"openshift-kube-scheduler-operator", UID:"4ee73538-84c8-4928-8a20-259cdec17ca8", APIVersion:"apps/v1", ResourceVersion:"", FieldPath:""}): type: 'Normal' reason: 'SecretCreated' Created Secret/serving-cert-6 -n openshift-kube-scheduler because it was missing
2026-01-28T09:39:59.168509222Z I0128 09:39:59.168464       1 annotations.go:45] Updating "openshift.io/owning-component" annotation for serviceaccount-ca/openshift-kube-scheduler, diff:   string(
2026-01-28T09:39:59.168509222Z - 	"",
2026-01-28T09:39:59.168509222Z + 	"kube-scheduler",
2026-01-28T09:39:59.168509222Z   )
2026-01-28T09:39:59.577618897Z I0128 09:39:59.576606       1 event.go:377] Event(v1.ObjectReference{Kind:"Deployment", Namespace:"openshift-kube-scheduler-operator", Name:"openshift-kube-scheduler-operator", UID:"4ee73538-84c8-4928-8a20-259cdec17ca8", APIVersion:"apps/v1", ResourceVersion:"", FieldPath:""}): type: 'Normal' reason: 'SecretCreated' Created Secret/localhost-recovery-client-token-6 -n openshift-kube-scheduler because it was missing
2026-01-28T09:39:59.967482199Z I0128 09:39:59.967441       1 installer_controller.go:550] "ip-10-0-102-200.us-west-1.compute.internal" is in transition to 5, but has not made progress because static pod is pending
2026-01-28T09:40:00.570186358Z I0128 09:40:00.570136       1 prune_controller.go:277] Nothing to prune
2026-01-28T09:40:00.570965367Z I0128 09:40:00.570931       1 event.go:377] Event(v1.ObjectReference{Kind:"Deployment", Namespace:"openshift-kube-scheduler-operator", Name:"openshift-kube-scheduler-operator", UID:"4ee73538-84c8-4928-8a20-259cdec17ca8", APIVersion:"apps/v1", ResourceVersion:"", FieldPath:""}): type: 'Normal' reason: 'RevisionTriggered' new revision 6 triggered by "required secret/localhost-recovery-client-token has changed"
2026-01-28T09:40:00.585488574Z I0128 09:40:00.585446       1 prune_controller.go:277] Nothing to prune
2026-01-28T09:40:01.764178685Z I0128 09:40:01.764131       1 request.go:752] "Waited before sending request" delay="1.180243609s" reason="client-side throttling, not priority and fairness" verb="GET" URL="https://172.30.0.1:443/api/v1/namespaces/openshift-kube-scheduler/serviceaccounts/installer-sa"
2026-01-28T09:40:02.764186427Z I0128 09:40:02.764139       1 request.go:752] "Waited before sending request" delay="1.196223957s" reason="client-side throttling, not priority and fairness" verb="GET" URL="https://172.30.0.1:443/api/v1/namespaces/openshift-kube-scheduler/pods/openshift-kube-scheduler-ip-10-0-108-54.us-west-1.compute.internal"
2026-01-28T09:40:03.567606110Z I0128 09:40:03.567539       1 installer_controller.go:550] "ip-10-0-102-200.us-west-1.compute.internal" is in transition to 5, but has not made progress because static pod is pending
2026-01-28T09:40:03.963714624Z I0128 09:40:03.963649       1 request.go:752] "Waited before sending request" delay="1.393279573s" reason="client-side throttling, not priority and fairness" verb="GET" URL="https://172.30.0.1:443/api/v1/namespaces/openshift-kube-scheduler/serviceaccounts/localhost-recovery-client"
2026-01-28T09:40:04.567823158Z I0128 09:40:04.567773       1 installer_controller.go:540] "ip-10-0-102-200.us-west-1.compute.internal" moving to (v1.NodeStatus) {
2026-01-28T09:40:04.567823158Z  NodeName: (string) (len=42) "ip-10-0-102-200.us-west-1.compute.internal",
2026-01-28T09:40:04.567823158Z  CurrentRevision: (int32) 4,
2026-01-28T09:40:04.567823158Z  TargetRevision: (int32) 6,
2026-01-28T09:40:04.567823158Z  LastFailedRevision: (int32) 0,
2026-01-28T09:40:04.567823158Z  LastFailedTime: (*v1.Time)(<nil>),
2026-01-28T09:40:04.567823158Z  LastFailedReason: (string) "",
2026-01-28T09:40:04.567823158Z  LastFailedCount: (int) 0,
2026-01-28T09:40:04.567823158Z  LastFallbackCount: (int) 0,
2026-01-28T09:40:04.567823158Z  LastFailedRevisionErrors: ([]string) <nil>
2026-01-28T09:40:04.567823158Z }
2026-01-28T09:40:04.567823158Z  because new revision pending
2026-01-28T09:40:04.584307471Z I0128 09:40:04.583957       1 prune_controller.go:277] Nothing to prune
2026-01-28T09:40:04.584682970Z I0128 09:40:04.584593       1 status_controller.go:229] clusteroperator/kube-scheduler diff {"status":{"conditions":[{"lastTransitionTime":"2026-01-28T09:37:28Z","message":"NodeControllerDegraded: All master nodes are ready","reason":"AsExpected","status":"False","type":"Degraded"},{"lastTransitionTime":"2026-01-28T09:30:54Z","message":"NodeInstallerProgressing: 1 node is at revision 4; 2 nodes are at revision 5; 0 nodes have achieved new revision 6","reason":"NodeInstaller","status":"True","type":"Progressing"},{"lastTransitionTime":"2026-01-28T09:33:56Z","message":"StaticPodsAvailable: 3 nodes are active; 1 node is at revision 4; 2 nodes are at revision 5; 0 nodes have achieved new revision 6","reason":"AsExpected","status":"True","type":"Available"},{"lastTransitionTime":"2026-01-28T09:30:35Z","message":"All is well","reason":"AsExpected","status":"True","type":"Upgradeable"},{"lastTransitionTime":"2026-01-28T09:30:35Z","reason":"NoData","status":"Unknown","type":"EvaluationConditionsDetected"}]}}
2026-01-28T09:40:04.598978256Z I0128 09:40:04.597911       1 event.go:377] Event(v1.ObjectReference{Kind:"Deployment", Namespace:"openshift-kube-scheduler-operator", Name:"openshift-kube-scheduler-operator", UID:"4ee73538-84c8-4928-8a20-259cdec17ca8", APIVersion:"apps/v1", ResourceVersion:"", FieldPath:""}): type: 'Normal' reason: 'OperatorStatusChanged' Status for clusteroperator/kube-scheduler changed: Progressing message changed from "NodeInstallerProgressing: 1 node is at revision 4; 2 nodes are at revision 5" to "NodeInstallerProgressing: 1 node is at revision 4; 2 nodes are at revision 5; 0 nodes have achieved new revision 6",Available message changed from "StaticPodsAvailable: 3 nodes are active; 1 node is at revision 4; 2 nodes are at revision 5" to "StaticPodsAvailable: 3 nodes are active; 1 node is at revision 4; 2 nodes are at revision 5; 0 nodes have achieved new revision 6"
2026-01-28T09:40:05.764592949Z I0128 09:40:05.764533       1 request.go:752] "Waited before sending request" delay="1.177379724s" reason="client-side throttling, not priority and fairness" verb="GET" URL="https://172.30.0.1:443/api/v1/namespaces/openshift-kube-scheduler/pods/installer-6-ip-10-0-102-200.us-west-1.compute.internal"
2026-01-28T09:40:06.773725227Z I0128 09:40:06.773678       1 warnings.go:110] "Warning: metadata.name: this is used in the Pod's hostname, which can result in surprising behavior; a DNS label is recommended: [must not contain dots]"
2026-01-28T09:40:06.773905776Z I0128 09:40:06.773867       1 event.go:377] Event(v1.ObjectReference{Kind:"Deployment", Namespace:"openshift-kube-scheduler-operator", Name:"openshift-kube-scheduler-operator", UID:"4ee73538-84c8-4928-8a20-259cdec17ca8", APIVersion:"apps/v1", ResourceVersion:"", FieldPath:""}): type: 'Normal' reason: 'PodCreated' Created Pod/installer-6-ip-10-0-102-200.us-west-1.compute.internal -n openshift-kube-scheduler because it was missing
2026-01-28T09:40:06.967653491Z I0128 09:40:06.967607       1 annotations.go:45] Updating "openshift.io/owning-component" annotation for serviceaccount-ca/openshift-kube-scheduler, diff:   string(
2026-01-28T09:40:06.967653491Z - 	"",
2026-01-28T09:40:06.967653491Z + 	"kube-scheduler",
2026-01-28T09:40:06.967653491Z   )
2026-01-28T09:40:07.768957449Z I0128 09:40:07.768447       1 installer_controller.go:550] "ip-10-0-102-200.us-west-1.compute.internal" is in transition to 6, but has not made progress because installer is not finished, but in Running phase
2026-01-28T09:40:07.963703373Z I0128 09:40:07.963651       1 request.go:752] "Waited before sending request" delay="1.189821838s" reason="client-side throttling, not priority and fairness" verb="GET" URL="https://172.30.0.1:443/api/v1/namespaces/openshift-kube-scheduler/pods?labelSelector=app%3Dinstaller"
2026-01-28T09:40:08.970704436Z I0128 09:40:08.967819       1 request.go:752] "Waited before sending request" delay="1.190193147s" reason="client-side throttling, not priority and fairness" verb="GET" URL="https://172.30.0.1:443/api/v1/namespaces/openshift-kube-scheduler/pods/installer-6-ip-10-0-102-200.us-west-1.compute.internal"
2026-01-28T09:40:10.163876560Z I0128 09:40:10.163824       1 request.go:752] "Waited before sending request" delay="1.191566245s" reason="client-side throttling, not priority and fairness" verb="GET" URL="https://172.30.0.1:443/api/v1/namespaces/openshift-kube-scheduler/pods/installer-6-ip-10-0-102-200.us-west-1.compute.internal"
2026-01-28T09:40:10.167273777Z I0128 09:40:10.167249       1 installer_controller.go:550] "ip-10-0-102-200.us-west-1.compute.internal" is in transition to 6, but has not made progress because installer is not finished, but in Running phase
2026-01-28T09:40:16.475048975Z I0128 09:40:16.474985       1 annotations.go:45] Updating "openshift.io/owning-component" annotation for serviceaccount-ca/openshift-kube-scheduler, diff:   string(
2026-01-28T09:40:16.475048975Z - 	"",
2026-01-28T09:40:16.475048975Z + 	"kube-scheduler",
2026-01-28T09:40:16.475048975Z   )
2026-01-28T09:40:21.572865576Z I0128 09:40:21.572828       1 installer_controller.go:550] "ip-10-0-102-200.us-west-1.compute.internal" is in transition to 6, but has not made progress because installer is not finished, but in Running phase
2026-01-28T09:40:38.782308448Z I0128 09:40:38.782268       1 installer_controller.go:550] "ip-10-0-102-200.us-west-1.compute.internal" is in transition to 6, but has not made progress because installer is not finished, but in Running phase
2026-01-28T09:40:41.378476742Z I0128 09:40:41.378432       1 installer_controller.go:550] "ip-10-0-102-200.us-west-1.compute.internal" is in transition to 6, but has not made progress because waiting for static pod of revision 6, found 5
2026-01-28T09:40:51.483496199Z I0128 09:40:51.483440       1 installer_controller.go:550] "ip-10-0-102-200.us-west-1.compute.internal" is in transition to 6, but has not made progress because static pod is pending
2026-01-28T09:40:52.280170854Z I0128 09:40:52.280115       1 request.go:752] "Waited before sending request" delay="1.059367651s" reason="client-side throttling, not priority and fairness" verb="GET" URL="https://172.30.0.1:443/api/v1/namespaces/openshift-kube-scheduler/configmaps/config"
2026-01-28T09:40:52.284820355Z I0128 09:40:52.284785       1 annotations.go:45] Updating "openshift.io/owning-component" annotation for serviceaccount-ca/openshift-kube-scheduler, diff:   string(
2026-01-28T09:40:52.284820355Z - 	"",
2026-01-28T09:40:52.284820355Z + 	"kube-scheduler",
2026-01-28T09:40:52.284820355Z   )
2026-01-28T09:40:53.280268627Z I0128 09:40:53.280217       1 request.go:752] "Waited before sending request" delay="1.172435558s" reason="client-side throttling, not priority and fairness" verb="GET" URL="https://172.30.0.1:443/api/v1/namespaces/openshift-kube-scheduler/services/scheduler"
2026-01-28T09:40:54.888819771Z I0128 09:40:54.888773       1 installer_controller.go:550] "ip-10-0-102-200.us-west-1.compute.internal" is in transition to 6, but has not made progress because static pod is pending
2026-01-28T09:40:57.083873298Z I0128 09:40:57.083821       1 installer_controller.go:550] "ip-10-0-102-200.us-west-1.compute.internal" is in transition to 6, but has not made progress because static pod is pending
2026-01-28T09:41:01.326469618Z I0128 09:41:01.326425       1 annotations.go:45] Updating "openshift.io/owning-component" annotation for serviceaccount-ca/openshift-kube-scheduler, diff:   string(
2026-01-28T09:41:01.326469618Z - 	"",
2026-01-28T09:41:01.326469618Z + 	"kube-scheduler",
2026-01-28T09:41:01.326469618Z   )
2026-01-28T09:41:06.574321905Z I0128 09:41:06.574273       1 reflector.go:430] "Caches populated" type="*v1.Scheduler" reflector="k8s.io/client-go@v0.33.2/tools/cache/reflector.go:285"
2026-01-28T09:41:06.577414819Z I0128 09:41:06.577359       1 annotations.go:45] Updating "openshift.io/owning-component" annotation for serviceaccount-ca/openshift-kube-scheduler, diff:   string(
2026-01-28T09:41:06.577414819Z - 	"",
2026-01-28T09:41:06.577414819Z + 	"kube-scheduler",
2026-01-28T09:41:06.577414819Z   )
2026-01-28T09:41:44.045907851Z I0128 09:41:44.045851       1 installer_controller.go:540] "ip-10-0-102-200.us-west-1.compute.internal" moving to (v1.NodeStatus) {
2026-01-28T09:41:44.045907851Z  NodeName: (string) (len=42) "ip-10-0-102-200.us-west-1.compute.internal",
2026-01-28T09:41:44.045907851Z  CurrentRevision: (int32) 6,
2026-01-28T09:41:44.045907851Z  TargetRevision: (int32) 0,
2026-01-28T09:41:44.045907851Z  LastFailedRevision: (int32) 0,
2026-01-28T09:41:44.045907851Z  LastFailedTime: (*v1.Time)(<nil>),
2026-01-28T09:41:44.045907851Z  LastFailedReason: (string) "",
2026-01-28T09:41:44.045907851Z  LastFailedCount: (int) 0,
2026-01-28T09:41:44.045907851Z  LastFallbackCount: (int) 0,
2026-01-28T09:41:44.045907851Z  LastFailedRevisionErrors: ([]string) <nil>
2026-01-28T09:41:44.045907851Z }
2026-01-28T09:41:44.045907851Z  because static pod is ready
2026-01-28T09:41:44.060367212Z I0128 09:41:44.060336       1 event.go:377] Event(v1.ObjectReference{Kind:"Deployment", Namespace:"openshift-kube-scheduler-operator", Name:"openshift-kube-scheduler-operator", UID:"4ee73538-84c8-4928-8a20-259cdec17ca8", APIVersion:"apps/v1", ResourceVersion:"", FieldPath:""}): type: 'Normal' reason: 'NodeCurrentRevisionChanged' Updated node "ip-10-0-102-200.us-west-1.compute.internal" from revision 4 to 6 because static pod is ready
2026-01-28T09:41:44.061338290Z I0128 09:41:44.061315       1 status_controller.go:229] clusteroperator/kube-scheduler diff {"status":{"conditions":[{"lastTransitionTime":"2026-01-28T09:37:28Z","message":"NodeControllerDegraded: All master nodes are ready","reason":"AsExpected","status":"False","type":"Degraded"},{"lastTransitionTime":"2026-01-28T09:30:54Z","message":"NodeInstallerProgressing: 2 nodes are at revision 5; 1 node is at revision 6","reason":"NodeInstaller","status":"True","type":"Progressing"},{"lastTransitionTime":"2026-01-28T09:33:56Z","message":"StaticPodsAvailable: 3 nodes are active; 2 nodes are at revision 5; 1 node is at revision 6","reason":"AsExpected","status":"True","type":"Available"},{"lastTransitionTime":"2026-01-28T09:30:35Z","message":"All is well","reason":"AsExpected","status":"True","type":"Upgradeable"},{"lastTransitionTime":"2026-01-28T09:30:35Z","reason":"NoData","status":"Unknown","type":"EvaluationConditionsDetected"}]}}
2026-01-28T09:41:44.064331329Z I0128 09:41:44.064309       1 prune_controller.go:277] Nothing to prune
2026-01-28T09:41:44.079719926Z I0128 09:41:44.073193       1 event.go:377] Event(v1.ObjectReference{Kind:"Deployment", Namespace:"openshift-kube-scheduler-operator", Name:"openshift-kube-scheduler-operator", UID:"4ee73538-84c8-4928-8a20-259cdec17ca8", APIVersion:"apps/v1", ResourceVersion:"", FieldPath:""}): type: 'Normal' reason: 'OperatorStatusChanged' Status for clusteroperator/kube-scheduler changed: Progressing message changed from "NodeInstallerProgressing: 1 node is at revision 4; 2 nodes are at revision 5; 0 nodes have achieved new revision 6" to "NodeInstallerProgressing: 2 nodes are at revision 5; 1 node is at revision 6",Available message changed from "StaticPodsAvailable: 3 nodes are active; 1 node is at revision 4; 2 nodes are at revision 5; 0 nodes have achieved new revision 6" to "StaticPodsAvailable: 3 nodes are active; 2 nodes are at revision 5; 1 node is at revision 6"
2026-01-28T09:41:44.845392586Z I0128 09:41:44.845327       1 annotations.go:45] Updating "openshift.io/owning-component" annotation for serviceaccount-ca/openshift-kube-scheduler, diff:   string(
2026-01-28T09:41:44.845392586Z - 	"",
2026-01-28T09:41:44.845392586Z + 	"kube-scheduler",
2026-01-28T09:41:44.845392586Z   )
2026-01-28T09:41:45.242282786Z I0128 09:41:45.242221       1 request.go:752] "Waited before sending request" delay="1.161027354s" reason="client-side throttling, not priority and fairness" verb="GET" URL="https://172.30.0.1:443/api/v1/namespaces/openshift-kube-scheduler/pods/openshift-kube-scheduler-ip-10-0-102-200.us-west-1.compute.internal"
2026-01-28T09:41:49.045986758Z I0128 09:41:49.045904       1 installer_controller.go:562] node ip-10-0-108-54.us-west-1.compute.internal with revision 5 is the oldest and needs new revision 6
2026-01-28T09:41:49.045986758Z I0128 09:41:49.045958       1 installer_controller.go:570] "ip-10-0-108-54.us-west-1.compute.internal" moving to (v1.NodeStatus) {
2026-01-28T09:41:49.045986758Z  NodeName: (string) (len=41) "ip-10-0-108-54.us-west-1.compute.internal",
2026-01-28T09:41:49.045986758Z  CurrentRevision: (int32) 5,
2026-01-28T09:41:49.045986758Z  TargetRevision: (int32) 6,
2026-01-28T09:41:49.045986758Z  LastFailedRevision: (int32) 0,
2026-01-28T09:41:49.045986758Z  LastFailedTime: (*v1.Time)(<nil>),
2026-01-28T09:41:49.045986758Z  LastFailedReason: (string) "",
2026-01-28T09:41:49.045986758Z  LastFailedCount: (int) 0,
2026-01-28T09:41:49.045986758Z  LastFallbackCount: (int) 0,
2026-01-28T09:41:49.045986758Z  LastFailedRevisionErrors: ([]string) <nil>
2026-01-28T09:41:49.045986758Z }
2026-01-28T09:41:49.065087179Z I0128 09:41:49.065007       1 event.go:377] Event(v1.ObjectReference{Kind:"Deployment", Namespace:"openshift-kube-scheduler-operator", Name:"openshift-kube-scheduler-operator", UID:"4ee73538-84c8-4928-8a20-259cdec17ca8", APIVersion:"apps/v1", ResourceVersion:"", FieldPath:""}): type: 'Normal' reason: 'NodeTargetRevisionChanged' Updating node "ip-10-0-108-54.us-west-1.compute.internal" from revision 5 to 6 because node ip-10-0-108-54.us-west-1.compute.internal with revision 5 is the oldest
2026-01-28T09:41:49.068210795Z I0128 09:41:49.068166       1 prune_controller.go:277] Nothing to prune
2026-01-28T09:41:50.242089279Z I0128 09:41:50.242044       1 request.go:752] "Waited before sending request" delay="1.166633132s" reason="client-side throttling, not priority and fairness" verb="GET" URL="https://172.30.0.1:443/api/v1/namespaces/openshift-kube-scheduler/pods/installer-6-ip-10-0-108-54.us-west-1.compute.internal"
2026-01-28T09:41:50.645448531Z I0128 09:41:50.645407       1 annotations.go:45] Updating "openshift.io/owning-component" annotation for serviceaccount-ca/openshift-kube-scheduler, diff:   string(
2026-01-28T09:41:50.645448531Z - 	"",
2026-01-28T09:41:50.645448531Z + 	"kube-scheduler",
2026-01-28T09:41:50.645448531Z   )
2026-01-28T09:41:51.254074048Z I0128 09:41:51.253699       1 warnings.go:110] "Warning: metadata.name: this is used in the Pod's hostname, which can result in surprising behavior; a DNS label is recommended: [must not contain dots]"
2026-01-28T09:41:51.257110399Z I0128 09:41:51.257075       1 event.go:377] Event(v1.ObjectReference{Kind:"Deployment", Namespace:"openshift-kube-scheduler-operator", Name:"openshift-kube-scheduler-operator", UID:"4ee73538-84c8-4928-8a20-259cdec17ca8", APIVersion:"apps/v1", ResourceVersion:"", FieldPath:""}): type: 'Normal' reason: 'PodCreated' Created Pod/installer-6-ip-10-0-108-54.us-west-1.compute.internal -n openshift-kube-scheduler because it was missing
2026-01-28T09:41:52.245259112Z I0128 09:41:52.245214       1 installer_controller.go:550] "ip-10-0-108-54.us-west-1.compute.internal" is in transition to 6, but has not made progress because installer is not finished, but in Pending phase
2026-01-28T09:41:52.442650444Z I0128 09:41:52.442593       1 request.go:752] "Waited before sending request" delay="1.185679192s" reason="client-side throttling, not priority and fairness" verb="GET" URL="https://172.30.0.1:443/api/v1/namespaces/openshift-kube-scheduler/pods?labelSelector=app%3Dinstaller"
2026-01-28T09:41:53.442815115Z I0128 09:41:53.442773       1 request.go:752] "Waited before sending request" delay="1.191821578s" reason="client-side throttling, not priority and fairness" verb="GET" URL="https://172.30.0.1:443/api/v1/namespaces/openshift-kube-scheduler/pods/installer-6-ip-10-0-108-54.us-west-1.compute.internal"
2026-01-28T09:41:54.445325392Z I0128 09:41:54.445280       1 installer_controller.go:550] "ip-10-0-108-54.us-west-1.compute.internal" is in transition to 6, but has not made progress because installer is not finished, but in Running phase
2026-01-28T09:41:56.245223976Z I0128 09:41:56.245169       1 installer_controller.go:550] "ip-10-0-108-54.us-west-1.compute.internal" is in transition to 6, but has not made progress because installer is not finished, but in Running phase
2026-01-28T09:41:57.651352978Z I0128 09:41:57.650492       1 annotations.go:45] Updating "openshift.io/owning-component" annotation for serviceaccount-ca/openshift-kube-scheduler, diff:   string(
2026-01-28T09:41:57.651352978Z - 	"",
2026-01-28T09:41:57.651352978Z + 	"kube-scheduler",
2026-01-28T09:41:57.651352978Z   )
2026-01-28T09:42:01.216066115Z I0128 09:42:01.215983       1 prune_controller.go:277] Nothing to prune
2026-01-28T09:42:01.216238823Z I0128 09:42:01.216225       1 prune_controller.go:277] Nothing to prune
2026-01-28T09:42:01.216368060Z I0128 09:42:01.216356       1 prune_controller.go:277] Nothing to prune
2026-01-28T09:42:01.216466305Z I0128 09:42:01.216455       1 prune_controller.go:277] Nothing to prune
2026-01-28T09:42:01.216564500Z I0128 09:42:01.216552       1 prune_controller.go:277] Nothing to prune
2026-01-28T09:42:01.216661364Z I0128 09:42:01.216651       1 prune_controller.go:277] Nothing to prune
2026-01-28T09:42:01.216755249Z I0128 09:42:01.216745       1 prune_controller.go:277] Nothing to prune
2026-01-28T09:42:01.216848034Z I0128 09:42:01.216838       1 prune_controller.go:277] Nothing to prune
2026-01-28T09:42:01.244065970Z I0128 09:42:01.244005       1 annotations.go:45] Updating "openshift.io/owning-component" annotation for serviceaccount-ca/openshift-kube-scheduler, diff:   string(
2026-01-28T09:42:01.244065970Z - 	"",
2026-01-28T09:42:01.244065970Z + 	"kube-scheduler",
2026-01-28T09:42:01.244065970Z   )
2026-01-28T09:42:02.642447676Z I0128 09:42:02.642406       1 request.go:752] "Waited before sending request" delay="1.033122517s" reason="client-side throttling, not priority and fairness" verb="GET" URL="https://172.30.0.1:443/api/v1/namespaces/openshift-kube-scheduler/pods?labelSelector=app%3Dinstaller"
2026-01-28T09:42:03.447567612Z I0128 09:42:03.447489       1 installer_controller.go:550] "ip-10-0-108-54.us-west-1.compute.internal" is in transition to 6, but has not made progress because installer is not finished, but in Running phase
2026-01-28T09:42:03.647172478Z I0128 09:42:03.647126       1 request.go:752] "Waited before sending request" delay="1.402827127s" reason="client-side throttling, not priority and fairness" verb="GET" URL="https://172.30.0.1:443/api/v1/namespaces/openshift-kube-scheduler/serviceaccounts/localhost-recovery-client"
2026-01-28T09:42:04.842930048Z I0128 09:42:04.842856       1 request.go:752] "Waited before sending request" delay="1.162609039s" reason="client-side throttling, not priority and fairness" verb="GET" URL="https://172.30.0.1:443/api/v1/namespaces/openshift-kube-scheduler/secrets/localhost-recovery-client-token"
2026-01-28T09:42:05.655535037Z I0128 09:42:05.655403       1 installer_controller.go:550] "ip-10-0-108-54.us-west-1.compute.internal" is in transition to 6, but has not made progress because installer is not finished, but in Running phase
2026-01-28T09:42:08.244620332Z I0128 09:42:08.244580       1 annotations.go:45] Updating "openshift.io/owning-component" annotation for serviceaccount-ca/openshift-kube-scheduler, diff:   string(
2026-01-28T09:42:08.244620332Z - 	"",
2026-01-28T09:42:08.244620332Z + 	"kube-scheduler",
2026-01-28T09:42:08.244620332Z   )
2026-01-28T09:42:25.518471045Z I0128 09:42:25.518406       1 installer_controller.go:550] "ip-10-0-108-54.us-west-1.compute.internal" is in transition to 6, but has not made progress because installer is not finished, but in Running phase
2026-01-28T09:42:27.516358260Z I0128 09:42:27.516291       1 installer_controller.go:550] "ip-10-0-108-54.us-west-1.compute.internal" is in transition to 6, but has not made progress because waiting for static pod of revision 6, found 5
2026-01-28T09:42:36.715870544Z I0128 09:42:36.715815       1 installer_controller.go:550] "ip-10-0-108-54.us-west-1.compute.internal" is in transition to 6, but has not made progress because static pod is pending
2026-01-28T09:42:39.115698085Z I0128 09:42:39.115656       1 installer_controller.go:550] "ip-10-0-108-54.us-west-1.compute.internal" is in transition to 6, but has not made progress because static pod is pending
2026-01-28T09:42:41.316904301Z I0128 09:42:41.316857       1 installer_controller.go:550] "ip-10-0-108-54.us-west-1.compute.internal" is in transition to 6, but has not made progress because static pod is pending
2026-01-28T09:42:43.124833246Z I0128 09:42:43.122997       1 installer_controller.go:550] "ip-10-0-108-54.us-west-1.compute.internal" is in transition to 6, but has not made progress because static pod is pending
2026-01-28T09:43:01.319963387Z I0128 09:43:01.319922       1 annotations.go:45] Updating "openshift.io/owning-component" annotation for serviceaccount-ca/openshift-kube-scheduler, diff:   string(
2026-01-28T09:43:01.319963387Z - 	"",
2026-01-28T09:43:01.319963387Z + 	"kube-scheduler",
2026-01-28T09:43:01.319963387Z   )
2026-01-28T09:43:30.563444680Z I0128 09:43:30.563370       1 installer_controller.go:540] "ip-10-0-108-54.us-west-1.compute.internal" moving to (v1.NodeStatus) {
2026-01-28T09:43:30.563444680Z  NodeName: (string) (len=41) "ip-10-0-108-54.us-west-1.compute.internal",
2026-01-28T09:43:30.563444680Z  CurrentRevision: (int32) 6,
2026-01-28T09:43:30.563444680Z  TargetRevision: (int32) 0,
2026-01-28T09:43:30.563444680Z  LastFailedRevision: (int32) 0,
2026-01-28T09:43:30.563444680Z  LastFailedTime: (*v1.Time)(<nil>),
2026-01-28T09:43:30.563444680Z  LastFailedReason: (string) "",
2026-01-28T09:43:30.563444680Z  LastFailedCount: (int) 0,
2026-01-28T09:43:30.563444680Z  LastFallbackCount: (int) 0,
2026-01-28T09:43:30.563444680Z  LastFailedRevisionErrors: ([]string) <nil>
2026-01-28T09:43:30.563444680Z }
2026-01-28T09:43:30.563444680Z  because static pod is ready
2026-01-28T09:43:30.583310970Z I0128 09:43:30.583265       1 event.go:377] Event(v1.ObjectReference{Kind:"Deployment", Namespace:"openshift-kube-scheduler-operator", Name:"openshift-kube-scheduler-operator", UID:"4ee73538-84c8-4928-8a20-259cdec17ca8", APIVersion:"apps/v1", ResourceVersion:"", FieldPath:""}): type: 'Normal' reason: 'NodeCurrentRevisionChanged' Updated node "ip-10-0-108-54.us-west-1.compute.internal" from revision 5 to 6 because static pod is ready
2026-01-28T09:43:30.583487159Z I0128 09:43:30.583469       1 status_controller.go:229] clusteroperator/kube-scheduler diff {"status":{"conditions":[{"lastTransitionTime":"2026-01-28T09:37:28Z","message":"NodeControllerDegraded: All master nodes are ready","reason":"AsExpected","status":"False","type":"Degraded"},{"lastTransitionTime":"2026-01-28T09:30:54Z","message":"NodeInstallerProgressing: 1 node is at revision 5; 2 nodes are at revision 6","reason":"NodeInstaller","status":"True","type":"Progressing"},{"lastTransitionTime":"2026-01-28T09:33:56Z","message":"StaticPodsAvailable: 3 nodes are active; 1 node is at revision 5; 2 nodes are at revision 6","reason":"AsExpected","status":"True","type":"Available"},{"lastTransitionTime":"2026-01-28T09:30:35Z","message":"All is well","reason":"AsExpected","status":"True","type":"Upgradeable"},{"lastTransitionTime":"2026-01-28T09:30:35Z","reason":"NoData","status":"Unknown","type":"EvaluationConditionsDetected"}]}}
2026-01-28T09:43:30.586241016Z I0128 09:43:30.586218       1 prune_controller.go:277] Nothing to prune
2026-01-28T09:43:30.619237621Z I0128 09:43:30.615016       1 event.go:377] Event(v1.ObjectReference{Kind:"Deployment", Namespace:"openshift-kube-scheduler-operator", Name:"openshift-kube-scheduler-operator", UID:"4ee73538-84c8-4928-8a20-259cdec17ca8", APIVersion:"apps/v1", ResourceVersion:"", FieldPath:""}): type: 'Normal' reason: 'OperatorStatusChanged' Status for clusteroperator/kube-scheduler changed: Progressing message changed from "NodeInstallerProgressing: 2 nodes are at revision 5; 1 node is at revision 6" to "NodeInstallerProgressing: 1 node is at revision 5; 2 nodes are at revision 6",Available message changed from "StaticPodsAvailable: 3 nodes are active; 2 nodes are at revision 5; 1 node is at revision 6" to "StaticPodsAvailable: 3 nodes are active; 1 node is at revision 5; 2 nodes are at revision 6"
2026-01-28T09:43:30.958212727Z I0128 09:43:30.958166       1 annotations.go:45] Updating "openshift.io/owning-component" annotation for serviceaccount-ca/openshift-kube-scheduler, diff:   string(
2026-01-28T09:43:30.958212727Z - 	"",
2026-01-28T09:43:30.958212727Z + 	"kube-scheduler",
2026-01-28T09:43:30.958212727Z   )
2026-01-28T09:43:31.754275605Z I0128 09:43:31.754210       1 request.go:752] "Waited before sending request" delay="1.149686124s" reason="client-side throttling, not priority and fairness" verb="GET" URL="https://172.30.0.1:443/api/v1/namespaces/openshift-kube-scheduler/pods/openshift-kube-scheduler-ip-10-0-102-200.us-west-1.compute.internal"
2026-01-28T09:43:34.959649922Z I0128 09:43:34.959582       1 installer_controller.go:562] node ip-10-0-3-203.us-west-1.compute.internal with revision 5 is the oldest and needs new revision 6
2026-01-28T09:43:34.959768288Z I0128 09:43:34.959751       1 installer_controller.go:570] "ip-10-0-3-203.us-west-1.compute.internal" moving to (v1.NodeStatus) {
2026-01-28T09:43:34.959768288Z  NodeName: (string) (len=40) "ip-10-0-3-203.us-west-1.compute.internal",
2026-01-28T09:43:34.959768288Z  CurrentRevision: (int32) 5,
2026-01-28T09:43:34.959768288Z  TargetRevision: (int32) 6,
2026-01-28T09:43:34.959768288Z  LastFailedRevision: (int32) 0,
2026-01-28T09:43:34.959768288Z  LastFailedTime: (*v1.Time)(<nil>),
2026-01-28T09:43:34.959768288Z  LastFailedReason: (string) "",
2026-01-28T09:43:34.959768288Z  LastFailedCount: (int) 0,
2026-01-28T09:43:34.959768288Z  LastFallbackCount: (int) 0,
2026-01-28T09:43:34.959768288Z  LastFailedRevisionErrors: ([]string) <nil>
2026-01-28T09:43:34.959768288Z }
2026-01-28T09:43:34.978940093Z I0128 09:43:34.978861       1 event.go:377] Event(v1.ObjectReference{Kind:"Deployment", Namespace:"openshift-kube-scheduler-operator", Name:"openshift-kube-scheduler-operator", UID:"4ee73538-84c8-4928-8a20-259cdec17ca8", APIVersion:"apps/v1", ResourceVersion:"", FieldPath:""}): type: 'Normal' reason: 'NodeTargetRevisionChanged' Updating node "ip-10-0-3-203.us-west-1.compute.internal" from revision 5 to 6 because node ip-10-0-3-203.us-west-1.compute.internal with revision 5 is the oldest
2026-01-28T09:43:34.979277340Z I0128 09:43:34.979255       1 prune_controller.go:277] Nothing to prune
2026-01-28T09:43:36.156868185Z I0128 09:43:36.156822       1 annotations.go:45] Updating "openshift.io/owning-component" annotation for serviceaccount-ca/openshift-kube-scheduler, diff:   string(
2026-01-28T09:43:36.156868185Z - 	"",
2026-01-28T09:43:36.156868185Z + 	"kube-scheduler",
2026-01-28T09:43:36.156868185Z   )
2026-01-28T09:43:36.763246439Z I0128 09:43:36.763191       1 warnings.go:110] "Warning: metadata.name: this is used in the Pod's hostname, which can result in surprising behavior; a DNS label is recommended: [must not contain dots]"
2026-01-28T09:43:36.763436328Z I0128 09:43:36.763408       1 event.go:377] Event(v1.ObjectReference{Kind:"Deployment", Namespace:"openshift-kube-scheduler-operator", Name:"openshift-kube-scheduler-operator", UID:"4ee73538-84c8-4928-8a20-259cdec17ca8", APIVersion:"apps/v1", ResourceVersion:"", FieldPath:""}): type: 'Normal' reason: 'PodCreated' Created Pod/installer-6-ip-10-0-3-203.us-west-1.compute.internal -n openshift-kube-scheduler because it was missing
2026-01-28T09:43:37.954609710Z I0128 09:43:37.954558       1 request.go:752] "Waited before sending request" delay="1.191063307s" reason="client-side throttling, not priority and fairness" verb="GET" URL="https://172.30.0.1:443/api/v1/namespaces/openshift-kube-scheduler/pods/installer-6-ip-10-0-3-203.us-west-1.compute.internal"
2026-01-28T09:43:37.957224080Z I0128 09:43:37.957191       1 installer_controller.go:550] "ip-10-0-3-203.us-west-1.compute.internal" is in transition to 6, but has not made progress because installer is not finished, but in Pending phase
2026-01-28T09:43:38.954702238Z I0128 09:43:38.954645       1 request.go:752] "Waited before sending request" delay="1.195069706s" reason="client-side throttling, not priority and fairness" verb="GET" URL="https://172.30.0.1:443/api/v1/namespaces/openshift-kube-scheduler/pods?labelSelector=app%3Dinstaller"
2026-01-28T09:43:40.162116269Z I0128 09:43:40.160872       1 installer_controller.go:550] "ip-10-0-3-203.us-west-1.compute.internal" is in transition to 6, but has not made progress because installer is not finished, but in Running phase
2026-01-28T09:43:41.757516939Z I0128 09:43:41.757475       1 installer_controller.go:550] "ip-10-0-3-203.us-west-1.compute.internal" is in transition to 6, but has not made progress because installer is not finished, but in Running phase
2026-01-28T09:43:43.356373431Z I0128 09:43:43.356328       1 annotations.go:45] Updating "openshift.io/owning-component" annotation for serviceaccount-ca/openshift-kube-scheduler, diff:   string(
2026-01-28T09:43:43.356373431Z - 	"",
2026-01-28T09:43:43.356373431Z + 	"kube-scheduler",
2026-01-28T09:43:43.356373431Z   )
2026-01-28T09:44:01.320490382Z I0128 09:44:01.320449       1 annotations.go:45] Updating "openshift.io/owning-component" annotation for serviceaccount-ca/openshift-kube-scheduler, diff:   string(
2026-01-28T09:44:01.320490382Z - 	"",
2026-01-28T09:44:01.320490382Z + 	"kube-scheduler",
2026-01-28T09:44:01.320490382Z   )
2026-01-28T09:44:09.268526237Z I0128 09:44:09.268477       1 annotations.go:45] Updating "openshift.io/owning-component" annotation for serviceaccount-ca/openshift-kube-scheduler, diff:   string(
2026-01-28T09:44:09.268526237Z - 	"",
2026-01-28T09:44:09.268526237Z + 	"kube-scheduler",
2026-01-28T09:44:09.268526237Z   )
2026-01-28T09:44:09.858533878Z I0128 09:44:09.858493       1 installer_controller.go:550] "ip-10-0-3-203.us-west-1.compute.internal" is in transition to 6, but has not made progress because installer is not finished, but in Running phase
2026-01-28T09:44:12.672289242Z I0128 09:44:12.672204       1 installer_controller.go:550] "ip-10-0-3-203.us-west-1.compute.internal" is in transition to 6, but has not made progress because waiting for static pod of revision 6, found 5
2026-01-28T09:44:20.139212952Z I0128 09:44:20.139151       1 installer_controller.go:550] "ip-10-0-3-203.us-west-1.compute.internal" is in transition to 6, but has not made progress because waiting for static pod of revision 6, found 5
2026-01-28T09:44:24.847253093Z I0128 09:44:24.847162       1 installer_controller.go:550] "ip-10-0-3-203.us-west-1.compute.internal" is in transition to 6, but has not made progress because static pod is pending
2026-01-28T09:44:26.634733500Z I0128 09:44:26.634677       1 installer_controller.go:550] "ip-10-0-3-203.us-west-1.compute.internal" is in transition to 6, but has not made progress because static pod is pending
2026-01-28T09:44:54.954440340Z I0128 09:44:54.954398       1 installer_controller.go:550] "ip-10-0-3-203.us-west-1.compute.internal" is in transition to 6, but has not made progress because static pod is pending
2026-01-28T09:44:57.154640699Z I0128 09:44:57.154575       1 installer_controller.go:550] "ip-10-0-3-203.us-west-1.compute.internal" is in transition to 6, but has not made progress because static pod is pending
2026-01-28T09:45:01.322304647Z I0128 09:45:01.322221       1 annotations.go:45] Updating "openshift.io/owning-component" annotation for serviceaccount-ca/openshift-kube-scheduler, diff:   string(
2026-01-28T09:45:01.322304647Z - 	"",
2026-01-28T09:45:01.322304647Z + 	"kube-scheduler",
2026-01-28T09:45:01.322304647Z   )
2026-01-28T09:45:45.914636250Z I0128 09:45:45.914577       1 installer_controller.go:540] "ip-10-0-3-203.us-west-1.compute.internal" moving to (v1.NodeStatus) {
2026-01-28T09:45:45.914636250Z  NodeName: (string) (len=40) "ip-10-0-3-203.us-west-1.compute.internal",
2026-01-28T09:45:45.914636250Z  CurrentRevision: (int32) 6,
2026-01-28T09:45:45.914636250Z  TargetRevision: (int32) 0,
2026-01-28T09:45:45.914636250Z  LastFailedRevision: (int32) 0,
2026-01-28T09:45:45.914636250Z  LastFailedTime: (*v1.Time)(<nil>),
2026-01-28T09:45:45.914636250Z  LastFailedReason: (string) "",
2026-01-28T09:45:45.914636250Z  LastFailedCount: (int) 0,
2026-01-28T09:45:45.914636250Z  LastFallbackCount: (int) 0,
2026-01-28T09:45:45.914636250Z  LastFailedRevisionErrors: ([]string) <nil>
2026-01-28T09:45:45.914636250Z }
2026-01-28T09:45:45.914636250Z  because static pod is ready
2026-01-28T09:45:45.929925960Z I0128 09:45:45.929875       1 event.go:377] Event(v1.ObjectReference{Kind:"Deployment", Namespace:"openshift-kube-scheduler-operator", Name:"openshift-kube-scheduler-operator", UID:"4ee73538-84c8-4928-8a20-259cdec17ca8", APIVersion:"apps/v1", ResourceVersion:"", FieldPath:""}): type: 'Normal' reason: 'NodeCurrentRevisionChanged' Updated node "ip-10-0-3-203.us-west-1.compute.internal" from revision 5 to 6 because static pod is ready
2026-01-28T09:45:45.931219565Z I0128 09:45:45.931187       1 status_controller.go:229] clusteroperator/kube-scheduler diff {"status":{"conditions":[{"lastTransitionTime":"2026-01-28T09:37:28Z","message":"NodeControllerDegraded: All master nodes are ready","reason":"AsExpected","status":"False","type":"Degraded"},{"lastTransitionTime":"2026-01-28T09:45:45Z","message":"NodeInstallerProgressing: 3 nodes are at revision 6","reason":"AsExpected","status":"False","type":"Progressing"},{"lastTransitionTime":"2026-01-28T09:33:56Z","message":"StaticPodsAvailable: 3 nodes are active; 3 nodes are at revision 6","reason":"AsExpected","status":"True","type":"Available"},{"lastTransitionTime":"2026-01-28T09:30:35Z","message":"All is well","reason":"AsExpected","status":"True","type":"Upgradeable"},{"lastTransitionTime":"2026-01-28T09:30:35Z","reason":"NoData","status":"Unknown","type":"EvaluationConditionsDetected"}]}}
2026-01-28T09:45:45.946717766Z I0128 09:45:45.940943       1 event.go:377] Event(v1.ObjectReference{Kind:"Deployment", Namespace:"openshift-kube-scheduler-operator", Name:"openshift-kube-scheduler-operator", UID:"4ee73538-84c8-4928-8a20-259cdec17ca8", APIVersion:"apps/v1", ResourceVersion:"", FieldPath:""}): type: 'Normal' reason: 'OperatorStatusChanged' Status for clusteroperator/kube-scheduler changed: Progressing changed from True to False ("NodeInstallerProgressing: 3 nodes are at revision 6"),Available message changed from "StaticPodsAvailable: 3 nodes are active; 1 node is at revision 5; 2 nodes are at revision 6" to "StaticPodsAvailable: 3 nodes are active; 3 nodes are at revision 6"
2026-01-28T09:45:46.514717578Z I0128 09:45:46.514552       1 annotations.go:45] Updating "openshift.io/owning-component" annotation for serviceaccount-ca/openshift-kube-scheduler, diff:   string(
2026-01-28T09:45:46.514717578Z - 	"",
2026-01-28T09:45:46.514717578Z + 	"kube-scheduler",
2026-01-28T09:45:46.514717578Z   )
2026-01-28T09:45:47.112510232Z I0128 09:45:47.112456       1 request.go:752] "Waited before sending request" delay="1.176818115s" reason="client-side throttling, not priority and fairness" verb="GET" URL="https://172.30.0.1:443/api/v1/namespaces/openshift-kube-scheduler/pods/revision-pruner-6-ip-10-0-102-200.us-west-1.compute.internal"
2026-01-28T09:45:48.312056398Z I0128 09:45:48.311987       1 request.go:752] "Waited before sending request" delay="1.196959877s" reason="client-side throttling, not priority and fairness" verb="POST" URL="https://172.30.0.1:443/api/v1/namespaces/openshift-kube-scheduler/pods"
2026-01-28T09:45:48.320280157Z I0128 09:45:48.320248       1 warnings.go:110] "Warning: metadata.name: this is used in the Pod's hostname, which can result in surprising behavior; a DNS label is recommended: [must not contain dots]"
2026-01-28T09:45:48.321897257Z I0128 09:45:48.321867       1 event.go:377] Event(v1.ObjectReference{Kind:"Deployment", Namespace:"openshift-kube-scheduler-operator", Name:"openshift-kube-scheduler-operator", UID:"4ee73538-84c8-4928-8a20-259cdec17ca8", APIVersion:"apps/v1", ResourceVersion:"", FieldPath:""}): type: 'Normal' reason: 'PodCreated' Created Pod/revision-pruner-6-ip-10-0-102-200.us-west-1.compute.internal -n openshift-kube-scheduler because it was missing
2026-01-28T09:45:49.512637045Z I0128 09:45:49.512577       1 request.go:752] "Waited before sending request" delay="1.191786259s" reason="client-side throttling, not priority and fairness" verb="GET" URL="https://172.30.0.1:443/api/v1/namespaces/openshift-kube-scheduler/pods/openshift-kube-scheduler-guard-ip-10-0-102-200.us-west-1.compute.internal"
2026-01-28T09:45:50.712352629Z I0128 09:45:50.712298       1 request.go:752] "Waited before sending request" delay="1.394205625s" reason="client-side throttling, not priority and fairness" verb="GET" URL="https://172.30.0.1:443/api/v1/namespaces/openshift-kube-scheduler/pods?labelSelector=app%3Dinstaller"
2026-01-28T09:45:51.123008939Z I0128 09:45:51.122917       1 warnings.go:110] "Warning: metadata.name: this is used in the Pod's hostname, which can result in surprising behavior; a DNS label is recommended: [must not contain dots]"
2026-01-28T09:45:51.124111724Z I0128 09:45:51.124079       1 event.go:377] Event(v1.ObjectReference{Kind:"Deployment", Namespace:"openshift-kube-scheduler-operator", Name:"openshift-kube-scheduler-operator", UID:"4ee73538-84c8-4928-8a20-259cdec17ca8", APIVersion:"apps/v1", ResourceVersion:"", FieldPath:""}): type: 'Normal' reason: 'PodCreated' Created Pod/revision-pruner-6-ip-10-0-108-54.us-west-1.compute.internal -n openshift-kube-scheduler because it was missing
2026-01-28T09:45:51.915080363Z I0128 09:45:51.911704       1 request.go:752] "Waited before sending request" delay="1.194515856s" reason="client-side throttling, not priority and fairness" verb="GET" URL="https://172.30.0.1:443/api/v1/namespaces/openshift-kube-scheduler/pods?labelSelector=app%3Dinstaller"
2026-01-28T09:45:52.911847776Z I0128 09:45:52.911794       1 request.go:752] "Waited before sending request" delay="1.197066833s" reason="client-side throttling, not priority and fairness" verb="GET" URL="https://172.30.0.1:443/api/v1/namespaces/openshift-kube-scheduler/pods/openshift-kube-scheduler-ip-10-0-3-203.us-west-1.compute.internal"
2026-01-28T09:45:53.518472960Z I0128 09:45:53.518396       1 warnings.go:110] "Warning: metadata.name: this is used in the Pod's hostname, which can result in surprising behavior; a DNS label is recommended: [must not contain dots]"
2026-01-28T09:45:53.518737833Z I0128 09:45:53.518707       1 event.go:377] Event(v1.ObjectReference{Kind:"Deployment", Namespace:"openshift-kube-scheduler-operator", Name:"openshift-kube-scheduler-operator", UID:"4ee73538-84c8-4928-8a20-259cdec17ca8", APIVersion:"apps/v1", ResourceVersion:"", FieldPath:""}): type: 'Normal' reason: 'PodCreated' Created Pod/revision-pruner-6-ip-10-0-3-203.us-west-1.compute.internal -n openshift-kube-scheduler because it was missing
2026-01-28T09:45:53.912628968Z I0128 09:45:53.912573       1 request.go:752] "Waited before sending request" delay="1.196083643s" reason="client-side throttling, not priority and fairness" verb="GET" URL="https://172.30.0.1:443/api/v1/namespaces/openshift-kube-scheduler/configmaps/kube-scheduler-pod"
2026-01-28T09:45:55.911888898Z I0128 09:45:55.911838       1 request.go:752] "Waited before sending request" delay="1.179556201s" reason="client-side throttling, not priority and fairness" verb="GET" URL="https://172.30.0.1:443/api/v1/namespaces/openshift-kube-scheduler/configmaps/config"
2026-01-28T09:45:55.913911399Z I0128 09:45:55.913876       1 annotations.go:45] Updating "openshift.io/owning-component" annotation for serviceaccount-ca/openshift-kube-scheduler, diff:   string(
2026-01-28T09:45:55.913911399Z - 	"",
2026-01-28T09:45:55.913911399Z + 	"kube-scheduler",
2026-01-28T09:45:55.913911399Z   )
2026-01-28T09:45:56.912473991Z I0128 09:45:56.912416       1 request.go:752] "Waited before sending request" delay="1.396641415s" reason="client-side throttling, not priority and fairness" verb="GET" URL="https://172.30.0.1:443/api/v1/namespaces/openshift-kube-scheduler/pods/openshift-kube-scheduler-guard-ip-10-0-108-54.us-west-1.compute.internal"
2026-01-28T09:45:58.112013276Z I0128 09:45:58.111956       1 request.go:752] "Waited before sending request" delay="1.39290025s" reason="client-side throttling, not priority and fairness" verb="GET" URL="https://172.30.0.1:443/api/v1/namespaces/openshift-kube-scheduler/pods?labelSelector=app%3Dinstaller"
2026-01-28T09:45:59.114170933Z I0128 09:45:59.114117       1 request.go:752] "Waited before sending request" delay="1.38735539s" reason="client-side throttling, not priority and fairness" verb="GET" URL="https://172.30.0.1:443/api/v1/namespaces/openshift-kube-scheduler/pods/openshift-kube-scheduler-ip-10-0-102-200.us-west-1.compute.internal"
2026-01-28T09:46:00.312168999Z I0128 09:46:00.312112       1 request.go:752] "Waited before sending request" delay="1.192247849s" reason="client-side throttling, not priority and fairness" verb="GET" URL="https://172.30.0.1:443/api/v1/namespaces/openshift-kube-scheduler/pods/openshift-kube-scheduler-ip-10-0-108-54.us-west-1.compute.internal"
2026-01-28T09:46:01.512331852Z I0128 09:46:01.512282       1 request.go:752] "Waited before sending request" delay="1.197845768s" reason="client-side throttling, not priority and fairness" verb="GET" URL="https://172.30.0.1:443/api/v1/namespaces/openshift-kube-scheduler/pods/openshift-kube-scheduler-ip-10-0-3-203.us-west-1.compute.internal"
2026-01-28T09:46:02.512656313Z I0128 09:46:02.512601       1 request.go:752] "Waited before sending request" delay="1.183276803s" reason="client-side throttling, not priority and fairness" verb="GET" URL="https://172.30.0.1:443/api/v1/namespaces/openshift-kube-scheduler/serviceaccounts/installer-sa"
2026-01-28T09:46:03.713066588Z I0128 09:46:03.712552       1 request.go:752] "Waited before sending request" delay="1.398098841s" reason="client-side throttling, not priority and fairness" verb="GET" URL="https://172.30.0.1:443/api/v1/namespaces/openshift-kube-scheduler/serviceaccounts/openshift-kube-scheduler-sa"
2026-01-28T09:46:04.514455150Z I0128 09:46:04.514406       1 annotations.go:45] Updating "openshift.io/owning-component" annotation for serviceaccount-ca/openshift-kube-scheduler, diff:   string(
2026-01-28T09:46:04.514455150Z - 	"",
2026-01-28T09:46:04.514455150Z + 	"kube-scheduler",
2026-01-28T09:46:04.514455150Z   )
2026-01-28T09:47:01.322423917Z I0128 09:47:01.322382       1 annotations.go:45] Updating "openshift.io/owning-component" annotation for serviceaccount-ca/openshift-kube-scheduler, diff:   string(
2026-01-28T09:47:01.322423917Z - 	"",
2026-01-28T09:47:01.322423917Z + 	"kube-scheduler",
2026-01-28T09:47:01.322423917Z   )
2026-01-28T09:48:01.368128038Z I0128 09:48:01.368083       1 annotations.go:45] Updating "openshift.io/owning-component" annotation for serviceaccount-ca/openshift-kube-scheduler, diff:   string(
2026-01-28T09:48:01.368128038Z - 	"",
2026-01-28T09:48:01.368128038Z + 	"kube-scheduler",
2026-01-28T09:48:01.368128038Z   )
2026-01-28T09:49:01.350551026Z I0128 09:49:01.350504       1 annotations.go:45] Updating "openshift.io/owning-component" annotation for serviceaccount-ca/openshift-kube-scheduler, diff:   string(
2026-01-28T09:49:01.350551026Z - 	"",
2026-01-28T09:49:01.350551026Z + 	"kube-scheduler",
2026-01-28T09:49:01.350551026Z   )
2026-01-28T09:50:01.351808915Z I0128 09:50:01.351759       1 annotations.go:45] Updating "openshift.io/owning-component" annotation for serviceaccount-ca/openshift-kube-scheduler, diff:   string(
2026-01-28T09:50:01.351808915Z - 	"",
2026-01-28T09:50:01.351808915Z + 	"kube-scheduler",
2026-01-28T09:50:01.351808915Z   )
2026-01-28T09:50:29.080770774Z I0128 09:50:29.080722       1 reflector.go:430] "Caches populated" type="*v1.APIServer" reflector="k8s.io/client-go@v0.33.2/tools/cache/reflector.go:285"
2026-01-28T09:50:29.958608799Z I0128 09:50:29.958568       1 reflector.go:430] "Caches populated" type="*v1.Scheduler" reflector="k8s.io/client-go@v0.33.2/tools/cache/reflector.go:285"
2026-01-28T09:50:29.961339524Z I0128 09:50:29.961313       1 annotations.go:45] Updating "openshift.io/owning-component" annotation for serviceaccount-ca/openshift-kube-scheduler, diff:   string(
2026-01-28T09:50:29.961339524Z - 	"",
2026-01-28T09:50:29.961339524Z + 	"kube-scheduler",
2026-01-28T09:50:29.961339524Z   )
2026-01-28T09:51:01.351404405Z I0128 09:51:01.351365       1 annotations.go:45] Updating "openshift.io/owning-component" annotation for serviceaccount-ca/openshift-kube-scheduler, diff:   string(
2026-01-28T09:51:01.351404405Z - 	"",
2026-01-28T09:51:01.351404405Z + 	"kube-scheduler",
2026-01-28T09:51:01.351404405Z   )
2026-01-28T09:52:01.198374425Z I0128 09:52:01.198324       1 annotations.go:45] Updating "openshift.io/owning-component" annotation for serviceaccount-ca/openshift-kube-scheduler, diff:   string(
2026-01-28T09:52:01.198374425Z - 	"",
2026-01-28T09:52:01.198374425Z + 	"kube-scheduler",
2026-01-28T09:52:01.198374425Z   )
2026-01-28T09:52:01.801241639Z I0128 09:52:01.799431       1 annotations.go:45] Updating "openshift.io/owning-component" annotation for serviceaccount-ca/openshift-kube-scheduler, diff:   string(
2026-01-28T09:52:01.801241639Z - 	"",
2026-01-28T09:52:01.801241639Z + 	"kube-scheduler",
2026-01-28T09:52:01.801241639Z   )
2026-01-28T09:52:02.794693198Z I0128 09:52:02.794635       1 request.go:752] "Waited before sending request" delay="1.184483334s" reason="client-side throttling, not priority and fairness" verb="GET" URL="https://172.30.0.1:443/api/v1/namespaces/openshift-kube-scheduler/pods?labelSelector=app%3Dinstaller"
2026-01-28T09:52:03.794762025Z I0128 09:52:03.794699       1 request.go:752] "Waited before sending request" delay="1.597190356s" reason="client-side throttling, not priority and fairness" verb="GET" URL="https://172.30.0.1:443/api/v1/namespaces/openshift-kube-scheduler/serviceaccounts/openshift-kube-scheduler-sa"
2026-01-28T09:52:04.795458123Z I0128 09:52:04.795162       1 request.go:752] "Waited before sending request" delay="1.598290461s" reason="client-side throttling, not priority and fairness" verb="GET" URL="https://172.30.0.1:443/api/v1/namespaces/openshift-kube-scheduler/pods/openshift-kube-scheduler-guard-ip-10-0-102-200.us-west-1.compute.internal"
2026-01-28T09:52:05.994722040Z I0128 09:52:05.994668       1 request.go:752] "Waited before sending request" delay="1.19588619s" reason="client-side throttling, not priority and fairness" verb="GET" URL="https://172.30.0.1:443/api/v1/namespaces/openshift-kube-scheduler/pods/openshift-kube-scheduler-guard-ip-10-0-108-54.us-west-1.compute.internal"
2026-01-28T09:52:06.995122363Z I0128 09:52:06.995055       1 request.go:752] "Waited before sending request" delay="1.196033797s" reason="client-side throttling, not priority and fairness" verb="GET" URL="https://172.30.0.1:443/api/v1/namespaces/openshift-kube-scheduler/pods/openshift-kube-scheduler-ip-10-0-102-200.us-west-1.compute.internal"
2026-01-28T09:52:08.195050654Z I0128 09:52:08.194987       1 request.go:752] "Waited before sending request" delay="1.195505011s" reason="client-side throttling, not priority and fairness" verb="GET" URL="https://172.30.0.1:443/api/v1/namespaces/openshift-kube-scheduler/pods/openshift-kube-scheduler-ip-10-0-108-54.us-west-1.compute.internal"
2026-01-28T09:52:10.398208438Z I0128 09:52:10.398155       1 annotations.go:45] Updating "openshift.io/owning-component" annotation for serviceaccount-ca/openshift-kube-scheduler, diff:   string(
2026-01-28T09:52:10.398208438Z - 	"",
2026-01-28T09:52:10.398208438Z + 	"kube-scheduler",
2026-01-28T09:52:10.398208438Z   )
2026-01-28T09:53:01.352772160Z I0128 09:53:01.352710       1 annotations.go:45] Updating "openshift.io/owning-component" annotation for serviceaccount-ca/openshift-kube-scheduler, diff:   string(
2026-01-28T09:53:01.352772160Z - 	"",
2026-01-28T09:53:01.352772160Z + 	"kube-scheduler",
2026-01-28T09:53:01.352772160Z   )
2026-01-28T09:54:01.354468048Z I0128 09:54:01.354387       1 annotations.go:45] Updating "openshift.io/owning-component" annotation for serviceaccount-ca/openshift-kube-scheduler, diff:   string(
2026-01-28T09:54:01.354468048Z - 	"",
2026-01-28T09:54:01.354468048Z + 	"kube-scheduler",
2026-01-28T09:54:01.354468048Z   )
2026-01-28T09:55:01.353775091Z I0128 09:55:01.353720       1 annotations.go:45] Updating "openshift.io/owning-component" annotation for serviceaccount-ca/openshift-kube-scheduler, diff:   string(
2026-01-28T09:55:01.353775091Z - 	"",
2026-01-28T09:55:01.353775091Z + 	"kube-scheduler",
2026-01-28T09:55:01.353775091Z   )
2026-01-28T09:56:01.357706634Z I0128 09:56:01.357649       1 annotations.go:45] Updating "openshift.io/owning-component" annotation for serviceaccount-ca/openshift-kube-scheduler, diff:   string(
2026-01-28T09:56:01.357706634Z - 	"",
2026-01-28T09:56:01.357706634Z + 	"kube-scheduler",
2026-01-28T09:56:01.357706634Z   )
2026-01-28T09:57:01.357589602Z I0128 09:57:01.357545       1 annotations.go:45] Updating "openshift.io/owning-component" annotation for serviceaccount-ca/openshift-kube-scheduler, diff:   string(
2026-01-28T09:57:01.357589602Z - 	"",
2026-01-28T09:57:01.357589602Z + 	"kube-scheduler",
2026-01-28T09:57:01.357589602Z   )
2026-01-28T09:58:01.356769008Z I0128 09:58:01.356719       1 annotations.go:45] Updating "openshift.io/owning-component" annotation for serviceaccount-ca/openshift-kube-scheduler, diff:   string(
2026-01-28T09:58:01.356769008Z - 	"",
2026-01-28T09:58:01.356769008Z + 	"kube-scheduler",
2026-01-28T09:58:01.356769008Z   )
2026-01-28T09:59:01.356444163Z I0128 09:59:01.356396       1 annotations.go:45] Updating "openshift.io/owning-component" annotation for serviceaccount-ca/openshift-kube-scheduler, diff:   string(
2026-01-28T09:59:01.356444163Z - 	"",
2026-01-28T09:59:01.356444163Z + 	"kube-scheduler",
2026-01-28T09:59:01.356444163Z   )
2026-01-28T10:00:01.357422251Z I0128 10:00:01.357377       1 annotations.go:45] Updating "openshift.io/owning-component" annotation for serviceaccount-ca/openshift-kube-scheduler, diff:   string(
2026-01-28T10:00:01.357422251Z - 	"",
2026-01-28T10:00:01.357422251Z + 	"kube-scheduler",
2026-01-28T10:00:01.357422251Z   )
2026-01-28T10:00:29.962827089Z I0128 10:00:29.962732       1 annotations.go:45] Updating "openshift.io/owning-component" annotation for serviceaccount-ca/openshift-kube-scheduler, diff:   string(
2026-01-28T10:00:29.962827089Z - 	"",
2026-01-28T10:00:29.962827089Z + 	"kube-scheduler",
2026-01-28T10:00:29.962827089Z   )
2026-01-28T10:01:01.358758968Z I0128 10:01:01.358715       1 annotations.go:45] Updating "openshift.io/owning-component" annotation for serviceaccount-ca/openshift-kube-scheduler, diff:   string(
2026-01-28T10:01:01.358758968Z - 	"",
2026-01-28T10:01:01.358758968Z + 	"kube-scheduler",
2026-01-28T10:01:01.358758968Z   )
2026-01-28T10:02:01.200452830Z I0128 10:02:01.200406       1 annotations.go:45] Updating "openshift.io/owning-component" annotation for serviceaccount-ca/openshift-kube-scheduler, diff:   string(
2026-01-28T10:02:01.200452830Z - 	"",
2026-01-28T10:02:01.200452830Z + 	"kube-scheduler",
2026-01-28T10:02:01.200452830Z   )
2026-01-28T10:02:02.794542171Z I0128 10:02:02.794466       1 request.go:752] "Waited before sending request" delay="1.183870345s" reason="client-side throttling, not priority and fairness" verb="GET" URL="https://172.30.0.1:443/api/v1/namespaces/openshift-kube-scheduler/pods?labelSelector=app%3Dinstaller"
2026-01-28T10:02:03.794563603Z I0128 10:02:03.794514       1 request.go:752] "Waited before sending request" delay="1.597806016s" reason="client-side throttling, not priority and fairness" verb="GET" URL="https://172.30.0.1:443/api/v1/namespaces/openshift-kube-scheduler/serviceaccounts/openshift-kube-scheduler-sa"
2026-01-28T10:02:03.996456395Z I0128 10:02:03.996413       1 annotations.go:45] Updating "openshift.io/owning-component" annotation for serviceaccount-ca/openshift-kube-scheduler, diff:   string(
2026-01-28T10:02:03.996456395Z - 	"",
2026-01-28T10:02:03.996456395Z + 	"kube-scheduler",
2026-01-28T10:02:03.996456395Z   )
2026-01-28T10:02:04.796467438Z I0128 10:02:04.796172       1 request.go:752] "Waited before sending request" delay="1.598529482s" reason="client-side throttling, not priority and fairness" verb="GET" URL="https://172.30.0.1:443/api/v1/namespaces/openshift-kube-scheduler/pods/openshift-kube-scheduler-guard-ip-10-0-102-200.us-west-1.compute.internal"
2026-01-28T10:02:05.994050336Z I0128 10:02:05.993959       1 request.go:752] "Waited before sending request" delay="1.19219726s" reason="client-side throttling, not priority and fairness" verb="GET" URL="https://172.30.0.1:443/api/v1/namespaces/openshift-kube-scheduler/pods/openshift-kube-scheduler-guard-ip-10-0-108-54.us-west-1.compute.internal"
2026-01-28T10:02:06.994421455Z I0128 10:02:06.994281       1 request.go:752] "Waited before sending request" delay="1.196072174s" reason="client-side throttling, not priority and fairness" verb="GET" URL="https://172.30.0.1:443/api/v1/namespaces/openshift-kube-scheduler/pods/openshift-kube-scheduler-ip-10-0-102-200.us-west-1.compute.internal"
2026-01-28T10:02:08.001720940Z I0128 10:02:08.000230       1 request.go:752] "Waited before sending request" delay="1.003049222s" reason="client-side throttling, not priority and fairness" verb="GET" URL="https://172.30.0.1:443/api/v1/namespaces/openshift-kube-scheduler/pods/openshift-kube-scheduler-ip-10-0-108-54.us-west-1.compute.internal"
2026-01-28T10:03:01.359814082Z I0128 10:03:01.359763       1 annotations.go:45] Updating "openshift.io/owning-component" annotation for serviceaccount-ca/openshift-kube-scheduler, diff:   string(
2026-01-28T10:03:01.359814082Z - 	"",
2026-01-28T10:03:01.359814082Z + 	"kube-scheduler",
2026-01-28T10:03:01.359814082Z   )
2026-01-28T10:04:01.361828342Z I0128 10:04:01.361776       1 annotations.go:45] Updating "openshift.io/owning-component" annotation for serviceaccount-ca/openshift-kube-scheduler, diff:   string(
2026-01-28T10:04:01.361828342Z - 	"",
2026-01-28T10:04:01.361828342Z + 	"kube-scheduler",
2026-01-28T10:04:01.361828342Z   )
2026-01-28T10:05:01.360358474Z I0128 10:05:01.360292       1 annotations.go:45] Updating "openshift.io/owning-component" annotation for serviceaccount-ca/openshift-kube-scheduler, diff:   string(
2026-01-28T10:05:01.360358474Z - 	"",
2026-01-28T10:05:01.360358474Z + 	"kube-scheduler",
2026-01-28T10:05:01.360358474Z   )
2026-01-28T10:06:01.361395309Z I0128 10:06:01.361346       1 annotations.go:45] Updating "openshift.io/owning-component" annotation for serviceaccount-ca/openshift-kube-scheduler, diff:   string(
2026-01-28T10:06:01.361395309Z - 	"",
2026-01-28T10:06:01.361395309Z + 	"kube-scheduler",
2026-01-28T10:06:01.361395309Z   )
2026-01-28T10:07:01.361837720Z I0128 10:07:01.361781       1 annotations.go:45] Updating "openshift.io/owning-component" annotation for serviceaccount-ca/openshift-kube-scheduler, diff:   string(
2026-01-28T10:07:01.361837720Z - 	"",
2026-01-28T10:07:01.361837720Z + 	"kube-scheduler",
2026-01-28T10:07:01.361837720Z   )
2026-01-28T10:08:01.362920585Z I0128 10:08:01.362867       1 annotations.go:45] Updating "openshift.io/owning-component" annotation for serviceaccount-ca/openshift-kube-scheduler, diff:   string(
2026-01-28T10:08:01.362920585Z - 	"",
2026-01-28T10:08:01.362920585Z + 	"kube-scheduler",
2026-01-28T10:08:01.362920585Z   )
2026-01-28T10:09:01.363482491Z I0128 10:09:01.363438       1 annotations.go:45] Updating "openshift.io/owning-component" annotation for serviceaccount-ca/openshift-kube-scheduler, diff:   string(
2026-01-28T10:09:01.363482491Z - 	"",
2026-01-28T10:09:01.363482491Z + 	"kube-scheduler",
2026-01-28T10:09:01.363482491Z   )
2026-01-28T10:10:01.364000359Z I0128 10:10:01.363956       1 annotations.go:45] Updating "openshift.io/owning-component" annotation for serviceaccount-ca/openshift-kube-scheduler, diff:   string(
2026-01-28T10:10:01.364000359Z - 	"",
2026-01-28T10:10:01.364000359Z + 	"kube-scheduler",
2026-01-28T10:10:01.364000359Z   )
2026-01-28T10:10:29.965867124Z I0128 10:10:29.965813       1 annotations.go:45] Updating "openshift.io/owning-component" annotation for serviceaccount-ca/openshift-kube-scheduler, diff:   string(
2026-01-28T10:10:29.965867124Z - 	"",
2026-01-28T10:10:29.965867124Z + 	"kube-scheduler",
2026-01-28T10:10:29.965867124Z   )
2026-01-28T10:11:01.364432498Z I0128 10:11:01.364378       1 annotations.go:45] Updating "openshift.io/owning-component" annotation for serviceaccount-ca/openshift-kube-scheduler, diff:   string(
2026-01-28T10:11:01.364432498Z - 	"",
2026-01-28T10:11:01.364432498Z + 	"kube-scheduler",
2026-01-28T10:11:01.364432498Z   )
2026-01-28T10:12:01.195968566Z I0128 10:12:01.195915       1 annotations.go:45] Updating "openshift.io/owning-component" annotation for serviceaccount-ca/openshift-kube-scheduler, diff:   string(
2026-01-28T10:12:01.195968566Z - 	"",
2026-01-28T10:12:01.195968566Z + 	"kube-scheduler",
2026-01-28T10:12:01.195968566Z   )
2026-01-28T10:12:01.223216914Z I0128 10:12:01.223174       1 annotations.go:45] Updating "openshift.io/owning-component" annotation for serviceaccount-ca/openshift-kube-scheduler, diff:   string(
2026-01-28T10:12:01.223216914Z - 	"",
2026-01-28T10:12:01.223216914Z + 	"kube-scheduler",
2026-01-28T10:12:01.223216914Z   )
2026-01-28T10:12:02.794658017Z I0128 10:12:02.794580       1 request.go:752] "Waited before sending request" delay="1.183733805s" reason="client-side throttling, not priority and fairness" verb="GET" URL="https://172.30.0.1:443/api/v1/namespaces/openshift-kube-scheduler/pods?labelSelector=app%3Dinstaller"
2026-01-28T10:12:03.794968812Z I0128 10:12:03.794915       1 request.go:752] "Waited before sending request" delay="1.594104233s" reason="client-side throttling, not priority and fairness" verb="GET" URL="https://172.30.0.1:443/api/v1/namespaces/openshift-kube-scheduler/serviceaccounts/installer-sa"
2026-01-28T10:12:04.994655801Z I0128 10:12:04.994606       1 request.go:752] "Waited before sending request" delay="1.597318543s" reason="client-side throttling, not priority and fairness" verb="GET" URL="https://172.30.0.1:443/api/v1/namespaces/openshift-kube-scheduler/pods/revision-pruner-6-ip-10-0-3-203.us-west-1.compute.internal"
2026-01-28T10:12:05.997272120Z I0128 10:12:05.996203       1 request.go:752] "Waited before sending request" delay="1.197714971s" reason="client-side throttling, not priority and fairness" verb="GET" URL="https://172.30.0.1:443/api/v1/namespaces/openshift-kube-scheduler/pods/openshift-kube-scheduler-guard-ip-10-0-3-203.us-west-1.compute.internal"
2026-01-28T10:12:07.194277273Z I0128 10:12:07.194230       1 request.go:752] "Waited before sending request" delay="1.189185704s" reason="client-side throttling, not priority and fairness" verb="GET" URL="https://172.30.0.1:443/api/v1/namespaces/openshift-kube-scheduler/pods/openshift-kube-scheduler-guard-ip-10-0-3-203.us-west-1.compute.internal"
2026-01-28T10:12:07.797841393Z I0128 10:12:07.797798       1 annotations.go:45] Updating "openshift.io/owning-component" annotation for serviceaccount-ca/openshift-kube-scheduler, diff:   string(
2026-01-28T10:12:07.797841393Z - 	"",
2026-01-28T10:12:07.797841393Z + 	"kube-scheduler",
2026-01-28T10:12:07.797841393Z   )
2026-01-28T10:12:08.194928511Z I0128 10:12:08.194872       1 request.go:752] "Waited before sending request" delay="1.197446701s" reason="client-side throttling, not priority and fairness" verb="GET" URL="https://172.30.0.1:443/api/v1/namespaces/openshift-kube-scheduler/pods/openshift-kube-scheduler-ip-10-0-108-54.us-west-1.compute.internal"
2026-01-28T10:12:09.394805402Z I0128 10:12:09.394754       1 request.go:752] "Waited before sending request" delay="1.197326985s" reason="client-side throttling, not priority and fairness" verb="GET" URL="https://172.30.0.1:443/api/v1/namespaces/openshift-kube-scheduler/pods/openshift-kube-scheduler-ip-10-0-3-203.us-west-1.compute.internal"
2026-01-28T10:13:01.366439902Z I0128 10:13:01.366382       1 annotations.go:45] Updating "openshift.io/owning-component" annotation for serviceaccount-ca/openshift-kube-scheduler, diff:   string(
2026-01-28T10:13:01.366439902Z - 	"",
2026-01-28T10:13:01.366439902Z + 	"kube-scheduler",
2026-01-28T10:13:01.366439902Z   )
2026-01-28T10:14:01.366964825Z I0128 10:14:01.366912       1 annotations.go:45] Updating "openshift.io/owning-component" annotation for serviceaccount-ca/openshift-kube-scheduler, diff:   string(
2026-01-28T10:14:01.366964825Z - 	"",
2026-01-28T10:14:01.366964825Z + 	"kube-scheduler",
2026-01-28T10:14:01.366964825Z   )
2026-01-28T10:15:01.370919840Z I0128 10:15:01.370874       1 annotations.go:45] Updating "openshift.io/owning-component" annotation for serviceaccount-ca/openshift-kube-scheduler, diff:   string(
2026-01-28T10:15:01.370919840Z - 	"",
2026-01-28T10:15:01.370919840Z + 	"kube-scheduler",
2026-01-28T10:15:01.370919840Z   )
2026-01-28T10:16:01.369641266Z I0128 10:16:01.369592       1 annotations.go:45] Updating "openshift.io/owning-component" annotation for serviceaccount-ca/openshift-kube-scheduler, diff:   string(
2026-01-28T10:16:01.369641266Z - 	"",
2026-01-28T10:16:01.369641266Z + 	"kube-scheduler",
2026-01-28T10:16:01.369641266Z   )
2026-01-28T10:17:01.369974959Z I0128 10:17:01.369920       1 annotations.go:45] Updating "openshift.io/owning-component" annotation for serviceaccount-ca/openshift-kube-scheduler, diff:   string(
2026-01-28T10:17:01.369974959Z - 	"",
2026-01-28T10:17:01.369974959Z + 	"kube-scheduler",
2026-01-28T10:17:01.369974959Z   )
2026-01-28T10:18:01.370897916Z I0128 10:18:01.370840       1 annotations.go:45] Updating "openshift.io/owning-component" annotation for serviceaccount-ca/openshift-kube-scheduler, diff:   string(
2026-01-28T10:18:01.370897916Z - 	"",
2026-01-28T10:18:01.370897916Z + 	"kube-scheduler",
2026-01-28T10:18:01.370897916Z   )
2026-01-28T10:19:01.371329919Z I0128 10:19:01.371276       1 annotations.go:45] Updating "openshift.io/owning-component" annotation for serviceaccount-ca/openshift-kube-scheduler, diff:   string(
2026-01-28T10:19:01.371329919Z - 	"",
2026-01-28T10:19:01.371329919Z + 	"kube-scheduler",
2026-01-28T10:19:01.371329919Z   )
2026-01-28T10:20:01.371830627Z I0128 10:20:01.371779       1 annotations.go:45] Updating "openshift.io/owning-component" annotation for serviceaccount-ca/openshift-kube-scheduler, diff:   string(
2026-01-28T10:20:01.371830627Z - 	"",
2026-01-28T10:20:01.371830627Z + 	"kube-scheduler",
2026-01-28T10:20:01.371830627Z   )
2026-01-28T10:20:29.963398164Z I0128 10:20:29.963353       1 annotations.go:45] Updating "openshift.io/owning-component" annotation for serviceaccount-ca/openshift-kube-scheduler, diff:   string(
2026-01-28T10:20:29.963398164Z - 	"",
2026-01-28T10:20:29.963398164Z + 	"kube-scheduler",
2026-01-28T10:20:29.963398164Z   )
2026-01-28T10:21:01.375301835Z I0128 10:21:01.375232       1 annotations.go:45] Updating "openshift.io/owning-component" annotation for serviceaccount-ca/openshift-kube-scheduler, diff:   string(
2026-01-28T10:21:01.375301835Z - 	"",
2026-01-28T10:21:01.375301835Z + 	"kube-scheduler",
2026-01-28T10:21:01.375301835Z   )
2026-01-28T10:22:01.196684993Z I0128 10:22:01.196634       1 annotations.go:45] Updating "openshift.io/owning-component" annotation for serviceaccount-ca/openshift-kube-scheduler, diff:   string(
2026-01-28T10:22:01.196684993Z - 	"",
2026-01-28T10:22:01.196684993Z + 	"kube-scheduler",
2026-01-28T10:22:01.196684993Z   )
2026-01-28T10:22:01.223298493Z I0128 10:22:01.223262       1 annotations.go:45] Updating "openshift.io/owning-component" annotation for serviceaccount-ca/openshift-kube-scheduler, diff:   string(
2026-01-28T10:22:01.223298493Z - 	"",
2026-01-28T10:22:01.223298493Z + 	"kube-scheduler",
2026-01-28T10:22:01.223298493Z   )
2026-01-28T10:22:02.795728271Z I0128 10:22:02.795678       1 request.go:752] "Waited before sending request" delay="1.184139722s" reason="client-side throttling, not priority and fairness" verb="GET" URL="https://172.30.0.1:443/api/v1/namespaces/openshift-kube-scheduler/pods?labelSelector=app%3Dinstaller"
2026-01-28T10:22:03.996093657Z I0128 10:22:03.996003       1 request.go:752] "Waited before sending request" delay="1.59787098s" reason="client-side throttling, not priority and fairness" verb="GET" URL="https://172.30.0.1:443/api/v1/namespaces/openshift-kube-scheduler/configmaps/scheduler-kubeconfig"
2026-01-28T10:22:05.195642604Z I0128 10:22:05.195573       1 request.go:752] "Waited before sending request" delay="1.596293221s" reason="client-side throttling, not priority and fairness" verb="GET" URL="https://172.30.0.1:443/api/v1/namespaces/openshift-kube-scheduler/pods/revision-pruner-6-ip-10-0-3-203.us-west-1.compute.internal"
2026-01-28T10:22:06.395408585Z I0128 10:22:06.395339       1 request.go:752] "Waited before sending request" delay="1.195025837s" reason="client-side throttling, not priority and fairness" verb="GET" URL="https://172.30.0.1:443/api/v1/namespaces/openshift-kube-scheduler/pods/revision-pruner-6-ip-10-0-102-200.us-west-1.compute.internal"
2026-01-28T10:22:07.395658468Z I0128 10:22:07.395595       1 request.go:752] "Waited before sending request" delay="1.189693605s" reason="client-side throttling, not priority and fairness" verb="GET" URL="https://172.30.0.1:443/api/v1/namespaces/openshift-kube-scheduler/services/scheduler"
2026-01-28T10:22:07.797817191Z I0128 10:22:07.797759       1 annotations.go:45] Updating "openshift.io/owning-component" annotation for serviceaccount-ca/openshift-kube-scheduler, diff:   string(
2026-01-28T10:22:07.797817191Z - 	"",
2026-01-28T10:22:07.797817191Z + 	"kube-scheduler",
2026-01-28T10:22:07.797817191Z   )
2026-01-28T10:22:08.395637779Z I0128 10:22:08.395586       1 request.go:752] "Waited before sending request" delay="1.19733365s" reason="client-side throttling, not priority and fairness" verb="GET" URL="https://172.30.0.1:443/api/v1/namespaces/openshift-kube-scheduler/pods/openshift-kube-scheduler-guard-ip-10-0-3-203.us-west-1.compute.internal"
2026-01-28T10:22:09.595316843Z I0128 10:22:09.595254       1 request.go:752] "Waited before sending request" delay="1.197133409s" reason="client-side throttling, not priority and fairness" verb="GET" URL="https://172.30.0.1:443/api/v1/namespaces/openshift-kube-scheduler/pods/openshift-kube-scheduler-guard-ip-10-0-3-203.us-west-1.compute.internal"
2026-01-28T10:23:01.373879749Z I0128 10:23:01.373827       1 annotations.go:45] Updating "openshift.io/owning-component" annotation for serviceaccount-ca/openshift-kube-scheduler, diff:   string(
2026-01-28T10:23:01.373879749Z - 	"",
2026-01-28T10:23:01.373879749Z + 	"kube-scheduler",
2026-01-28T10:23:01.373879749Z   )
2026-01-28T10:24:01.375125891Z I0128 10:24:01.375058       1 annotations.go:45] Updating "openshift.io/owning-component" annotation for serviceaccount-ca/openshift-kube-scheduler, diff:   string(
2026-01-28T10:24:01.375125891Z - 	"",
2026-01-28T10:24:01.375125891Z + 	"kube-scheduler",
2026-01-28T10:24:01.375125891Z   )
2026-01-28T10:25:01.375938518Z I0128 10:25:01.375892       1 annotations.go:45] Updating "openshift.io/owning-component" annotation for serviceaccount-ca/openshift-kube-scheduler, diff:   string(
2026-01-28T10:25:01.375938518Z - 	"",
2026-01-28T10:25:01.375938518Z + 	"kube-scheduler",
2026-01-28T10:25:01.375938518Z   )
