2026-01-28T09:32:02.652842898Z I0128 09:32:02.652652       1 cmd.go:253] Using service-serving-cert provided certificates
2026-01-28T09:32:02.653122812Z I0128 09:32:02.653096       1 leaderelection.go:121] The leader election gives 4 retries and allows for 30s of clock skew. The kube-apiserver downtime tolerance is 78s. Worst non-graceful lease acquisition is 2m43s. Worst graceful lease acquisition is {26s}.
2026-01-28T09:32:02.654574244Z I0128 09:32:02.654554       1 observer_polling.go:159] Starting file observer
2026-01-28T09:32:02.710752544Z I0128 09:32:02.710703       1 builder.go:304] openshift-apiserver-operator version 4.20.0-202601161812.p2.g9cfa567.assembly.stream.el9-9cfa567-9cfa5679a8ac1e5a68eea32179d9e069da85dfcf
2026-01-28T09:32:04.045839575Z I0128 09:32:04.045319       1 secure_serving.go:57] Forcing use of http/1.1 only
2026-01-28T09:32:04.045900808Z W0128 09:32:04.045888       1 secure_serving.go:69] Use of insecure cipher 'TLS_ECDHE_ECDSA_WITH_AES_128_CBC_SHA256' detected.
2026-01-28T09:32:04.045926219Z W0128 09:32:04.045917       1 secure_serving.go:69] Use of insecure cipher 'TLS_ECDHE_RSA_WITH_AES_128_CBC_SHA256' detected.
2026-01-28T09:32:04.045950570Z W0128 09:32:04.045942       1 secure_serving.go:69] Use of insecure cipher 'TLS_RSA_WITH_AES_128_GCM_SHA256' detected.
2026-01-28T09:32:04.045972471Z W0128 09:32:04.045964       1 secure_serving.go:69] Use of insecure cipher 'TLS_RSA_WITH_AES_256_GCM_SHA384' detected.
2026-01-28T09:32:04.045994083Z W0128 09:32:04.045985       1 secure_serving.go:69] Use of insecure cipher 'TLS_RSA_WITH_AES_128_CBC_SHA' detected.
2026-01-28T09:32:04.046015564Z W0128 09:32:04.046007       1 secure_serving.go:69] Use of insecure cipher 'TLS_RSA_WITH_AES_256_CBC_SHA' detected.
2026-01-28T09:32:04.051750837Z I0128 09:32:04.051334       1 leaderelection.go:257] attempting to acquire leader lease openshift-apiserver-operator/openshift-apiserver-operator-lock...
2026-01-28T09:32:04.052067403Z I0128 09:32:04.051818       1 requestheader_controller.go:180] Starting RequestHeaderAuthRequestController
2026-01-28T09:32:04.052178538Z I0128 09:32:04.052164       1 shared_informer.go:350] "Waiting for caches to sync" controller="RequestHeaderAuthRequestController"
2026-01-28T09:32:04.052458802Z I0128 09:32:04.051840       1 configmap_cafile_content.go:205] "Starting controller" name="client-ca::kube-system::extension-apiserver-authentication::client-ca-file"
2026-01-28T09:32:04.052557447Z I0128 09:32:04.052544       1 shared_informer.go:350] "Waiting for caches to sync" controller="client-ca::kube-system::extension-apiserver-authentication::client-ca-file"
2026-01-28T09:32:04.052612490Z I0128 09:32:04.051855       1 configmap_cafile_content.go:205] "Starting controller" name="client-ca::kube-system::extension-apiserver-authentication::requestheader-client-ca-file"
2026-01-28T09:32:04.052821620Z I0128 09:32:04.052806       1 shared_informer.go:350] "Waiting for caches to sync" controller="client-ca::kube-system::extension-apiserver-authentication::requestheader-client-ca-file"
2026-01-28T09:32:04.052865232Z I0128 09:32:04.052103       1 dynamic_serving_content.go:135] "Starting controller" name="serving-cert::/var/run/secrets/serving-cert/tls.crt::/var/run/secrets/serving-cert/tls.key"
2026-01-28T09:32:04.063367902Z I0128 09:32:04.063344       1 leaderelection.go:271] successfully acquired lease openshift-apiserver-operator/openshift-apiserver-operator-lock
2026-01-28T09:32:04.065088507Z I0128 09:32:04.064780       1 event.go:377] Event(v1.ObjectReference{Kind:"Lease", Namespace:"openshift-apiserver-operator", Name:"openshift-apiserver-operator-lock", UID:"c812d790-ff85-4adc-8edb-7ff6383c3ba1", APIVersion:"coordination.k8s.io/v1", ResourceVersion:"10986", FieldPath:""}): type: 'Normal' reason: 'LeaderElection' openshift-apiserver-operator-6dc4588658-dps9r_af73257e-18d8-4eae-a5b5-5e0f5b1c361c became leader
2026-01-28T09:32:04.065200283Z I0128 09:32:04.065185       1 simple_featuregate_reader.go:171] Starting feature-gate-detector
2026-01-28T09:32:04.065632574Z I0128 09:32:04.065616       1 secure_serving.go:211] Serving securely on [::]:8443
2026-01-28T09:32:04.065743600Z I0128 09:32:04.065677       1 tlsconfig.go:243] "Starting DynamicServingCertificateController"
2026-01-28T09:32:04.070332447Z I0128 09:32:04.070155       1 starter.go:144] FeatureGates initialized: knownFeatureGates=[AdditionalRoutingCapabilities AdminNetworkPolicy AlibabaPlatform AzureWorkloadIdentity BuildCSIVolumes CPMSMachineNamePrefix ConsolePluginContentSecurityPolicy ExternalOIDC ExternalOIDCWithUIDAndExtraClaimMappings GatewayAPI GatewayAPIController HighlyAvailableArbiter ImageVolume IngressControllerLBSubnetsAWS KMSv1 MachineConfigNodes ManagedBootImages ManagedBootImagesAWS MetricsCollectionProfiles NetworkDiagnosticsConfig NetworkLiveMigration NetworkSegmentation NewOLM PinnedImages PreconfiguredUDNAddresses ProcMountType RouteAdvertisements RouteExternalCertificate ServiceAccountTokenNodeBinding SetEIPForNLBIngressController SigstoreImageVerification StoragePerformantSecurityPolicy UpgradeStatus UserNamespacesPodSecurityStandards UserNamespacesSupport VSphereMultiDisk VSphereMultiNetworks AWSClusterHostedDNS AWSClusterHostedDNSInstall AWSDedicatedHosts AWSServiceLBNetworkSecurityGroup AutomatedEtcdBackup AzureClusterHostedDNSInstall AzureDedicatedHosts AzureMultiDisk BootImageSkewEnforcement BootcNodeManagement ClusterAPIInstall ClusterAPIInstallIBMCloud ClusterMonitoringConfig ClusterVersionOperatorConfiguration DNSNameResolver DualReplica DyanmicServiceEndpointIBMCloud DynamicResourceAllocation EtcdBackendQuota EventedPLEG Example Example2 ExternalSnapshotMetadata GCPClusterHostedDNS GCPClusterHostedDNSInstall GCPCustomAPIEndpoints GCPCustomAPIEndpointsInstall ImageModeStatusReporting ImageStreamImportMode IngressControllerDynamicConfigurationManager InsightsConfig InsightsConfigAPI InsightsOnDemandDataGather IrreconcilableMachineConfig KMSEncryptionProvider MachineAPIMigration MachineAPIOperatorDisableMachineHealthCheckController ManagedBootImagesAzure ManagedBootImagesvSphere MaxUnavailableStatefulSet MinimumKubeletVersion MixedCPUsAllocation MultiArchInstallAzure MultiDiskSetup MutatingAdmissionPolicy NewOLMCatalogdAPIV1Metas NewOLMOwnSingleNamespace NewOLMPreflightPermissionChecks NewOLMWebhookProviderOpenshiftServiceCA NoRegistryClusterOperations NodeSwap NutanixMultiSubnets OVNObservability OpenShiftPodSecurityAdmission SELinuxMount ShortCertRotation SignatureStores SigstoreImageVerificationPKI TranslateStreamCloseWebsocketRequests VSphereConfigurableMaxAllowedBlockVolumesPerNode VSphereHostVMGroupZonal VSphereMixedNodeEnv VolumeAttributesClass VolumeGroupSnapshot]
2026-01-28T09:32:04.073122215Z I0128 09:32:04.070203       1 event.go:377] Event(v1.ObjectReference{Kind:"Deployment", Namespace:"openshift-apiserver-operator", Name:"openshift-apiserver-operator", UID:"c99b71ce-12d2-4118-9140-e5c0a2e82958", APIVersion:"apps/v1", ResourceVersion:"", FieldPath:""}): type: 'Normal' reason: 'FeatureGatesInitialized' FeatureGates updated to featuregates.Features{Enabled:[]v1.FeatureGateName{"AdditionalRoutingCapabilities", "AdminNetworkPolicy", "AlibabaPlatform", "AzureWorkloadIdentity", "BuildCSIVolumes", "CPMSMachineNamePrefix", "ConsolePluginContentSecurityPolicy", "ExternalOIDC", "ExternalOIDCWithUIDAndExtraClaimMappings", "GatewayAPI", "GatewayAPIController", "HighlyAvailableArbiter", "ImageVolume", "IngressControllerLBSubnetsAWS", "KMSv1", "MachineConfigNodes", "ManagedBootImages", "ManagedBootImagesAWS", "MetricsCollectionProfiles", "NetworkDiagnosticsConfig", "NetworkLiveMigration", "NetworkSegmentation", "NewOLM", "PinnedImages", "PreconfiguredUDNAddresses", "ProcMountType", "RouteAdvertisements", "RouteExternalCertificate", "ServiceAccountTokenNodeBinding", "SetEIPForNLBIngressController", "SigstoreImageVerification", "StoragePerformantSecurityPolicy", "UpgradeStatus", "UserNamespacesPodSecurityStandards", "UserNamespacesSupport", "VSphereMultiDisk", "VSphereMultiNetworks"}, Disabled:[]v1.FeatureGateName{"AWSClusterHostedDNS", "AWSClusterHostedDNSInstall", "AWSDedicatedHosts", "AWSServiceLBNetworkSecurityGroup", "AutomatedEtcdBackup", "AzureClusterHostedDNSInstall", "AzureDedicatedHosts", "AzureMultiDisk", "BootImageSkewEnforcement", "BootcNodeManagement", "ClusterAPIInstall", "ClusterAPIInstallIBMCloud", "ClusterMonitoringConfig", "ClusterVersionOperatorConfiguration", "DNSNameResolver", "DualReplica", "DyanmicServiceEndpointIBMCloud", "DynamicResourceAllocation", "EtcdBackendQuota", "EventedPLEG", "Example", "Example2", "ExternalSnapshotMetadata", "GCPClusterHostedDNS", "GCPClusterHostedDNSInstall", "GCPCustomAPIEndpoints", "GCPCustomAPIEndpointsInstall", "ImageModeStatusReporting", "ImageStreamImportMode", "IngressControllerDynamicConfigurationManager", "InsightsConfig", "InsightsConfigAPI", "InsightsOnDemandDataGather", "IrreconcilableMachineConfig", "KMSEncryptionProvider", "MachineAPIMigration", "MachineAPIOperatorDisableMachineHealthCheckController", "ManagedBootImagesAzure", "ManagedBootImagesvSphere", "MaxUnavailableStatefulSet", "MinimumKubeletVersion", "MixedCPUsAllocation", "MultiArchInstallAzure", "MultiDiskSetup", "MutatingAdmissionPolicy", "NewOLMCatalogdAPIV1Metas", "NewOLMOwnSingleNamespace", "NewOLMPreflightPermissionChecks", "NewOLMWebhookProviderOpenshiftServiceCA", "NoRegistryClusterOperations", "NodeSwap", "NutanixMultiSubnets", "OVNObservability", "OpenShiftPodSecurityAdmission", "SELinuxMount", "ShortCertRotation", "SignatureStores", "SigstoreImageVerificationPKI", "TranslateStreamCloseWebsocketRequests", "VSphereConfigurableMaxAllowedBlockVolumesPerNode", "VSphereHostVMGroupZonal", "VSphereMixedNodeEnv", "VolumeAttributesClass", "VolumeGroupSnapshot"}}
2026-01-28T09:32:04.144700467Z I0128 09:32:04.144659       1 base_controller.go:76] Waiting for caches to sync for ConnectivityCheckController
2026-01-28T09:32:04.169737655Z I0128 09:32:04.161721       1 base_controller.go:76] Waiting for caches to sync for openshift-apiserver
2026-01-28T09:32:04.170511704Z I0128 09:32:04.162408       1 base_controller.go:76] Waiting for caches to sync for ConfigObserver
2026-01-28T09:32:04.170560086Z I0128 09:32:04.162866       1 base_controller.go:76] Waiting for caches to sync for APIServerStaticResources-StaticResources
2026-01-28T09:32:04.170590077Z I0128 09:32:04.162879       1 base_controller.go:76] Waiting for caches to sync for openshift-apiserver-RemoveStaleConditions
2026-01-28T09:32:04.170617159Z I0128 09:32:04.162888       1 base_controller.go:76] Waiting for caches to sync for openshift-apiserver-EncryptionCondition
2026-01-28T09:32:04.170644760Z I0128 09:32:04.162964       1 base_controller.go:76] Waiting for caches to sync for StatusSyncer_openshift-apiserver
2026-01-28T09:32:04.170670561Z I0128 09:32:04.162978       1 base_controller.go:76] Waiting for caches to sync for SecretRevisionPruneController
2026-01-28T09:32:04.170696643Z I0128 09:32:04.162987       1 base_controller.go:76] Waiting for caches to sync for OpenShiftAPIServer-WorkloadWorkloadController
2026-01-28T09:32:04.170722744Z I0128 09:32:04.162996       1 base_controller.go:76] Waiting for caches to sync for openshift-apiserver-EncryptionPrune
2026-01-28T09:32:04.170749536Z I0128 09:32:04.163005       1 base_controller.go:76] Waiting for caches to sync for openshift-apiserver-APIService
2026-01-28T09:32:04.170775097Z I0128 09:32:04.163014       1 base_controller.go:76] Waiting for caches to sync for LoggingSyncer
2026-01-28T09:32:04.170817599Z I0128 09:32:04.163451       1 base_controller.go:76] Waiting for caches to sync for openshift-apiserver-EncryptionState
2026-01-28T09:32:04.170846350Z I0128 09:32:04.163465       1 base_controller.go:76] Waiting for caches to sync for openshift-apiserver-EncryptionMigration
2026-01-28T09:32:04.170884832Z I0128 09:32:04.163476       1 base_controller.go:76] Waiting for caches to sync for auditPolicyController
2026-01-28T09:32:04.170925534Z I0128 09:32:04.163484       1 base_controller.go:76] Waiting for caches to sync for openshift-apiserver-EncryptionKey
2026-01-28T09:32:04.170953466Z I0128 09:32:04.163493       1 base_controller.go:76] Waiting for caches to sync for openshift-apiserver-UnsupportedConfigOverrides
2026-01-28T09:32:04.170979327Z I0128 09:32:04.163502       1 base_controller.go:76] Waiting for caches to sync for NamespaceFinalizerController_openshift-apiserver
2026-01-28T09:32:04.171007678Z I0128 09:32:04.163512       1 base_controller.go:76] Waiting for caches to sync for RevisionController
2026-01-28T09:32:04.173815687Z I0128 09:32:04.165529       1 shared_informer.go:357] "Caches are synced" controller="client-ca::kube-system::extension-apiserver-authentication::requestheader-client-ca-file"
2026-01-28T09:32:04.173888341Z I0128 09:32:04.165547       1 shared_informer.go:357] "Caches are synced" controller="RequestHeaderAuthRequestController"
2026-01-28T09:32:04.174523712Z I0128 09:32:04.165558       1 shared_informer.go:357] "Caches are synced" controller="client-ca::kube-system::extension-apiserver-authentication::client-ca-file"
2026-01-28T09:32:04.284833810Z I0128 09:32:04.283602       1 base_controller.go:82] Caches are synced for openshift-apiserver-RemoveStaleConditions 
2026-01-28T09:32:04.284833810Z I0128 09:32:04.283630       1 base_controller.go:119] Starting #1 worker of openshift-apiserver-RemoveStaleConditions controller ...
2026-01-28T09:32:04.285506184Z I0128 09:32:04.285165       1 base_controller.go:82] Caches are synced for APIServerStaticResources-StaticResources 
2026-01-28T09:32:04.285506184Z I0128 09:32:04.285180       1 base_controller.go:119] Starting #1 worker of APIServerStaticResources-StaticResources controller ...
2026-01-28T09:32:04.289449979Z I0128 09:32:04.289426       1 base_controller.go:82] Caches are synced for LoggingSyncer 
2026-01-28T09:32:04.289494461Z I0128 09:32:04.289483       1 base_controller.go:119] Starting #1 worker of LoggingSyncer controller ...
2026-01-28T09:32:04.289648979Z I0128 09:32:04.289636       1 base_controller.go:82] Caches are synced for openshift-apiserver-UnsupportedConfigOverrides 
2026-01-28T09:32:04.289676470Z I0128 09:32:04.289667       1 base_controller.go:119] Starting #1 worker of openshift-apiserver-UnsupportedConfigOverrides controller ...
2026-01-28T09:32:04.344552625Z I0128 09:32:04.327809       1 reflector.go:430] "Caches populated" type="*v1.ConfigMap" reflector="k8s.io/client-go@v0.33.3/tools/cache/reflector.go:285"
2026-01-28T09:32:04.369697580Z I0128 09:32:04.369653       1 reflector.go:430] "Caches populated" type="*v1.APIService" reflector="k8s.io/client-go@v0.33.3/tools/cache/reflector.go:285"
2026-01-28T09:32:04.392062726Z I0128 09:32:04.392001       1 reflector.go:430] "Caches populated" type="*v1.ConfigMap" reflector="k8s.io/client-go@v0.33.3/tools/cache/reflector.go:285"
2026-01-28T09:32:04.394517318Z I0128 09:32:04.392745       1 reflector.go:430] "Caches populated" type="*v1.ClusterOperator" reflector="k8s.io/client-go@v0.33.3/tools/cache/reflector.go:285"
2026-01-28T09:32:04.397414441Z I0128 09:32:04.393251       1 reflector.go:430] "Caches populated" type="*v1.Namespace" reflector="k8s.io/client-go@v0.33.3/tools/cache/reflector.go:285"
2026-01-28T09:32:04.397692905Z I0128 09:32:04.395399       1 reflector.go:430] "Caches populated" type="*v1.Infrastructure" reflector="k8s.io/client-go@v0.33.3/tools/cache/reflector.go:285"
2026-01-28T09:32:04.401908963Z I0128 09:32:04.395952       1 warnings.go:110] "Warning: v1 Endpoints is deprecated in v1.33+; use discovery.k8s.io/v1 EndpointSlice"
2026-01-28T09:32:04.402186177Z I0128 09:32:04.402165       1 reflector.go:430] "Caches populated" type="*v1.Endpoints" reflector="k8s.io/client-go@v0.33.3/tools/cache/reflector.go:285"
2026-01-28T09:32:04.408144422Z I0128 09:32:04.403161       1 warnings.go:110] "Warning: v1 Endpoints is deprecated in v1.33+; use discovery.k8s.io/v1 EndpointSlice"
2026-01-28T09:32:04.445722891Z I0128 09:32:04.445617       1 reflector.go:430] "Caches populated" type="*v1.ConfigMap" reflector="k8s.io/client-go@v0.33.3/tools/cache/reflector.go:285"
2026-01-28T09:32:04.473568019Z I0128 09:32:04.473522       1 base_controller.go:82] Caches are synced for RevisionController 
2026-01-28T09:32:04.473614622Z I0128 09:32:04.473603       1 base_controller.go:119] Starting #1 worker of RevisionController controller ...
2026-01-28T09:32:04.473677745Z I0128 09:32:04.473664       1 base_controller.go:82] Caches are synced for StatusSyncer_openshift-apiserver 
2026-01-28T09:32:04.473706086Z I0128 09:32:04.473696       1 base_controller.go:119] Starting #1 worker of StatusSyncer_openshift-apiserver controller ...
2026-01-28T09:32:04.473758278Z I0128 09:32:04.473746       1 base_controller.go:82] Caches are synced for auditPolicyController 
2026-01-28T09:32:04.473783470Z I0128 09:32:04.473774       1 base_controller.go:119] Starting #1 worker of auditPolicyController controller ...
2026-01-28T09:32:04.551448053Z I0128 09:32:04.551407       1 reflector.go:430] "Caches populated" type="*v1.Service" reflector="k8s.io/client-go@v0.33.3/tools/cache/reflector.go:285"
2026-01-28T09:32:04.736630006Z I0128 09:32:04.734977       1 reflector.go:430] "Caches populated" type="*v1.CustomResourceDefinition" reflector="k8s.io/client-go@v0.33.3/tools/cache/reflector.go:285"
2026-01-28T09:32:04.757259057Z I0128 09:32:04.755484       1 reflector.go:430] "Caches populated" type="*v1.Pod" reflector="k8s.io/client-go@v0.33.3/tools/cache/reflector.go:285"
2026-01-28T09:32:04.772458929Z I0128 09:32:04.772419       1 base_controller.go:82] Caches are synced for openshift-apiserver-EncryptionPrune 
2026-01-28T09:32:04.772533962Z I0128 09:32:04.772521       1 base_controller.go:119] Starting #1 worker of openshift-apiserver-EncryptionPrune controller ...
2026-01-28T09:32:04.772613066Z I0128 09:32:04.772600       1 base_controller.go:82] Caches are synced for openshift-apiserver-EncryptionCondition 
2026-01-28T09:32:04.772643178Z I0128 09:32:04.772632       1 base_controller.go:119] Starting #1 worker of openshift-apiserver-EncryptionCondition controller ...
2026-01-28T09:32:04.772702521Z I0128 09:32:04.772690       1 base_controller.go:82] Caches are synced for SecretRevisionPruneController 
2026-01-28T09:32:04.772730992Z I0128 09:32:04.772720       1 base_controller.go:119] Starting #1 worker of SecretRevisionPruneController controller ...
2026-01-28T09:32:04.772865179Z I0128 09:32:04.772852       1 base_controller.go:82] Caches are synced for OpenShiftAPIServer-WorkloadWorkloadController 
2026-01-28T09:32:04.772905651Z I0128 09:32:04.772894       1 base_controller.go:119] Starting #1 worker of OpenShiftAPIServer-WorkloadWorkloadController controller ...
2026-01-28T09:32:04.779472425Z I0128 09:32:04.779452       1 base_controller.go:82] Caches are synced for openshift-apiserver-EncryptionState 
2026-01-28T09:32:04.779512178Z I0128 09:32:04.779501       1 base_controller.go:119] Starting #1 worker of openshift-apiserver-EncryptionState controller ...
2026-01-28T09:32:04.780648164Z I0128 09:32:04.780620       1 base_controller.go:82] Caches are synced for openshift-apiserver-EncryptionMigration 
2026-01-28T09:32:04.781323647Z I0128 09:32:04.781306       1 base_controller.go:119] Starting #1 worker of openshift-apiserver-EncryptionMigration controller ...
2026-01-28T09:32:04.782286495Z I0128 09:32:04.782267       1 base_controller.go:82] Caches are synced for NamespaceFinalizerController_openshift-apiserver 
2026-01-28T09:32:04.782323526Z I0128 09:32:04.782312       1 base_controller.go:119] Starting #1 worker of NamespaceFinalizerController_openshift-apiserver controller ...
2026-01-28T09:32:04.782364308Z I0128 09:32:04.782354       1 base_controller.go:82] Caches are synced for openshift-apiserver-EncryptionKey 
2026-01-28T09:32:04.782388340Z I0128 09:32:04.782379       1 base_controller.go:119] Starting #1 worker of openshift-apiserver-EncryptionKey controller ...
2026-01-28T09:32:04.947895829Z I0128 09:32:04.947854       1 reflector.go:430] "Caches populated" type="*v1.ConfigMap" reflector="k8s.io/client-go@v0.33.3/tools/cache/reflector.go:285"
2026-01-28T09:32:04.971459985Z I0128 09:32:04.971417       1 base_controller.go:82] Caches are synced for openshift-apiserver-APIService 
2026-01-28T09:32:04.971514988Z I0128 09:32:04.971503       1 base_controller.go:119] Starting #1 worker of openshift-apiserver-APIService controller ...
2026-01-28T09:32:05.146988590Z I0128 09:32:05.146944       1 reflector.go:430] "Caches populated" type="*v1.Secret" reflector="k8s.io/client-go@v0.33.3/tools/cache/reflector.go:285"
2026-01-28T09:32:05.346211158Z I0128 09:32:05.346168       1 request.go:752] "Waited before sending request" delay="1.19379173s" reason="client-side throttling, not priority and fairness" verb="GET" URL="https://172.30.0.1:443/api/v1/namespaces/openshift-etcd/endpoints?limit=500&resourceVersion=0"
2026-01-28T09:32:05.360327907Z I0128 09:32:05.360281       1 warnings.go:110] "Warning: v1 Endpoints is deprecated in v1.33+; use discovery.k8s.io/v1 EndpointSlice"
2026-01-28T09:32:05.360510756Z I0128 09:32:05.360495       1 reflector.go:430] "Caches populated" type="*v1.Endpoints" reflector="k8s.io/client-go@v0.33.3/tools/cache/reflector.go:285"
2026-01-28T09:32:05.373609304Z I0128 09:32:05.373569       1 warnings.go:110] "Warning: v1 Endpoints is deprecated in v1.33+; use discovery.k8s.io/v1 EndpointSlice"
2026-01-28T09:32:05.551664934Z I0128 09:32:05.551620       1 reflector.go:430] "Caches populated" type="*v1.ConfigMap" reflector="k8s.io/client-go@v0.33.3/tools/cache/reflector.go:285"
2026-01-28T09:32:05.571107426Z I0128 09:32:05.571070       1 base_controller.go:82] Caches are synced for ConfigObserver 
2026-01-28T09:32:05.571179580Z I0128 09:32:05.571166       1 base_controller.go:119] Starting #1 worker of ConfigObserver controller ...
2026-01-28T09:32:05.750042870Z I0128 09:32:05.749735       1 reflector.go:430] "Caches populated" type="*v1.Secret" reflector="k8s.io/client-go@v0.33.3/tools/cache/reflector.go:285"
2026-01-28T09:32:05.947363934Z I0128 09:32:05.947159       1 reflector.go:430] "Caches populated" type="*v1.Secret" reflector="k8s.io/client-go@v0.33.3/tools/cache/reflector.go:285"
2026-01-28T09:32:06.149257814Z I0128 09:32:06.149211       1 reflector.go:430] "Caches populated" type="*v1.ConfigMap" reflector="k8s.io/client-go@v0.33.3/tools/cache/reflector.go:285"
2026-01-28T09:32:06.366437150Z I0128 09:32:06.366398       1 request.go:752] "Waited before sending request" delay="2.204905761s" reason="client-side throttling, not priority and fairness" verb="GET" URL="https://172.30.0.1:443/api/v1/namespaces/openshift-kube-apiserver/configmaps?limit=500&resourceVersion=0"
2026-01-28T09:32:06.369645188Z I0128 09:32:06.369622       1 reflector.go:430] "Caches populated" type="*v1.ConfigMap" reflector="k8s.io/client-go@v0.33.3/tools/cache/reflector.go:285"
2026-01-28T09:32:06.548450066Z I0128 09:32:06.548409       1 reflector.go:430] "Caches populated" type="*v1.Secret" reflector="k8s.io/client-go@v0.33.3/tools/cache/reflector.go:285"
2026-01-28T09:32:06.748297135Z I0128 09:32:06.748256       1 warnings.go:110] "Warning: v1 Endpoints is deprecated in v1.33+; use discovery.k8s.io/v1 EndpointSlice"
2026-01-28T09:32:06.748462953Z I0128 09:32:06.748447       1 reflector.go:430] "Caches populated" type="*v1.Endpoints" reflector="k8s.io/client-go@v0.33.3/tools/cache/reflector.go:285"
2026-01-28T09:32:06.749425300Z I0128 09:32:06.749396       1 warnings.go:110] "Warning: v1 Endpoints is deprecated in v1.33+; use discovery.k8s.io/v1 EndpointSlice"
2026-01-28T09:32:06.949707700Z I0128 09:32:06.949666       1 reflector.go:430] "Caches populated" type="*v1.Service" reflector="k8s.io/client-go@v0.33.3/tools/cache/reflector.go:285"
2026-01-28T09:32:06.970248897Z I0128 09:32:06.970198       1 base_controller.go:82] Caches are synced for ConnectivityCheckController 
2026-01-28T09:32:06.970309540Z I0128 09:32:06.970297       1 base_controller.go:119] Starting #1 worker of ConnectivityCheckController controller ...
2026-01-28T09:32:06.970667867Z I0128 09:32:06.970654       1 connectivity_check_controller.go:172] ConnectivityCheckController is waiting for transition to desired version (4.20.0-0-2026-01-28-090915-test-ci-ln-vjb5l1t-latest) to be completed.
2026-01-28T09:32:07.151464753Z I0128 09:32:07.151426       1 reflector.go:430] "Caches populated" type="*v1.Secret" reflector="k8s.io/client-go@v0.33.3/tools/cache/reflector.go:285"
2026-01-28T09:32:07.173151306Z I0128 09:32:07.173110       1 base_controller.go:82] Caches are synced for openshift-apiserver 
2026-01-28T09:32:07.173206179Z I0128 09:32:07.173193       1 base_controller.go:119] Starting #1 worker of openshift-apiserver controller ...
2026-01-28T09:32:07.546434067Z I0128 09:32:07.546392       1 request.go:752] "Waited before sending request" delay="3.070658498s" reason="client-side throttling, not priority and fairness" verb="GET" URL="https://172.30.0.1:443/api/v1/namespaces/openshift-apiserver/configmaps/audit"
2026-01-28T09:32:07.984679652Z I0128 09:32:07.984625       1 connectivity_check_controller.go:172] ConnectivityCheckController is waiting for transition to desired version (4.20.0-0-2026-01-28-090915-test-ci-ln-vjb5l1t-latest) to be completed.
2026-01-28T09:32:08.355861918Z I0128 09:32:08.355807       1 connectivity_check_controller.go:172] ConnectivityCheckController is waiting for transition to desired version (4.20.0-0-2026-01-28-090915-test-ci-ln-vjb5l1t-latest) to be completed.
2026-01-28T09:32:09.335452810Z I0128 09:32:09.335411       1 connectivity_check_controller.go:172] ConnectivityCheckController is waiting for transition to desired version (4.20.0-0-2026-01-28-090915-test-ci-ln-vjb5l1t-latest) to be completed.
2026-01-28T09:32:10.702437139Z I0128 09:32:10.701443       1 connectivity_check_controller.go:172] ConnectivityCheckController is waiting for transition to desired version (4.20.0-0-2026-01-28-090915-test-ci-ln-vjb5l1t-latest) to be completed.
2026-01-28T09:32:10.769633614Z I0128 09:32:10.769596       1 connectivity_check_controller.go:172] ConnectivityCheckController is waiting for transition to desired version (4.20.0-0-2026-01-28-090915-test-ci-ln-vjb5l1t-latest) to be completed.
2026-01-28T09:32:12.762147555Z I0128 09:32:12.762108       1 connectivity_check_controller.go:172] ConnectivityCheckController is waiting for transition to desired version (4.20.0-0-2026-01-28-090915-test-ci-ln-vjb5l1t-latest) to be completed.
2026-01-28T09:32:22.798406155Z I0128 09:32:22.798368       1 connectivity_check_controller.go:172] ConnectivityCheckController is waiting for transition to desired version (4.20.0-0-2026-01-28-090915-test-ci-ln-vjb5l1t-latest) to be completed.
2026-01-28T09:32:23.736991117Z I0128 09:32:23.736954       1 connectivity_check_controller.go:172] ConnectivityCheckController is waiting for transition to desired version (4.20.0-0-2026-01-28-090915-test-ci-ln-vjb5l1t-latest) to be completed.
2026-01-28T09:32:24.019682199Z I0128 09:32:24.019629       1 connectivity_check_controller.go:172] ConnectivityCheckController is waiting for transition to desired version (4.20.0-0-2026-01-28-090915-test-ci-ln-vjb5l1t-latest) to be completed.
2026-01-28T09:32:24.118605669Z I0128 09:32:24.115221       1 connectivity_check_controller.go:172] ConnectivityCheckController is waiting for transition to desired version (4.20.0-0-2026-01-28-090915-test-ci-ln-vjb5l1t-latest) to be completed.
2026-01-28T09:32:24.130150411Z I0128 09:32:24.126578       1 connectivity_check_controller.go:172] ConnectivityCheckController is waiting for transition to desired version (4.20.0-0-2026-01-28-090915-test-ci-ln-vjb5l1t-latest) to be completed.
2026-01-28T09:32:24.502751808Z I0128 09:32:24.497492       1 connectivity_check_controller.go:172] ConnectivityCheckController is waiting for transition to desired version (4.20.0-0-2026-01-28-090915-test-ci-ln-vjb5l1t-latest) to be completed.
2026-01-28T09:32:24.528641750Z I0128 09:32:24.528515       1 connectivity_check_controller.go:172] ConnectivityCheckController is waiting for transition to desired version (4.20.0-0-2026-01-28-090915-test-ci-ln-vjb5l1t-latest) to be completed.
2026-01-28T09:32:24.576439218Z I0128 09:32:24.576391       1 connectivity_check_controller.go:172] ConnectivityCheckController is waiting for transition to desired version (4.20.0-0-2026-01-28-090915-test-ci-ln-vjb5l1t-latest) to be completed.
2026-01-28T09:32:24.581769422Z I0128 09:32:24.581737       1 connectivity_check_controller.go:172] ConnectivityCheckController is waiting for transition to desired version (4.20.0-0-2026-01-28-090915-test-ci-ln-vjb5l1t-latest) to be completed.
2026-01-28T09:32:24.697605049Z I0128 09:32:24.697569       1 connectivity_check_controller.go:172] ConnectivityCheckController is waiting for transition to desired version (4.20.0-0-2026-01-28-090915-test-ci-ln-vjb5l1t-latest) to be completed.
2026-01-28T09:32:24.703187386Z I0128 09:32:24.702668       1 connectivity_check_controller.go:172] ConnectivityCheckController is waiting for transition to desired version (4.20.0-0-2026-01-28-090915-test-ci-ln-vjb5l1t-latest) to be completed.
2026-01-28T09:32:25.237728324Z I0128 09:32:25.237692       1 connectivity_check_controller.go:172] ConnectivityCheckController is waiting for transition to desired version (4.20.0-0-2026-01-28-090915-test-ci-ln-vjb5l1t-latest) to be completed.
2026-01-28T09:32:25.272743238Z I0128 09:32:25.272691       1 connectivity_check_controller.go:172] ConnectivityCheckController is waiting for transition to desired version (4.20.0-0-2026-01-28-090915-test-ci-ln-vjb5l1t-latest) to be completed.
2026-01-28T09:32:25.548893447Z I0128 09:32:25.548857       1 connectivity_check_controller.go:172] ConnectivityCheckController is waiting for transition to desired version (4.20.0-0-2026-01-28-090915-test-ci-ln-vjb5l1t-latest) to be completed.
2026-01-28T09:32:26.002150948Z I0128 09:32:26.002115       1 connectivity_check_controller.go:172] ConnectivityCheckController is waiting for transition to desired version (4.20.0-0-2026-01-28-090915-test-ci-ln-vjb5l1t-latest) to be completed.
2026-01-28T09:32:26.004175909Z I0128 09:32:26.004154       1 connectivity_check_controller.go:172] ConnectivityCheckController is waiting for transition to desired version (4.20.0-0-2026-01-28-090915-test-ci-ln-vjb5l1t-latest) to be completed.
2026-01-28T09:32:26.047272803Z I0128 09:32:26.047233       1 connectivity_check_controller.go:172] ConnectivityCheckController is waiting for transition to desired version (4.20.0-0-2026-01-28-090915-test-ci-ln-vjb5l1t-latest) to be completed.
2026-01-28T09:32:26.064056455Z I0128 09:32:26.064004       1 connectivity_check_controller.go:172] ConnectivityCheckController is waiting for transition to desired version (4.20.0-0-2026-01-28-090915-test-ci-ln-vjb5l1t-latest) to be completed.
2026-01-28T09:32:27.773223086Z I0128 09:32:27.772997       1 connectivity_check_controller.go:172] ConnectivityCheckController is waiting for transition to desired version (4.20.0-0-2026-01-28-090915-test-ci-ln-vjb5l1t-latest) to be completed.
2026-01-28T09:32:28.798732164Z I0128 09:32:28.798690       1 connectivity_check_controller.go:172] ConnectivityCheckController is waiting for transition to desired version (4.20.0-0-2026-01-28-090915-test-ci-ln-vjb5l1t-latest) to be completed.
2026-01-28T09:32:28.815118435Z I0128 09:32:28.815080       1 connectivity_check_controller.go:172] ConnectivityCheckController is waiting for transition to desired version (4.20.0-0-2026-01-28-090915-test-ci-ln-vjb5l1t-latest) to be completed.
2026-01-28T09:32:32.434337956Z I0128 09:32:32.434298       1 connectivity_check_controller.go:172] ConnectivityCheckController is waiting for transition to desired version (4.20.0-0-2026-01-28-090915-test-ci-ln-vjb5l1t-latest) to be completed.
2026-01-28T09:32:34.454607629Z I0128 09:32:34.451362       1 connectivity_check_controller.go:172] ConnectivityCheckController is waiting for transition to desired version (4.20.0-0-2026-01-28-090915-test-ci-ln-vjb5l1t-latest) to be completed.
2026-01-28T09:32:34.470482454Z I0128 09:32:34.470448       1 connectivity_check_controller.go:172] ConnectivityCheckController is waiting for transition to desired version (4.20.0-0-2026-01-28-090915-test-ci-ln-vjb5l1t-latest) to be completed.
2026-01-28T09:32:34.489395531Z I0128 09:32:34.489357       1 connectivity_check_controller.go:172] ConnectivityCheckController is waiting for transition to desired version (4.20.0-0-2026-01-28-090915-test-ci-ln-vjb5l1t-latest) to be completed.
2026-01-28T09:32:34.535783864Z I0128 09:32:34.535738       1 connectivity_check_controller.go:172] ConnectivityCheckController is waiting for transition to desired version (4.20.0-0-2026-01-28-090915-test-ci-ln-vjb5l1t-latest) to be completed.
2026-01-28T09:32:39.510553721Z I0128 09:32:39.508987       1 connectivity_check_controller.go:172] ConnectivityCheckController is waiting for transition to desired version (4.20.0-0-2026-01-28-090915-test-ci-ln-vjb5l1t-latest) to be completed.
2026-01-28T09:32:40.712823344Z I0128 09:32:40.712787       1 connectivity_check_controller.go:172] ConnectivityCheckController is waiting for transition to desired version (4.20.0-0-2026-01-28-090915-test-ci-ln-vjb5l1t-latest) to be completed.
2026-01-28T09:32:49.257737603Z I0128 09:32:49.257695       1 connectivity_check_controller.go:172] ConnectivityCheckController is waiting for transition to desired version (4.20.0-0-2026-01-28-090915-test-ci-ln-vjb5l1t-latest) to be completed.
2026-01-28T09:32:49.615554310Z I0128 09:32:49.615517       1 connectivity_check_controller.go:172] ConnectivityCheckController is waiting for transition to desired version (4.20.0-0-2026-01-28-090915-test-ci-ln-vjb5l1t-latest) to be completed.
2026-01-28T09:32:50.027621383Z I0128 09:32:50.027574       1 connectivity_check_controller.go:172] ConnectivityCheckController is waiting for transition to desired version (4.20.0-0-2026-01-28-090915-test-ci-ln-vjb5l1t-latest) to be completed.
2026-01-28T09:32:50.064957574Z I0128 09:32:50.064917       1 connectivity_check_controller.go:172] ConnectivityCheckController is waiting for transition to desired version (4.20.0-0-2026-01-28-090915-test-ci-ln-vjb5l1t-latest) to be completed.
2026-01-28T09:32:50.106195374Z I0128 09:32:50.100237       1 connectivity_check_controller.go:172] ConnectivityCheckController is waiting for transition to desired version (4.20.0-0-2026-01-28-090915-test-ci-ln-vjb5l1t-latest) to be completed.
2026-01-28T09:32:50.118553956Z I0128 09:32:50.117289       1 connectivity_check_controller.go:172] ConnectivityCheckController is waiting for transition to desired version (4.20.0-0-2026-01-28-090915-test-ci-ln-vjb5l1t-latest) to be completed.
2026-01-28T09:32:50.155854715Z I0128 09:32:50.155426       1 connectivity_check_controller.go:172] ConnectivityCheckController is waiting for transition to desired version (4.20.0-0-2026-01-28-090915-test-ci-ln-vjb5l1t-latest) to be completed.
2026-01-28T09:32:50.720539327Z I0128 09:32:50.720505       1 connectivity_check_controller.go:172] ConnectivityCheckController is waiting for transition to desired version (4.20.0-0-2026-01-28-090915-test-ci-ln-vjb5l1t-latest) to be completed.
2026-01-28T09:32:51.218001999Z I0128 09:32:51.217951       1 connectivity_check_controller.go:172] ConnectivityCheckController is waiting for transition to desired version (4.20.0-0-2026-01-28-090915-test-ci-ln-vjb5l1t-latest) to be completed.
2026-01-28T09:32:51.228818773Z I0128 09:32:51.228404       1 connectivity_check_controller.go:172] ConnectivityCheckController is waiting for transition to desired version (4.20.0-0-2026-01-28-090915-test-ci-ln-vjb5l1t-latest) to be completed.
2026-01-28T09:32:51.229807723Z I0128 09:32:51.229791       1 connectivity_check_controller.go:172] ConnectivityCheckController is waiting for transition to desired version (4.20.0-0-2026-01-28-090915-test-ci-ln-vjb5l1t-latest) to be completed.
2026-01-28T09:32:51.234015368Z I0128 09:32:51.233995       1 connectivity_check_controller.go:172] ConnectivityCheckController is waiting for transition to desired version (4.20.0-0-2026-01-28-090915-test-ci-ln-vjb5l1t-latest) to be completed.
2026-01-28T09:32:51.249246158Z I0128 09:32:51.244958       1 connectivity_check_controller.go:172] ConnectivityCheckController is waiting for transition to desired version (4.20.0-0-2026-01-28-090915-test-ci-ln-vjb5l1t-latest) to be completed.
2026-01-28T09:32:51.266064798Z I0128 09:32:51.266001       1 connectivity_check_controller.go:172] ConnectivityCheckController is waiting for transition to desired version (4.20.0-0-2026-01-28-090915-test-ci-ln-vjb5l1t-latest) to be completed.
2026-01-28T09:32:51.301668190Z I0128 09:32:51.301586       1 connectivity_check_controller.go:172] ConnectivityCheckController is waiting for transition to desired version (4.20.0-0-2026-01-28-090915-test-ci-ln-vjb5l1t-latest) to be completed.
2026-01-28T09:32:51.332126468Z I0128 09:32:51.329649       1 status_controller.go:229] clusteroperator/openshift-apiserver diff {"status":{"conditions":[{"lastTransitionTime":"2026-01-28T09:30:33Z","message":"All is well","reason":"AsExpected","status":"False","type":"Degraded"},{"lastTransitionTime":"2026-01-28T09:30:44Z","message":"APIServerDeploymentProgressing: deployment/apiserver.openshift-apiserver: 3/3 pods have been updated to the latest generation and 2/3 pods are available","reason":"APIServerDeployment_PodsUpdating","status":"True","type":"Progressing"},{"lastTransitionTime":"2026-01-28T09:30:36Z","message":"APIServicesAvailable: PreconditionNotReady","reason":"APIServices_PreconditionNotReady","status":"False","type":"Available"},{"lastTransitionTime":"2026-01-28T09:30:34Z","message":"All is well","reason":"AsExpected","status":"True","type":"Upgradeable"},{"lastTransitionTime":"2026-01-28T09:30:33Z","reason":"NoData","status":"Unknown","type":"EvaluationConditionsDetected"}]}}
2026-01-28T09:32:51.349452655Z I0128 09:32:51.340096       1 connectivity_check_controller.go:172] ConnectivityCheckController is waiting for transition to desired version (4.20.0-0-2026-01-28-090915-test-ci-ln-vjb5l1t-latest) to be completed.
2026-01-28T09:32:51.359653307Z I0128 09:32:51.352464       1 event.go:377] Event(v1.ObjectReference{Kind:"Deployment", Namespace:"openshift-apiserver-operator", Name:"openshift-apiserver-operator", UID:"c99b71ce-12d2-4118-9140-e5c0a2e82958", APIVersion:"apps/v1", ResourceVersion:"", FieldPath:""}): type: 'Normal' reason: 'OperatorStatusChanged' Status for clusteroperator/openshift-apiserver changed: Progressing message changed from "APIServerDeploymentProgressing: deployment/apiserver.openshift-apiserver: 2/3 pods have been updated to the latest generation and 1/3 pods are available" to "APIServerDeploymentProgressing: deployment/apiserver.openshift-apiserver: 3/3 pods have been updated to the latest generation and 2/3 pods are available"
2026-01-28T09:32:51.871655523Z I0128 09:32:51.871620       1 connectivity_check_controller.go:172] ConnectivityCheckController is waiting for transition to desired version (4.20.0-0-2026-01-28-090915-test-ci-ln-vjb5l1t-latest) to be completed.
2026-01-28T09:32:53.270052461Z I0128 09:32:53.269993       1 connectivity_check_controller.go:172] ConnectivityCheckController is waiting for transition to desired version (4.20.0-0-2026-01-28-090915-test-ci-ln-vjb5l1t-latest) to be completed.
2026-01-28T09:32:55.704568402Z I0128 09:32:55.704527       1 connectivity_check_controller.go:172] ConnectivityCheckController is waiting for transition to desired version (4.20.0-0-2026-01-28-090915-test-ci-ln-vjb5l1t-latest) to be completed.
2026-01-28T09:32:55.726952948Z I0128 09:32:55.726909       1 connectivity_check_controller.go:172] ConnectivityCheckController is waiting for transition to desired version (4.20.0-0-2026-01-28-090915-test-ci-ln-vjb5l1t-latest) to be completed.
2026-01-28T09:32:56.227586673Z I0128 09:32:56.227547       1 connectivity_check_controller.go:172] ConnectivityCheckController is waiting for transition to desired version (4.20.0-0-2026-01-28-090915-test-ci-ln-vjb5l1t-latest) to be completed.
2026-01-28T09:32:58.199100074Z I0128 09:32:58.196378       1 connectivity_check_controller.go:172] ConnectivityCheckController is waiting for transition to desired version (4.20.0-0-2026-01-28-090915-test-ci-ln-vjb5l1t-latest) to be completed.
2026-01-28T09:32:59.243119551Z I0128 09:32:59.243038       1 connectivity_check_controller.go:172] ConnectivityCheckController is waiting for transition to desired version (4.20.0-0-2026-01-28-090915-test-ci-ln-vjb5l1t-latest) to be completed.
2026-01-28T09:33:01.581773868Z I0128 09:33:01.581719       1 connectivity_check_controller.go:172] ConnectivityCheckController is waiting for transition to desired version (4.20.0-0-2026-01-28-090915-test-ci-ln-vjb5l1t-latest) to be completed.
2026-01-28T09:33:02.255526902Z I0128 09:33:02.254734       1 connectivity_check_controller.go:172] ConnectivityCheckController is waiting for transition to desired version (4.20.0-0-2026-01-28-090915-test-ci-ln-vjb5l1t-latest) to be completed.
2026-01-28T09:33:02.885973305Z I0128 09:33:02.885887       1 connectivity_check_controller.go:172] ConnectivityCheckController is waiting for transition to desired version (4.20.0-0-2026-01-28-090915-test-ci-ln-vjb5l1t-latest) to be completed.
2026-01-28T09:33:03.069521665Z I0128 09:33:03.069471       1 event.go:377] Event(v1.ObjectReference{Kind:"Deployment", Namespace:"openshift-apiserver-operator", Name:"openshift-apiserver-operator", UID:"c99b71ce-12d2-4118-9140-e5c0a2e82958", APIVersion:"apps/v1", ResourceVersion:"", FieldPath:""}): type: 'Normal' reason: 'OperatorVersionChanged' clusteroperator/openshift-apiserver version "openshift-apiserver" changed from "" to "4.20.0-0-2026-01-28-090915-test-ci-ln-vjb5l1t-latest"
2026-01-28T09:33:03.069889213Z I0128 09:33:03.069860       1 status_controller.go:229] clusteroperator/openshift-apiserver diff {"status":{"versions":[{"name":"operator","version":"4.20.0-0-2026-01-28-090915-test-ci-ln-vjb5l1t-latest"},{"name":"openshift-apiserver","version":"4.20.0-0-2026-01-28-090915-test-ci-ln-vjb5l1t-latest"}]}}
2026-01-28T09:33:03.088124926Z I0128 09:33:03.086185       1 event.go:377] Event(v1.ObjectReference{Kind:"Deployment", Namespace:"openshift-apiserver-operator", Name:"openshift-apiserver-operator", UID:"c99b71ce-12d2-4118-9140-e5c0a2e82958", APIVersion:"apps/v1", ResourceVersion:"", FieldPath:""}): type: 'Normal' reason: 'OperatorStatusChanged' Status for clusteroperator/openshift-apiserver changed: status.versions changed from [{"operator" "4.20.0-0-2026-01-28-090915-test-ci-ln-vjb5l1t-latest"}] to [{"operator" "4.20.0-0-2026-01-28-090915-test-ci-ln-vjb5l1t-latest"} {"openshift-apiserver" "4.20.0-0-2026-01-28-090915-test-ci-ln-vjb5l1t-latest"}]
2026-01-28T09:33:03.088279654Z I0128 09:33:03.088252       1 event.go:377] Event(v1.ObjectReference{Kind:"Deployment", Namespace:"openshift-apiserver-operator", Name:"openshift-apiserver-operator", UID:"c99b71ce-12d2-4118-9140-e5c0a2e82958", APIVersion:"apps/v1", ResourceVersion:"", FieldPath:""}): type: 'Normal' reason: 'ObserveStorageUpdated' Updated storage urls to https://10.0.102.200:2379,https://10.0.161.159:2379
2026-01-28T09:33:03.089876834Z I0128 09:33:03.089690       1 status_controller.go:229] clusteroperator/openshift-apiserver diff {"status":{"conditions":[{"lastTransitionTime":"2026-01-28T09:30:33Z","message":"All is well","reason":"AsExpected","status":"False","type":"Degraded"},{"lastTransitionTime":"2026-01-28T09:33:03Z","message":"All is well","reason":"AsExpected","status":"False","type":"Progressing"},{"lastTransitionTime":"2026-01-28T09:30:36Z","message":"APIServicesAvailable: PreconditionNotReady","reason":"APIServices_PreconditionNotReady","status":"False","type":"Available"},{"lastTransitionTime":"2026-01-28T09:30:34Z","message":"All is well","reason":"AsExpected","status":"True","type":"Upgradeable"},{"lastTransitionTime":"2026-01-28T09:30:33Z","reason":"NoData","status":"Unknown","type":"EvaluationConditionsDetected"}]}}
2026-01-28T09:33:03.091062773Z I0128 09:33:03.091038       1 connectivity_check_controller.go:172] ConnectivityCheckController is waiting for transition to desired version (4.20.0-0-2026-01-28-090915-test-ci-ln-vjb5l1t-latest) to be completed.
2026-01-28T09:33:03.107880765Z I0128 09:33:03.105350       1 event.go:377] Event(v1.ObjectReference{Kind:"Deployment", Namespace:"openshift-apiserver-operator", Name:"openshift-apiserver-operator", UID:"c99b71ce-12d2-4118-9140-e5c0a2e82958", APIVersion:"apps/v1", ResourceVersion:"", FieldPath:""}): type: 'Normal' reason: 'OperatorStatusChanged' Status for clusteroperator/openshift-apiserver changed: Progressing changed from True to False ("All is well")
2026-01-28T09:33:03.125633864Z I0128 09:33:03.125581       1 event.go:377] Event(v1.ObjectReference{Kind:"Deployment", Namespace:"openshift-apiserver-operator", Name:"openshift-apiserver-operator", UID:"c99b71ce-12d2-4118-9140-e5c0a2e82958", APIVersion:"apps/v1", ResourceVersion:"", FieldPath:""}): type: 'Normal' reason: 'ObservedConfigChanged' Writing updated observed config:   map[string]any{
2026-01-28T09:33:03.125633864Z   	... // 2 identical entries
2026-01-28T09:33:03.125633864Z   	"routingConfig": map[string]any{"subdomain": string("apps.ci-ln-vjb5l1t-76ef8.XXXXXXXXXXXXXXXXXXXXXX")},
2026-01-28T09:33:03.125633864Z   	"servingInfo":   map[string]any{"cipherSuites": []any{string("TLS_AES_128_GCM_SHA256"), string("TLS_AES_256_GCM_SHA384"), string("TLS_CHACHA20_POLY1305_SHA256"), string("TLS_ECDHE_ECDSA_WITH_AES_128_GCM_SHA256"), ...}, "minTLSVersion": string("VersionTLS12")},
2026-01-28T09:33:03.125633864Z   	"storageConfig": map[string]any{
2026-01-28T09:33:03.125633864Z   		"urls": []any{
2026-01-28T09:33:03.125633864Z + 			string("https://10.0.102.200:2379"),
2026-01-28T09:33:03.125633864Z   			string("https://10.0.161.159:2379"),
2026-01-28T09:33:03.125633864Z   		},
2026-01-28T09:33:03.125633864Z   	},
2026-01-28T09:33:03.125633864Z   }
2026-01-28T09:33:03.146298749Z I0128 09:33:03.146250       1 event.go:377] Event(v1.ObjectReference{Kind:"Deployment", Namespace:"openshift-apiserver-operator", Name:"openshift-apiserver-operator", UID:"c99b71ce-12d2-4118-9140-e5c0a2e82958", APIVersion:"apps/v1", ResourceVersion:"", FieldPath:""}): type: 'Normal' reason: 'ObserveStorageUpdated' Updated storage urls to https://10.0.102.200:2379,https://10.0.161.159:2379
2026-01-28T09:33:03.146770112Z I0128 09:33:03.146705       1 event.go:377] Event(v1.ObjectReference{Kind:"Deployment", Namespace:"openshift-apiserver-operator", Name:"openshift-apiserver-operator", UID:"c99b71ce-12d2-4118-9140-e5c0a2e82958", APIVersion:"apps/v1", ResourceVersion:"", FieldPath:""}): type: 'Normal' reason: 'ObservedConfigChanged' Writing updated observed config:   map[string]any{
2026-01-28T09:33:03.146770112Z   	... // 2 identical entries
2026-01-28T09:33:03.146770112Z   	"routingConfig": map[string]any{"subdomain": string("apps.ci-ln-vjb5l1t-76ef8.XXXXXXXXXXXXXXXXXXXXXX")},
2026-01-28T09:33:03.146770112Z   	"servingInfo":   map[string]any{"cipherSuites": []any{string("TLS_AES_128_GCM_SHA256"), string("TLS_AES_256_GCM_SHA384"), string("TLS_CHACHA20_POLY1305_SHA256"), string("TLS_ECDHE_ECDSA_WITH_AES_128_GCM_SHA256"), ...}, "minTLSVersion": string("VersionTLS12")},
2026-01-28T09:33:03.146770112Z   	"storageConfig": map[string]any{
2026-01-28T09:33:03.146770112Z   		"urls": []any{
2026-01-28T09:33:03.146770112Z + 			string("https://10.0.102.200:2379"),
2026-01-28T09:33:03.146770112Z   			string("https://10.0.161.159:2379"),
2026-01-28T09:33:03.146770112Z   		},
2026-01-28T09:33:03.146770112Z   	},
2026-01-28T09:33:03.146770112Z   }
2026-01-28T09:33:03.149656777Z I0128 09:33:03.149629       1 connectivity_check_controller.go:172] ConnectivityCheckController is waiting for transition to desired version (4.20.0-0-2026-01-28-090915-test-ci-ln-vjb5l1t-latest) to be completed.
2026-01-28T09:33:07.063879851Z I0128 09:33:07.063812       1 core.go:352] ConfigMap "openshift-apiserver/config" changes: {"apiVersion":"v1","data":{"config.yaml":"{\"apiServerArguments\":{\"audit-log-format\":[\"json\"],\"audit-log-maxbackup\":[\"10\"],\"audit-log-maxsize\":[\"100\"],\"audit-log-path\":[\"/var/log/openshift-apiserver/audit.log\"],\"audit-policy-file\":[\"/var/run/configmaps/audit/policy.yaml\"],\"etcd-healthcheck-timeout\":[\"9s\"],\"etcd-readycheck-timeout\":[\"9s\"],\"feature-gates\":[\"AdditionalRoutingCapabilities=true\",\"AdminNetworkPolicy=true\",\"AlibabaPlatform=true\",\"AzureWorkloadIdentity=true\",\"BuildCSIVolumes=true\",\"CPMSMachineNamePrefix=true\",\"ConsolePluginContentSecurityPolicy=true\",\"ExternalOIDC=true\",\"ExternalOIDCWithUIDAndExtraClaimMappings=true\",\"GatewayAPI=true\",\"GatewayAPIController=true\",\"HighlyAvailableArbiter=true\",\"ImageVolume=true\",\"IngressControllerLBSubnetsAWS=true\",\"KMSv1=true\",\"MachineConfigNodes=true\",\"ManagedBootImages=true\",\"ManagedBootImagesAWS=true\",\"MetricsCollectionProfiles=true\",\"NetworkDiagnosticsConfig=true\",\"NetworkLiveMigration=true\",\"NetworkSegmentation=true\",\"NewOLM=true\",\"PinnedImages=true\",\"PreconfiguredUDNAddresses=true\",\"ProcMountType=true\",\"RouteAdvertisements=true\",\"RouteExternalCertificate=true\",\"ServiceAccountTokenNodeBinding=true\",\"SetEIPForNLBIngressController=true\",\"SigstoreImageVerification=true\",\"StoragePerformantSecurityPolicy=true\",\"UpgradeStatus=true\",\"UserNamespacesPodSecurityStandards=true\",\"UserNamespacesSupport=true\",\"VSphereMultiDisk=true\",\"VSphereMultiNetworks=true\",\"AWSClusterHostedDNS=false\",\"AWSClusterHostedDNSInstall=false\",\"AWSDedicatedHosts=false\",\"AWSServiceLBNetworkSecurityGroup=false\",\"AutomatedEtcdBackup=false\",\"AzureClusterHostedDNSInstall=false\",\"AzureDedicatedHosts=false\",\"AzureMultiDisk=false\",\"BootImageSkewEnforcement=false\",\"BootcNodeManagement=false\",\"ClusterAPIInstall=false\",\"ClusterAPIInstallIBMCloud=false\",\"ClusterMonitoringConfig=false\",\"ClusterVersionOperatorConfiguration=false\",\"DNSNameResolver=false\",\"DualReplica=false\",\"DyanmicServiceEndpointIBMCloud=false\",\"DynamicResourceAllocation=false\",\"EtcdBackendQuota=false\",\"EventedPLEG=false\",\"Example=false\",\"Example2=false\",\"ExternalSnapshotMetadata=false\",\"GCPClusterHostedDNS=false\",\"GCPClusterHostedDNSInstall=false\",\"GCPCustomAPIEndpoints=false\",\"GCPCustomAPIEndpointsInstall=false\",\"ImageModeStatusReporting=false\",\"ImageStreamImportMode=false\",\"IngressControllerDynamicConfigurationManager=false\",\"InsightsConfig=false\",\"InsightsConfigAPI=false\",\"InsightsOnDemandDataGather=false\",\"IrreconcilableMachineConfig=false\",\"KMSEncryptionProvider=false\",\"MachineAPIMigration=false\",\"MachineAPIOperatorDisableMachineHealthCheckController=false\",\"ManagedBootImagesAzure=false\",\"ManagedBootImagesvSphere=false\",\"MaxUnavailableStatefulSet=false\",\"MinimumKubeletVersion=false\",\"MixedCPUsAllocation=false\",\"MultiArchInstallAzure=false\",\"MultiDiskSetup=false\",\"MutatingAdmissionPolicy=false\",\"NewOLMCatalogdAPIV1Metas=false\",\"NewOLMOwnSingleNamespace=false\",\"NewOLMPreflightPermissionChecks=false\",\"NewOLMWebhookProviderOpenshiftServiceCA=false\",\"NoRegistryClusterOperations=false\",\"NodeSwap=false\",\"NutanixMultiSubnets=false\",\"OVNObservability=false\",\"OpenShiftPodSecurityAdmission=false\",\"SELinuxMount=false\",\"ShortCertRotation=false\",\"SignatureStores=false\",\"SigstoreImageVerificationPKI=false\",\"TranslateStreamCloseWebsocketRequests=false\",\"VSphereConfigurableMaxAllowedBlockVolumesPerNode=false\",\"VSphereHostVMGroupZonal=false\",\"VSphereMixedNodeEnv=false\",\"VolumeAttributesClass=false\",\"VolumeGroupSnapshot=false\"],\"shutdown-delay-duration\":[\"50s\"],\"shutdown-send-retry-after\":[\"true\"]},\"apiServers\":{\"perGroupOptions\":[]},\"apiVersion\":\"openshiftcontrolplane.config.openshift.io/v1\",\"kind\":\"OpenShiftAPIServerConfig\",\"projectConfig\":{\"projectRequestMessage\":\"\"},\"routingConfig\":{\"subdomain\":\"apps.ci-ln-vjb5l1t-76ef8.XXXXXXXXXXXXXXXXXXXXXX\"},\"servingInfo\":{\"bindNetwork\":\"tcp\",\"cipherSuites\":[\"TLS_AES_128_GCM_SHA256\",\"TLS_AES_256_GCM_SHA384\",\"TLS_CHACHA20_POLY1305_SHA256\",\"TLS_ECDHE_ECDSA_WITH_AES_128_GCM_SHA256\",\"TLS_ECDHE_RSA_WITH_AES_128_GCM_SHA256\",\"TLS_ECDHE_ECDSA_WITH_AES_256_GCM_SHA384\",\"TLS_ECDHE_RSA_WITH_AES_256_GCM_SHA384\",\"TLS_ECDHE_ECDSA_WITH_CHACHA20_POLY1305_SHA256\",\"TLS_ECDHE_RSA_WITH_CHACHA20_POLY1305_SHA256\"],\"minTLSVersion\":\"VersionTLS12\"},\"storageConfig\":{\"urls\":[\"https://10.0.102.200:2379\",\"https://10.0.161.159:2379\"]}}"},"kind":"ConfigMap","metadata":{"creationTimestamp":null,"managedFields":null,"resourceVersion":null,"uid":null}}
2026-01-28T09:33:07.064215198Z I0128 09:33:07.064168       1 event.go:377] Event(v1.ObjectReference{Kind:"Deployment", Namespace:"openshift-apiserver-operator", Name:"openshift-apiserver-operator", UID:"c99b71ce-12d2-4118-9140-e5c0a2e82958", APIVersion:"apps/v1", ResourceVersion:"", FieldPath:""}): type: 'Normal' reason: 'ConfigMapUpdated' Updated ConfigMap/config -n openshift-apiserver:
2026-01-28T09:33:07.064215198Z cause by changes in data.config.yaml
2026-01-28T09:33:08.670473445Z I0128 09:33:08.670411       1 apps.go:155] Deployment "openshift-apiserver/apiserver" changes: {"metadata":{"annotations":{"operator.openshift.io/dep-desired.generation":"3","operator.openshift.io/dep-openshift-apiserver.config.configmap":"2_iP4w==","operator.openshift.io/spec-hash":"5d2a07bd5d56b4b58c0d8a5a888200563b375979491b384747d8dd2c433cd95b"}},"spec":{"progressDeadlineSeconds":null,"revisionHistoryLimit":null,"template":{"metadata":{"annotations":{"operator.openshift.io/dep-desired.generation":"3","operator.openshift.io/dep-openshift-apiserver.config.configmap":"2_iP4w=="}},"spec":{"containers":[{"args":["if [ -s /var/run/configmaps/trusted-ca-bundle/tls-ca-bundle.pem ]; then\n  echo \"Copying system trust bundle\"\n  cp -f /var/run/configmaps/trusted-ca-bundle/tls-ca-bundle.pem /etc/pki/ca-trust/extracted/pem/tls-ca-bundle.pem\nfi\nexec openshift-apiserver start --config=/var/run/configmaps/config/config.yaml -v=2\n"],"command":["/bin/bash","-ec"],"env":[{"name":"POD_NAME","valueFrom":{"fieldRef":{"fieldPath":"metadata.name"}}},{"name":"POD_NAMESPACE","valueFrom":{"fieldRef":{"fieldPath":"metadata.namespace"}}}],"image":"registry.build11.ci.openshift.org/ci-ln-vjb5l1t/stable@sha256:e1635e15282fbc5014166f94bca3bfd66ea67c8a39498c82c3df3644cd4ed329","imagePullPolicy":"IfNotPresent","livenessProbe":{"failureThreshold":3,"httpGet":{"path":"livez?exclude=etcd","port":8443,"scheme":"HTTPS"},"periodSeconds":10,"successThreshold":1,"timeoutSeconds":10},"name":"openshift-apiserver","ports":[{"containerPort":8443}],"readinessProbe":{"failureThreshold":3,"httpGet":{"path":"readyz?exclude=etcd\u0026exclude=etcd-readiness","port":8443,"scheme":"HTTPS"},"periodSeconds":5,"successThreshold":1,"timeoutSeconds":10},"resources":{"requests":{"cpu":"100m","memory":"200Mi"}},"securityContext":{"privileged":true,"readOnlyRootFilesystem":false,"runAsUser":0},"startupProbe":{"failureThreshold":30,"httpGet":{"path":"livez","port":8443,"scheme":"HTTPS"},"periodSeconds":5,"successThreshold":1,"timeoutSeconds":10},"terminationMessagePolicy":"FallbackToLogsOnError","volumeMounts":[{"mountPath":"/var/lib/kubelet/","name":"node-pullsecrets","readOnly":true},{"mountPath":"/var/run/configmaps/config","name":"config"},{"mountPath":"/var/run/configmaps/audit","name":"audit"},{"mountPath":"/var/run/secrets/etcd-client","name":"etcd-client"},{"mountPath":"/var/run/configmaps/etcd-serving-ca","name":"etcd-serving-ca"},{"mountPath":"/var/run/configmaps/image-import-ca","name":"image-import-ca"},{"mountPath":"/var/run/configmaps/trusted-ca-bundle","name":"trusted-ca-bundle"},{"mountPath":"/var/run/secrets/serving-cert","name":"serving-cert"},{"mountPath":"/var/run/secrets/encryption-config","name":"encryption-config"},{"mountPath":"/var/log/openshift-apiserver","name":"audit-dir"}]},{"args":["--listen","0.0.0.0:17698","--namespace","$(POD_NAMESPACE)","--v","2"],"command":["cluster-kube-apiserver-operator","check-endpoints"],"env":[{"name":"POD_NAME","valueFrom":{"fieldRef":{"fieldPath":"metadata.name"}}},{"name":"POD_NAMESPACE","valueFrom":{"fieldRef":{"fieldPath":"metadata.namespace"}}}],"image":"registry.build11.ci.openshift.org/ci-ln-vjb5l1t/stable@sha256:0554bda0a96d190367ed63955b942dd3552e1d90e8586dfd9f8879c964bf245d","imagePullPolicy":"IfNotPresent","name":"openshift-apiserver-check-endpoints","ports":[{"containerPort":17698,"name":"check-endpoints","protocol":"TCP"}],"resources":{"requests":{"cpu":"10m","memory":"50Mi"}},"terminationMessagePolicy":"FallbackToLogsOnError"}],"dnsPolicy":null,"initContainers":[{"command":["sh","-c","chmod 0700 /var/log/openshift-apiserver \u0026\u0026 touch /var/log/openshift-apiserver/audit.log \u0026\u0026 chmod 0600 /var/log/openshift-apiserver/*"],"image":"registry.build11.ci.openshift.org/ci-ln-vjb5l1t/stable@sha256:e1635e15282fbc5014166f94bca3bfd66ea67c8a39498c82c3df3644cd4ed329","imagePullPolicy":"IfNotPresent","name":"fix-audit-permissions","resources":{"requests":{"cpu":"15m","memory":"50Mi"}},"securityContext":{"privileged":true,"runAsUser":0},"terminationMessagePolicy":"FallbackToLogsOnError","volumeMounts":[{"mountPath":"/var/log/openshift-apiserver","name":"audit-dir"}]}],"restartPolicy":null,"schedulerName":null,"securityContext":null,"serviceAccount":null,"volumes":[{"hostPath":{"path":"/var/lib/kubelet/","type":"Directory"},"name":"node-pullsecrets"},{"configMap":{"name":"config"},"name":"config"},{"configMap":{"name":"audit-1"},"name":"audit"},{"name":"etcd-client","secret":{"defaultMode":384,"secretName":"etcd-client"}},{"configMap":{"name":"etcd-serving-ca"},"name":"etcd-serving-ca"},{"configMap":{"name":"image-import-ca","optional":true},"name":"image-import-ca"},{"name":"serving-cert","secret":{"defaultMode":384,"secretName":"serving-cert"}},{"configMap":{"items":[{"key":"ca-bundle.crt","path":"tls-ca-bundle.pem"}],"name":"trusted-ca-bundle","optional":true},"name":"trusted-ca-bundle"},{"name":"encryption-config","secret":{"defaultMode":384,"optional":true,"secretName":"encryption-config-1"}},{"hostPath":{"path":"/var/log/openshift-apiserver"},"name":"audit-dir"}]}}}}
2026-01-28T09:33:08.684080276Z I0128 09:33:08.683984       1 warnings.go:110] "Warning: spec.template.spec.nodeSelector[node-role.kubernetes.io/master]: use \"node-role.kubernetes.io/control-plane\" instead"
2026-01-28T09:33:08.685279156Z I0128 09:33:08.685244       1 event.go:377] Event(v1.ObjectReference{Kind:"Deployment", Namespace:"openshift-apiserver-operator", Name:"openshift-apiserver-operator", UID:"c99b71ce-12d2-4118-9140-e5c0a2e82958", APIVersion:"apps/v1", ResourceVersion:"", FieldPath:""}): type: 'Normal' reason: 'DeploymentUpdated' Updated Deployment.apps/apiserver -n openshift-apiserver because it changed
2026-01-28T09:33:08.700261776Z I0128 09:33:08.700215       1 connectivity_check_controller.go:172] ConnectivityCheckController is waiting for transition to desired version (4.20.0-0-2026-01-28-090915-test-ci-ln-vjb5l1t-latest) to be completed.
2026-01-28T09:33:08.703476027Z I0128 09:33:08.703446       1 status_controller.go:229] clusteroperator/openshift-apiserver diff {"status":{"conditions":[{"lastTransitionTime":"2026-01-28T09:30:33Z","message":"All is well","reason":"AsExpected","status":"False","type":"Degraded"},{"lastTransitionTime":"2026-01-28T09:33:08Z","message":"OperatorConfigProgressing: openshiftapiserveroperatorconfigs/instance: observed generation is 2, desired generation is 3.","reason":"OperatorConfig_NewGeneration","status":"True","type":"Progressing"},{"lastTransitionTime":"2026-01-28T09:30:36Z","message":"APIServicesAvailable: PreconditionNotReady","reason":"APIServices_PreconditionNotReady","status":"False","type":"Available"},{"lastTransitionTime":"2026-01-28T09:30:34Z","message":"All is well","reason":"AsExpected","status":"True","type":"Upgradeable"},{"lastTransitionTime":"2026-01-28T09:30:33Z","reason":"NoData","status":"Unknown","type":"EvaluationConditionsDetected"}]}}
2026-01-28T09:33:08.718173893Z I0128 09:33:08.718127       1 event.go:377] Event(v1.ObjectReference{Kind:"Deployment", Namespace:"openshift-apiserver-operator", Name:"openshift-apiserver-operator", UID:"c99b71ce-12d2-4118-9140-e5c0a2e82958", APIVersion:"apps/v1", ResourceVersion:"", FieldPath:""}): type: 'Normal' reason: 'OperatorStatusChanged' Status for clusteroperator/openshift-apiserver changed: Progressing changed from False to True ("OperatorConfigProgressing: openshiftapiserveroperatorconfigs/instance: observed generation is 2, desired generation is 3.")
2026-01-28T09:33:08.736308211Z I0128 09:33:08.736256       1 connectivity_check_controller.go:172] ConnectivityCheckController is waiting for transition to desired version (4.20.0-0-2026-01-28-090915-test-ci-ln-vjb5l1t-latest) to be completed.
2026-01-28T09:33:08.758597977Z I0128 09:33:08.758557       1 connectivity_check_controller.go:172] ConnectivityCheckController is waiting for transition to desired version (4.20.0-0-2026-01-28-090915-test-ci-ln-vjb5l1t-latest) to be completed.
2026-01-28T09:33:08.766736895Z I0128 09:33:08.763825       1 connectivity_check_controller.go:172] ConnectivityCheckController is waiting for transition to desired version (4.20.0-0-2026-01-28-090915-test-ci-ln-vjb5l1t-latest) to be completed.
2026-01-28T09:33:08.782531915Z I0128 09:33:08.782484       1 connectivity_check_controller.go:172] ConnectivityCheckController is waiting for transition to desired version (4.20.0-0-2026-01-28-090915-test-ci-ln-vjb5l1t-latest) to be completed.
2026-01-28T09:33:08.787333416Z I0128 09:33:08.787288       1 connectivity_check_controller.go:172] ConnectivityCheckController is waiting for transition to desired version (4.20.0-0-2026-01-28-090915-test-ci-ln-vjb5l1t-latest) to be completed.
2026-01-28T09:33:08.801187459Z I0128 09:33:08.801128       1 connectivity_check_controller.go:172] ConnectivityCheckController is waiting for transition to desired version (4.20.0-0-2026-01-28-090915-test-ci-ln-vjb5l1t-latest) to be completed.
2026-01-28T09:33:08.801901715Z I0128 09:33:08.801877       1 status_controller.go:229] clusteroperator/openshift-apiserver diff {"status":{"conditions":[{"lastTransitionTime":"2026-01-28T09:30:33Z","message":"All is well","reason":"AsExpected","status":"False","type":"Degraded"},{"lastTransitionTime":"2026-01-28T09:33:08Z","message":"APIServerDeploymentProgressing: deployment/apiserver.openshift-apiserver: observed generation is 2, desired generation is 3.\nOperatorConfigProgressing: openshiftapiserveroperatorconfigs/instance: observed generation is 2, desired generation is 3.","reason":"APIServerDeployment_NewGeneration::OperatorConfig_NewGeneration","status":"True","type":"Progressing"},{"lastTransitionTime":"2026-01-28T09:30:36Z","message":"APIServicesAvailable: PreconditionNotReady","reason":"APIServices_PreconditionNotReady","status":"False","type":"Available"},{"lastTransitionTime":"2026-01-28T09:30:34Z","message":"All is well","reason":"AsExpected","status":"True","type":"Upgradeable"},{"lastTransitionTime":"2026-01-28T09:30:33Z","reason":"NoData","status":"Unknown","type":"EvaluationConditionsDetected"}]}}
2026-01-28T09:33:08.819905906Z I0128 09:33:08.817288       1 event.go:377] Event(v1.ObjectReference{Kind:"Deployment", Namespace:"openshift-apiserver-operator", Name:"openshift-apiserver-operator", UID:"c99b71ce-12d2-4118-9140-e5c0a2e82958", APIVersion:"apps/v1", ResourceVersion:"", FieldPath:""}): type: 'Normal' reason: 'OperatorStatusChanged' Status for clusteroperator/openshift-apiserver changed: Progressing message changed from "OperatorConfigProgressing: openshiftapiserveroperatorconfigs/instance: observed generation is 2, desired generation is 3." to "APIServerDeploymentProgressing: deployment/apiserver.openshift-apiserver: observed generation is 2, desired generation is 3.\nOperatorConfigProgressing: openshiftapiserveroperatorconfigs/instance: observed generation is 2, desired generation is 3."
2026-01-28T09:33:12.286619336Z I0128 09:33:12.286572       1 connectivity_check_controller.go:172] ConnectivityCheckController is waiting for transition to desired version (4.20.0-0-2026-01-28-090915-test-ci-ln-vjb5l1t-latest) to be completed.
2026-01-28T09:33:12.288691930Z I0128 09:33:12.288661       1 status_controller.go:229] clusteroperator/openshift-apiserver diff {"status":{"conditions":[{"lastTransitionTime":"2026-01-28T09:30:33Z","message":"All is well","reason":"AsExpected","status":"False","type":"Degraded"},{"lastTransitionTime":"2026-01-28T09:33:08Z","message":"APIServerDeploymentProgressing: deployment/apiserver.openshift-apiserver: observed generation is 2, desired generation is 3.","reason":"APIServerDeployment_NewGeneration","status":"True","type":"Progressing"},{"lastTransitionTime":"2026-01-28T09:30:36Z","message":"APIServicesAvailable: PreconditionNotReady","reason":"APIServices_PreconditionNotReady","status":"False","type":"Available"},{"lastTransitionTime":"2026-01-28T09:30:34Z","message":"All is well","reason":"AsExpected","status":"True","type":"Upgradeable"},{"lastTransitionTime":"2026-01-28T09:30:33Z","reason":"NoData","status":"Unknown","type":"EvaluationConditionsDetected"}]}}
2026-01-28T09:33:12.302370635Z I0128 09:33:12.297914       1 event.go:377] Event(v1.ObjectReference{Kind:"Deployment", Namespace:"openshift-apiserver-operator", Name:"openshift-apiserver-operator", UID:"c99b71ce-12d2-4118-9140-e5c0a2e82958", APIVersion:"apps/v1", ResourceVersion:"", FieldPath:""}): type: 'Normal' reason: 'OperatorStatusChanged' Status for clusteroperator/openshift-apiserver changed: Progressing message changed from "APIServerDeploymentProgressing: deployment/apiserver.openshift-apiserver: observed generation is 2, desired generation is 3.\nOperatorConfigProgressing: openshiftapiserveroperatorconfigs/instance: observed generation is 2, desired generation is 3." to "APIServerDeploymentProgressing: deployment/apiserver.openshift-apiserver: observed generation is 2, desired generation is 3."
2026-01-28T09:33:12.307256379Z I0128 09:33:12.307225       1 status_controller.go:229] clusteroperator/openshift-apiserver diff {"status":{"conditions":[{"lastTransitionTime":"2026-01-28T09:30:33Z","message":"All is well","reason":"AsExpected","status":"False","type":"Degraded"},{"lastTransitionTime":"2026-01-28T09:33:08Z","message":"APIServerDeploymentProgressing: deployment/apiserver.openshift-apiserver: 1/3 pods have been updated to the latest generation and 2/3 pods are available","reason":"APIServerDeployment_PodsUpdating","status":"True","type":"Progressing"},{"lastTransitionTime":"2026-01-28T09:30:36Z","message":"APIServicesAvailable: PreconditionNotReady","reason":"APIServices_PreconditionNotReady","status":"False","type":"Available"},{"lastTransitionTime":"2026-01-28T09:30:34Z","message":"All is well","reason":"AsExpected","status":"True","type":"Upgradeable"},{"lastTransitionTime":"2026-01-28T09:30:33Z","reason":"NoData","status":"Unknown","type":"EvaluationConditionsDetected"}]}}
2026-01-28T09:33:12.308763515Z I0128 09:33:12.308744       1 connectivity_check_controller.go:172] ConnectivityCheckController is waiting for transition to desired version (4.20.0-0-2026-01-28-090915-test-ci-ln-vjb5l1t-latest) to be completed.
2026-01-28T09:33:12.314475591Z I0128 09:33:12.314451       1 event.go:377] Event(v1.ObjectReference{Kind:"Deployment", Namespace:"openshift-apiserver-operator", Name:"openshift-apiserver-operator", UID:"c99b71ce-12d2-4118-9140-e5c0a2e82958", APIVersion:"apps/v1", ResourceVersion:"", FieldPath:""}): type: 'Normal' reason: 'OperatorStatusChanged' Status for clusteroperator/openshift-apiserver changed: Progressing message changed from "APIServerDeploymentProgressing: deployment/apiserver.openshift-apiserver: observed generation is 2, desired generation is 3." to "APIServerDeploymentProgressing: deployment/apiserver.openshift-apiserver: 1/3 pods have been updated to the latest generation and 2/3 pods are available"
2026-01-28T09:33:22.253280494Z I0128 09:33:22.253234       1 connectivity_check_controller.go:172] ConnectivityCheckController is waiting for transition to desired version (4.20.0-0-2026-01-28-090915-test-ci-ln-vjb5l1t-latest) to be completed.
2026-01-28T09:33:23.282082042Z I0128 09:33:23.280219       1 connectivity_check_controller.go:172] ConnectivityCheckController is waiting for transition to desired version (4.20.0-0-2026-01-28-090915-test-ci-ln-vjb5l1t-latest) to be completed.
2026-01-28T09:33:23.834434181Z I0128 09:33:23.834393       1 connectivity_check_controller.go:172] ConnectivityCheckController is waiting for transition to desired version (4.20.0-0-2026-01-28-090915-test-ci-ln-vjb5l1t-latest) to be completed.
2026-01-28T09:33:24.816195013Z I0128 09:33:24.816150       1 connectivity_check_controller.go:172] ConnectivityCheckController is waiting for transition to desired version (4.20.0-0-2026-01-28-090915-test-ci-ln-vjb5l1t-latest) to be completed.
2026-01-28T09:33:25.734981424Z I0128 09:33:25.734930       1 connectivity_check_controller.go:172] ConnectivityCheckController is waiting for transition to desired version (4.20.0-0-2026-01-28-090915-test-ci-ln-vjb5l1t-latest) to be completed.
2026-01-28T09:33:28.581895879Z I0128 09:33:28.579451       1 connectivity_check_controller.go:172] ConnectivityCheckController is waiting for transition to desired version (4.20.0-0-2026-01-28-090915-test-ci-ln-vjb5l1t-latest) to be completed.
2026-01-28T09:33:29.871935053Z I0128 09:33:29.871896       1 connectivity_check_controller.go:172] ConnectivityCheckController is waiting for transition to desired version (4.20.0-0-2026-01-28-090915-test-ci-ln-vjb5l1t-latest) to be completed.
2026-01-28T09:33:31.264851106Z I0128 09:33:31.264812       1 connectivity_check_controller.go:172] ConnectivityCheckController is waiting for transition to desired version (4.20.0-0-2026-01-28-090915-test-ci-ln-vjb5l1t-latest) to be completed.
2026-01-28T09:33:33.498200378Z I0128 09:33:33.498145       1 connectivity_check_controller.go:172] ConnectivityCheckController is waiting for transition to desired version (4.20.0-0-2026-01-28-090915-test-ci-ln-vjb5l1t-latest) to be completed.
2026-01-28T09:33:33.585186002Z I0128 09:33:33.585134       1 connectivity_check_controller.go:172] ConnectivityCheckController is waiting for transition to desired version (4.20.0-0-2026-01-28-090915-test-ci-ln-vjb5l1t-latest) to be completed.
2026-01-28T09:33:33.590364451Z I0128 09:33:33.590332       1 connectivity_check_controller.go:172] ConnectivityCheckController is waiting for transition to desired version (4.20.0-0-2026-01-28-090915-test-ci-ln-vjb5l1t-latest) to be completed.
2026-01-28T09:33:33.616055567Z I0128 09:33:33.615977       1 connectivity_check_controller.go:172] ConnectivityCheckController is waiting for transition to desired version (4.20.0-0-2026-01-28-090915-test-ci-ln-vjb5l1t-latest) to be completed.
2026-01-28T09:33:33.939821284Z I0128 09:33:33.939372       1 connectivity_check_controller.go:172] ConnectivityCheckController is waiting for transition to desired version (4.20.0-0-2026-01-28-090915-test-ci-ln-vjb5l1t-latest) to be completed.
2026-01-28T09:33:34.836101118Z I0128 09:33:34.834452       1 connectivity_check_controller.go:172] ConnectivityCheckController is waiting for transition to desired version (4.20.0-0-2026-01-28-090915-test-ci-ln-vjb5l1t-latest) to be completed.
2026-01-28T09:33:36.291697569Z I0128 09:33:36.290171       1 connectivity_check_controller.go:172] ConnectivityCheckController is waiting for transition to desired version (4.20.0-0-2026-01-28-090915-test-ci-ln-vjb5l1t-latest) to be completed.
2026-01-28T09:33:38.529346407Z I0128 09:33:38.529309       1 connectivity_check_controller.go:172] ConnectivityCheckController is waiting for transition to desired version (4.20.0-0-2026-01-28-090915-test-ci-ln-vjb5l1t-latest) to be completed.
2026-01-28T09:33:41.316258888Z I0128 09:33:41.316212       1 connectivity_check_controller.go:172] ConnectivityCheckController is waiting for transition to desired version (4.20.0-0-2026-01-28-090915-test-ci-ln-vjb5l1t-latest) to be completed.
2026-01-28T09:33:43.527341355Z I0128 09:33:43.527302       1 connectivity_check_controller.go:172] ConnectivityCheckController is waiting for transition to desired version (4.20.0-0-2026-01-28-090915-test-ci-ln-vjb5l1t-latest) to be completed.
2026-01-28T09:33:43.918871304Z I0128 09:33:43.918834       1 connectivity_check_controller.go:172] ConnectivityCheckController is waiting for transition to desired version (4.20.0-0-2026-01-28-090915-test-ci-ln-vjb5l1t-latest) to be completed.
2026-01-28T09:33:49.148074946Z I0128 09:33:49.148007       1 connectivity_check_controller.go:172] ConnectivityCheckController is waiting for transition to desired version (4.20.0-0-2026-01-28-090915-test-ci-ln-vjb5l1t-latest) to be completed.
2026-01-28T09:33:54.031182501Z I0128 09:33:54.031142       1 connectivity_check_controller.go:172] ConnectivityCheckController is waiting for transition to desired version (4.20.0-0-2026-01-28-090915-test-ci-ln-vjb5l1t-latest) to be completed.
2026-01-28T09:33:59.539868294Z I0128 09:33:59.539829       1 connectivity_check_controller.go:172] ConnectivityCheckController is waiting for transition to desired version (4.20.0-0-2026-01-28-090915-test-ci-ln-vjb5l1t-latest) to be completed.
2026-01-28T09:34:00.044539436Z I0128 09:34:00.044500       1 connectivity_check_controller.go:172] ConnectivityCheckController is waiting for transition to desired version (4.20.0-0-2026-01-28-090915-test-ci-ln-vjb5l1t-latest) to be completed.
2026-01-28T09:34:00.063424747Z I0128 09:34:00.063366       1 connectivity_check_controller.go:172] ConnectivityCheckController is waiting for transition to desired version (4.20.0-0-2026-01-28-090915-test-ci-ln-vjb5l1t-latest) to be completed.
2026-01-28T09:34:00.084151510Z I0128 09:34:00.084098       1 connectivity_check_controller.go:172] ConnectivityCheckController is waiting for transition to desired version (4.20.0-0-2026-01-28-090915-test-ci-ln-vjb5l1t-latest) to be completed.
2026-01-28T09:34:00.092197171Z I0128 09:34:00.092167       1 connectivity_check_controller.go:172] ConnectivityCheckController is waiting for transition to desired version (4.20.0-0-2026-01-28-090915-test-ci-ln-vjb5l1t-latest) to be completed.
2026-01-28T09:34:00.418992941Z I0128 09:34:00.418937       1 connectivity_check_controller.go:172] ConnectivityCheckController is waiting for transition to desired version (4.20.0-0-2026-01-28-090915-test-ci-ln-vjb5l1t-latest) to be completed.
2026-01-28T09:34:00.426118146Z I0128 09:34:00.426091       1 connectivity_check_controller.go:172] ConnectivityCheckController is waiting for transition to desired version (4.20.0-0-2026-01-28-090915-test-ci-ln-vjb5l1t-latest) to be completed.
2026-01-28T09:34:00.712726204Z I0128 09:34:00.711276       1 connectivity_check_controller.go:172] ConnectivityCheckController is waiting for transition to desired version (4.20.0-0-2026-01-28-090915-test-ci-ln-vjb5l1t-latest) to be completed.
2026-01-28T09:34:01.419845501Z I0128 09:34:01.419798       1 connectivity_check_controller.go:172] ConnectivityCheckController is waiting for transition to desired version (4.20.0-0-2026-01-28-090915-test-ci-ln-vjb5l1t-latest) to be completed.
2026-01-28T09:34:02.434602835Z I0128 09:34:02.434557       1 connectivity_check_controller.go:172] ConnectivityCheckController is waiting for transition to desired version (4.20.0-0-2026-01-28-090915-test-ci-ln-vjb5l1t-latest) to be completed.
2026-01-28T09:34:04.840511873Z I0128 09:34:04.840475       1 connectivity_check_controller.go:172] ConnectivityCheckController is waiting for transition to desired version (4.20.0-0-2026-01-28-090915-test-ci-ln-vjb5l1t-latest) to be completed.
2026-01-28T09:34:05.398867629Z I0128 09:34:05.398586       1 connectivity_check_controller.go:172] ConnectivityCheckController is waiting for transition to desired version (4.20.0-0-2026-01-28-090915-test-ci-ln-vjb5l1t-latest) to be completed.
2026-01-28T09:34:05.447058750Z I0128 09:34:05.445964       1 connectivity_check_controller.go:172] ConnectivityCheckController is waiting for transition to desired version (4.20.0-0-2026-01-28-090915-test-ci-ln-vjb5l1t-latest) to be completed.
2026-01-28T09:34:05.473244955Z I0128 09:34:05.473198       1 connectivity_check_controller.go:172] ConnectivityCheckController is waiting for transition to desired version (4.20.0-0-2026-01-28-090915-test-ci-ln-vjb5l1t-latest) to be completed.
2026-01-28T09:34:05.511126552Z I0128 09:34:05.511090       1 connectivity_check_controller.go:172] ConnectivityCheckController is waiting for transition to desired version (4.20.0-0-2026-01-28-090915-test-ci-ln-vjb5l1t-latest) to be completed.
2026-01-28T09:34:05.524111819Z I0128 09:34:05.524082       1 connectivity_check_controller.go:172] ConnectivityCheckController is waiting for transition to desired version (4.20.0-0-2026-01-28-090915-test-ci-ln-vjb5l1t-latest) to be completed.
2026-01-28T09:34:06.777642723Z I0128 09:34:06.777591       1 status_controller.go:229] clusteroperator/openshift-apiserver diff {"status":{"conditions":[{"lastTransitionTime":"2026-01-28T09:30:33Z","message":"All is well","reason":"AsExpected","status":"False","type":"Degraded"},{"lastTransitionTime":"2026-01-28T09:33:08Z","message":"APIServerDeploymentProgressing: deployment/apiserver.openshift-apiserver: 2/3 pods have been updated to the latest generation and 2/3 pods are available","reason":"APIServerDeployment_PodsUpdating","status":"True","type":"Progressing"},{"lastTransitionTime":"2026-01-28T09:30:36Z","message":"APIServicesAvailable: PreconditionNotReady","reason":"APIServices_PreconditionNotReady","status":"False","type":"Available"},{"lastTransitionTime":"2026-01-28T09:30:34Z","message":"All is well","reason":"AsExpected","status":"True","type":"Upgradeable"},{"lastTransitionTime":"2026-01-28T09:30:33Z","reason":"NoData","status":"Unknown","type":"EvaluationConditionsDetected"}]}}
2026-01-28T09:34:06.778709327Z I0128 09:34:06.778679       1 connectivity_check_controller.go:172] ConnectivityCheckController is waiting for transition to desired version (4.20.0-0-2026-01-28-090915-test-ci-ln-vjb5l1t-latest) to be completed.
2026-01-28T09:34:06.790783546Z I0128 09:34:06.786337       1 event.go:377] Event(v1.ObjectReference{Kind:"Deployment", Namespace:"openshift-apiserver-operator", Name:"openshift-apiserver-operator", UID:"c99b71ce-12d2-4118-9140-e5c0a2e82958", APIVersion:"apps/v1", ResourceVersion:"", FieldPath:""}): type: 'Normal' reason: 'OperatorStatusChanged' Status for clusteroperator/openshift-apiserver changed: Progressing message changed from "APIServerDeploymentProgressing: deployment/apiserver.openshift-apiserver: 1/3 pods have been updated to the latest generation and 2/3 pods are available" to "APIServerDeploymentProgressing: deployment/apiserver.openshift-apiserver: 2/3 pods have been updated to the latest generation and 2/3 pods are available"
2026-01-28T09:34:09.771150864Z I0128 09:34:09.770880       1 connectivity_check_controller.go:172] ConnectivityCheckController is waiting for transition to desired version (4.20.0-0-2026-01-28-090915-test-ci-ln-vjb5l1t-latest) to be completed.
2026-01-28T09:34:10.710914231Z I0128 09:34:10.710861       1 connectivity_check_controller.go:172] ConnectivityCheckController is waiting for transition to desired version (4.20.0-0-2026-01-28-090915-test-ci-ln-vjb5l1t-latest) to be completed.
2026-01-28T09:34:14.894636463Z I0128 09:34:14.891914       1 connectivity_check_controller.go:172] ConnectivityCheckController is waiting for transition to desired version (4.20.0-0-2026-01-28-090915-test-ci-ln-vjb5l1t-latest) to be completed.
2026-01-28T09:34:19.932616091Z I0128 09:34:19.932578       1 connectivity_check_controller.go:172] ConnectivityCheckController is waiting for transition to desired version (4.20.0-0-2026-01-28-090915-test-ci-ln-vjb5l1t-latest) to be completed.
2026-01-28T09:34:20.008573810Z I0128 09:34:20.008521       1 connectivity_check_controller.go:172] ConnectivityCheckController is waiting for transition to desired version (4.20.0-0-2026-01-28-090915-test-ci-ln-vjb5l1t-latest) to be completed.
2026-01-28T09:34:24.573769645Z I0128 09:34:24.573734       1 connectivity_check_controller.go:172] ConnectivityCheckController is waiting for transition to desired version (4.20.0-0-2026-01-28-090915-test-ci-ln-vjb5l1t-latest) to be completed.
2026-01-28T09:34:40.713408892Z I0128 09:34:40.713369       1 connectivity_check_controller.go:172] ConnectivityCheckController is waiting for transition to desired version (4.20.0-0-2026-01-28-090915-test-ci-ln-vjb5l1t-latest) to be completed.
2026-01-28T09:34:45.035297604Z I0128 09:34:45.035249       1 connectivity_check_controller.go:172] ConnectivityCheckController is waiting for transition to desired version (4.20.0-0-2026-01-28-090915-test-ci-ln-vjb5l1t-latest) to be completed.
2026-01-28T09:34:50.603374808Z I0128 09:34:50.603331       1 connectivity_check_controller.go:172] ConnectivityCheckController is waiting for transition to desired version (4.20.0-0-2026-01-28-090915-test-ci-ln-vjb5l1t-latest) to be completed.
2026-01-28T09:34:52.194084395Z I0128 09:34:52.193977       1 connectivity_check_controller.go:172] ConnectivityCheckController is waiting for transition to desired version (4.20.0-0-2026-01-28-090915-test-ci-ln-vjb5l1t-latest) to be completed.
2026-01-28T09:34:52.195114367Z I0128 09:34:52.194848       1 connectivity_check_controller.go:172] ConnectivityCheckController is waiting for transition to desired version (4.20.0-0-2026-01-28-090915-test-ci-ln-vjb5l1t-latest) to be completed.
2026-01-28T09:34:55.375921781Z I0128 09:34:55.375844       1 connectivity_check_controller.go:172] ConnectivityCheckController is waiting for transition to desired version (4.20.0-0-2026-01-28-090915-test-ci-ln-vjb5l1t-latest) to be completed.
2026-01-28T09:34:56.765178894Z I0128 09:34:56.765117       1 connectivity_check_controller.go:172] ConnectivityCheckController is waiting for transition to desired version (4.20.0-0-2026-01-28-090915-test-ci-ln-vjb5l1t-latest) to be completed.
2026-01-28T09:34:56.774230661Z I0128 09:34:56.774202       1 connectivity_check_controller.go:172] ConnectivityCheckController is waiting for transition to desired version (4.20.0-0-2026-01-28-090915-test-ci-ln-vjb5l1t-latest) to be completed.
2026-01-28T09:34:56.785499552Z I0128 09:34:56.785442       1 connectivity_check_controller.go:172] ConnectivityCheckController is waiting for transition to desired version (4.20.0-0-2026-01-28-090915-test-ci-ln-vjb5l1t-latest) to be completed.
2026-01-28T09:34:56.796364160Z I0128 09:34:56.796327       1 connectivity_check_controller.go:172] ConnectivityCheckController is waiting for transition to desired version (4.20.0-0-2026-01-28-090915-test-ci-ln-vjb5l1t-latest) to be completed.
2026-01-28T09:34:57.403158814Z I0128 09:34:57.402013       1 connectivity_check_controller.go:172] ConnectivityCheckController is waiting for transition to desired version (4.20.0-0-2026-01-28-090915-test-ci-ln-vjb5l1t-latest) to be completed.
2026-01-28T09:34:57.404981526Z I0128 09:34:57.404950       1 connectivity_check_controller.go:172] ConnectivityCheckController is waiting for transition to desired version (4.20.0-0-2026-01-28-090915-test-ci-ln-vjb5l1t-latest) to be completed.
2026-01-28T09:34:57.418520214Z I0128 09:34:57.418377       1 connectivity_check_controller.go:172] ConnectivityCheckController is waiting for transition to desired version (4.20.0-0-2026-01-28-090915-test-ci-ln-vjb5l1t-latest) to be completed.
2026-01-28T09:34:57.822850082Z I0128 09:34:57.822786       1 connectivity_check_controller.go:172] ConnectivityCheckController is waiting for transition to desired version (4.20.0-0-2026-01-28-090915-test-ci-ln-vjb5l1t-latest) to be completed.
2026-01-28T09:34:57.825553524Z I0128 09:34:57.825410       1 connectivity_check_controller.go:172] ConnectivityCheckController is waiting for transition to desired version (4.20.0-0-2026-01-28-090915-test-ci-ln-vjb5l1t-latest) to be completed.
2026-01-28T09:34:58.407086133Z I0128 09:34:58.407050       1 connectivity_check_controller.go:172] ConnectivityCheckController is waiting for transition to desired version (4.20.0-0-2026-01-28-090915-test-ci-ln-vjb5l1t-latest) to be completed.
2026-01-28T09:34:59.414656577Z I0128 09:34:59.414620       1 connectivity_check_controller.go:172] ConnectivityCheckController is waiting for transition to desired version (4.20.0-0-2026-01-28-090915-test-ci-ln-vjb5l1t-latest) to be completed.
2026-01-28T09:35:01.000798303Z I0128 09:35:01.000043       1 connectivity_check_controller.go:172] ConnectivityCheckController is waiting for transition to desired version (4.20.0-0-2026-01-28-090915-test-ci-ln-vjb5l1t-latest) to be completed.
2026-01-28T09:35:02.118551425Z I0128 09:35:02.118502       1 connectivity_check_controller.go:172] ConnectivityCheckController is waiting for transition to desired version (4.20.0-0-2026-01-28-090915-test-ci-ln-vjb5l1t-latest) to be completed.
2026-01-28T09:35:02.428178021Z I0128 09:35:02.428139       1 connectivity_check_controller.go:172] ConnectivityCheckController is waiting for transition to desired version (4.20.0-0-2026-01-28-090915-test-ci-ln-vjb5l1t-latest) to be completed.
2026-01-28T09:35:02.464770340Z I0128 09:35:02.464727       1 connectivity_check_controller.go:172] ConnectivityCheckController is waiting for transition to desired version (4.20.0-0-2026-01-28-090915-test-ci-ln-vjb5l1t-latest) to be completed.
2026-01-28T09:35:02.496713818Z I0128 09:35:02.496675       1 connectivity_check_controller.go:172] ConnectivityCheckController is waiting for transition to desired version (4.20.0-0-2026-01-28-090915-test-ci-ln-vjb5l1t-latest) to be completed.
2026-01-28T09:35:02.512036136Z I0128 09:35:02.511790       1 connectivity_check_controller.go:172] ConnectivityCheckController is waiting for transition to desired version (4.20.0-0-2026-01-28-090915-test-ci-ln-vjb5l1t-latest) to be completed.
2026-01-28T09:35:03.618579951Z I0128 09:35:03.618529       1 status_controller.go:229] clusteroperator/openshift-apiserver diff {"status":{"conditions":[{"lastTransitionTime":"2026-01-28T09:30:33Z","message":"All is well","reason":"AsExpected","status":"False","type":"Degraded"},{"lastTransitionTime":"2026-01-28T09:33:08Z","message":"APIServerDeploymentProgressing: deployment/apiserver.openshift-apiserver: 3/3 pods have been updated to the latest generation and 2/3 pods are available","reason":"APIServerDeployment_PodsUpdating","status":"True","type":"Progressing"},{"lastTransitionTime":"2026-01-28T09:30:36Z","message":"APIServicesAvailable: PreconditionNotReady","reason":"APIServices_PreconditionNotReady","status":"False","type":"Available"},{"lastTransitionTime":"2026-01-28T09:30:34Z","message":"All is well","reason":"AsExpected","status":"True","type":"Upgradeable"},{"lastTransitionTime":"2026-01-28T09:30:33Z","reason":"NoData","status":"Unknown","type":"EvaluationConditionsDetected"}]}}
2026-01-28T09:35:03.618922940Z I0128 09:35:03.618898       1 event.go:377] Event(v1.ObjectReference{Kind:"Deployment", Namespace:"openshift-apiserver-operator", Name:"openshift-apiserver-operator", UID:"c99b71ce-12d2-4118-9140-e5c0a2e82958", APIVersion:"apps/v1", ResourceVersion:"", FieldPath:""}): type: 'Normal' reason: 'ObserveStorageUpdated' Updated storage urls to https://10.0.102.200:2379,https://10.0.108.54:2379,https://10.0.161.159:2379
2026-01-28T09:35:03.618968172Z I0128 09:35:03.618950       1 event.go:377] Event(v1.ObjectReference{Kind:"Deployment", Namespace:"openshift-apiserver-operator", Name:"openshift-apiserver-operator", UID:"c99b71ce-12d2-4118-9140-e5c0a2e82958", APIVersion:"apps/v1", ResourceVersion:"", FieldPath:""}): type: 'Normal' reason: 'ObservedConfigChanged' Writing updated observed config:   map[string]any{
2026-01-28T09:35:03.618968172Z   	... // 2 identical entries
2026-01-28T09:35:03.618968172Z   	"routingConfig": map[string]any{"subdomain": string("apps.ci-ln-vjb5l1t-76ef8.XXXXXXXXXXXXXXXXXXXXXX")},
2026-01-28T09:35:03.618968172Z   	"servingInfo":   map[string]any{"cipherSuites": []any{string("TLS_AES_128_GCM_SHA256"), string("TLS_AES_256_GCM_SHA384"), string("TLS_CHACHA20_POLY1305_SHA256"), string("TLS_ECDHE_ECDSA_WITH_AES_128_GCM_SHA256"), ...}, "minTLSVersion": string("VersionTLS12")},
2026-01-28T09:35:03.618968172Z   	"storageConfig": map[string]any{
2026-01-28T09:35:03.618968172Z   		"urls": []any{
2026-01-28T09:35:03.618968172Z   			string("https://10.0.102.200:2379"),
2026-01-28T09:35:03.618968172Z + 			string("https://10.0.108.54:2379"),
2026-01-28T09:35:03.618968172Z   			string("https://10.0.161.159:2379"),
2026-01-28T09:35:03.618968172Z   		},
2026-01-28T09:35:03.618968172Z   	},
2026-01-28T09:35:03.618968172Z   }
2026-01-28T09:35:03.620535680Z I0128 09:35:03.620514       1 connectivity_check_controller.go:172] ConnectivityCheckController is waiting for transition to desired version (4.20.0-0-2026-01-28-090915-test-ci-ln-vjb5l1t-latest) to be completed.
2026-01-28T09:35:03.633654995Z I0128 09:35:03.633561       1 event.go:377] Event(v1.ObjectReference{Kind:"Deployment", Namespace:"openshift-apiserver-operator", Name:"openshift-apiserver-operator", UID:"c99b71ce-12d2-4118-9140-e5c0a2e82958", APIVersion:"apps/v1", ResourceVersion:"", FieldPath:""}): type: 'Normal' reason: 'OperatorStatusChanged' Status for clusteroperator/openshift-apiserver changed: Progressing message changed from "APIServerDeploymentProgressing: deployment/apiserver.openshift-apiserver: 2/3 pods have been updated to the latest generation and 2/3 pods are available" to "APIServerDeploymentProgressing: deployment/apiserver.openshift-apiserver: 3/3 pods have been updated to the latest generation and 2/3 pods are available"
2026-01-28T09:35:03.639777657Z I0128 09:35:03.639330       1 connectivity_check_controller.go:172] ConnectivityCheckController is waiting for transition to desired version (4.20.0-0-2026-01-28-090915-test-ci-ln-vjb5l1t-latest) to be completed.
2026-01-28T09:35:05.691270967Z I0128 09:35:05.689833       1 connectivity_check_controller.go:172] ConnectivityCheckController is waiting for transition to desired version (4.20.0-0-2026-01-28-090915-test-ci-ln-vjb5l1t-latest) to be completed.
2026-01-28T09:35:07.596164698Z I0128 09:35:07.595119       1 core.go:352] ConfigMap "openshift-apiserver/config" changes: {"apiVersion":"v1","data":{"config.yaml":"{\"apiServerArguments\":{\"audit-log-format\":[\"json\"],\"audit-log-maxbackup\":[\"10\"],\"audit-log-maxsize\":[\"100\"],\"audit-log-path\":[\"/var/log/openshift-apiserver/audit.log\"],\"audit-policy-file\":[\"/var/run/configmaps/audit/policy.yaml\"],\"etcd-healthcheck-timeout\":[\"9s\"],\"etcd-readycheck-timeout\":[\"9s\"],\"feature-gates\":[\"AdditionalRoutingCapabilities=true\",\"AdminNetworkPolicy=true\",\"AlibabaPlatform=true\",\"AzureWorkloadIdentity=true\",\"BuildCSIVolumes=true\",\"CPMSMachineNamePrefix=true\",\"ConsolePluginContentSecurityPolicy=true\",\"ExternalOIDC=true\",\"ExternalOIDCWithUIDAndExtraClaimMappings=true\",\"GatewayAPI=true\",\"GatewayAPIController=true\",\"HighlyAvailableArbiter=true\",\"ImageVolume=true\",\"IngressControllerLBSubnetsAWS=true\",\"KMSv1=true\",\"MachineConfigNodes=true\",\"ManagedBootImages=true\",\"ManagedBootImagesAWS=true\",\"MetricsCollectionProfiles=true\",\"NetworkDiagnosticsConfig=true\",\"NetworkLiveMigration=true\",\"NetworkSegmentation=true\",\"NewOLM=true\",\"PinnedImages=true\",\"PreconfiguredUDNAddresses=true\",\"ProcMountType=true\",\"RouteAdvertisements=true\",\"RouteExternalCertificate=true\",\"ServiceAccountTokenNodeBinding=true\",\"SetEIPForNLBIngressController=true\",\"SigstoreImageVerification=true\",\"StoragePerformantSecurityPolicy=true\",\"UpgradeStatus=true\",\"UserNamespacesPodSecurityStandards=true\",\"UserNamespacesSupport=true\",\"VSphereMultiDisk=true\",\"VSphereMultiNetworks=true\",\"AWSClusterHostedDNS=false\",\"AWSClusterHostedDNSInstall=false\",\"AWSDedicatedHosts=false\",\"AWSServiceLBNetworkSecurityGroup=false\",\"AutomatedEtcdBackup=false\",\"AzureClusterHostedDNSInstall=false\",\"AzureDedicatedHosts=false\",\"AzureMultiDisk=false\",\"BootImageSkewEnforcement=false\",\"BootcNodeManagement=false\",\"ClusterAPIInstall=false\",\"ClusterAPIInstallIBMCloud=false\",\"ClusterMonitoringConfig=false\",\"ClusterVersionOperatorConfiguration=false\",\"DNSNameResolver=false\",\"DualReplica=false\",\"DyanmicServiceEndpointIBMCloud=false\",\"DynamicResourceAllocation=false\",\"EtcdBackendQuota=false\",\"EventedPLEG=false\",\"Example=false\",\"Example2=false\",\"ExternalSnapshotMetadata=false\",\"GCPClusterHostedDNS=false\",\"GCPClusterHostedDNSInstall=false\",\"GCPCustomAPIEndpoints=false\",\"GCPCustomAPIEndpointsInstall=false\",\"ImageModeStatusReporting=false\",\"ImageStreamImportMode=false\",\"IngressControllerDynamicConfigurationManager=false\",\"InsightsConfig=false\",\"InsightsConfigAPI=false\",\"InsightsOnDemandDataGather=false\",\"IrreconcilableMachineConfig=false\",\"KMSEncryptionProvider=false\",\"MachineAPIMigration=false\",\"MachineAPIOperatorDisableMachineHealthCheckController=false\",\"ManagedBootImagesAzure=false\",\"ManagedBootImagesvSphere=false\",\"MaxUnavailableStatefulSet=false\",\"MinimumKubeletVersion=false\",\"MixedCPUsAllocation=false\",\"MultiArchInstallAzure=false\",\"MultiDiskSetup=false\",\"MutatingAdmissionPolicy=false\",\"NewOLMCatalogdAPIV1Metas=false\",\"NewOLMOwnSingleNamespace=false\",\"NewOLMPreflightPermissionChecks=false\",\"NewOLMWebhookProviderOpenshiftServiceCA=false\",\"NoRegistryClusterOperations=false\",\"NodeSwap=false\",\"NutanixMultiSubnets=false\",\"OVNObservability=false\",\"OpenShiftPodSecurityAdmission=false\",\"SELinuxMount=false\",\"ShortCertRotation=false\",\"SignatureStores=false\",\"SigstoreImageVerificationPKI=false\",\"TranslateStreamCloseWebsocketRequests=false\",\"VSphereConfigurableMaxAllowedBlockVolumesPerNode=false\",\"VSphereHostVMGroupZonal=false\",\"VSphereMixedNodeEnv=false\",\"VolumeAttributesClass=false\",\"VolumeGroupSnapshot=false\"],\"shutdown-delay-duration\":[\"50s\"],\"shutdown-send-retry-after\":[\"true\"]},\"apiServers\":{\"perGroupOptions\":[]},\"apiVersion\":\"openshiftcontrolplane.config.openshift.io/v1\",\"kind\":\"OpenShiftAPIServerConfig\",\"projectConfig\":{\"projectRequestMessage\":\"\"},\"routingConfig\":{\"subdomain\":\"apps.ci-ln-vjb5l1t-76ef8.XXXXXXXXXXXXXXXXXXXXXX\"},\"servingInfo\":{\"bindNetwork\":\"tcp\",\"cipherSuites\":[\"TLS_AES_128_GCM_SHA256\",\"TLS_AES_256_GCM_SHA384\",\"TLS_CHACHA20_POLY1305_SHA256\",\"TLS_ECDHE_ECDSA_WITH_AES_128_GCM_SHA256\",\"TLS_ECDHE_RSA_WITH_AES_128_GCM_SHA256\",\"TLS_ECDHE_ECDSA_WITH_AES_256_GCM_SHA384\",\"TLS_ECDHE_RSA_WITH_AES_256_GCM_SHA384\",\"TLS_ECDHE_ECDSA_WITH_CHACHA20_POLY1305_SHA256\",\"TLS_ECDHE_RSA_WITH_CHACHA20_POLY1305_SHA256\"],\"minTLSVersion\":\"VersionTLS12\"},\"storageConfig\":{\"urls\":[\"https://10.0.102.200:2379\",\"https://10.0.108.54:2379\",\"https://10.0.161.159:2379\"]}}"},"kind":"ConfigMap","metadata":{"creationTimestamp":null,"managedFields":null,"resourceVersion":null,"uid":null}}
2026-01-28T09:35:07.596164698Z I0128 09:35:07.596060       1 event.go:377] Event(v1.ObjectReference{Kind:"Deployment", Namespace:"openshift-apiserver-operator", Name:"openshift-apiserver-operator", UID:"c99b71ce-12d2-4118-9140-e5c0a2e82958", APIVersion:"apps/v1", ResourceVersion:"", FieldPath:""}): type: 'Normal' reason: 'ConfigMapUpdated' Updated ConfigMap/config -n openshift-apiserver:
2026-01-28T09:35:07.596164698Z cause by changes in data.config.yaml
2026-01-28T09:35:09.201249176Z I0128 09:35:09.201178       1 apps.go:155] Deployment "openshift-apiserver/apiserver" changes: {"metadata":{"annotations":{"operator.openshift.io/dep-desired.generation":"4","operator.openshift.io/dep-openshift-apiserver.config.configmap":"yCYCyg==","operator.openshift.io/spec-hash":"137998e93cf2ad9ebdef0287edb856531b1c3fd71ef8b0d47458ef6f3412cc9a"}},"spec":{"progressDeadlineSeconds":null,"revisionHistoryLimit":null,"template":{"metadata":{"annotations":{"operator.openshift.io/dep-desired.generation":"4","operator.openshift.io/dep-openshift-apiserver.config.configmap":"yCYCyg=="}},"spec":{"containers":[{"args":["if [ -s /var/run/configmaps/trusted-ca-bundle/tls-ca-bundle.pem ]; then\n  echo \"Copying system trust bundle\"\n  cp -f /var/run/configmaps/trusted-ca-bundle/tls-ca-bundle.pem /etc/pki/ca-trust/extracted/pem/tls-ca-bundle.pem\nfi\nexec openshift-apiserver start --config=/var/run/configmaps/config/config.yaml -v=2\n"],"command":["/bin/bash","-ec"],"env":[{"name":"POD_NAME","valueFrom":{"fieldRef":{"fieldPath":"metadata.name"}}},{"name":"POD_NAMESPACE","valueFrom":{"fieldRef":{"fieldPath":"metadata.namespace"}}}],"image":"registry.build11.ci.openshift.org/ci-ln-vjb5l1t/stable@sha256:e1635e15282fbc5014166f94bca3bfd66ea67c8a39498c82c3df3644cd4ed329","imagePullPolicy":"IfNotPresent","livenessProbe":{"failureThreshold":3,"httpGet":{"path":"livez?exclude=etcd","port":8443,"scheme":"HTTPS"},"periodSeconds":10,"successThreshold":1,"timeoutSeconds":10},"name":"openshift-apiserver","ports":[{"containerPort":8443}],"readinessProbe":{"failureThreshold":3,"httpGet":{"path":"readyz?exclude=etcd\u0026exclude=etcd-readiness","port":8443,"scheme":"HTTPS"},"periodSeconds":5,"successThreshold":1,"timeoutSeconds":10},"resources":{"requests":{"cpu":"100m","memory":"200Mi"}},"securityContext":{"privileged":true,"readOnlyRootFilesystem":false,"runAsUser":0},"startupProbe":{"failureThreshold":30,"httpGet":{"path":"livez","port":8443,"scheme":"HTTPS"},"periodSeconds":5,"successThreshold":1,"timeoutSeconds":10},"terminationMessagePolicy":"FallbackToLogsOnError","volumeMounts":[{"mountPath":"/var/lib/kubelet/","name":"node-pullsecrets","readOnly":true},{"mountPath":"/var/run/configmaps/config","name":"config"},{"mountPath":"/var/run/configmaps/audit","name":"audit"},{"mountPath":"/var/run/secrets/etcd-client","name":"etcd-client"},{"mountPath":"/var/run/configmaps/etcd-serving-ca","name":"etcd-serving-ca"},{"mountPath":"/var/run/configmaps/image-import-ca","name":"image-import-ca"},{"mountPath":"/var/run/configmaps/trusted-ca-bundle","name":"trusted-ca-bundle"},{"mountPath":"/var/run/secrets/serving-cert","name":"serving-cert"},{"mountPath":"/var/run/secrets/encryption-config","name":"encryption-config"},{"mountPath":"/var/log/openshift-apiserver","name":"audit-dir"}]},{"args":["--listen","0.0.0.0:17698","--namespace","$(POD_NAMESPACE)","--v","2"],"command":["cluster-kube-apiserver-operator","check-endpoints"],"env":[{"name":"POD_NAME","valueFrom":{"fieldRef":{"fieldPath":"metadata.name"}}},{"name":"POD_NAMESPACE","valueFrom":{"fieldRef":{"fieldPath":"metadata.namespace"}}}],"image":"registry.build11.ci.openshift.org/ci-ln-vjb5l1t/stable@sha256:0554bda0a96d190367ed63955b942dd3552e1d90e8586dfd9f8879c964bf245d","imagePullPolicy":"IfNotPresent","name":"openshift-apiserver-check-endpoints","ports":[{"containerPort":17698,"name":"check-endpoints","protocol":"TCP"}],"resources":{"requests":{"cpu":"10m","memory":"50Mi"}},"terminationMessagePolicy":"FallbackToLogsOnError"}],"dnsPolicy":null,"initContainers":[{"command":["sh","-c","chmod 0700 /var/log/openshift-apiserver \u0026\u0026 touch /var/log/openshift-apiserver/audit.log \u0026\u0026 chmod 0600 /var/log/openshift-apiserver/*"],"image":"registry.build11.ci.openshift.org/ci-ln-vjb5l1t/stable@sha256:e1635e15282fbc5014166f94bca3bfd66ea67c8a39498c82c3df3644cd4ed329","imagePullPolicy":"IfNotPresent","name":"fix-audit-permissions","resources":{"requests":{"cpu":"15m","memory":"50Mi"}},"securityContext":{"privileged":true,"runAsUser":0},"terminationMessagePolicy":"FallbackToLogsOnError","volumeMounts":[{"mountPath":"/var/log/openshift-apiserver","name":"audit-dir"}]}],"restartPolicy":null,"schedulerName":null,"securityContext":null,"serviceAccount":null,"volumes":[{"hostPath":{"path":"/var/lib/kubelet/","type":"Directory"},"name":"node-pullsecrets"},{"configMap":{"name":"config"},"name":"config"},{"configMap":{"name":"audit-1"},"name":"audit"},{"name":"etcd-client","secret":{"defaultMode":384,"secretName":"etcd-client"}},{"configMap":{"name":"etcd-serving-ca"},"name":"etcd-serving-ca"},{"configMap":{"name":"image-import-ca","optional":true},"name":"image-import-ca"},{"name":"serving-cert","secret":{"defaultMode":384,"secretName":"serving-cert"}},{"configMap":{"items":[{"key":"ca-bundle.crt","path":"tls-ca-bundle.pem"}],"name":"trusted-ca-bundle","optional":true},"name":"trusted-ca-bundle"},{"name":"encryption-config","secret":{"defaultMode":384,"optional":true,"secretName":"encryption-config-1"}},{"hostPath":{"path":"/var/log/openshift-apiserver"},"name":"audit-dir"}]}}}}
2026-01-28T09:35:09.219102899Z I0128 09:35:09.219008       1 warnings.go:110] "Warning: spec.template.spec.nodeSelector[node-role.kubernetes.io/master]: use \"node-role.kubernetes.io/control-plane\" instead"
2026-01-28T09:35:09.221497289Z I0128 09:35:09.221465       1 event.go:377] Event(v1.ObjectReference{Kind:"Deployment", Namespace:"openshift-apiserver-operator", Name:"openshift-apiserver-operator", UID:"c99b71ce-12d2-4118-9140-e5c0a2e82958", APIVersion:"apps/v1", ResourceVersion:"", FieldPath:""}): type: 'Normal' reason: 'DeploymentUpdated' Updated Deployment.apps/apiserver -n openshift-apiserver because it changed
2026-01-28T09:35:09.252317281Z I0128 09:35:09.252270       1 connectivity_check_controller.go:172] ConnectivityCheckController is waiting for transition to desired version (4.20.0-0-2026-01-28-090915-test-ci-ln-vjb5l1t-latest) to be completed.
2026-01-28T09:35:09.254192905Z I0128 09:35:09.254152       1 status_controller.go:229] clusteroperator/openshift-apiserver diff {"status":{"conditions":[{"lastTransitionTime":"2026-01-28T09:30:33Z","message":"All is well","reason":"AsExpected","status":"False","type":"Degraded"},{"lastTransitionTime":"2026-01-28T09:33:08Z","message":"APIServerDeploymentProgressing: deployment/apiserver.openshift-apiserver: 3/3 pods have been updated to the latest generation and 2/3 pods are available\nOperatorConfigProgressing: openshiftapiserveroperatorconfigs/instance: observed generation is 3, desired generation is 4.","reason":"APIServerDeployment_PodsUpdating::OperatorConfig_NewGeneration","status":"True","type":"Progressing"},{"lastTransitionTime":"2026-01-28T09:30:36Z","message":"APIServicesAvailable: PreconditionNotReady","reason":"APIServices_PreconditionNotReady","status":"False","type":"Available"},{"lastTransitionTime":"2026-01-28T09:30:34Z","message":"All is well","reason":"AsExpected","status":"True","type":"Upgradeable"},{"lastTransitionTime":"2026-01-28T09:30:33Z","reason":"NoData","status":"Unknown","type":"EvaluationConditionsDetected"}]}}
2026-01-28T09:35:09.287283301Z I0128 09:35:09.287239       1 event.go:377] Event(v1.ObjectReference{Kind:"Deployment", Namespace:"openshift-apiserver-operator", Name:"openshift-apiserver-operator", UID:"c99b71ce-12d2-4118-9140-e5c0a2e82958", APIVersion:"apps/v1", ResourceVersion:"", FieldPath:""}): type: 'Normal' reason: 'OperatorStatusChanged' Status for clusteroperator/openshift-apiserver changed: Progressing message changed from "APIServerDeploymentProgressing: deployment/apiserver.openshift-apiserver: 3/3 pods have been updated to the latest generation and 2/3 pods are available" to "APIServerDeploymentProgressing: deployment/apiserver.openshift-apiserver: 3/3 pods have been updated to the latest generation and 2/3 pods are available\nOperatorConfigProgressing: openshiftapiserveroperatorconfigs/instance: observed generation is 3, desired generation is 4."
2026-01-28T09:35:09.298163295Z I0128 09:35:09.298130       1 connectivity_check_controller.go:172] ConnectivityCheckController is waiting for transition to desired version (4.20.0-0-2026-01-28-090915-test-ci-ln-vjb5l1t-latest) to be completed.
2026-01-28T09:35:09.342663072Z I0128 09:35:09.342615       1 connectivity_check_controller.go:172] ConnectivityCheckController is waiting for transition to desired version (4.20.0-0-2026-01-28-090915-test-ci-ln-vjb5l1t-latest) to be completed.
2026-01-28T09:35:09.350354417Z I0128 09:35:09.350140       1 connectivity_check_controller.go:172] ConnectivityCheckController is waiting for transition to desired version (4.20.0-0-2026-01-28-090915-test-ci-ln-vjb5l1t-latest) to be completed.
2026-01-28T09:35:09.381693535Z I0128 09:35:09.381623       1 connectivity_check_controller.go:172] ConnectivityCheckController is waiting for transition to desired version (4.20.0-0-2026-01-28-090915-test-ci-ln-vjb5l1t-latest) to be completed.
2026-01-28T09:35:09.389297446Z I0128 09:35:09.389259       1 connectivity_check_controller.go:172] ConnectivityCheckController is waiting for transition to desired version (4.20.0-0-2026-01-28-090915-test-ci-ln-vjb5l1t-latest) to be completed.
2026-01-28T09:35:09.428750630Z I0128 09:35:09.428646       1 connectivity_check_controller.go:172] ConnectivityCheckController is waiting for transition to desired version (4.20.0-0-2026-01-28-090915-test-ci-ln-vjb5l1t-latest) to be completed.
2026-01-28T09:35:09.429859675Z I0128 09:35:09.429833       1 connectivity_check_controller.go:172] ConnectivityCheckController is waiting for transition to desired version (4.20.0-0-2026-01-28-090915-test-ci-ln-vjb5l1t-latest) to be completed.
2026-01-28T09:35:09.431648525Z I0128 09:35:09.431619       1 status_controller.go:229] clusteroperator/openshift-apiserver diff {"status":{"conditions":[{"lastTransitionTime":"2026-01-28T09:30:33Z","message":"All is well","reason":"AsExpected","status":"False","type":"Degraded"},{"lastTransitionTime":"2026-01-28T09:33:08Z","message":"APIServerDeploymentProgressing: deployment/apiserver.openshift-apiserver: observed generation is 3, desired generation is 4.\nOperatorConfigProgressing: openshiftapiserveroperatorconfigs/instance: observed generation is 3, desired generation is 4.","reason":"APIServerDeployment_NewGeneration::OperatorConfig_NewGeneration","status":"True","type":"Progressing"},{"lastTransitionTime":"2026-01-28T09:30:36Z","message":"APIServicesAvailable: PreconditionNotReady","reason":"APIServices_PreconditionNotReady","status":"False","type":"Available"},{"lastTransitionTime":"2026-01-28T09:30:34Z","message":"All is well","reason":"AsExpected","status":"True","type":"Upgradeable"},{"lastTransitionTime":"2026-01-28T09:30:33Z","reason":"NoData","status":"Unknown","type":"EvaluationConditionsDetected"}]}}
2026-01-28T09:35:09.454588553Z I0128 09:35:09.454527       1 event.go:377] Event(v1.ObjectReference{Kind:"Deployment", Namespace:"openshift-apiserver-operator", Name:"openshift-apiserver-operator", UID:"c99b71ce-12d2-4118-9140-e5c0a2e82958", APIVersion:"apps/v1", ResourceVersion:"", FieldPath:""}): type: 'Normal' reason: 'OperatorStatusChanged' Status for clusteroperator/openshift-apiserver changed: Progressing message changed from "APIServerDeploymentProgressing: deployment/apiserver.openshift-apiserver: 3/3 pods have been updated to the latest generation and 2/3 pods are available\nOperatorConfigProgressing: openshiftapiserveroperatorconfigs/instance: observed generation is 3, desired generation is 4." to "APIServerDeploymentProgressing: deployment/apiserver.openshift-apiserver: observed generation is 3, desired generation is 4.\nOperatorConfigProgressing: openshiftapiserveroperatorconfigs/instance: observed generation is 3, desired generation is 4."
2026-01-28T09:35:11.057290119Z I0128 09:35:11.057248       1 connectivity_check_controller.go:172] ConnectivityCheckController is waiting for transition to desired version (4.20.0-0-2026-01-28-090915-test-ci-ln-vjb5l1t-latest) to be completed.
2026-01-28T09:35:12.817547288Z I0128 09:35:12.817507       1 status_controller.go:229] clusteroperator/openshift-apiserver diff {"status":{"conditions":[{"lastTransitionTime":"2026-01-28T09:30:33Z","message":"All is well","reason":"AsExpected","status":"False","type":"Degraded"},{"lastTransitionTime":"2026-01-28T09:33:08Z","message":"APIServerDeploymentProgressing: deployment/apiserver.openshift-apiserver: observed generation is 3, desired generation is 4.","reason":"APIServerDeployment_NewGeneration","status":"True","type":"Progressing"},{"lastTransitionTime":"2026-01-28T09:30:36Z","message":"APIServicesAvailable: PreconditionNotReady","reason":"APIServices_PreconditionNotReady","status":"False","type":"Available"},{"lastTransitionTime":"2026-01-28T09:30:34Z","message":"All is well","reason":"AsExpected","status":"True","type":"Upgradeable"},{"lastTransitionTime":"2026-01-28T09:30:33Z","reason":"NoData","status":"Unknown","type":"EvaluationConditionsDetected"}]}}
2026-01-28T09:35:12.818135097Z I0128 09:35:12.818110       1 connectivity_check_controller.go:172] ConnectivityCheckController is waiting for transition to desired version (4.20.0-0-2026-01-28-090915-test-ci-ln-vjb5l1t-latest) to be completed.
2026-01-28T09:35:12.830516590Z I0128 09:35:12.830011       1 event.go:377] Event(v1.ObjectReference{Kind:"Deployment", Namespace:"openshift-apiserver-operator", Name:"openshift-apiserver-operator", UID:"c99b71ce-12d2-4118-9140-e5c0a2e82958", APIVersion:"apps/v1", ResourceVersion:"", FieldPath:""}): type: 'Normal' reason: 'OperatorStatusChanged' Status for clusteroperator/openshift-apiserver changed: Progressing message changed from "APIServerDeploymentProgressing: deployment/apiserver.openshift-apiserver: observed generation is 3, desired generation is 4.\nOperatorConfigProgressing: openshiftapiserveroperatorconfigs/instance: observed generation is 3, desired generation is 4." to "APIServerDeploymentProgressing: deployment/apiserver.openshift-apiserver: observed generation is 3, desired generation is 4."
2026-01-28T09:35:12.840189726Z I0128 09:35:12.840144       1 status_controller.go:229] clusteroperator/openshift-apiserver diff {"status":{"conditions":[{"lastTransitionTime":"2026-01-28T09:30:33Z","message":"All is well","reason":"AsExpected","status":"False","type":"Degraded"},{"lastTransitionTime":"2026-01-28T09:33:08Z","message":"APIServerDeploymentProgressing: deployment/apiserver.openshift-apiserver: 1/3 pods have been updated to the latest generation and 2/3 pods are available","reason":"APIServerDeployment_PodsUpdating","status":"True","type":"Progressing"},{"lastTransitionTime":"2026-01-28T09:30:36Z","message":"APIServicesAvailable: PreconditionNotReady","reason":"APIServices_PreconditionNotReady","status":"False","type":"Available"},{"lastTransitionTime":"2026-01-28T09:30:34Z","message":"All is well","reason":"AsExpected","status":"True","type":"Upgradeable"},{"lastTransitionTime":"2026-01-28T09:30:33Z","reason":"NoData","status":"Unknown","type":"EvaluationConditionsDetected"}]}}
2026-01-28T09:35:12.841199516Z I0128 09:35:12.841172       1 connectivity_check_controller.go:172] ConnectivityCheckController is waiting for transition to desired version (4.20.0-0-2026-01-28-090915-test-ci-ln-vjb5l1t-latest) to be completed.
2026-01-28T09:35:12.853338046Z I0128 09:35:12.853292       1 event.go:377] Event(v1.ObjectReference{Kind:"Deployment", Namespace:"openshift-apiserver-operator", Name:"openshift-apiserver-operator", UID:"c99b71ce-12d2-4118-9140-e5c0a2e82958", APIVersion:"apps/v1", ResourceVersion:"", FieldPath:""}): type: 'Normal' reason: 'OperatorStatusChanged' Status for clusteroperator/openshift-apiserver changed: Progressing message changed from "APIServerDeploymentProgressing: deployment/apiserver.openshift-apiserver: observed generation is 3, desired generation is 4." to "APIServerDeploymentProgressing: deployment/apiserver.openshift-apiserver: 1/3 pods have been updated to the latest generation and 2/3 pods are available"
2026-01-28T09:35:16.930470570Z I0128 09:35:16.930432       1 connectivity_check_controller.go:172] ConnectivityCheckController is waiting for transition to desired version (4.20.0-0-2026-01-28-090915-test-ci-ln-vjb5l1t-latest) to be completed.
2026-01-28T09:35:21.432000548Z I0128 09:35:21.431956       1 connectivity_check_controller.go:172] ConnectivityCheckController is waiting for transition to desired version (4.20.0-0-2026-01-28-090915-test-ci-ln-vjb5l1t-latest) to be completed.
2026-01-28T09:35:25.801597316Z I0128 09:35:25.799758       1 connectivity_check_controller.go:172] ConnectivityCheckController is waiting for transition to desired version (4.20.0-0-2026-01-28-090915-test-ci-ln-vjb5l1t-latest) to be completed.
2026-01-28T09:35:26.441353509Z I0128 09:35:26.441287       1 connectivity_check_controller.go:172] ConnectivityCheckController is waiting for transition to desired version (4.20.0-0-2026-01-28-090915-test-ci-ln-vjb5l1t-latest) to be completed.
2026-01-28T09:35:31.650274872Z I0128 09:35:31.650233       1 connectivity_check_controller.go:172] ConnectivityCheckController is waiting for transition to desired version (4.20.0-0-2026-01-28-090915-test-ci-ln-vjb5l1t-latest) to be completed.
2026-01-28T09:35:36.590459414Z I0128 09:35:36.590416       1 connectivity_check_controller.go:172] ConnectivityCheckController is waiting for transition to desired version (4.20.0-0-2026-01-28-090915-test-ci-ln-vjb5l1t-latest) to be completed.
2026-01-28T09:35:42.031335418Z I0128 09:35:42.028568       1 connectivity_check_controller.go:172] ConnectivityCheckController is waiting for transition to desired version (4.20.0-0-2026-01-28-090915-test-ci-ln-vjb5l1t-latest) to be completed.
2026-01-28T09:35:50.784488344Z I0128 09:35:50.784424       1 connectivity_check_controller.go:172] ConnectivityCheckController is waiting for transition to desired version (4.20.0-0-2026-01-28-090915-test-ci-ln-vjb5l1t-latest) to be completed.
2026-01-28T09:35:52.172585702Z I0128 09:35:52.170700       1 connectivity_check_controller.go:172] ConnectivityCheckController is waiting for transition to desired version (4.20.0-0-2026-01-28-090915-test-ci-ln-vjb5l1t-latest) to be completed.
2026-01-28T09:35:53.585678921Z I0128 09:35:53.585639       1 tlsconfig.go:181] "Loaded client CA" index=0 certName="client-ca::kube-system::extension-apiserver-authentication::client-ca-file,client-ca::kube-system::extension-apiserver-authentication::requestheader-client-ca-file" certDetail="\"admin-kubeconfig-signer\" [] issuer=\"<self>\" (2026-01-28 09:13:02 +0000 UTC to 2036-01-26 09:13:02 +0000 UTC (now=2026-01-28 09:35:53.585603157 +0000 UTC))"
2026-01-28T09:35:53.587180016Z I0128 09:35:53.587157       1 tlsconfig.go:181] "Loaded client CA" index=1 certName="client-ca::kube-system::extension-apiserver-authentication::client-ca-file,client-ca::kube-system::extension-apiserver-authentication::requestheader-client-ca-file" certDetail="\"kubelet-signer\" [] issuer=\"<self>\" (2026-01-28 09:13:06 +0000 UTC to 2026-01-29 09:13:06 +0000 UTC (now=2026-01-28 09:35:53.587135414 +0000 UTC))"
2026-01-28T09:35:53.592534924Z I0128 09:35:53.592507       1 tlsconfig.go:181] "Loaded client CA" index=2 certName="client-ca::kube-system::extension-apiserver-authentication::client-ca-file,client-ca::kube-system::extension-apiserver-authentication::requestheader-client-ca-file" certDetail="\"kube-control-plane-signer\" [] issuer=\"<self>\" (2026-01-28 09:13:06 +0000 UTC to 2027-01-28 09:13:06 +0000 UTC (now=2026-01-28 09:35:53.592472791 +0000 UTC))"
2026-01-28T09:35:53.596857180Z I0128 09:35:53.596831       1 tlsconfig.go:181] "Loaded client CA" index=3 certName="client-ca::kube-system::extension-apiserver-authentication::client-ca-file,client-ca::kube-system::extension-apiserver-authentication::requestheader-client-ca-file" certDetail="\"kube-apiserver-to-kubelet-signer\" [] issuer=\"<self>\" (2026-01-28 09:13:07 +0000 UTC to 2027-01-28 09:13:07 +0000 UTC (now=2026-01-28 09:35:53.596802917 +0000 UTC))"
2026-01-28T09:35:53.596938444Z I0128 09:35:53.596903       1 tlsconfig.go:181] "Loaded client CA" index=4 certName="client-ca::kube-system::extension-apiserver-authentication::client-ca-file,client-ca::kube-system::extension-apiserver-authentication::requestheader-client-ca-file" certDetail="\"kubelet-bootstrap-kubeconfig-signer\" [] issuer=\"<self>\" (2026-01-28 09:13:03 +0000 UTC to 2036-01-26 09:13:03 +0000 UTC (now=2026-01-28 09:35:53.596889202 +0000 UTC))"
2026-01-28T09:35:53.596938444Z I0128 09:35:53.596932       1 tlsconfig.go:181] "Loaded client CA" index=5 certName="client-ca::kube-system::extension-apiserver-authentication::client-ca-file,client-ca::kube-system::extension-apiserver-authentication::requestheader-client-ca-file" certDetail="\"kube-csr-signer_@1769592636\" [] issuer=\"kubelet-signer\" (2026-01-28 09:30:35 +0000 UTC to 2026-01-29 09:13:06 +0000 UTC (now=2026-01-28 09:35:53.596917503 +0000 UTC))"
2026-01-28T09:35:53.596959375Z I0128 09:35:53.596950       1 tlsconfig.go:181] "Loaded client CA" index=6 certName="client-ca::kube-system::extension-apiserver-authentication::client-ca-file,client-ca::kube-system::extension-apiserver-authentication::requestheader-client-ca-file" certDetail="\"openshift-kube-apiserver-operator_node-system-admin-signer@1769592635\" [] issuer=\"<self>\" (2026-01-28 09:30:35 +0000 UTC to 2029-01-27 09:30:36 +0000 UTC (now=2026-01-28 09:35:53.596938674 +0000 UTC))"
2026-01-28T09:35:53.596984656Z I0128 09:35:53.596969       1 tlsconfig.go:181] "Loaded client CA" index=7 certName="client-ca::kube-system::extension-apiserver-authentication::client-ca-file,client-ca::kube-system::extension-apiserver-authentication::requestheader-client-ca-file" certDetail="\"aggregator-signer\" [] issuer=\"<self>\" (2026-01-28 09:13:04 +0000 UTC to 2026-01-29 09:13:04 +0000 UTC (now=2026-01-28 09:35:53.596957975 +0000 UTC))"
2026-01-28T09:35:53.597351075Z I0128 09:35:53.597331       1 tlsconfig.go:203] "Loaded serving cert" certName="serving-cert::/var/run/secrets/serving-cert/tls.crt::/var/run/secrets/serving-cert/tls.key" certDetail="\"metrics.openshift-apiserver-operator.svc\" [serving] validServingFor=[metrics.openshift-apiserver-operator.svc,metrics.openshift-apiserver-operator.svc.cluster.local] issuer=\"openshift-service-serving-signer@1769592635\" (2026-01-28 09:30:39 +0000 UTC to 2028-01-28 09:30:40 +0000 UTC (now=2026-01-28 09:35:53.597311123 +0000 UTC))"
2026-01-28T09:35:53.597595297Z I0128 09:35:53.597577       1 named_certificates.go:53] "Loaded SNI cert" index=0 certName="self-signed loopback" certDetail="\"apiserver-loopback-client@1769592724\" [serving] validServingFor=[apiserver-loopback-client] issuer=\"apiserver-loopback-client-ca@1769592723\" (2026-01-28 08:32:02 +0000 UTC to 2029-01-28 08:32:02 +0000 UTC (now=2026-01-28 09:35:53.597558645 +0000 UTC))"
2026-01-28T09:35:53.925741975Z I0128 09:35:53.925694       1 connectivity_check_controller.go:172] ConnectivityCheckController is waiting for transition to desired version (4.20.0-0-2026-01-28-090915-test-ci-ln-vjb5l1t-latest) to be completed.
2026-01-28T09:35:53.935496003Z I0128 09:35:53.935454       1 connectivity_check_controller.go:172] ConnectivityCheckController is waiting for transition to desired version (4.20.0-0-2026-01-28-090915-test-ci-ln-vjb5l1t-latest) to be completed.
2026-01-28T09:35:53.952379917Z I0128 09:35:53.950117       1 connectivity_check_controller.go:172] ConnectivityCheckController is waiting for transition to desired version (4.20.0-0-2026-01-28-090915-test-ci-ln-vjb5l1t-latest) to be completed.
2026-01-28T09:35:53.971531995Z I0128 09:35:53.962649       1 connectivity_check_controller.go:172] ConnectivityCheckController is waiting for transition to desired version (4.20.0-0-2026-01-28-090915-test-ci-ln-vjb5l1t-latest) to be completed.
2026-01-28T09:35:54.000096715Z I0128 09:35:53.999118       1 connectivity_check_controller.go:172] ConnectivityCheckController is waiting for transition to desired version (4.20.0-0-2026-01-28-090915-test-ci-ln-vjb5l1t-latest) to be completed.
2026-01-28T09:35:54.168351253Z I0128 09:35:54.168300       1 connectivity_check_controller.go:172] ConnectivityCheckController is waiting for transition to desired version (4.20.0-0-2026-01-28-090915-test-ci-ln-vjb5l1t-latest) to be completed.
2026-01-28T09:35:54.180095930Z I0128 09:35:54.179976       1 connectivity_check_controller.go:172] ConnectivityCheckController is waiting for transition to desired version (4.20.0-0-2026-01-28-090915-test-ci-ln-vjb5l1t-latest) to be completed.
2026-01-28T09:35:54.186482090Z I0128 09:35:54.186445       1 connectivity_check_controller.go:172] ConnectivityCheckController is waiting for transition to desired version (4.20.0-0-2026-01-28-090915-test-ci-ln-vjb5l1t-latest) to be completed.
2026-01-28T09:35:54.625747737Z I0128 09:35:54.625708       1 connectivity_check_controller.go:172] ConnectivityCheckController is waiting for transition to desired version (4.20.0-0-2026-01-28-090915-test-ci-ln-vjb5l1t-latest) to be completed.
2026-01-28T09:35:55.194974036Z I0128 09:35:55.193587       1 connectivity_check_controller.go:172] ConnectivityCheckController is waiting for transition to desired version (4.20.0-0-2026-01-28-090915-test-ci-ln-vjb5l1t-latest) to be completed.
2026-01-28T09:35:56.211386429Z I0128 09:35:56.211329       1 connectivity_check_controller.go:172] ConnectivityCheckController is waiting for transition to desired version (4.20.0-0-2026-01-28-090915-test-ci-ln-vjb5l1t-latest) to be completed.
2026-01-28T09:35:57.276775961Z I0128 09:35:57.273549       1 connectivity_check_controller.go:172] ConnectivityCheckController is waiting for transition to desired version (4.20.0-0-2026-01-28-090915-test-ci-ln-vjb5l1t-latest) to be completed.
2026-01-28T09:35:59.304375605Z I0128 09:35:59.304327       1 connectivity_check_controller.go:172] ConnectivityCheckController is waiting for transition to desired version (4.20.0-0-2026-01-28-090915-test-ci-ln-vjb5l1t-latest) to be completed.
2026-01-28T09:36:00.239633445Z I0128 09:36:00.239585       1 connectivity_check_controller.go:172] ConnectivityCheckController is waiting for transition to desired version (4.20.0-0-2026-01-28-090915-test-ci-ln-vjb5l1t-latest) to be completed.
2026-01-28T09:36:00.266545894Z I0128 09:36:00.266503       1 connectivity_check_controller.go:172] ConnectivityCheckController is waiting for transition to desired version (4.20.0-0-2026-01-28-090915-test-ci-ln-vjb5l1t-latest) to be completed.
2026-01-28T09:36:00.311251864Z I0128 09:36:00.311192       1 connectivity_check_controller.go:172] ConnectivityCheckController is waiting for transition to desired version (4.20.0-0-2026-01-28-090915-test-ci-ln-vjb5l1t-latest) to be completed.
2026-01-28T09:36:00.323069396Z I0128 09:36:00.322968       1 connectivity_check_controller.go:172] ConnectivityCheckController is waiting for transition to desired version (4.20.0-0-2026-01-28-090915-test-ci-ln-vjb5l1t-latest) to be completed.
2026-01-28T09:36:00.755462532Z I0128 09:36:00.755419       1 connectivity_check_controller.go:172] ConnectivityCheckController is waiting for transition to desired version (4.20.0-0-2026-01-28-090915-test-ci-ln-vjb5l1t-latest) to be completed.
2026-01-28T09:36:00.757948627Z I0128 09:36:00.757870       1 status_controller.go:229] clusteroperator/openshift-apiserver diff {"status":{"conditions":[{"lastTransitionTime":"2026-01-28T09:30:33Z","message":"All is well","reason":"AsExpected","status":"False","type":"Degraded"},{"lastTransitionTime":"2026-01-28T09:33:08Z","message":"APIServerDeploymentProgressing: deployment/apiserver.openshift-apiserver: 2/3 pods have been updated to the latest generation and 2/3 pods are available","reason":"APIServerDeployment_PodsUpdating","status":"True","type":"Progressing"},{"lastTransitionTime":"2026-01-28T09:30:36Z","message":"APIServicesAvailable: PreconditionNotReady","reason":"APIServices_PreconditionNotReady","status":"False","type":"Available"},{"lastTransitionTime":"2026-01-28T09:30:34Z","message":"All is well","reason":"AsExpected","status":"True","type":"Upgradeable"},{"lastTransitionTime":"2026-01-28T09:30:33Z","reason":"NoData","status":"Unknown","type":"EvaluationConditionsDetected"}]}}
2026-01-28T09:36:00.771713157Z I0128 09:36:00.765273       1 event.go:377] Event(v1.ObjectReference{Kind:"Deployment", Namespace:"openshift-apiserver-operator", Name:"openshift-apiserver-operator", UID:"c99b71ce-12d2-4118-9140-e5c0a2e82958", APIVersion:"apps/v1", ResourceVersion:"", FieldPath:""}): type: 'Normal' reason: 'OperatorStatusChanged' Status for clusteroperator/openshift-apiserver changed: Progressing message changed from "APIServerDeploymentProgressing: deployment/apiserver.openshift-apiserver: 1/3 pods have been updated to the latest generation and 2/3 pods are available" to "APIServerDeploymentProgressing: deployment/apiserver.openshift-apiserver: 2/3 pods have been updated to the latest generation and 2/3 pods are available"
2026-01-28T09:36:02.338708174Z I0128 09:36:02.338636       1 connectivity_check_controller.go:172] ConnectivityCheckController is waiting for transition to desired version (4.20.0-0-2026-01-28-090915-test-ci-ln-vjb5l1t-latest) to be completed.
2026-01-28T09:36:03.339917042Z I0128 09:36:03.339800       1 connectivity_check_controller.go:172] ConnectivityCheckController is waiting for transition to desired version (4.20.0-0-2026-01-28-090915-test-ci-ln-vjb5l1t-latest) to be completed.
2026-01-28T09:36:06.830990640Z I0128 09:36:06.830923       1 connectivity_check_controller.go:172] ConnectivityCheckController is waiting for transition to desired version (4.20.0-0-2026-01-28-090915-test-ci-ln-vjb5l1t-latest) to be completed.
2026-01-28T09:36:07.684548729Z I0128 09:36:07.684500       1 connectivity_check_controller.go:172] ConnectivityCheckController is waiting for transition to desired version (4.20.0-0-2026-01-28-090915-test-ci-ln-vjb5l1t-latest) to be completed.
2026-01-28T09:36:10.889044168Z I0128 09:36:10.888972       1 connectivity_check_controller.go:172] ConnectivityCheckController is waiting for transition to desired version (4.20.0-0-2026-01-28-090915-test-ci-ln-vjb5l1t-latest) to be completed.
2026-01-28T09:36:10.895721833Z I0128 09:36:10.895665       1 connectivity_check_controller.go:172] ConnectivityCheckController is waiting for transition to desired version (4.20.0-0-2026-01-28-090915-test-ci-ln-vjb5l1t-latest) to be completed.
2026-01-28T09:36:10.916321655Z I0128 09:36:10.911766       1 connectivity_check_controller.go:172] ConnectivityCheckController is waiting for transition to desired version (4.20.0-0-2026-01-28-090915-test-ci-ln-vjb5l1t-latest) to be completed.
2026-01-28T09:36:10.922868843Z I0128 09:36:10.922760       1 connectivity_check_controller.go:172] ConnectivityCheckController is waiting for transition to desired version (4.20.0-0-2026-01-28-090915-test-ci-ln-vjb5l1t-latest) to be completed.
2026-01-28T09:36:10.958146471Z I0128 09:36:10.957893       1 connectivity_check_controller.go:172] ConnectivityCheckController is waiting for transition to desired version (4.20.0-0-2026-01-28-090915-test-ci-ln-vjb5l1t-latest) to be completed.
2026-01-28T09:36:11.086483591Z I0128 09:36:11.086240       1 connectivity_check_controller.go:172] ConnectivityCheckController is waiting for transition to desired version (4.20.0-0-2026-01-28-090915-test-ci-ln-vjb5l1t-latest) to be completed.
2026-01-28T09:36:11.109256452Z I0128 09:36:11.099143       1 connectivity_check_controller.go:172] ConnectivityCheckController is waiting for transition to desired version (4.20.0-0-2026-01-28-090915-test-ci-ln-vjb5l1t-latest) to be completed.
2026-01-28T09:36:11.132173901Z I0128 09:36:11.117662       1 connectivity_check_controller.go:172] ConnectivityCheckController is waiting for transition to desired version (4.20.0-0-2026-01-28-090915-test-ci-ln-vjb5l1t-latest) to be completed.
2026-01-28T09:36:11.350698670Z I0128 09:36:11.350145       1 connectivity_check_controller.go:172] ConnectivityCheckController is waiting for transition to desired version (4.20.0-0-2026-01-28-090915-test-ci-ln-vjb5l1t-latest) to be completed.
2026-01-28T09:36:12.426504917Z I0128 09:36:12.426456       1 connectivity_check_controller.go:172] ConnectivityCheckController is waiting for transition to desired version (4.20.0-0-2026-01-28-090915-test-ci-ln-vjb5l1t-latest) to be completed.
2026-01-28T09:36:12.626862446Z I0128 09:36:12.626233       1 connectivity_check_controller.go:172] ConnectivityCheckController is waiting for transition to desired version (4.20.0-0-2026-01-28-090915-test-ci-ln-vjb5l1t-latest) to be completed.
2026-01-28T09:36:13.545701067Z I0128 09:36:13.545657       1 connectivity_check_controller.go:172] ConnectivityCheckController is waiting for transition to desired version (4.20.0-0-2026-01-28-090915-test-ci-ln-vjb5l1t-latest) to be completed.
2026-01-28T09:36:15.632222825Z I0128 09:36:15.632145       1 connectivity_check_controller.go:172] ConnectivityCheckController is waiting for transition to desired version (4.20.0-0-2026-01-28-090915-test-ci-ln-vjb5l1t-latest) to be completed.
2026-01-28T09:36:15.889399849Z I0128 09:36:15.888818       1 connectivity_check_controller.go:172] ConnectivityCheckController is waiting for transition to desired version (4.20.0-0-2026-01-28-090915-test-ci-ln-vjb5l1t-latest) to be completed.
2026-01-28T09:36:21.181867602Z I0128 09:36:21.181737       1 connectivity_check_controller.go:172] ConnectivityCheckController is waiting for transition to desired version (4.20.0-0-2026-01-28-090915-test-ci-ln-vjb5l1t-latest) to be completed.
2026-01-28T09:36:25.705532269Z I0128 09:36:25.705494       1 connectivity_check_controller.go:172] ConnectivityCheckController is waiting for transition to desired version (4.20.0-0-2026-01-28-090915-test-ci-ln-vjb5l1t-latest) to be completed.
2026-01-28T09:36:33.091089977Z I0128 09:36:33.091004       1 connectivity_check_controller.go:172] ConnectivityCheckController is waiting for transition to desired version (4.20.0-0-2026-01-28-090915-test-ci-ln-vjb5l1t-latest) to be completed.
2026-01-28T09:36:37.804856336Z I0128 09:36:37.804500       1 connectivity_check_controller.go:172] ConnectivityCheckController is waiting for transition to desired version (4.20.0-0-2026-01-28-090915-test-ci-ln-vjb5l1t-latest) to be completed.
2026-01-28T09:36:38.402748867Z I0128 09:36:38.402701       1 connectivity_check_controller.go:172] ConnectivityCheckController is waiting for transition to desired version (4.20.0-0-2026-01-28-090915-test-ci-ln-vjb5l1t-latest) to be completed.
2026-01-28T09:36:41.833300045Z I0128 09:36:41.832585       1 connectivity_check_controller.go:172] ConnectivityCheckController is waiting for transition to desired version (4.20.0-0-2026-01-28-090915-test-ci-ln-vjb5l1t-latest) to be completed.
2026-01-28T09:36:43.126293068Z I0128 09:36:43.125062       1 connectivity_check_controller.go:172] ConnectivityCheckController is waiting for transition to desired version (4.20.0-0-2026-01-28-090915-test-ci-ln-vjb5l1t-latest) to be completed.
2026-01-28T09:36:43.290441712Z I0128 09:36:43.289992       1 connectivity_check_controller.go:172] ConnectivityCheckController is waiting for transition to desired version (4.20.0-0-2026-01-28-090915-test-ci-ln-vjb5l1t-latest) to be completed.
2026-01-28T09:36:43.831967624Z I0128 09:36:43.831930       1 connectivity_check_controller.go:172] ConnectivityCheckController is waiting for transition to desired version (4.20.0-0-2026-01-28-090915-test-ci-ln-vjb5l1t-latest) to be completed.
2026-01-28T09:36:43.849402977Z I0128 09:36:43.849350       1 connectivity_check_controller.go:172] ConnectivityCheckController is waiting for transition to desired version (4.20.0-0-2026-01-28-090915-test-ci-ln-vjb5l1t-latest) to be completed.
2026-01-28T09:36:44.034541220Z I0128 09:36:44.034496       1 connectivity_check_controller.go:172] ConnectivityCheckController is waiting for transition to desired version (4.20.0-0-2026-01-28-090915-test-ci-ln-vjb5l1t-latest) to be completed.
2026-01-28T09:36:47.625890226Z I0128 09:36:47.625772       1 connectivity_check_controller.go:172] ConnectivityCheckController is waiting for transition to desired version (4.20.0-0-2026-01-28-090915-test-ci-ln-vjb5l1t-latest) to be completed.
2026-01-28T09:36:47.646760699Z I0128 09:36:47.645940       1 connectivity_check_controller.go:172] ConnectivityCheckController is waiting for transition to desired version (4.20.0-0-2026-01-28-090915-test-ci-ln-vjb5l1t-latest) to be completed.
2026-01-28T09:36:47.653012148Z I0128 09:36:47.652964       1 connectivity_check_controller.go:172] ConnectivityCheckController is waiting for transition to desired version (4.20.0-0-2026-01-28-090915-test-ci-ln-vjb5l1t-latest) to be completed.
2026-01-28T09:36:48.513962806Z I0128 09:36:48.513915       1 connectivity_check_controller.go:172] ConnectivityCheckController is waiting for transition to desired version (4.20.0-0-2026-01-28-090915-test-ci-ln-vjb5l1t-latest) to be completed.
2026-01-28T09:36:48.561654538Z I0128 09:36:48.560068       1 connectivity_check_controller.go:172] ConnectivityCheckController is waiting for transition to desired version (4.20.0-0-2026-01-28-090915-test-ci-ln-vjb5l1t-latest) to be completed.
2026-01-28T09:36:52.051207917Z I0128 09:36:52.049661       1 connectivity_check_controller.go:172] ConnectivityCheckController is waiting for transition to desired version (4.20.0-0-2026-01-28-090915-test-ci-ln-vjb5l1t-latest) to be completed.
2026-01-28T09:36:52.061204624Z I0128 09:36:52.061156       1 connectivity_check_controller.go:172] ConnectivityCheckController is waiting for transition to desired version (4.20.0-0-2026-01-28-090915-test-ci-ln-vjb5l1t-latest) to be completed.
2026-01-28T09:36:52.071652304Z I0128 09:36:52.071432       1 connectivity_check_controller.go:172] ConnectivityCheckController is waiting for transition to desired version (4.20.0-0-2026-01-28-090915-test-ci-ln-vjb5l1t-latest) to be completed.
2026-01-28T09:36:52.082648391Z I0128 09:36:52.082589       1 connectivity_check_controller.go:172] ConnectivityCheckController is waiting for transition to desired version (4.20.0-0-2026-01-28-090915-test-ci-ln-vjb5l1t-latest) to be completed.
2026-01-28T09:36:52.096822666Z I0128 09:36:52.096320       1 connectivity_check_controller.go:172] ConnectivityCheckController is waiting for transition to desired version (4.20.0-0-2026-01-28-090915-test-ci-ln-vjb5l1t-latest) to be completed.
2026-01-28T09:36:52.702504914Z I0128 09:36:52.702429       1 connectivity_check_controller.go:172] ConnectivityCheckController is waiting for transition to desired version (4.20.0-0-2026-01-28-090915-test-ci-ln-vjb5l1t-latest) to be completed.
2026-01-28T09:36:52.808353729Z I0128 09:36:52.808300       1 connectivity_check_controller.go:172] ConnectivityCheckController is waiting for transition to desired version (4.20.0-0-2026-01-28-090915-test-ci-ln-vjb5l1t-latest) to be completed.
2026-01-28T09:36:52.813878504Z I0128 09:36:52.813838       1 connectivity_check_controller.go:172] ConnectivityCheckController is waiting for transition to desired version (4.20.0-0-2026-01-28-090915-test-ci-ln-vjb5l1t-latest) to be completed.
2026-01-28T09:36:52.983056659Z I0128 09:36:52.983004       1 connectivity_check_controller.go:172] ConnectivityCheckController is waiting for transition to desired version (4.20.0-0-2026-01-28-090915-test-ci-ln-vjb5l1t-latest) to be completed.
2026-01-28T09:36:53.516952806Z I0128 09:36:53.516899       1 connectivity_check_controller.go:172] ConnectivityCheckController is waiting for transition to desired version (4.20.0-0-2026-01-28-090915-test-ci-ln-vjb5l1t-latest) to be completed.
2026-01-28T09:36:53.804804585Z I0128 09:36:53.804751       1 connectivity_check_controller.go:172] ConnectivityCheckController is waiting for transition to desired version (4.20.0-0-2026-01-28-090915-test-ci-ln-vjb5l1t-latest) to be completed.
2026-01-28T09:36:54.813898769Z I0128 09:36:54.813836       1 connectivity_check_controller.go:172] ConnectivityCheckController is waiting for transition to desired version (4.20.0-0-2026-01-28-090915-test-ci-ln-vjb5l1t-latest) to be completed.
2026-01-28T09:36:57.388628762Z I0128 09:36:57.388582       1 connectivity_check_controller.go:172] ConnectivityCheckController is waiting for transition to desired version (4.20.0-0-2026-01-28-090915-test-ci-ln-vjb5l1t-latest) to be completed.
2026-01-28T09:36:57.402305373Z I0128 09:36:57.402242       1 connectivity_check_controller.go:172] ConnectivityCheckController is waiting for transition to desired version (4.20.0-0-2026-01-28-090915-test-ci-ln-vjb5l1t-latest) to be completed.
2026-01-28T09:36:57.822908214Z I0128 09:36:57.822773       1 connectivity_check_controller.go:172] ConnectivityCheckController is waiting for transition to desired version (4.20.0-0-2026-01-28-090915-test-ci-ln-vjb5l1t-latest) to be completed.
2026-01-28T09:36:57.856559758Z I0128 09:36:57.856476       1 connectivity_check_controller.go:172] ConnectivityCheckController is waiting for transition to desired version (4.20.0-0-2026-01-28-090915-test-ci-ln-vjb5l1t-latest) to be completed.
2026-01-28T09:36:57.895322286Z I0128 09:36:57.895285       1 connectivity_check_controller.go:172] ConnectivityCheckController is waiting for transition to desired version (4.20.0-0-2026-01-28-090915-test-ci-ln-vjb5l1t-latest) to be completed.
2026-01-28T09:36:57.896859553Z I0128 09:36:57.896821       1 event.go:377] Event(v1.ObjectReference{Kind:"Deployment", Namespace:"openshift-apiserver-operator", Name:"openshift-apiserver-operator", UID:"c99b71ce-12d2-4118-9140-e5c0a2e82958", APIVersion:"apps/v1", ResourceVersion:"", FieldPath:""}): type: 'Normal' reason: 'ObserveStorageUpdated' Updated storage urls to https://10.0.102.200:2379,https://10.0.108.54:2379,https://10.0.161.159:2379,https://10.0.3.203:2379
2026-01-28T09:36:57.896859553Z I0128 09:36:57.896845       1 event.go:377] Event(v1.ObjectReference{Kind:"Deployment", Namespace:"openshift-apiserver-operator", Name:"openshift-apiserver-operator", UID:"c99b71ce-12d2-4118-9140-e5c0a2e82958", APIVersion:"apps/v1", ResourceVersion:"", FieldPath:""}): type: 'Normal' reason: 'ObservedConfigChanged' Writing updated observed config:   map[string]any{
2026-01-28T09:36:57.896859553Z   	... // 2 identical entries
2026-01-28T09:36:57.896859553Z   	"routingConfig": map[string]any{"subdomain": string("apps.ci-ln-vjb5l1t-76ef8.XXXXXXXXXXXXXXXXXXXXXX")},
2026-01-28T09:36:57.896859553Z   	"servingInfo":   map[string]any{"cipherSuites": []any{string("TLS_AES_128_GCM_SHA256"), string("TLS_AES_256_GCM_SHA384"), string("TLS_CHACHA20_POLY1305_SHA256"), string("TLS_ECDHE_ECDSA_WITH_AES_128_GCM_SHA256"), ...}, "minTLSVersion": string("VersionTLS12")},
2026-01-28T09:36:57.896859553Z   	"storageConfig": map[string]any{
2026-01-28T09:36:57.896859553Z   		"urls": []any{
2026-01-28T09:36:57.896859553Z   			string("https://10.0.102.200:2379"),
2026-01-28T09:36:57.896859553Z   			string("https://10.0.108.54:2379"),
2026-01-28T09:36:57.896859553Z   			string("https://10.0.161.159:2379"),
2026-01-28T09:36:57.896859553Z + 			string("https://10.0.3.203:2379"),
2026-01-28T09:36:57.896859553Z   		},
2026-01-28T09:36:57.896859553Z   	},
2026-01-28T09:36:57.896859553Z   }
2026-01-28T09:36:57.899425590Z I0128 09:36:57.899387       1 status_controller.go:229] clusteroperator/openshift-apiserver diff {"status":{"conditions":[{"lastTransitionTime":"2026-01-28T09:30:33Z","message":"All is well","reason":"AsExpected","status":"False","type":"Degraded"},{"lastTransitionTime":"2026-01-28T09:33:08Z","message":"APIServerDeploymentProgressing: deployment/apiserver.openshift-apiserver: 2/3 pods have been updated to the latest generation and 3/3 pods are available","reason":"APIServerDeployment_PodsUpdating","status":"True","type":"Progressing"},{"lastTransitionTime":"2026-01-28T09:30:36Z","message":"APIServicesAvailable: PreconditionNotReady","reason":"APIServices_PreconditionNotReady","status":"False","type":"Available"},{"lastTransitionTime":"2026-01-28T09:30:34Z","message":"All is well","reason":"AsExpected","status":"True","type":"Upgradeable"},{"lastTransitionTime":"2026-01-28T09:30:33Z","reason":"NoData","status":"Unknown","type":"EvaluationConditionsDetected"}]}}
2026-01-28T09:36:57.905605028Z I0128 09:36:57.905465       1 connectivity_check_controller.go:172] ConnectivityCheckController is waiting for transition to desired version (4.20.0-0-2026-01-28-090915-test-ci-ln-vjb5l1t-latest) to be completed.
2026-01-28T09:36:57.932391870Z I0128 09:36:57.932336       1 event.go:377] Event(v1.ObjectReference{Kind:"Deployment", Namespace:"openshift-apiserver-operator", Name:"openshift-apiserver-operator", UID:"c99b71ce-12d2-4118-9140-e5c0a2e82958", APIVersion:"apps/v1", ResourceVersion:"", FieldPath:""}): type: 'Normal' reason: 'OperatorStatusChanged' Status for clusteroperator/openshift-apiserver changed: Progressing message changed from "APIServerDeploymentProgressing: deployment/apiserver.openshift-apiserver: 2/3 pods have been updated to the latest generation and 2/3 pods are available" to "APIServerDeploymentProgressing: deployment/apiserver.openshift-apiserver: 2/3 pods have been updated to the latest generation and 3/3 pods are available"
2026-01-28T09:36:57.932444363Z I0128 09:36:57.932430       1 status_controller.go:229] clusteroperator/openshift-apiserver diff {"status":{"conditions":[{"lastTransitionTime":"2026-01-28T09:30:33Z","message":"All is well","reason":"AsExpected","status":"False","type":"Degraded"},{"lastTransitionTime":"2026-01-28T09:33:08Z","message":"APIServerDeploymentProgressing: deployment/apiserver.openshift-apiserver: 2/3 pods have been updated to the latest generation and 3/3 pods are available","reason":"APIServerDeployment_PodsUpdating","status":"True","type":"Progressing"},{"lastTransitionTime":"2026-01-28T09:30:36Z","message":"APIServicesAvailable: PreconditionNotReady","reason":"APIServices_PreconditionNotReady","status":"False","type":"Available"},{"lastTransitionTime":"2026-01-28T09:30:34Z","message":"All is well","reason":"AsExpected","status":"True","type":"Upgradeable"},{"lastTransitionTime":"2026-01-28T09:30:33Z","reason":"NoData","status":"Unknown","type":"EvaluationConditionsDetected"}]}}
2026-01-28T09:36:57.936982978Z I0128 09:36:57.936952       1 connectivity_check_controller.go:172] ConnectivityCheckController is waiting for transition to desired version (4.20.0-0-2026-01-28-090915-test-ci-ln-vjb5l1t-latest) to be completed.
2026-01-28T09:36:57.939084883Z I0128 09:36:57.938249       1 connectivity_check_controller.go:172] ConnectivityCheckController is waiting for transition to desired version (4.20.0-0-2026-01-28-090915-test-ci-ln-vjb5l1t-latest) to be completed.
2026-01-28T09:36:57.950491921Z E0128 09:36:57.950442       1 base_controller.go:279] "Unhandled Error" err="StatusSyncer_openshift-apiserver reconciliation failed: Operation cannot be fulfilled on clusteroperators.config.openshift.io \"openshift-apiserver\": the object has been modified; please apply your changes to the latest version and try again"
2026-01-28T09:36:59.449186289Z I0128 09:36:59.449124       1 core.go:352] ConfigMap "openshift-apiserver/config" changes: {"apiVersion":"v1","data":{"config.yaml":"{\"apiServerArguments\":{\"audit-log-format\":[\"json\"],\"audit-log-maxbackup\":[\"10\"],\"audit-log-maxsize\":[\"100\"],\"audit-log-path\":[\"/var/log/openshift-apiserver/audit.log\"],\"audit-policy-file\":[\"/var/run/configmaps/audit/policy.yaml\"],\"etcd-healthcheck-timeout\":[\"9s\"],\"etcd-readycheck-timeout\":[\"9s\"],\"feature-gates\":[\"AdditionalRoutingCapabilities=true\",\"AdminNetworkPolicy=true\",\"AlibabaPlatform=true\",\"AzureWorkloadIdentity=true\",\"BuildCSIVolumes=true\",\"CPMSMachineNamePrefix=true\",\"ConsolePluginContentSecurityPolicy=true\",\"ExternalOIDC=true\",\"ExternalOIDCWithUIDAndExtraClaimMappings=true\",\"GatewayAPI=true\",\"GatewayAPIController=true\",\"HighlyAvailableArbiter=true\",\"ImageVolume=true\",\"IngressControllerLBSubnetsAWS=true\",\"KMSv1=true\",\"MachineConfigNodes=true\",\"ManagedBootImages=true\",\"ManagedBootImagesAWS=true\",\"MetricsCollectionProfiles=true\",\"NetworkDiagnosticsConfig=true\",\"NetworkLiveMigration=true\",\"NetworkSegmentation=true\",\"NewOLM=true\",\"PinnedImages=true\",\"PreconfiguredUDNAddresses=true\",\"ProcMountType=true\",\"RouteAdvertisements=true\",\"RouteExternalCertificate=true\",\"ServiceAccountTokenNodeBinding=true\",\"SetEIPForNLBIngressController=true\",\"SigstoreImageVerification=true\",\"StoragePerformantSecurityPolicy=true\",\"UpgradeStatus=true\",\"UserNamespacesPodSecurityStandards=true\",\"UserNamespacesSupport=true\",\"VSphereMultiDisk=true\",\"VSphereMultiNetworks=true\",\"AWSClusterHostedDNS=false\",\"AWSClusterHostedDNSInstall=false\",\"AWSDedicatedHosts=false\",\"AWSServiceLBNetworkSecurityGroup=false\",\"AutomatedEtcdBackup=false\",\"AzureClusterHostedDNSInstall=false\",\"AzureDedicatedHosts=false\",\"AzureMultiDisk=false\",\"BootImageSkewEnforcement=false\",\"BootcNodeManagement=false\",\"ClusterAPIInstall=false\",\"ClusterAPIInstallIBMCloud=false\",\"ClusterMonitoringConfig=false\",\"ClusterVersionOperatorConfiguration=false\",\"DNSNameResolver=false\",\"DualReplica=false\",\"DyanmicServiceEndpointIBMCloud=false\",\"DynamicResourceAllocation=false\",\"EtcdBackendQuota=false\",\"EventedPLEG=false\",\"Example=false\",\"Example2=false\",\"ExternalSnapshotMetadata=false\",\"GCPClusterHostedDNS=false\",\"GCPClusterHostedDNSInstall=false\",\"GCPCustomAPIEndpoints=false\",\"GCPCustomAPIEndpointsInstall=false\",\"ImageModeStatusReporting=false\",\"ImageStreamImportMode=false\",\"IngressControllerDynamicConfigurationManager=false\",\"InsightsConfig=false\",\"InsightsConfigAPI=false\",\"InsightsOnDemandDataGather=false\",\"IrreconcilableMachineConfig=false\",\"KMSEncryptionProvider=false\",\"MachineAPIMigration=false\",\"MachineAPIOperatorDisableMachineHealthCheckController=false\",\"ManagedBootImagesAzure=false\",\"ManagedBootImagesvSphere=false\",\"MaxUnavailableStatefulSet=false\",\"MinimumKubeletVersion=false\",\"MixedCPUsAllocation=false\",\"MultiArchInstallAzure=false\",\"MultiDiskSetup=false\",\"MutatingAdmissionPolicy=false\",\"NewOLMCatalogdAPIV1Metas=false\",\"NewOLMOwnSingleNamespace=false\",\"NewOLMPreflightPermissionChecks=false\",\"NewOLMWebhookProviderOpenshiftServiceCA=false\",\"NoRegistryClusterOperations=false\",\"NodeSwap=false\",\"NutanixMultiSubnets=false\",\"OVNObservability=false\",\"OpenShiftPodSecurityAdmission=false\",\"SELinuxMount=false\",\"ShortCertRotation=false\",\"SignatureStores=false\",\"SigstoreImageVerificationPKI=false\",\"TranslateStreamCloseWebsocketRequests=false\",\"VSphereConfigurableMaxAllowedBlockVolumesPerNode=false\",\"VSphereHostVMGroupZonal=false\",\"VSphereMixedNodeEnv=false\",\"VolumeAttributesClass=false\",\"VolumeGroupSnapshot=false\"],\"shutdown-delay-duration\":[\"50s\"],\"shutdown-send-retry-after\":[\"true\"]},\"apiServers\":{\"perGroupOptions\":[]},\"apiVersion\":\"openshiftcontrolplane.config.openshift.io/v1\",\"kind\":\"OpenShiftAPIServerConfig\",\"projectConfig\":{\"projectRequestMessage\":\"\"},\"routingConfig\":{\"subdomain\":\"apps.ci-ln-vjb5l1t-76ef8.XXXXXXXXXXXXXXXXXXXXXX\"},\"servingInfo\":{\"bindNetwork\":\"tcp\",\"cipherSuites\":[\"TLS_AES_128_GCM_SHA256\",\"TLS_AES_256_GCM_SHA384\",\"TLS_CHACHA20_POLY1305_SHA256\",\"TLS_ECDHE_ECDSA_WITH_AES_128_GCM_SHA256\",\"TLS_ECDHE_RSA_WITH_AES_128_GCM_SHA256\",\"TLS_ECDHE_ECDSA_WITH_AES_256_GCM_SHA384\",\"TLS_ECDHE_RSA_WITH_AES_256_GCM_SHA384\",\"TLS_ECDHE_ECDSA_WITH_CHACHA20_POLY1305_SHA256\",\"TLS_ECDHE_RSA_WITH_CHACHA20_POLY1305_SHA256\"],\"minTLSVersion\":\"VersionTLS12\"},\"storageConfig\":{\"urls\":[\"https://10.0.102.200:2379\",\"https://10.0.108.54:2379\",\"https://10.0.161.159:2379\",\"https://10.0.3.203:2379\"]}}"},"kind":"ConfigMap","metadata":{"creationTimestamp":null,"managedFields":null,"resourceVersion":null,"uid":null}}
2026-01-28T09:36:59.449641552Z I0128 09:36:59.449491       1 event.go:377] Event(v1.ObjectReference{Kind:"Deployment", Namespace:"openshift-apiserver-operator", Name:"openshift-apiserver-operator", UID:"c99b71ce-12d2-4118-9140-e5c0a2e82958", APIVersion:"apps/v1", ResourceVersion:"", FieldPath:""}): type: 'Normal' reason: 'ConfigMapUpdated' Updated ConfigMap/config -n openshift-apiserver:
2026-01-28T09:36:59.449641552Z cause by changes in data.config.yaml
2026-01-28T09:37:00.301068364Z I0128 09:37:00.294257       1 connectivity_check_controller.go:172] ConnectivityCheckController is waiting for transition to desired version (4.20.0-0-2026-01-28-090915-test-ci-ln-vjb5l1t-latest) to be completed.
2026-01-28T09:37:01.852782470Z I0128 09:37:01.852727       1 apps.go:155] Deployment "openshift-apiserver/apiserver" changes: {"metadata":{"annotations":{"operator.openshift.io/dep-desired.generation":"5","operator.openshift.io/dep-openshift-apiserver.config.configmap":"2-cwXw==","operator.openshift.io/spec-hash":"3e31ee58caa4c1abd57d37287b444f163d6ce444da6bbb09711cb426ccf680dc"}},"spec":{"progressDeadlineSeconds":null,"revisionHistoryLimit":null,"template":{"metadata":{"annotations":{"operator.openshift.io/dep-desired.generation":"5","operator.openshift.io/dep-openshift-apiserver.config.configmap":"2-cwXw=="}},"spec":{"containers":[{"args":["if [ -s /var/run/configmaps/trusted-ca-bundle/tls-ca-bundle.pem ]; then\n  echo \"Copying system trust bundle\"\n  cp -f /var/run/configmaps/trusted-ca-bundle/tls-ca-bundle.pem /etc/pki/ca-trust/extracted/pem/tls-ca-bundle.pem\nfi\nexec openshift-apiserver start --config=/var/run/configmaps/config/config.yaml -v=2\n"],"command":["/bin/bash","-ec"],"env":[{"name":"POD_NAME","valueFrom":{"fieldRef":{"fieldPath":"metadata.name"}}},{"name":"POD_NAMESPACE","valueFrom":{"fieldRef":{"fieldPath":"metadata.namespace"}}}],"image":"registry.build11.ci.openshift.org/ci-ln-vjb5l1t/stable@sha256:e1635e15282fbc5014166f94bca3bfd66ea67c8a39498c82c3df3644cd4ed329","imagePullPolicy":"IfNotPresent","livenessProbe":{"failureThreshold":3,"httpGet":{"path":"livez?exclude=etcd","port":8443,"scheme":"HTTPS"},"periodSeconds":10,"successThreshold":1,"timeoutSeconds":10},"name":"openshift-apiserver","ports":[{"containerPort":8443}],"readinessProbe":{"failureThreshold":3,"httpGet":{"path":"readyz?exclude=etcd\u0026exclude=etcd-readiness","port":8443,"scheme":"HTTPS"},"periodSeconds":5,"successThreshold":1,"timeoutSeconds":10},"resources":{"requests":{"cpu":"100m","memory":"200Mi"}},"securityContext":{"privileged":true,"readOnlyRootFilesystem":false,"runAsUser":0},"startupProbe":{"failureThreshold":30,"httpGet":{"path":"livez","port":8443,"scheme":"HTTPS"},"periodSeconds":5,"successThreshold":1,"timeoutSeconds":10},"terminationMessagePolicy":"FallbackToLogsOnError","volumeMounts":[{"mountPath":"/var/lib/kubelet/","name":"node-pullsecrets","readOnly":true},{"mountPath":"/var/run/configmaps/config","name":"config"},{"mountPath":"/var/run/configmaps/audit","name":"audit"},{"mountPath":"/var/run/secrets/etcd-client","name":"etcd-client"},{"mountPath":"/var/run/configmaps/etcd-serving-ca","name":"etcd-serving-ca"},{"mountPath":"/var/run/configmaps/image-import-ca","name":"image-import-ca"},{"mountPath":"/var/run/configmaps/trusted-ca-bundle","name":"trusted-ca-bundle"},{"mountPath":"/var/run/secrets/serving-cert","name":"serving-cert"},{"mountPath":"/var/run/secrets/encryption-config","name":"encryption-config"},{"mountPath":"/var/log/openshift-apiserver","name":"audit-dir"}]},{"args":["--listen","0.0.0.0:17698","--namespace","$(POD_NAMESPACE)","--v","2"],"command":["cluster-kube-apiserver-operator","check-endpoints"],"env":[{"name":"POD_NAME","valueFrom":{"fieldRef":{"fieldPath":"metadata.name"}}},{"name":"POD_NAMESPACE","valueFrom":{"fieldRef":{"fieldPath":"metadata.namespace"}}}],"image":"registry.build11.ci.openshift.org/ci-ln-vjb5l1t/stable@sha256:0554bda0a96d190367ed63955b942dd3552e1d90e8586dfd9f8879c964bf245d","imagePullPolicy":"IfNotPresent","name":"openshift-apiserver-check-endpoints","ports":[{"containerPort":17698,"name":"check-endpoints","protocol":"TCP"}],"resources":{"requests":{"cpu":"10m","memory":"50Mi"}},"terminationMessagePolicy":"FallbackToLogsOnError"}],"dnsPolicy":null,"initContainers":[{"command":["sh","-c","chmod 0700 /var/log/openshift-apiserver \u0026\u0026 touch /var/log/openshift-apiserver/audit.log \u0026\u0026 chmod 0600 /var/log/openshift-apiserver/*"],"image":"registry.build11.ci.openshift.org/ci-ln-vjb5l1t/stable@sha256:e1635e15282fbc5014166f94bca3bfd66ea67c8a39498c82c3df3644cd4ed329","imagePullPolicy":"IfNotPresent","name":"fix-audit-permissions","resources":{"requests":{"cpu":"15m","memory":"50Mi"}},"securityContext":{"privileged":true,"runAsUser":0},"terminationMessagePolicy":"FallbackToLogsOnError","volumeMounts":[{"mountPath":"/var/log/openshift-apiserver","name":"audit-dir"}]}],"restartPolicy":null,"schedulerName":null,"securityContext":null,"serviceAccount":null,"volumes":[{"hostPath":{"path":"/var/lib/kubelet/","type":"Directory"},"name":"node-pullsecrets"},{"configMap":{"name":"config"},"name":"config"},{"configMap":{"name":"audit-1"},"name":"audit"},{"name":"etcd-client","secret":{"defaultMode":384,"secretName":"etcd-client"}},{"configMap":{"name":"etcd-serving-ca"},"name":"etcd-serving-ca"},{"configMap":{"name":"image-import-ca","optional":true},"name":"image-import-ca"},{"name":"serving-cert","secret":{"defaultMode":384,"secretName":"serving-cert"}},{"configMap":{"items":[{"key":"ca-bundle.crt","path":"tls-ca-bundle.pem"}],"name":"trusted-ca-bundle","optional":true},"name":"trusted-ca-bundle"},{"name":"encryption-config","secret":{"defaultMode":384,"optional":true,"secretName":"encryption-config-1"}},{"hostPath":{"path":"/var/log/openshift-apiserver"},"name":"audit-dir"}]}}}}
2026-01-28T09:37:01.860419510Z I0128 09:37:01.860374       1 warnings.go:110] "Warning: spec.template.spec.nodeSelector[node-role.kubernetes.io/master]: use \"node-role.kubernetes.io/control-plane\" instead"
2026-01-28T09:37:01.861934865Z I0128 09:37:01.861899       1 event.go:377] Event(v1.ObjectReference{Kind:"Deployment", Namespace:"openshift-apiserver-operator", Name:"openshift-apiserver-operator", UID:"c99b71ce-12d2-4118-9140-e5c0a2e82958", APIVersion:"apps/v1", ResourceVersion:"", FieldPath:""}): type: 'Normal' reason: 'DeploymentUpdated' Updated Deployment.apps/apiserver -n openshift-apiserver because it changed
2026-01-28T09:37:01.875673988Z I0128 09:37:01.875645       1 status_controller.go:229] clusteroperator/openshift-apiserver diff {"status":{"conditions":[{"lastTransitionTime":"2026-01-28T09:30:33Z","message":"All is well","reason":"AsExpected","status":"False","type":"Degraded"},{"lastTransitionTime":"2026-01-28T09:33:08Z","message":"APIServerDeploymentProgressing: deployment/apiserver.openshift-apiserver: 2/3 pods have been updated to the latest generation and 3/3 pods are available\nOperatorConfigProgressing: openshiftapiserveroperatorconfigs/instance: observed generation is 4, desired generation is 5.","reason":"APIServerDeployment_PodsUpdating::OperatorConfig_NewGeneration","status":"True","type":"Progressing"},{"lastTransitionTime":"2026-01-28T09:30:36Z","message":"APIServicesAvailable: PreconditionNotReady","reason":"APIServices_PreconditionNotReady","status":"False","type":"Available"},{"lastTransitionTime":"2026-01-28T09:30:34Z","message":"All is well","reason":"AsExpected","status":"True","type":"Upgradeable"},{"lastTransitionTime":"2026-01-28T09:30:33Z","reason":"NoData","status":"Unknown","type":"EvaluationConditionsDetected"}]}}
2026-01-28T09:37:01.875960203Z I0128 09:37:01.875936       1 connectivity_check_controller.go:172] ConnectivityCheckController is waiting for transition to desired version (4.20.0-0-2026-01-28-090915-test-ci-ln-vjb5l1t-latest) to be completed.
2026-01-28T09:37:01.889966349Z I0128 09:37:01.885301       1 event.go:377] Event(v1.ObjectReference{Kind:"Deployment", Namespace:"openshift-apiserver-operator", Name:"openshift-apiserver-operator", UID:"c99b71ce-12d2-4118-9140-e5c0a2e82958", APIVersion:"apps/v1", ResourceVersion:"", FieldPath:""}): type: 'Normal' reason: 'OperatorStatusChanged' Status for clusteroperator/openshift-apiserver changed: Progressing message changed from "APIServerDeploymentProgressing: deployment/apiserver.openshift-apiserver: 2/3 pods have been updated to the latest generation and 3/3 pods are available" to "APIServerDeploymentProgressing: deployment/apiserver.openshift-apiserver: 2/3 pods have been updated to the latest generation and 3/3 pods are available\nOperatorConfigProgressing: openshiftapiserveroperatorconfigs/instance: observed generation is 4, desired generation is 5."
2026-01-28T09:37:01.900046511Z I0128 09:37:01.899902       1 connectivity_check_controller.go:172] ConnectivityCheckController is waiting for transition to desired version (4.20.0-0-2026-01-28-090915-test-ci-ln-vjb5l1t-latest) to be completed.
2026-01-28T09:37:01.907983676Z I0128 09:37:01.907953       1 connectivity_check_controller.go:172] ConnectivityCheckController is waiting for transition to desired version (4.20.0-0-2026-01-28-090915-test-ci-ln-vjb5l1t-latest) to be completed.
2026-01-28T09:37:01.917548991Z I0128 09:37:01.917516       1 connectivity_check_controller.go:172] ConnectivityCheckController is waiting for transition to desired version (4.20.0-0-2026-01-28-090915-test-ci-ln-vjb5l1t-latest) to be completed.
2026-01-28T09:37:01.923133499Z I0128 09:37:01.923101       1 connectivity_check_controller.go:172] ConnectivityCheckController is waiting for transition to desired version (4.20.0-0-2026-01-28-090915-test-ci-ln-vjb5l1t-latest) to be completed.
2026-01-28T09:37:01.941434460Z I0128 09:37:01.940984       1 connectivity_check_controller.go:172] ConnectivityCheckController is waiting for transition to desired version (4.20.0-0-2026-01-28-090915-test-ci-ln-vjb5l1t-latest) to be completed.
2026-01-28T09:37:01.962187952Z I0128 09:37:01.962087       1 connectivity_check_controller.go:172] ConnectivityCheckController is waiting for transition to desired version (4.20.0-0-2026-01-28-090915-test-ci-ln-vjb5l1t-latest) to be completed.
2026-01-28T09:37:01.977597978Z I0128 09:37:01.977504       1 status_controller.go:229] clusteroperator/openshift-apiserver diff {"status":{"conditions":[{"lastTransitionTime":"2026-01-28T09:30:33Z","message":"All is well","reason":"AsExpected","status":"False","type":"Degraded"},{"lastTransitionTime":"2026-01-28T09:33:08Z","message":"APIServerDeploymentProgressing: deployment/apiserver.openshift-apiserver: observed generation is 4, desired generation is 5.\nOperatorConfigProgressing: openshiftapiserveroperatorconfigs/instance: observed generation is 4, desired generation is 5.","reason":"APIServerDeployment_NewGeneration::OperatorConfig_NewGeneration","status":"True","type":"Progressing"},{"lastTransitionTime":"2026-01-28T09:30:36Z","message":"APIServicesAvailable: PreconditionNotReady","reason":"APIServices_PreconditionNotReady","status":"False","type":"Available"},{"lastTransitionTime":"2026-01-28T09:30:34Z","message":"All is well","reason":"AsExpected","status":"True","type":"Upgradeable"},{"lastTransitionTime":"2026-01-28T09:30:33Z","reason":"NoData","status":"Unknown","type":"EvaluationConditionsDetected"}]}}
2026-01-28T09:37:01.978050151Z I0128 09:37:01.978013       1 connectivity_check_controller.go:172] ConnectivityCheckController is waiting for transition to desired version (4.20.0-0-2026-01-28-090915-test-ci-ln-vjb5l1t-latest) to be completed.
2026-01-28T09:37:01.986248789Z I0128 09:37:01.986217       1 event.go:377] Event(v1.ObjectReference{Kind:"Deployment", Namespace:"openshift-apiserver-operator", Name:"openshift-apiserver-operator", UID:"c99b71ce-12d2-4118-9140-e5c0a2e82958", APIVersion:"apps/v1", ResourceVersion:"", FieldPath:""}): type: 'Normal' reason: 'OperatorStatusChanged' Status for clusteroperator/openshift-apiserver changed: Progressing message changed from "APIServerDeploymentProgressing: deployment/apiserver.openshift-apiserver: 2/3 pods have been updated to the latest generation and 3/3 pods are available\nOperatorConfigProgressing: openshiftapiserveroperatorconfigs/instance: observed generation is 4, desired generation is 5." to "APIServerDeploymentProgressing: deployment/apiserver.openshift-apiserver: observed generation is 4, desired generation is 5.\nOperatorConfigProgressing: openshiftapiserveroperatorconfigs/instance: observed generation is 4, desired generation is 5."
2026-01-28T09:37:05.308826846Z I0128 09:37:05.308781       1 connectivity_check_controller.go:172] ConnectivityCheckController is waiting for transition to desired version (4.20.0-0-2026-01-28-090915-test-ci-ln-vjb5l1t-latest) to be completed.
2026-01-28T09:37:06.267421589Z I0128 09:37:06.267370       1 status_controller.go:229] clusteroperator/openshift-apiserver diff {"status":{"conditions":[{"lastTransitionTime":"2026-01-28T09:30:33Z","message":"All is well","reason":"AsExpected","status":"False","type":"Degraded"},{"lastTransitionTime":"2026-01-28T09:33:08Z","message":"APIServerDeploymentProgressing: deployment/apiserver.openshift-apiserver: observed generation is 4, desired generation is 5.","reason":"APIServerDeployment_NewGeneration","status":"True","type":"Progressing"},{"lastTransitionTime":"2026-01-28T09:30:36Z","message":"APIServicesAvailable: PreconditionNotReady","reason":"APIServices_PreconditionNotReady","status":"False","type":"Available"},{"lastTransitionTime":"2026-01-28T09:30:34Z","message":"All is well","reason":"AsExpected","status":"True","type":"Upgradeable"},{"lastTransitionTime":"2026-01-28T09:30:33Z","reason":"NoData","status":"Unknown","type":"EvaluationConditionsDetected"}]}}
2026-01-28T09:37:06.268858291Z I0128 09:37:06.268518       1 connectivity_check_controller.go:172] ConnectivityCheckController is waiting for transition to desired version (4.20.0-0-2026-01-28-090915-test-ci-ln-vjb5l1t-latest) to be completed.
2026-01-28T09:37:06.281905144Z I0128 09:37:06.277772       1 event.go:377] Event(v1.ObjectReference{Kind:"Deployment", Namespace:"openshift-apiserver-operator", Name:"openshift-apiserver-operator", UID:"c99b71ce-12d2-4118-9140-e5c0a2e82958", APIVersion:"apps/v1", ResourceVersion:"", FieldPath:""}): type: 'Normal' reason: 'OperatorStatusChanged' Status for clusteroperator/openshift-apiserver changed: Progressing message changed from "APIServerDeploymentProgressing: deployment/apiserver.openshift-apiserver: observed generation is 4, desired generation is 5.\nOperatorConfigProgressing: openshiftapiserveroperatorconfigs/instance: observed generation is 4, desired generation is 5." to "APIServerDeploymentProgressing: deployment/apiserver.openshift-apiserver: observed generation is 4, desired generation is 5."
2026-01-28T09:37:06.285643091Z I0128 09:37:06.285415       1 connectivity_check_controller.go:172] ConnectivityCheckController is waiting for transition to desired version (4.20.0-0-2026-01-28-090915-test-ci-ln-vjb5l1t-latest) to be completed.
2026-01-28T09:37:06.288450892Z I0128 09:37:06.288415       1 status_controller.go:229] clusteroperator/openshift-apiserver diff {"status":{"conditions":[{"lastTransitionTime":"2026-01-28T09:30:33Z","message":"All is well","reason":"AsExpected","status":"False","type":"Degraded"},{"lastTransitionTime":"2026-01-28T09:33:08Z","message":"APIServerDeploymentProgressing: deployment/apiserver.openshift-apiserver: 1/3 pods have been updated to the latest generation and 2/3 pods are available","reason":"APIServerDeployment_PodsUpdating","status":"True","type":"Progressing"},{"lastTransitionTime":"2026-01-28T09:30:36Z","message":"APIServicesAvailable: PreconditionNotReady","reason":"APIServices_PreconditionNotReady","status":"False","type":"Available"},{"lastTransitionTime":"2026-01-28T09:30:34Z","message":"All is well","reason":"AsExpected","status":"True","type":"Upgradeable"},{"lastTransitionTime":"2026-01-28T09:30:33Z","reason":"NoData","status":"Unknown","type":"EvaluationConditionsDetected"}]}}
2026-01-28T09:37:06.300642142Z I0128 09:37:06.296224       1 event.go:377] Event(v1.ObjectReference{Kind:"Deployment", Namespace:"openshift-apiserver-operator", Name:"openshift-apiserver-operator", UID:"c99b71ce-12d2-4118-9140-e5c0a2e82958", APIVersion:"apps/v1", ResourceVersion:"", FieldPath:""}): type: 'Normal' reason: 'OperatorStatusChanged' Status for clusteroperator/openshift-apiserver changed: Progressing message changed from "APIServerDeploymentProgressing: deployment/apiserver.openshift-apiserver: observed generation is 4, desired generation is 5." to "APIServerDeploymentProgressing: deployment/apiserver.openshift-apiserver: 1/3 pods have been updated to the latest generation and 2/3 pods are available"
2026-01-28T09:37:07.709939311Z I0128 09:37:07.709891       1 connectivity_check_controller.go:172] ConnectivityCheckController is waiting for transition to desired version (4.20.0-0-2026-01-28-090915-test-ci-ln-vjb5l1t-latest) to be completed.
2026-01-28T09:37:10.306699207Z I0128 09:37:10.306638       1 connectivity_check_controller.go:172] ConnectivityCheckController is waiting for transition to desired version (4.20.0-0-2026-01-28-090915-test-ci-ln-vjb5l1t-latest) to be completed.
2026-01-28T09:37:10.453460222Z I0128 09:37:10.453403       1 connectivity_check_controller.go:172] ConnectivityCheckController is waiting for transition to desired version (4.20.0-0-2026-01-28-090915-test-ci-ln-vjb5l1t-latest) to be completed.
2026-01-28T09:37:12.701534978Z I0128 09:37:12.701469       1 connectivity_check_controller.go:172] ConnectivityCheckController is waiting for transition to desired version (4.20.0-0-2026-01-28-090915-test-ci-ln-vjb5l1t-latest) to be completed.
2026-01-28T09:37:13.762701235Z I0128 09:37:13.762385       1 connectivity_check_controller.go:172] ConnectivityCheckController is waiting for transition to desired version (4.20.0-0-2026-01-28-090915-test-ci-ln-vjb5l1t-latest) to be completed.
2026-01-28T09:37:14.804231068Z I0128 09:37:14.804161       1 connectivity_check_controller.go:172] ConnectivityCheckController is waiting for transition to desired version (4.20.0-0-2026-01-28-090915-test-ci-ln-vjb5l1t-latest) to be completed.
2026-01-28T09:37:24.077947555Z I0128 09:37:24.076218       1 connectivity_check_controller.go:172] ConnectivityCheckController is waiting for transition to desired version (4.20.0-0-2026-01-28-090915-test-ci-ln-vjb5l1t-latest) to be completed.
2026-01-28T09:37:31.409373200Z I0128 09:37:31.409327       1 warnings.go:110] "Warning: v1 Endpoints is deprecated in v1.33+; use discovery.k8s.io/v1 EndpointSlice"
2026-01-28T09:37:34.233080857Z I0128 09:37:34.232824       1 connectivity_check_controller.go:172] ConnectivityCheckController is waiting for transition to desired version (4.20.0-0-2026-01-28-090915-test-ci-ln-vjb5l1t-latest) to be completed.
2026-01-28T09:37:43.613640154Z I0128 09:37:43.613593       1 connectivity_check_controller.go:172] ConnectivityCheckController is waiting for transition to desired version (4.20.0-0-2026-01-28-090915-test-ci-ln-vjb5l1t-latest) to be completed.
2026-01-28T09:37:44.388569720Z I0128 09:37:44.388520       1 connectivity_check_controller.go:172] ConnectivityCheckController is waiting for transition to desired version (4.20.0-0-2026-01-28-090915-test-ci-ln-vjb5l1t-latest) to be completed.
2026-01-28T09:37:49.631892426Z I0128 09:37:49.631852       1 connectivity_check_controller.go:172] ConnectivityCheckController is waiting for transition to desired version (4.20.0-0-2026-01-28-090915-test-ci-ln-vjb5l1t-latest) to be completed.
2026-01-28T09:37:49.642752428Z I0128 09:37:49.641692       1 connectivity_check_controller.go:172] ConnectivityCheckController is waiting for transition to desired version (4.20.0-0-2026-01-28-090915-test-ci-ln-vjb5l1t-latest) to be completed.
2026-01-28T09:37:49.654521777Z I0128 09:37:49.654343       1 connectivity_check_controller.go:172] ConnectivityCheckController is waiting for transition to desired version (4.20.0-0-2026-01-28-090915-test-ci-ln-vjb5l1t-latest) to be completed.
2026-01-28T09:37:49.665184050Z I0128 09:37:49.665150       1 connectivity_check_controller.go:172] ConnectivityCheckController is waiting for transition to desired version (4.20.0-0-2026-01-28-090915-test-ci-ln-vjb5l1t-latest) to be completed.
2026-01-28T09:37:49.675540357Z I0128 09:37:49.675513       1 connectivity_check_controller.go:172] ConnectivityCheckController is waiting for transition to desired version (4.20.0-0-2026-01-28-090915-test-ci-ln-vjb5l1t-latest) to be completed.
2026-01-28T09:37:50.199565672Z I0128 09:37:50.199483       1 connectivity_check_controller.go:172] ConnectivityCheckController is waiting for transition to desired version (4.20.0-0-2026-01-28-090915-test-ci-ln-vjb5l1t-latest) to be completed.
2026-01-28T09:37:50.204862856Z I0128 09:37:50.204841       1 connectivity_check_controller.go:172] ConnectivityCheckController is waiting for transition to desired version (4.20.0-0-2026-01-28-090915-test-ci-ln-vjb5l1t-latest) to be completed.
2026-01-28T09:37:50.289912518Z I0128 09:37:50.289775       1 connectivity_check_controller.go:172] ConnectivityCheckController is waiting for transition to desired version (4.20.0-0-2026-01-28-090915-test-ci-ln-vjb5l1t-latest) to be completed.
2026-01-28T09:37:51.181413631Z I0128 09:37:51.181370       1 connectivity_check_controller.go:172] ConnectivityCheckController is waiting for transition to desired version (4.20.0-0-2026-01-28-090915-test-ci-ln-vjb5l1t-latest) to be completed.
2026-01-28T09:37:52.192819119Z I0128 09:37:52.192774       1 connectivity_check_controller.go:172] ConnectivityCheckController is waiting for transition to desired version (4.20.0-0-2026-01-28-090915-test-ci-ln-vjb5l1t-latest) to be completed.
2026-01-28T09:37:54.703533781Z I0128 09:37:54.703478       1 connectivity_check_controller.go:172] ConnectivityCheckController is waiting for transition to desired version (4.20.0-0-2026-01-28-090915-test-ci-ln-vjb5l1t-latest) to be completed.
2026-01-28T09:37:54.986553406Z I0128 09:37:54.986496       1 connectivity_check_controller.go:172] ConnectivityCheckController is waiting for transition to desired version (4.20.0-0-2026-01-28-090915-test-ci-ln-vjb5l1t-latest) to be completed.
2026-01-28T09:37:55.203114850Z I0128 09:37:55.203034       1 connectivity_check_controller.go:172] ConnectivityCheckController is waiting for transition to desired version (4.20.0-0-2026-01-28-090915-test-ci-ln-vjb5l1t-latest) to be completed.
2026-01-28T09:37:55.233437435Z I0128 09:37:55.233102       1 connectivity_check_controller.go:172] ConnectivityCheckController is waiting for transition to desired version (4.20.0-0-2026-01-28-090915-test-ci-ln-vjb5l1t-latest) to be completed.
2026-01-28T09:37:55.285316188Z I0128 09:37:55.283318       1 connectivity_check_controller.go:172] ConnectivityCheckController is waiting for transition to desired version (4.20.0-0-2026-01-28-090915-test-ci-ln-vjb5l1t-latest) to be completed.
2026-01-28T09:37:55.310262494Z I0128 09:37:55.310197       1 connectivity_check_controller.go:172] ConnectivityCheckController is waiting for transition to desired version (4.20.0-0-2026-01-28-090915-test-ci-ln-vjb5l1t-latest) to be completed.
2026-01-28T09:37:56.457692991Z I0128 09:37:56.457645       1 connectivity_check_controller.go:172] ConnectivityCheckController is waiting for transition to desired version (4.20.0-0-2026-01-28-090915-test-ci-ln-vjb5l1t-latest) to be completed.
2026-01-28T09:37:56.459534893Z I0128 09:37:56.459493       1 status_controller.go:229] clusteroperator/openshift-apiserver diff {"status":{"conditions":[{"lastTransitionTime":"2026-01-28T09:30:33Z","message":"All is well","reason":"AsExpected","status":"False","type":"Degraded"},{"lastTransitionTime":"2026-01-28T09:33:08Z","message":"APIServerDeploymentProgressing: deployment/apiserver.openshift-apiserver: 2/3 pods have been updated to the latest generation and 2/3 pods are available","reason":"APIServerDeployment_PodsUpdating","status":"True","type":"Progressing"},{"lastTransitionTime":"2026-01-28T09:30:36Z","message":"APIServicesAvailable: PreconditionNotReady","reason":"APIServices_PreconditionNotReady","status":"False","type":"Available"},{"lastTransitionTime":"2026-01-28T09:30:34Z","message":"All is well","reason":"AsExpected","status":"True","type":"Upgradeable"},{"lastTransitionTime":"2026-01-28T09:30:33Z","reason":"NoData","status":"Unknown","type":"EvaluationConditionsDetected"}]}}
2026-01-28T09:37:56.473542683Z I0128 09:37:56.468196       1 event.go:377] Event(v1.ObjectReference{Kind:"Deployment", Namespace:"openshift-apiserver-operator", Name:"openshift-apiserver-operator", UID:"c99b71ce-12d2-4118-9140-e5c0a2e82958", APIVersion:"apps/v1", ResourceVersion:"", FieldPath:""}): type: 'Normal' reason: 'OperatorStatusChanged' Status for clusteroperator/openshift-apiserver changed: Progressing message changed from "APIServerDeploymentProgressing: deployment/apiserver.openshift-apiserver: 1/3 pods have been updated to the latest generation and 2/3 pods are available" to "APIServerDeploymentProgressing: deployment/apiserver.openshift-apiserver: 2/3 pods have been updated to the latest generation and 2/3 pods are available"
2026-01-28T09:38:01.855333532Z I0128 09:38:01.855252       1 connectivity_check_controller.go:172] ConnectivityCheckController is waiting for transition to desired version (4.20.0-0-2026-01-28-090915-test-ci-ln-vjb5l1t-latest) to be completed.
2026-01-28T09:38:04.784017141Z I0128 09:38:04.780241       1 connectivity_check_controller.go:172] ConnectivityCheckController is waiting for transition to desired version (4.20.0-0-2026-01-28-090915-test-ci-ln-vjb5l1t-latest) to be completed.
2026-01-28T09:38:07.826170810Z I0128 09:38:07.825774       1 connectivity_check_controller.go:172] ConnectivityCheckController is waiting for transition to desired version (4.20.0-0-2026-01-28-090915-test-ci-ln-vjb5l1t-latest) to be completed.
2026-01-28T09:38:21.933001746Z I0128 09:38:21.932609       1 connectivity_check_controller.go:172] ConnectivityCheckController is waiting for transition to desired version (4.20.0-0-2026-01-28-090915-test-ci-ln-vjb5l1t-latest) to be completed.
2026-01-28T09:38:25.237315604Z I0128 09:38:25.237270       1 connectivity_check_controller.go:172] ConnectivityCheckController is waiting for transition to desired version (4.20.0-0-2026-01-28-090915-test-ci-ln-vjb5l1t-latest) to be completed.
2026-01-28T09:38:44.817218926Z I0128 09:38:44.817164       1 connectivity_check_controller.go:172] ConnectivityCheckController is waiting for transition to desired version (4.20.0-0-2026-01-28-090915-test-ci-ln-vjb5l1t-latest) to be completed.
2026-01-28T09:38:46.542886517Z I0128 09:38:46.542837       1 connectivity_check_controller.go:172] ConnectivityCheckController is waiting for transition to desired version (4.20.0-0-2026-01-28-090915-test-ci-ln-vjb5l1t-latest) to be completed.
2026-01-28T09:38:46.551672718Z I0128 09:38:46.551638       1 connectivity_check_controller.go:172] ConnectivityCheckController is waiting for transition to desired version (4.20.0-0-2026-01-28-090915-test-ci-ln-vjb5l1t-latest) to be completed.
2026-01-28T09:38:46.564997345Z I0128 09:38:46.564956       1 connectivity_check_controller.go:172] ConnectivityCheckController is waiting for transition to desired version (4.20.0-0-2026-01-28-090915-test-ci-ln-vjb5l1t-latest) to be completed.
2026-01-28T09:38:46.577578855Z I0128 09:38:46.577518       1 connectivity_check_controller.go:172] ConnectivityCheckController is waiting for transition to desired version (4.20.0-0-2026-01-28-090915-test-ci-ln-vjb5l1t-latest) to be completed.
2026-01-28T09:38:46.587972966Z I0128 09:38:46.587928       1 connectivity_check_controller.go:172] ConnectivityCheckController is waiting for transition to desired version (4.20.0-0-2026-01-28-090915-test-ci-ln-vjb5l1t-latest) to be completed.
2026-01-28T09:38:47.187656569Z I0128 09:38:47.187618       1 connectivity_check_controller.go:172] ConnectivityCheckController is waiting for transition to desired version (4.20.0-0-2026-01-28-090915-test-ci-ln-vjb5l1t-latest) to be completed.
2026-01-28T09:38:47.193349304Z I0128 09:38:47.193319       1 connectivity_check_controller.go:172] ConnectivityCheckController is waiting for transition to desired version (4.20.0-0-2026-01-28-090915-test-ci-ln-vjb5l1t-latest) to be completed.
2026-01-28T09:38:47.205579576Z I0128 09:38:47.205541       1 connectivity_check_controller.go:172] ConnectivityCheckController is waiting for transition to desired version (4.20.0-0-2026-01-28-090915-test-ci-ln-vjb5l1t-latest) to be completed.
2026-01-28T09:38:48.209833957Z I0128 09:38:48.209759       1 connectivity_check_controller.go:172] ConnectivityCheckController is waiting for transition to desired version (4.20.0-0-2026-01-28-090915-test-ci-ln-vjb5l1t-latest) to be completed.
2026-01-28T09:38:49.204961820Z I0128 09:38:49.204911       1 connectivity_check_controller.go:172] ConnectivityCheckController is waiting for transition to desired version (4.20.0-0-2026-01-28-090915-test-ci-ln-vjb5l1t-latest) to be completed.
2026-01-28T09:38:51.899412675Z I0128 09:38:51.899317       1 connectivity_check_controller.go:172] ConnectivityCheckController is waiting for transition to desired version (4.20.0-0-2026-01-28-090915-test-ci-ln-vjb5l1t-latest) to be completed.
2026-01-28T09:38:52.215305490Z I0128 09:38:52.215230       1 connectivity_check_controller.go:172] ConnectivityCheckController is waiting for transition to desired version (4.20.0-0-2026-01-28-090915-test-ci-ln-vjb5l1t-latest) to be completed.
2026-01-28T09:38:52.252375387Z I0128 09:38:52.251520       1 connectivity_check_controller.go:172] ConnectivityCheckController is waiting for transition to desired version (4.20.0-0-2026-01-28-090915-test-ci-ln-vjb5l1t-latest) to be completed.
2026-01-28T09:38:52.287794702Z I0128 09:38:52.287751       1 connectivity_check_controller.go:172] ConnectivityCheckController is waiting for transition to desired version (4.20.0-0-2026-01-28-090915-test-ci-ln-vjb5l1t-latest) to be completed.
2026-01-28T09:38:52.313012125Z I0128 09:38:52.312971       1 connectivity_check_controller.go:172] ConnectivityCheckController is waiting for transition to desired version (4.20.0-0-2026-01-28-090915-test-ci-ln-vjb5l1t-latest) to be completed.
2026-01-28T09:38:53.367973255Z I0128 09:38:53.367916       1 connectivity_check_controller.go:172] ConnectivityCheckController is waiting for transition to desired version (4.20.0-0-2026-01-28-090915-test-ci-ln-vjb5l1t-latest) to be completed.
2026-01-28T09:38:53.370875501Z I0128 09:38:53.370755       1 status_controller.go:229] clusteroperator/openshift-apiserver diff {"status":{"conditions":[{"lastTransitionTime":"2026-01-28T09:30:33Z","message":"All is well","reason":"AsExpected","status":"False","type":"Degraded"},{"lastTransitionTime":"2026-01-28T09:33:08Z","message":"APIServerDeploymentProgressing: deployment/apiserver.openshift-apiserver: 3/3 pods have been updated to the latest generation and 2/3 pods are available","reason":"APIServerDeployment_PodsUpdating","status":"True","type":"Progressing"},{"lastTransitionTime":"2026-01-28T09:30:36Z","message":"APIServicesAvailable: PreconditionNotReady","reason":"APIServices_PreconditionNotReady","status":"False","type":"Available"},{"lastTransitionTime":"2026-01-28T09:30:34Z","message":"All is well","reason":"AsExpected","status":"True","type":"Upgradeable"},{"lastTransitionTime":"2026-01-28T09:30:33Z","reason":"NoData","status":"Unknown","type":"EvaluationConditionsDetected"}]}}
2026-01-28T09:38:53.382700333Z I0128 09:38:53.379495       1 event.go:377] Event(v1.ObjectReference{Kind:"Deployment", Namespace:"openshift-apiserver-operator", Name:"openshift-apiserver-operator", UID:"c99b71ce-12d2-4118-9140-e5c0a2e82958", APIVersion:"apps/v1", ResourceVersion:"", FieldPath:""}): type: 'Normal' reason: 'OperatorStatusChanged' Status for clusteroperator/openshift-apiserver changed: Progressing message changed from "APIServerDeploymentProgressing: deployment/apiserver.openshift-apiserver: 2/3 pods have been updated to the latest generation and 2/3 pods are available" to "APIServerDeploymentProgressing: deployment/apiserver.openshift-apiserver: 3/3 pods have been updated to the latest generation and 2/3 pods are available"
2026-01-28T09:39:05.246453167Z I0128 09:39:05.246402       1 connectivity_check_controller.go:172] ConnectivityCheckController is waiting for transition to desired version (4.20.0-0-2026-01-28-090915-test-ci-ln-vjb5l1t-latest) to be completed.
2026-01-28T09:39:10.797972994Z I0128 09:39:10.796663       1 connectivity_check_controller.go:172] ConnectivityCheckController is waiting for transition to desired version (4.20.0-0-2026-01-28-090915-test-ci-ln-vjb5l1t-latest) to be completed.
2026-01-28T09:39:10.928907829Z I0128 09:39:10.927979       1 connectivity_check_controller.go:172] ConnectivityCheckController is waiting for transition to desired version (4.20.0-0-2026-01-28-090915-test-ci-ln-vjb5l1t-latest) to be completed.
2026-01-28T09:39:20.804650488Z I0128 09:39:20.804514       1 connectivity_check_controller.go:172] ConnectivityCheckController is waiting for transition to desired version (4.20.0-0-2026-01-28-090915-test-ci-ln-vjb5l1t-latest) to be completed.
2026-01-28T09:39:21.208792345Z I0128 09:39:21.208754       1 connectivity_check_controller.go:172] ConnectivityCheckController is waiting for transition to desired version (4.20.0-0-2026-01-28-090915-test-ci-ln-vjb5l1t-latest) to be completed.
2026-01-28T09:39:25.707261965Z I0128 09:39:25.707220       1 connectivity_check_controller.go:172] ConnectivityCheckController is waiting for transition to desired version (4.20.0-0-2026-01-28-090915-test-ci-ln-vjb5l1t-latest) to be completed.
2026-01-28T09:39:32.990525032Z I0128 09:39:32.990473       1 connectivity_check_controller.go:172] ConnectivityCheckController is waiting for transition to desired version (4.20.0-0-2026-01-28-090915-test-ci-ln-vjb5l1t-latest) to be completed.
2026-01-28T09:39:36.612090516Z I0128 09:39:36.612045       1 connectivity_check_controller.go:172] ConnectivityCheckController is waiting for transition to desired version (4.20.0-0-2026-01-28-090915-test-ci-ln-vjb5l1t-latest) to be completed.
2026-01-28T09:39:41.273878226Z I0128 09:39:41.269528       1 event.go:377] Event(v1.ObjectReference{Kind:"Deployment", Namespace:"openshift-apiserver-operator", Name:"openshift-apiserver-operator", UID:"c99b71ce-12d2-4118-9140-e5c0a2e82958", APIVersion:"apps/v1", ResourceVersion:"", FieldPath:""}): type: 'Normal' reason: '<unknown>Created' Created <unknown>/v1.apps.openshift.io because it was missing
2026-01-28T09:39:41.293611783Z I0128 09:39:41.293567       1 event.go:377] Event(v1.ObjectReference{Kind:"Deployment", Namespace:"openshift-apiserver-operator", Name:"openshift-apiserver-operator", UID:"c99b71ce-12d2-4118-9140-e5c0a2e82958", APIVersion:"apps/v1", ResourceVersion:"", FieldPath:""}): type: 'Normal' reason: '<unknown>Created' Created <unknown>/v1.authorization.openshift.io because it was missing
2026-01-28T09:39:41.310348411Z I0128 09:39:41.310298       1 event.go:377] Event(v1.ObjectReference{Kind:"Deployment", Namespace:"openshift-apiserver-operator", Name:"openshift-apiserver-operator", UID:"c99b71ce-12d2-4118-9140-e5c0a2e82958", APIVersion:"apps/v1", ResourceVersion:"", FieldPath:""}): type: 'Normal' reason: '<unknown>Created' Created <unknown>/v1.build.openshift.io because it was missing
2026-01-28T09:39:41.338838416Z I0128 09:39:41.338794       1 event.go:377] Event(v1.ObjectReference{Kind:"Deployment", Namespace:"openshift-apiserver-operator", Name:"openshift-apiserver-operator", UID:"c99b71ce-12d2-4118-9140-e5c0a2e82958", APIVersion:"apps/v1", ResourceVersion:"", FieldPath:""}): type: 'Normal' reason: '<unknown>Created' Created <unknown>/v1.image.openshift.io because it was missing
2026-01-28T09:39:41.361559032Z I0128 09:39:41.361487       1 event.go:377] Event(v1.ObjectReference{Kind:"Deployment", Namespace:"openshift-apiserver-operator", Name:"openshift-apiserver-operator", UID:"c99b71ce-12d2-4118-9140-e5c0a2e82958", APIVersion:"apps/v1", ResourceVersion:"", FieldPath:""}): type: 'Normal' reason: '<unknown>Created' Created <unknown>/v1.project.openshift.io because it was missing
2026-01-28T09:39:41.663128678Z I0128 09:39:41.662868       1 event.go:377] Event(v1.ObjectReference{Kind:"Deployment", Namespace:"openshift-apiserver-operator", Name:"openshift-apiserver-operator", UID:"c99b71ce-12d2-4118-9140-e5c0a2e82958", APIVersion:"apps/v1", ResourceVersion:"", FieldPath:""}): type: 'Normal' reason: '<unknown>Created' Created <unknown>/v1.quota.openshift.io because it was missing
2026-01-28T09:39:41.751520060Z I0128 09:39:41.751472       1 warnings.go:110] "Warning: v1 Endpoints is deprecated in v1.33+; use discovery.k8s.io/v1 EndpointSlice"
2026-01-28T09:39:42.064194921Z I0128 09:39:42.064138       1 event.go:377] Event(v1.ObjectReference{Kind:"Deployment", Namespace:"openshift-apiserver-operator", Name:"openshift-apiserver-operator", UID:"c99b71ce-12d2-4118-9140-e5c0a2e82958", APIVersion:"apps/v1", ResourceVersion:"", FieldPath:""}): type: 'Normal' reason: '<unknown>Created' Created <unknown>/v1.route.openshift.io because it was missing
2026-01-28T09:39:42.466769589Z I0128 09:39:42.466712       1 event.go:377] Event(v1.ObjectReference{Kind:"Deployment", Namespace:"openshift-apiserver-operator", Name:"openshift-apiserver-operator", UID:"c99b71ce-12d2-4118-9140-e5c0a2e82958", APIVersion:"apps/v1", ResourceVersion:"", FieldPath:""}): type: 'Normal' reason: '<unknown>Created' Created <unknown>/v1.security.openshift.io because it was missing
2026-01-28T09:39:42.864148788Z I0128 09:39:42.863703       1 event.go:377] Event(v1.ObjectReference{Kind:"Deployment", Namespace:"openshift-apiserver-operator", Name:"openshift-apiserver-operator", UID:"c99b71ce-12d2-4118-9140-e5c0a2e82958", APIVersion:"apps/v1", ResourceVersion:"", FieldPath:""}): type: 'Normal' reason: '<unknown>Created' Created <unknown>/v1.template.openshift.io because it was missing
2026-01-28T09:39:42.866050163Z I0128 09:39:42.865539       1 event.go:377] Event(v1.ObjectReference{Kind:"Deployment", Namespace:"openshift-apiserver-operator", Name:"openshift-apiserver-operator", UID:"c99b71ce-12d2-4118-9140-e5c0a2e82958", APIVersion:"apps/v1", ResourceVersion:"", FieldPath:""}): type: 'Warning' reason: 'OpenShiftAPICheckFailed' "apps.openshift.io.v1" failed with an attempt failed with statusCode = 404, err = the server could not find the requested resource
2026-01-28T09:39:42.868196930Z I0128 09:39:42.868161       1 event.go:377] Event(v1.ObjectReference{Kind:"Deployment", Namespace:"openshift-apiserver-operator", Name:"openshift-apiserver-operator", UID:"c99b71ce-12d2-4118-9140-e5c0a2e82958", APIVersion:"apps/v1", ResourceVersion:"", FieldPath:""}): type: 'Warning' reason: 'OpenShiftAPICheckFailed' "build.openshift.io.v1" failed with an attempt failed with statusCode = 404, err = the server could not find the requested resource
2026-01-28T09:39:42.869420811Z I0128 09:39:42.869381       1 event.go:377] Event(v1.ObjectReference{Kind:"Deployment", Namespace:"openshift-apiserver-operator", Name:"openshift-apiserver-operator", UID:"c99b71ce-12d2-4118-9140-e5c0a2e82958", APIVersion:"apps/v1", ResourceVersion:"", FieldPath:""}): type: 'Warning' reason: 'OpenShiftAPICheckFailed' "image.openshift.io.v1" failed with an attempt failed with statusCode = 404, err = the server could not find the requested resource
2026-01-28T09:39:42.871732737Z I0128 09:39:42.871704       1 event.go:377] Event(v1.ObjectReference{Kind:"Deployment", Namespace:"openshift-apiserver-operator", Name:"openshift-apiserver-operator", UID:"c99b71ce-12d2-4118-9140-e5c0a2e82958", APIVersion:"apps/v1", ResourceVersion:"", FieldPath:""}): type: 'Warning' reason: 'OpenShiftAPICheckFailed' "project.openshift.io.v1" failed with an attempt failed with statusCode = 404, err = the server could not find the requested resource
2026-01-28T09:39:42.875664684Z I0128 09:39:42.875609       1 event.go:377] Event(v1.ObjectReference{Kind:"Deployment", Namespace:"openshift-apiserver-operator", Name:"openshift-apiserver-operator", UID:"c99b71ce-12d2-4118-9140-e5c0a2e82958", APIVersion:"apps/v1", ResourceVersion:"", FieldPath:""}): type: 'Warning' reason: 'OpenShiftAPICheckFailed' "route.openshift.io.v1" failed with an attempt failed with statusCode = 404, err = the server could not find the requested resource
2026-01-28T09:39:42.878887315Z I0128 09:39:42.878860       1 event.go:377] Event(v1.ObjectReference{Kind:"Deployment", Namespace:"openshift-apiserver-operator", Name:"openshift-apiserver-operator", UID:"c99b71ce-12d2-4118-9140-e5c0a2e82958", APIVersion:"apps/v1", ResourceVersion:"", FieldPath:""}): type: 'Warning' reason: 'OpenShiftAPICheckFailed' "template.openshift.io.v1" failed with an attempt failed with statusCode = 404, err = the server could not find the requested resource
2026-01-28T09:39:42.893564379Z E0128 09:39:42.893523       1 base_controller.go:279] "Unhandled Error" err=<
2026-01-28T09:39:42.893564379Z 	openshift-apiserver-APIService reconciliation failed: "apps.openshift.io.v1" is not ready: an attempt failed with statusCode = 404, err = the server could not find the requested resource
2026-01-28T09:39:42.893564379Z 	"build.openshift.io.v1" is not ready: an attempt failed with statusCode = 404, err = the server could not find the requested resource
2026-01-28T09:39:42.893564379Z 	"image.openshift.io.v1" is not ready: an attempt failed with statusCode = 404, err = the server could not find the requested resource
2026-01-28T09:39:42.893564379Z 	"project.openshift.io.v1" is not ready: an attempt failed with statusCode = 404, err = the server could not find the requested resource
2026-01-28T09:39:42.893564379Z 	"route.openshift.io.v1" is not ready: an attempt failed with statusCode = 404, err = the server could not find the requested resource
2026-01-28T09:39:42.893564379Z 	"template.openshift.io.v1" is not ready: an attempt failed with statusCode = 404, err = the server could not find the requested resource
2026-01-28T09:39:42.893564379Z  >
2026-01-28T09:39:42.908976860Z I0128 09:39:42.903559       1 connectivity_check_controller.go:172] ConnectivityCheckController is waiting for transition to desired version (4.20.0-0-2026-01-28-090915-test-ci-ln-vjb5l1t-latest) to be completed.
2026-01-28T09:39:42.912235243Z I0128 09:39:42.911120       1 status_controller.go:229] clusteroperator/openshift-apiserver diff {"status":{"conditions":[{"lastTransitionTime":"2026-01-28T09:30:33Z","message":"All is well","reason":"AsExpected","status":"False","type":"Degraded"},{"lastTransitionTime":"2026-01-28T09:33:08Z","message":"APIServerDeploymentProgressing: deployment/apiserver.openshift-apiserver: 3/3 pods have been updated to the latest generation and 2/3 pods are available","reason":"APIServerDeployment_PodsUpdating","status":"True","type":"Progressing"},{"lastTransitionTime":"2026-01-28T09:30:36Z","message":"APIServicesAvailable: \"apps.openshift.io.v1\" is not ready: an attempt failed with statusCode = 404, err = the server could not find the requested resource\nAPIServicesAvailable: \"build.openshift.io.v1\" is not ready: an attempt failed with statusCode = 404, err = the server could not find the requested resource\nAPIServicesAvailable: \"image.openshift.io.v1\" is not ready: an attempt failed with statusCode = 404, err = the server could not find the requested resource\nAPIServicesAvailable: \"project.openshift.io.v1\" is not ready: an attempt failed with statusCode = 404, err = the server could not find the requested resource\nAPIServicesAvailable: \"route.openshift.io.v1\" is not ready: an attempt failed with statusCode = 404, err = the server could not find the requested resource\nAPIServicesAvailable: \"template.openshift.io.v1\" is not ready: an attempt failed with statusCode = 404, err = the server could not find the requested resource","reason":"APIServices_Error","status":"False","type":"Available"},{"lastTransitionTime":"2026-01-28T09:30:34Z","message":"All is well","reason":"AsExpected","status":"True","type":"Upgradeable"},{"lastTransitionTime":"2026-01-28T09:30:33Z","reason":"NoData","status":"Unknown","type":"EvaluationConditionsDetected"}]}}
2026-01-28T09:39:42.934774181Z I0128 09:39:42.934722       1 event.go:377] Event(v1.ObjectReference{Kind:"Deployment", Namespace:"openshift-apiserver-operator", Name:"openshift-apiserver-operator", UID:"c99b71ce-12d2-4118-9140-e5c0a2e82958", APIVersion:"apps/v1", ResourceVersion:"", FieldPath:""}): type: 'Normal' reason: 'OperatorStatusChanged' Status for clusteroperator/openshift-apiserver changed: Available message changed from "APIServicesAvailable: PreconditionNotReady" to "APIServicesAvailable: \"apps.openshift.io.v1\" is not ready: an attempt failed with statusCode = 404, err = the server could not find the requested resource\nAPIServicesAvailable: \"build.openshift.io.v1\" is not ready: an attempt failed with statusCode = 404, err = the server could not find the requested resource\nAPIServicesAvailable: \"image.openshift.io.v1\" is not ready: an attempt failed with statusCode = 404, err = the server could not find the requested resource\nAPIServicesAvailable: \"project.openshift.io.v1\" is not ready: an attempt failed with statusCode = 404, err = the server could not find the requested resource\nAPIServicesAvailable: \"route.openshift.io.v1\" is not ready: an attempt failed with statusCode = 404, err = the server could not find the requested resource\nAPIServicesAvailable: \"template.openshift.io.v1\" is not ready: an attempt failed with statusCode = 404, err = the server could not find the requested resource"
2026-01-28T09:39:44.094104525Z I0128 09:39:44.094054       1 connectivity_check_controller.go:172] ConnectivityCheckController is waiting for transition to desired version (4.20.0-0-2026-01-28-090915-test-ci-ln-vjb5l1t-latest) to be completed.
2026-01-28T09:39:44.099191779Z I0128 09:39:44.099154       1 connectivity_check_controller.go:172] ConnectivityCheckController is waiting for transition to desired version (4.20.0-0-2026-01-28-090915-test-ci-ln-vjb5l1t-latest) to be completed.
2026-01-28T09:39:44.121147547Z I0128 09:39:44.118590       1 connectivity_check_controller.go:172] ConnectivityCheckController is waiting for transition to desired version (4.20.0-0-2026-01-28-090915-test-ci-ln-vjb5l1t-latest) to be completed.
2026-01-28T09:39:44.144373589Z I0128 09:39:44.143605       1 connectivity_check_controller.go:172] ConnectivityCheckController is waiting for transition to desired version (4.20.0-0-2026-01-28-090915-test-ci-ln-vjb5l1t-latest) to be completed.
2026-01-28T09:39:44.356248778Z I0128 09:39:44.356203       1 connectivity_check_controller.go:172] ConnectivityCheckController is waiting for transition to desired version (4.20.0-0-2026-01-28-090915-test-ci-ln-vjb5l1t-latest) to be completed.
2026-01-28T09:39:44.361127732Z I0128 09:39:44.361091       1 connectivity_check_controller.go:172] ConnectivityCheckController is waiting for transition to desired version (4.20.0-0-2026-01-28-090915-test-ci-ln-vjb5l1t-latest) to be completed.
2026-01-28T09:39:44.661999263Z I0128 09:39:44.661921       1 event.go:377] Event(v1.ObjectReference{Kind:"Deployment", Namespace:"openshift-apiserver-operator", Name:"openshift-apiserver-operator", UID:"c99b71ce-12d2-4118-9140-e5c0a2e82958", APIVersion:"apps/v1", ResourceVersion:"", FieldPath:""}): type: 'Warning' reason: 'OpenShiftAPICheckFailed' "apps.openshift.io.v1" failed with an attempt failed with statusCode = 404, err = the server could not find the requested resource
2026-01-28T09:39:44.663824494Z I0128 09:39:44.663794       1 event.go:377] Event(v1.ObjectReference{Kind:"Deployment", Namespace:"openshift-apiserver-operator", Name:"openshift-apiserver-operator", UID:"c99b71ce-12d2-4118-9140-e5c0a2e82958", APIVersion:"apps/v1", ResourceVersion:"", FieldPath:""}): type: 'Warning' reason: 'OpenShiftAPICheckFailed' "build.openshift.io.v1" failed with an attempt failed with statusCode = 404, err = the server could not find the requested resource
2026-01-28T09:39:44.664823474Z I0128 09:39:44.664787       1 event.go:377] Event(v1.ObjectReference{Kind:"Deployment", Namespace:"openshift-apiserver-operator", Name:"openshift-apiserver-operator", UID:"c99b71ce-12d2-4118-9140-e5c0a2e82958", APIVersion:"apps/v1", ResourceVersion:"", FieldPath:""}): type: 'Warning' reason: 'OpenShiftAPICheckFailed' "image.openshift.io.v1" failed with an attempt failed with statusCode = 404, err = the server could not find the requested resource
2026-01-28T09:39:44.665714339Z I0128 09:39:44.665687       1 event.go:377] Event(v1.ObjectReference{Kind:"Deployment", Namespace:"openshift-apiserver-operator", Name:"openshift-apiserver-operator", UID:"c99b71ce-12d2-4118-9140-e5c0a2e82958", APIVersion:"apps/v1", ResourceVersion:"", FieldPath:""}): type: 'Warning' reason: 'OpenShiftAPICheckFailed' "project.openshift.io.v1" failed with an attempt failed with statusCode = 404, err = the server could not find the requested resource
2026-01-28T09:39:44.667885277Z I0128 09:39:44.667784       1 event.go:377] Event(v1.ObjectReference{Kind:"Deployment", Namespace:"openshift-apiserver-operator", Name:"openshift-apiserver-operator", UID:"c99b71ce-12d2-4118-9140-e5c0a2e82958", APIVersion:"apps/v1", ResourceVersion:"", FieldPath:""}): type: 'Warning' reason: 'OpenShiftAPICheckFailed' "route.openshift.io.v1" failed with an attempt failed with statusCode = 404, err = the server could not find the requested resource
2026-01-28T09:39:44.670198463Z I0128 09:39:44.670174       1 event.go:377] Event(v1.ObjectReference{Kind:"Deployment", Namespace:"openshift-apiserver-operator", Name:"openshift-apiserver-operator", UID:"c99b71ce-12d2-4118-9140-e5c0a2e82958", APIVersion:"apps/v1", ResourceVersion:"", FieldPath:""}): type: 'Warning' reason: 'OpenShiftAPICheckFailed' "template.openshift.io.v1" failed with an attempt failed with statusCode = 404, err = the server could not find the requested resource
2026-01-28T09:39:44.670860346Z E0128 09:39:44.670837       1 base_controller.go:279] "Unhandled Error" err=<
2026-01-28T09:39:44.670860346Z 	openshift-apiserver-APIService reconciliation failed: "apps.openshift.io.v1" is not ready: an attempt failed with statusCode = 404, err = the server could not find the requested resource
2026-01-28T09:39:44.670860346Z 	"build.openshift.io.v1" is not ready: an attempt failed with statusCode = 404, err = the server could not find the requested resource
2026-01-28T09:39:44.670860346Z 	"image.openshift.io.v1" is not ready: an attempt failed with statusCode = 404, err = the server could not find the requested resource
2026-01-28T09:39:44.670860346Z 	"project.openshift.io.v1" is not ready: an attempt failed with statusCode = 404, err = the server could not find the requested resource
2026-01-28T09:39:44.670860346Z 	"route.openshift.io.v1" is not ready: an attempt failed with statusCode = 404, err = the server could not find the requested resource
2026-01-28T09:39:44.670860346Z 	"template.openshift.io.v1" is not ready: an attempt failed with statusCode = 404, err = the server could not find the requested resource
2026-01-28T09:39:44.670860346Z  >
2026-01-28T09:39:44.824788906Z I0128 09:39:44.824739       1 connectivity_check_controller.go:172] ConnectivityCheckController is waiting for transition to desired version (4.20.0-0-2026-01-28-090915-test-ci-ln-vjb5l1t-latest) to be completed.
2026-01-28T09:39:45.361399410Z I0128 09:39:45.361306       1 connectivity_check_controller.go:172] ConnectivityCheckController is waiting for transition to desired version (4.20.0-0-2026-01-28-090915-test-ci-ln-vjb5l1t-latest) to be completed.
2026-01-28T09:39:46.381068617Z I0128 09:39:46.377581       1 connectivity_check_controller.go:172] ConnectivityCheckController is waiting for transition to desired version (4.20.0-0-2026-01-28-090915-test-ci-ln-vjb5l1t-latest) to be completed.
2026-01-28T09:39:46.467227497Z I0128 09:39:46.466991       1 event.go:377] Event(v1.ObjectReference{Kind:"Deployment", Namespace:"openshift-apiserver-operator", Name:"openshift-apiserver-operator", UID:"c99b71ce-12d2-4118-9140-e5c0a2e82958", APIVersion:"apps/v1", ResourceVersion:"", FieldPath:""}): type: 'Warning' reason: 'OpenShiftAPICheckFailed' "apps.openshift.io.v1" failed with an attempt failed with statusCode = 404, err = the server could not find the requested resource
2026-01-28T09:39:46.475508271Z I0128 09:39:46.475473       1 event.go:377] Event(v1.ObjectReference{Kind:"Deployment", Namespace:"openshift-apiserver-operator", Name:"openshift-apiserver-operator", UID:"c99b71ce-12d2-4118-9140-e5c0a2e82958", APIVersion:"apps/v1", ResourceVersion:"", FieldPath:""}): type: 'Warning' reason: 'OpenShiftAPICheckFailed' "build.openshift.io.v1" failed with an attempt failed with statusCode = 404, err = the server could not find the requested resource
2026-01-28T09:39:46.476753083Z I0128 09:39:46.476716       1 event.go:377] Event(v1.ObjectReference{Kind:"Deployment", Namespace:"openshift-apiserver-operator", Name:"openshift-apiserver-operator", UID:"c99b71ce-12d2-4118-9140-e5c0a2e82958", APIVersion:"apps/v1", ResourceVersion:"", FieldPath:""}): type: 'Warning' reason: 'OpenShiftAPICheckFailed' "image.openshift.io.v1" failed with an attempt failed with statusCode = 404, err = the server could not find the requested resource
2026-01-28T09:39:46.477632727Z I0128 09:39:46.477608       1 event.go:377] Event(v1.ObjectReference{Kind:"Deployment", Namespace:"openshift-apiserver-operator", Name:"openshift-apiserver-operator", UID:"c99b71ce-12d2-4118-9140-e5c0a2e82958", APIVersion:"apps/v1", ResourceVersion:"", FieldPath:""}): type: 'Warning' reason: 'OpenShiftAPICheckFailed' "project.openshift.io.v1" failed with an attempt failed with statusCode = 404, err = the server could not find the requested resource
2026-01-28T09:39:46.479669889Z I0128 09:39:46.479624       1 event.go:377] Event(v1.ObjectReference{Kind:"Deployment", Namespace:"openshift-apiserver-operator", Name:"openshift-apiserver-operator", UID:"c99b71ce-12d2-4118-9140-e5c0a2e82958", APIVersion:"apps/v1", ResourceVersion:"", FieldPath:""}): type: 'Warning' reason: 'OpenShiftAPICheckFailed' "route.openshift.io.v1" failed with an attempt failed with statusCode = 404, err = the server could not find the requested resource
2026-01-28T09:39:46.481868169Z I0128 09:39:46.481832       1 event.go:377] Event(v1.ObjectReference{Kind:"Deployment", Namespace:"openshift-apiserver-operator", Name:"openshift-apiserver-operator", UID:"c99b71ce-12d2-4118-9140-e5c0a2e82958", APIVersion:"apps/v1", ResourceVersion:"", FieldPath:""}): type: 'Warning' reason: 'OpenShiftAPICheckFailed' "template.openshift.io.v1" failed with an attempt failed with statusCode = 404, err = the server could not find the requested resource
2026-01-28T09:39:46.482747563Z E0128 09:39:46.482719       1 base_controller.go:279] "Unhandled Error" err=<
2026-01-28T09:39:46.482747563Z 	openshift-apiserver-APIService reconciliation failed: "apps.openshift.io.v1" is not ready: an attempt failed with statusCode = 404, err = the server could not find the requested resource
2026-01-28T09:39:46.482747563Z 	"build.openshift.io.v1" is not ready: an attempt failed with statusCode = 404, err = the server could not find the requested resource
2026-01-28T09:39:46.482747563Z 	"image.openshift.io.v1" is not ready: an attempt failed with statusCode = 404, err = the server could not find the requested resource
2026-01-28T09:39:46.482747563Z 	"project.openshift.io.v1" is not ready: an attempt failed with statusCode = 404, err = the server could not find the requested resource
2026-01-28T09:39:46.482747563Z 	"route.openshift.io.v1" is not ready: an attempt failed with statusCode = 404, err = the server could not find the requested resource
2026-01-28T09:39:46.482747563Z 	"template.openshift.io.v1" is not ready: an attempt failed with statusCode = 404, err = the server could not find the requested resource
2026-01-28T09:39:46.482747563Z  >
2026-01-28T09:39:46.734653694Z I0128 09:39:46.731877       1 connectivity_check_controller.go:172] ConnectivityCheckController is waiting for transition to desired version (4.20.0-0-2026-01-28-090915-test-ci-ln-vjb5l1t-latest) to be completed.
2026-01-28T09:39:48.261921793Z I0128 09:39:48.261860       1 event.go:377] Event(v1.ObjectReference{Kind:"Deployment", Namespace:"openshift-apiserver-operator", Name:"openshift-apiserver-operator", UID:"c99b71ce-12d2-4118-9140-e5c0a2e82958", APIVersion:"apps/v1", ResourceVersion:"", FieldPath:""}): type: 'Warning' reason: 'OpenShiftAPICheckFailed' "apps.openshift.io.v1" failed with an attempt failed with statusCode = 404, err = the server could not find the requested resource
2026-01-28T09:39:48.264176075Z I0128 09:39:48.264140       1 event.go:377] Event(v1.ObjectReference{Kind:"Deployment", Namespace:"openshift-apiserver-operator", Name:"openshift-apiserver-operator", UID:"c99b71ce-12d2-4118-9140-e5c0a2e82958", APIVersion:"apps/v1", ResourceVersion:"", FieldPath:""}): type: 'Warning' reason: 'OpenShiftAPICheckFailed' "build.openshift.io.v1" failed with an attempt failed with statusCode = 404, err = the server could not find the requested resource
2026-01-28T09:39:48.265248549Z I0128 09:39:48.265194       1 event.go:377] Event(v1.ObjectReference{Kind:"Deployment", Namespace:"openshift-apiserver-operator", Name:"openshift-apiserver-operator", UID:"c99b71ce-12d2-4118-9140-e5c0a2e82958", APIVersion:"apps/v1", ResourceVersion:"", FieldPath:""}): type: 'Warning' reason: 'OpenShiftAPICheckFailed' "image.openshift.io.v1" failed with an attempt failed with statusCode = 404, err = the server could not find the requested resource
2026-01-28T09:39:48.266316913Z I0128 09:39:48.266273       1 event.go:377] Event(v1.ObjectReference{Kind:"Deployment", Namespace:"openshift-apiserver-operator", Name:"openshift-apiserver-operator", UID:"c99b71ce-12d2-4118-9140-e5c0a2e82958", APIVersion:"apps/v1", ResourceVersion:"", FieldPath:""}): type: 'Warning' reason: 'OpenShiftAPICheckFailed' "project.openshift.io.v1" failed with an attempt failed with statusCode = 404, err = the server could not find the requested resource
2026-01-28T09:39:48.268642619Z I0128 09:39:48.268611       1 event.go:377] Event(v1.ObjectReference{Kind:"Deployment", Namespace:"openshift-apiserver-operator", Name:"openshift-apiserver-operator", UID:"c99b71ce-12d2-4118-9140-e5c0a2e82958", APIVersion:"apps/v1", ResourceVersion:"", FieldPath:""}): type: 'Warning' reason: 'OpenShiftAPICheckFailed' "route.openshift.io.v1" failed with an attempt failed with statusCode = 404, err = the server could not find the requested resource
2026-01-28T09:39:48.270765795Z I0128 09:39:48.270734       1 event.go:377] Event(v1.ObjectReference{Kind:"Deployment", Namespace:"openshift-apiserver-operator", Name:"openshift-apiserver-operator", UID:"c99b71ce-12d2-4118-9140-e5c0a2e82958", APIVersion:"apps/v1", ResourceVersion:"", FieldPath:""}): type: 'Warning' reason: 'OpenShiftAPICheckFailed' "template.openshift.io.v1" failed with an attempt failed with statusCode = 404, err = the server could not find the requested resource
2026-01-28T09:39:48.271758915Z E0128 09:39:48.271727       1 base_controller.go:279] "Unhandled Error" err=<
2026-01-28T09:39:48.271758915Z 	openshift-apiserver-APIService reconciliation failed: "apps.openshift.io.v1" is not ready: an attempt failed with statusCode = 404, err = the server could not find the requested resource
2026-01-28T09:39:48.271758915Z 	"build.openshift.io.v1" is not ready: an attempt failed with statusCode = 404, err = the server could not find the requested resource
2026-01-28T09:39:48.271758915Z 	"image.openshift.io.v1" is not ready: an attempt failed with statusCode = 404, err = the server could not find the requested resource
2026-01-28T09:39:48.271758915Z 	"project.openshift.io.v1" is not ready: an attempt failed with statusCode = 404, err = the server could not find the requested resource
2026-01-28T09:39:48.271758915Z 	"route.openshift.io.v1" is not ready: an attempt failed with statusCode = 404, err = the server could not find the requested resource
2026-01-28T09:39:48.271758915Z 	"template.openshift.io.v1" is not ready: an attempt failed with statusCode = 404, err = the server could not find the requested resource
2026-01-28T09:39:48.271758915Z  >
2026-01-28T09:39:48.741109443Z I0128 09:39:48.741071       1 connectivity_check_controller.go:172] ConnectivityCheckController is waiting for transition to desired version (4.20.0-0-2026-01-28-090915-test-ci-ln-vjb5l1t-latest) to be completed.
2026-01-28T09:39:48.764407009Z I0128 09:39:48.760851       1 connectivity_check_controller.go:172] ConnectivityCheckController is waiting for transition to desired version (4.20.0-0-2026-01-28-090915-test-ci-ln-vjb5l1t-latest) to be completed.
2026-01-28T09:39:48.771239751Z I0128 09:39:48.770328       1 connectivity_check_controller.go:172] ConnectivityCheckController is waiting for transition to desired version (4.20.0-0-2026-01-28-090915-test-ci-ln-vjb5l1t-latest) to be completed.
2026-01-28T09:39:48.777832210Z I0128 09:39:48.777015       1 connectivity_check_controller.go:172] ConnectivityCheckController is waiting for transition to desired version (4.20.0-0-2026-01-28-090915-test-ci-ln-vjb5l1t-latest) to be completed.
2026-01-28T09:39:48.778661202Z I0128 09:39:48.777975       1 connectivity_check_controller.go:172] ConnectivityCheckController is waiting for transition to desired version (4.20.0-0-2026-01-28-090915-test-ci-ln-vjb5l1t-latest) to be completed.
2026-01-28T09:39:48.790952186Z I0128 09:39:48.790903       1 connectivity_check_controller.go:172] ConnectivityCheckController is waiting for transition to desired version (4.20.0-0-2026-01-28-090915-test-ci-ln-vjb5l1t-latest) to be completed.
2026-01-28T09:39:48.795010929Z I0128 09:39:48.792660       1 connectivity_check_controller.go:172] ConnectivityCheckController is waiting for transition to desired version (4.20.0-0-2026-01-28-090915-test-ci-ln-vjb5l1t-latest) to be completed.
2026-01-28T09:39:48.808053932Z I0128 09:39:48.807912       1 connectivity_check_controller.go:172] ConnectivityCheckController is waiting for transition to desired version (4.20.0-0-2026-01-28-090915-test-ci-ln-vjb5l1t-latest) to be completed.
2026-01-28T09:39:48.809110595Z I0128 09:39:48.808721       1 connectivity_check_controller.go:172] ConnectivityCheckController is waiting for transition to desired version (4.20.0-0-2026-01-28-090915-test-ci-ln-vjb5l1t-latest) to be completed.
2026-01-28T09:39:48.811821850Z I0128 09:39:48.810992       1 connectivity_check_controller.go:172] ConnectivityCheckController is waiting for transition to desired version (4.20.0-0-2026-01-28-090915-test-ci-ln-vjb5l1t-latest) to be completed.
2026-01-28T09:39:48.819576738Z I0128 09:39:48.818238       1 connectivity_check_controller.go:172] ConnectivityCheckController is waiting for transition to desired version (4.20.0-0-2026-01-28-090915-test-ci-ln-vjb5l1t-latest) to be completed.
2026-01-28T09:39:49.509936272Z I0128 09:39:49.508438       1 connectivity_check_controller.go:172] ConnectivityCheckController is waiting for transition to desired version (4.20.0-0-2026-01-28-090915-test-ci-ln-vjb5l1t-latest) to be completed.
2026-01-28T09:39:49.976280680Z I0128 09:39:49.976225       1 connectivity_check_controller.go:172] ConnectivityCheckController is waiting for transition to desired version (4.20.0-0-2026-01-28-090915-test-ci-ln-vjb5l1t-latest) to be completed.
2026-01-28T09:39:49.977326062Z I0128 09:39:49.977297       1 connectivity_check_controller.go:172] ConnectivityCheckController is waiting for transition to desired version (4.20.0-0-2026-01-28-090915-test-ci-ln-vjb5l1t-latest) to be completed.
2026-01-28T09:39:49.979086111Z I0128 09:39:49.978946       1 connectivity_check_controller.go:172] ConnectivityCheckController is waiting for transition to desired version (4.20.0-0-2026-01-28-090915-test-ci-ln-vjb5l1t-latest) to be completed.
2026-01-28T09:39:50.062424569Z I0128 09:39:50.062330       1 event.go:377] Event(v1.ObjectReference{Kind:"Deployment", Namespace:"openshift-apiserver-operator", Name:"openshift-apiserver-operator", UID:"c99b71ce-12d2-4118-9140-e5c0a2e82958", APIVersion:"apps/v1", ResourceVersion:"", FieldPath:""}): type: 'Warning' reason: 'OpenShiftAPICheckFailed' "apps.openshift.io.v1" failed with an attempt failed with statusCode = 404, err = the server could not find the requested resource
2026-01-28T09:39:50.064851381Z I0128 09:39:50.064818       1 event.go:377] Event(v1.ObjectReference{Kind:"Deployment", Namespace:"openshift-apiserver-operator", Name:"openshift-apiserver-operator", UID:"c99b71ce-12d2-4118-9140-e5c0a2e82958", APIVersion:"apps/v1", ResourceVersion:"", FieldPath:""}): type: 'Warning' reason: 'OpenShiftAPICheckFailed' "build.openshift.io.v1" failed with an attempt failed with statusCode = 404, err = the server could not find the requested resource
2026-01-28T09:39:50.065713664Z I0128 09:39:50.065685       1 event.go:377] Event(v1.ObjectReference{Kind:"Deployment", Namespace:"openshift-apiserver-operator", Name:"openshift-apiserver-operator", UID:"c99b71ce-12d2-4118-9140-e5c0a2e82958", APIVersion:"apps/v1", ResourceVersion:"", FieldPath:""}): type: 'Warning' reason: 'OpenShiftAPICheckFailed' "image.openshift.io.v1" failed with an attempt failed with statusCode = 404, err = the server could not find the requested resource
2026-01-28T09:39:50.066590588Z I0128 09:39:50.066560       1 event.go:377] Event(v1.ObjectReference{Kind:"Deployment", Namespace:"openshift-apiserver-operator", Name:"openshift-apiserver-operator", UID:"c99b71ce-12d2-4118-9140-e5c0a2e82958", APIVersion:"apps/v1", ResourceVersion:"", FieldPath:""}): type: 'Warning' reason: 'OpenShiftAPICheckFailed' "project.openshift.io.v1" failed with an attempt failed with statusCode = 404, err = the server could not find the requested resource
2026-01-28T09:39:50.068816729Z I0128 09:39:50.068792       1 event.go:377] Event(v1.ObjectReference{Kind:"Deployment", Namespace:"openshift-apiserver-operator", Name:"openshift-apiserver-operator", UID:"c99b71ce-12d2-4118-9140-e5c0a2e82958", APIVersion:"apps/v1", ResourceVersion:"", FieldPath:""}): type: 'Warning' reason: 'OpenShiftAPICheckFailed' "route.openshift.io.v1" failed with an attempt failed with statusCode = 404, err = the server could not find the requested resource
2026-01-28T09:39:50.070946935Z I0128 09:39:50.070918       1 event.go:377] Event(v1.ObjectReference{Kind:"Deployment", Namespace:"openshift-apiserver-operator", Name:"openshift-apiserver-operator", UID:"c99b71ce-12d2-4118-9140-e5c0a2e82958", APIVersion:"apps/v1", ResourceVersion:"", FieldPath:""}): type: 'Warning' reason: 'OpenShiftAPICheckFailed' "template.openshift.io.v1" failed with an attempt failed with statusCode = 404, err = the server could not find the requested resource
2026-01-28T09:39:50.071759236Z E0128 09:39:50.071717       1 base_controller.go:279] "Unhandled Error" err=<
2026-01-28T09:39:50.071759236Z 	openshift-apiserver-APIService reconciliation failed: "apps.openshift.io.v1" is not ready: an attempt failed with statusCode = 404, err = the server could not find the requested resource
2026-01-28T09:39:50.071759236Z 	"build.openshift.io.v1" is not ready: an attempt failed with statusCode = 404, err = the server could not find the requested resource
2026-01-28T09:39:50.071759236Z 	"image.openshift.io.v1" is not ready: an attempt failed with statusCode = 404, err = the server could not find the requested resource
2026-01-28T09:39:50.071759236Z 	"project.openshift.io.v1" is not ready: an attempt failed with statusCode = 404, err = the server could not find the requested resource
2026-01-28T09:39:50.071759236Z 	"route.openshift.io.v1" is not ready: an attempt failed with statusCode = 404, err = the server could not find the requested resource
2026-01-28T09:39:50.071759236Z 	"template.openshift.io.v1" is not ready: an attempt failed with statusCode = 404, err = the server could not find the requested resource
2026-01-28T09:39:50.071759236Z  >
2026-01-28T09:39:50.392570324Z I0128 09:39:50.392492       1 connectivity_check_controller.go:172] ConnectivityCheckController is waiting for transition to desired version (4.20.0-0-2026-01-28-090915-test-ci-ln-vjb5l1t-latest) to be completed.
2026-01-28T09:39:51.733853729Z I0128 09:39:51.733746       1 connectivity_check_controller.go:172] ConnectivityCheckController is waiting for transition to desired version (4.20.0-0-2026-01-28-090915-test-ci-ln-vjb5l1t-latest) to be completed.
2026-01-28T09:39:51.861575238Z I0128 09:39:51.861450       1 event.go:377] Event(v1.ObjectReference{Kind:"Deployment", Namespace:"openshift-apiserver-operator", Name:"openshift-apiserver-operator", UID:"c99b71ce-12d2-4118-9140-e5c0a2e82958", APIVersion:"apps/v1", ResourceVersion:"", FieldPath:""}): type: 'Warning' reason: 'OpenShiftAPICheckFailed' "apps.openshift.io.v1" failed with an attempt failed with statusCode = 404, err = the server could not find the requested resource
2026-01-28T09:39:51.863357337Z I0128 09:39:51.863307       1 event.go:377] Event(v1.ObjectReference{Kind:"Deployment", Namespace:"openshift-apiserver-operator", Name:"openshift-apiserver-operator", UID:"c99b71ce-12d2-4118-9140-e5c0a2e82958", APIVersion:"apps/v1", ResourceVersion:"", FieldPath:""}): type: 'Warning' reason: 'OpenShiftAPICheckFailed' "build.openshift.io.v1" failed with an attempt failed with statusCode = 404, err = the server could not find the requested resource
2026-01-28T09:39:51.864352867Z I0128 09:39:51.864321       1 event.go:377] Event(v1.ObjectReference{Kind:"Deployment", Namespace:"openshift-apiserver-operator", Name:"openshift-apiserver-operator", UID:"c99b71ce-12d2-4118-9140-e5c0a2e82958", APIVersion:"apps/v1", ResourceVersion:"", FieldPath:""}): type: 'Warning' reason: 'OpenShiftAPICheckFailed' "image.openshift.io.v1" failed with an attempt failed with statusCode = 404, err = the server could not find the requested resource
2026-01-28T09:39:51.865302675Z I0128 09:39:51.865259       1 event.go:377] Event(v1.ObjectReference{Kind:"Deployment", Namespace:"openshift-apiserver-operator", Name:"openshift-apiserver-operator", UID:"c99b71ce-12d2-4118-9140-e5c0a2e82958", APIVersion:"apps/v1", ResourceVersion:"", FieldPath:""}): type: 'Warning' reason: 'OpenShiftAPICheckFailed' "project.openshift.io.v1" failed with an attempt failed with statusCode = 404, err = the server could not find the requested resource
2026-01-28T09:39:51.867615630Z I0128 09:39:51.867097       1 event.go:377] Event(v1.ObjectReference{Kind:"Deployment", Namespace:"openshift-apiserver-operator", Name:"openshift-apiserver-operator", UID:"c99b71ce-12d2-4118-9140-e5c0a2e82958", APIVersion:"apps/v1", ResourceVersion:"", FieldPath:""}): type: 'Warning' reason: 'OpenShiftAPICheckFailed' "route.openshift.io.v1" failed with an attempt failed with statusCode = 404, err = the server could not find the requested resource
2026-01-28T09:39:51.869476603Z I0128 09:39:51.869259       1 event.go:377] Event(v1.ObjectReference{Kind:"Deployment", Namespace:"openshift-apiserver-operator", Name:"openshift-apiserver-operator", UID:"c99b71ce-12d2-4118-9140-e5c0a2e82958", APIVersion:"apps/v1", ResourceVersion:"", FieldPath:""}): type: 'Warning' reason: 'OpenShiftAPICheckFailed' "template.openshift.io.v1" failed with an attempt failed with statusCode = 404, err = the server could not find the requested resource
2026-01-28T09:39:51.870234932Z E0128 09:39:51.870206       1 base_controller.go:279] "Unhandled Error" err=<
2026-01-28T09:39:51.870234932Z 	openshift-apiserver-APIService reconciliation failed: "apps.openshift.io.v1" is not ready: an attempt failed with statusCode = 404, err = the server could not find the requested resource
2026-01-28T09:39:51.870234932Z 	"build.openshift.io.v1" is not ready: an attempt failed with statusCode = 404, err = the server could not find the requested resource
2026-01-28T09:39:51.870234932Z 	"image.openshift.io.v1" is not ready: an attempt failed with statusCode = 404, err = the server could not find the requested resource
2026-01-28T09:39:51.870234932Z 	"project.openshift.io.v1" is not ready: an attempt failed with statusCode = 404, err = the server could not find the requested resource
2026-01-28T09:39:51.870234932Z 	"route.openshift.io.v1" is not ready: an attempt failed with statusCode = 404, err = the server could not find the requested resource
2026-01-28T09:39:51.870234932Z 	"template.openshift.io.v1" is not ready: an attempt failed with statusCode = 404, err = the server could not find the requested resource
2026-01-28T09:39:51.870234932Z  >
2026-01-28T09:39:52.193492382Z I0128 09:39:52.193451       1 connectivity_check_controller.go:172] ConnectivityCheckController is waiting for transition to desired version (4.20.0-0-2026-01-28-090915-test-ci-ln-vjb5l1t-latest) to be completed.
2026-01-28T09:39:53.544218639Z I0128 09:39:53.543482       1 status_controller.go:229] clusteroperator/openshift-apiserver diff {"status":{"conditions":[{"lastTransitionTime":"2026-01-28T09:30:33Z","message":"All is well","reason":"AsExpected","status":"False","type":"Degraded"},{"lastTransitionTime":"2026-01-28T09:39:53Z","message":"All is well","reason":"AsExpected","status":"False","type":"Progressing"},{"lastTransitionTime":"2026-01-28T09:30:36Z","message":"APIServicesAvailable: \"apps.openshift.io.v1\" is not ready: an attempt failed with statusCode = 404, err = the server could not find the requested resource\nAPIServicesAvailable: \"build.openshift.io.v1\" is not ready: an attempt failed with statusCode = 404, err = the server could not find the requested resource\nAPIServicesAvailable: \"image.openshift.io.v1\" is not ready: an attempt failed with statusCode = 404, err = the server could not find the requested resource\nAPIServicesAvailable: \"project.openshift.io.v1\" is not ready: an attempt failed with statusCode = 404, err = the server could not find the requested resource\nAPIServicesAvailable: \"route.openshift.io.v1\" is not ready: an attempt failed with statusCode = 404, err = the server could not find the requested resource\nAPIServicesAvailable: \"template.openshift.io.v1\" is not ready: an attempt failed with statusCode = 404, err = the server could not find the requested resource","reason":"APIServices_Error","status":"False","type":"Available"},{"lastTransitionTime":"2026-01-28T09:30:34Z","message":"All is well","reason":"AsExpected","status":"True","type":"Upgradeable"},{"lastTransitionTime":"2026-01-28T09:30:33Z","reason":"NoData","status":"Unknown","type":"EvaluationConditionsDetected"}]}}
2026-01-28T09:39:53.549474702Z I0128 09:39:53.549151       1 connectivity_check_controller.go:172] ConnectivityCheckController is waiting for transition to desired version (4.20.0-0-2026-01-28-090915-test-ci-ln-vjb5l1t-latest) to be completed.
2026-01-28T09:39:53.566523255Z I0128 09:39:53.566478       1 event.go:377] Event(v1.ObjectReference{Kind:"Deployment", Namespace:"openshift-apiserver-operator", Name:"openshift-apiserver-operator", UID:"c99b71ce-12d2-4118-9140-e5c0a2e82958", APIVersion:"apps/v1", ResourceVersion:"", FieldPath:""}): type: 'Normal' reason: 'OperatorStatusChanged' Status for clusteroperator/openshift-apiserver changed: Progressing changed from True to False ("All is well")
2026-01-28T09:39:53.665806051Z I0128 09:39:53.665650       1 event.go:377] Event(v1.ObjectReference{Kind:"Deployment", Namespace:"openshift-apiserver-operator", Name:"openshift-apiserver-operator", UID:"c99b71ce-12d2-4118-9140-e5c0a2e82958", APIVersion:"apps/v1", ResourceVersion:"", FieldPath:""}): type: 'Warning' reason: 'OpenShiftAPICheckFailed' "apps.openshift.io.v1" failed with an attempt failed with statusCode = 404, err = the server could not find the requested resource
2026-01-28T09:39:53.671319897Z I0128 09:39:53.669552       1 event.go:377] Event(v1.ObjectReference{Kind:"Deployment", Namespace:"openshift-apiserver-operator", Name:"openshift-apiserver-operator", UID:"c99b71ce-12d2-4118-9140-e5c0a2e82958", APIVersion:"apps/v1", ResourceVersion:"", FieldPath:""}): type: 'Warning' reason: 'OpenShiftAPICheckFailed' "build.openshift.io.v1" failed with an attempt failed with statusCode = 404, err = the server could not find the requested resource
2026-01-28T09:39:53.673658264Z I0128 09:39:53.673627       1 event.go:377] Event(v1.ObjectReference{Kind:"Deployment", Namespace:"openshift-apiserver-operator", Name:"openshift-apiserver-operator", UID:"c99b71ce-12d2-4118-9140-e5c0a2e82958", APIVersion:"apps/v1", ResourceVersion:"", FieldPath:""}): type: 'Warning' reason: 'OpenShiftAPICheckFailed' "image.openshift.io.v1" failed with an attempt failed with statusCode = 404, err = the server could not find the requested resource
2026-01-28T09:39:53.674709066Z I0128 09:39:53.674685       1 event.go:377] Event(v1.ObjectReference{Kind:"Deployment", Namespace:"openshift-apiserver-operator", Name:"openshift-apiserver-operator", UID:"c99b71ce-12d2-4118-9140-e5c0a2e82958", APIVersion:"apps/v1", ResourceVersion:"", FieldPath:""}): type: 'Warning' reason: 'OpenShiftAPICheckFailed' "project.openshift.io.v1" failed with an attempt failed with statusCode = 404, err = the server could not find the requested resource
2026-01-28T09:39:53.677080895Z I0128 09:39:53.677057       1 event.go:377] Event(v1.ObjectReference{Kind:"Deployment", Namespace:"openshift-apiserver-operator", Name:"openshift-apiserver-operator", UID:"c99b71ce-12d2-4118-9140-e5c0a2e82958", APIVersion:"apps/v1", ResourceVersion:"", FieldPath:""}): type: 'Warning' reason: 'OpenShiftAPICheckFailed' "route.openshift.io.v1" failed with an attempt failed with statusCode = 404, err = the server could not find the requested resource
2026-01-28T09:39:53.680309037Z I0128 09:39:53.680277       1 event.go:377] Event(v1.ObjectReference{Kind:"Deployment", Namespace:"openshift-apiserver-operator", Name:"openshift-apiserver-operator", UID:"c99b71ce-12d2-4118-9140-e5c0a2e82958", APIVersion:"apps/v1", ResourceVersion:"", FieldPath:""}): type: 'Warning' reason: 'OpenShiftAPICheckFailed' "template.openshift.io.v1" failed with an attempt failed with statusCode = 404, err = the server could not find the requested resource
2026-01-28T09:39:53.681666685Z E0128 09:39:53.681647       1 base_controller.go:279] "Unhandled Error" err=<
2026-01-28T09:39:53.681666685Z 	openshift-apiserver-APIService reconciliation failed: "apps.openshift.io.v1" is not ready: an attempt failed with statusCode = 404, err = the server could not find the requested resource
2026-01-28T09:39:53.681666685Z 	"build.openshift.io.v1" is not ready: an attempt failed with statusCode = 404, err = the server could not find the requested resource
2026-01-28T09:39:53.681666685Z 	"image.openshift.io.v1" is not ready: an attempt failed with statusCode = 404, err = the server could not find the requested resource
2026-01-28T09:39:53.681666685Z 	"project.openshift.io.v1" is not ready: an attempt failed with statusCode = 404, err = the server could not find the requested resource
2026-01-28T09:39:53.681666685Z 	"route.openshift.io.v1" is not ready: an attempt failed with statusCode = 404, err = the server could not find the requested resource
2026-01-28T09:39:53.681666685Z 	"template.openshift.io.v1" is not ready: an attempt failed with statusCode = 404, err = the server could not find the requested resource
2026-01-28T09:39:53.681666685Z  >
2026-01-28T09:39:56.926331742Z I0128 09:39:56.926291       1 connectivity_check_controller.go:172] ConnectivityCheckController is waiting for transition to desired version (4.20.0-0-2026-01-28-090915-test-ci-ln-vjb5l1t-latest) to be completed.
2026-01-28T09:39:59.510432626Z I0128 09:39:59.509277       1 connectivity_check_controller.go:172] ConnectivityCheckController is waiting for transition to desired version (4.20.0-0-2026-01-28-090915-test-ci-ln-vjb5l1t-latest) to be completed.
2026-01-28T09:39:59.555613906Z I0128 09:39:59.555574       1 connectivity_check_controller.go:172] ConnectivityCheckController is waiting for transition to desired version (4.20.0-0-2026-01-28-090915-test-ci-ln-vjb5l1t-latest) to be completed.
2026-01-28T09:39:59.605077761Z I0128 09:39:59.604227       1 connectivity_check_controller.go:172] ConnectivityCheckController is waiting for transition to desired version (4.20.0-0-2026-01-28-090915-test-ci-ln-vjb5l1t-latest) to be completed.
2026-01-28T09:39:59.657724344Z I0128 09:39:59.653782       1 connectivity_check_controller.go:172] ConnectivityCheckController is waiting for transition to desired version (4.20.0-0-2026-01-28-090915-test-ci-ln-vjb5l1t-latest) to be completed.
2026-01-28T09:39:59.675320845Z I0128 09:39:59.675276       1 connectivity_check_controller.go:172] ConnectivityCheckController is waiting for transition to desired version (4.20.0-0-2026-01-28-090915-test-ci-ln-vjb5l1t-latest) to be completed.
2026-01-28T09:39:59.700409700Z I0128 09:39:59.699440       1 connectivity_check_controller.go:172] ConnectivityCheckController is waiting for transition to desired version (4.20.0-0-2026-01-28-090915-test-ci-ln-vjb5l1t-latest) to be completed.
2026-01-28T09:39:59.728071323Z I0128 09:39:59.724725       1 connectivity_check_controller.go:172] ConnectivityCheckController is waiting for transition to desired version (4.20.0-0-2026-01-28-090915-test-ci-ln-vjb5l1t-latest) to be completed.
2026-01-28T09:40:00.462246859Z I0128 09:40:00.462094       1 event.go:377] Event(v1.ObjectReference{Kind:"Deployment", Namespace:"openshift-apiserver-operator", Name:"openshift-apiserver-operator", UID:"c99b71ce-12d2-4118-9140-e5c0a2e82958", APIVersion:"apps/v1", ResourceVersion:"", FieldPath:""}): type: 'Warning' reason: 'OpenShiftAPICheckFailed' "apps.openshift.io.v1" failed with an attempt failed with statusCode = 503, err = the server is currently unable to handle the request
2026-01-28T09:40:01.926936247Z I0128 09:40:01.926873       1 connectivity_check_controller.go:172] ConnectivityCheckController is waiting for transition to desired version (4.20.0-0-2026-01-28-090915-test-ci-ln-vjb5l1t-latest) to be completed.
2026-01-28T09:40:05.463760937Z I0128 09:40:05.463698       1 event.go:377] Event(v1.ObjectReference{Kind:"Deployment", Namespace:"openshift-apiserver-operator", Name:"openshift-apiserver-operator", UID:"c99b71ce-12d2-4118-9140-e5c0a2e82958", APIVersion:"apps/v1", ResourceVersion:"", FieldPath:""}): type: 'Warning' reason: 'OpenShiftAPICheckFailed' "authorization.openshift.io.v1" failed with an attempt failed with statusCode = 503, err = the server is currently unable to handle the request
2026-01-28T09:40:10.465993264Z I0128 09:40:10.465947       1 event.go:377] Event(v1.ObjectReference{Kind:"Deployment", Namespace:"openshift-apiserver-operator", Name:"openshift-apiserver-operator", UID:"c99b71ce-12d2-4118-9140-e5c0a2e82958", APIVersion:"apps/v1", ResourceVersion:"", FieldPath:""}): type: 'Warning' reason: 'OpenShiftAPICheckFailed' "build.openshift.io.v1" failed with an attempt failed with statusCode = 503, err = the server is currently unable to handle the request
2026-01-28T09:40:11.363594926Z I0128 09:40:11.363555       1 warnings.go:110] "Warning: v1 Endpoints is deprecated in v1.33+; use discovery.k8s.io/v1 EndpointSlice"
2026-01-28T09:40:14.499300988Z I0128 09:40:14.499262       1 connectivity_check_controller.go:172] ConnectivityCheckController is waiting for transition to desired version (4.20.0-0-2026-01-28-090915-test-ci-ln-vjb5l1t-latest) to be completed.
2026-01-28T09:40:14.519884614Z I0128 09:40:14.516666       1 connectivity_check_controller.go:172] ConnectivityCheckController is waiting for transition to desired version (4.20.0-0-2026-01-28-090915-test-ci-ln-vjb5l1t-latest) to be completed.
2026-01-28T09:40:14.539421818Z I0128 09:40:14.539211       1 connectivity_check_controller.go:172] ConnectivityCheckController is waiting for transition to desired version (4.20.0-0-2026-01-28-090915-test-ci-ln-vjb5l1t-latest) to be completed.
2026-01-28T09:40:15.468522466Z I0128 09:40:15.468477       1 event.go:377] Event(v1.ObjectReference{Kind:"Deployment", Namespace:"openshift-apiserver-operator", Name:"openshift-apiserver-operator", UID:"c99b71ce-12d2-4118-9140-e5c0a2e82958", APIVersion:"apps/v1", ResourceVersion:"", FieldPath:""}): type: 'Warning' reason: 'OpenShiftAPICheckFailed' "image.openshift.io.v1" failed with an attempt failed with statusCode = 503, err = the server is currently unable to handle the request
2026-01-28T09:40:16.980253146Z I0128 09:40:16.976979       1 connectivity_check_controller.go:172] ConnectivityCheckController is waiting for transition to desired version (4.20.0-0-2026-01-28-090915-test-ci-ln-vjb5l1t-latest) to be completed.
2026-01-28T09:40:20.470369647Z I0128 09:40:20.470317       1 event.go:377] Event(v1.ObjectReference{Kind:"Deployment", Namespace:"openshift-apiserver-operator", Name:"openshift-apiserver-operator", UID:"c99b71ce-12d2-4118-9140-e5c0a2e82958", APIVersion:"apps/v1", ResourceVersion:"", FieldPath:""}): type: 'Warning' reason: 'OpenShiftAPICheckFailed' "project.openshift.io.v1" failed with an attempt failed with statusCode = 503, err = the server is currently unable to handle the request
2026-01-28T09:40:22.326563726Z I0128 09:40:22.320050       1 connectivity_check_controller.go:172] ConnectivityCheckController is waiting for transition to desired version (4.20.0-0-2026-01-28-090915-test-ci-ln-vjb5l1t-latest) to be completed.
2026-01-28T09:40:25.472475179Z I0128 09:40:25.472403       1 event.go:377] Event(v1.ObjectReference{Kind:"Deployment", Namespace:"openshift-apiserver-operator", Name:"openshift-apiserver-operator", UID:"c99b71ce-12d2-4118-9140-e5c0a2e82958", APIVersion:"apps/v1", ResourceVersion:"", FieldPath:""}): type: 'Warning' reason: 'OpenShiftAPICheckFailed' "quota.openshift.io.v1" failed with an attempt failed with statusCode = 503, err = the server is currently unable to handle the request
2026-01-28T09:40:27.266217266Z I0128 09:40:27.265638       1 connectivity_check_controller.go:172] ConnectivityCheckController is waiting for transition to desired version (4.20.0-0-2026-01-28-090915-test-ci-ln-vjb5l1t-latest) to be completed.
2026-01-28T09:40:29.500551717Z I0128 09:40:29.500516       1 connectivity_check_controller.go:172] ConnectivityCheckController is waiting for transition to desired version (4.20.0-0-2026-01-28-090915-test-ci-ln-vjb5l1t-latest) to be completed.
2026-01-28T09:40:30.475223232Z I0128 09:40:30.475154       1 event.go:377] Event(v1.ObjectReference{Kind:"Deployment", Namespace:"openshift-apiserver-operator", Name:"openshift-apiserver-operator", UID:"c99b71ce-12d2-4118-9140-e5c0a2e82958", APIVersion:"apps/v1", ResourceVersion:"", FieldPath:""}): type: 'Warning' reason: 'OpenShiftAPICheckFailed' "route.openshift.io.v1" failed with an attempt failed with statusCode = 503, err = the server is currently unable to handle the request
2026-01-28T09:40:32.027812942Z I0128 09:40:32.027773       1 connectivity_check_controller.go:172] ConnectivityCheckController is waiting for transition to desired version (4.20.0-0-2026-01-28-090915-test-ci-ln-vjb5l1t-latest) to be completed.
2026-01-28T09:40:32.565209143Z I0128 09:40:32.565165       1 connectivity_check_controller.go:172] ConnectivityCheckController is waiting for transition to desired version (4.20.0-0-2026-01-28-090915-test-ci-ln-vjb5l1t-latest) to be completed.
2026-01-28T09:40:35.478413436Z I0128 09:40:35.478346       1 event.go:377] Event(v1.ObjectReference{Kind:"Deployment", Namespace:"openshift-apiserver-operator", Name:"openshift-apiserver-operator", UID:"c99b71ce-12d2-4118-9140-e5c0a2e82958", APIVersion:"apps/v1", ResourceVersion:"", FieldPath:""}): type: 'Warning' reason: 'OpenShiftAPICheckFailed' "security.openshift.io.v1" failed with an attempt failed with statusCode = 503, err = the server is currently unable to handle the request
2026-01-28T09:40:40.480953186Z I0128 09:40:40.480896       1 event.go:377] Event(v1.ObjectReference{Kind:"Deployment", Namespace:"openshift-apiserver-operator", Name:"openshift-apiserver-operator", UID:"c99b71ce-12d2-4118-9140-e5c0a2e82958", APIVersion:"apps/v1", ResourceVersion:"", FieldPath:""}): type: 'Warning' reason: 'OpenShiftAPICheckFailed' "template.openshift.io.v1" failed with an attempt failed with statusCode = 503, err = the server is currently unable to handle the request
2026-01-28T09:40:40.494334094Z E0128 09:40:40.494242       1 base_controller.go:279] "Unhandled Error" err=<
2026-01-28T09:40:40.494334094Z 	openshift-apiserver-APIService reconciliation failed: "apps.openshift.io.v1" is not ready: an attempt failed with statusCode = 503, err = the server is currently unable to handle the request
2026-01-28T09:40:40.494334094Z 	"authorization.openshift.io.v1" is not ready: an attempt failed with statusCode = 503, err = the server is currently unable to handle the request
2026-01-28T09:40:40.494334094Z 	"build.openshift.io.v1" is not ready: an attempt failed with statusCode = 503, err = the server is currently unable to handle the request
2026-01-28T09:40:40.494334094Z 	"image.openshift.io.v1" is not ready: an attempt failed with statusCode = 503, err = the server is currently unable to handle the request
2026-01-28T09:40:40.494334094Z 	"project.openshift.io.v1" is not ready: an attempt failed with statusCode = 503, err = the server is currently unable to handle the request
2026-01-28T09:40:40.494334094Z 	"quota.openshift.io.v1" is not ready: an attempt failed with statusCode = 503, err = the server is currently unable to handle the request
2026-01-28T09:40:40.494334094Z 	"route.openshift.io.v1" is not ready: an attempt failed with statusCode = 503, err = the server is currently unable to handle the request
2026-01-28T09:40:40.494334094Z 	"security.openshift.io.v1" is not ready: an attempt failed with statusCode = 503, err = the server is currently unable to handle the request
2026-01-28T09:40:40.494334094Z 	"template.openshift.io.v1" is not ready: an attempt failed with statusCode = 503, err = the server is currently unable to handle the request
2026-01-28T09:40:40.494334094Z  >
2026-01-28T09:40:40.497379817Z I0128 09:40:40.497351       1 connectivity_check_controller.go:172] ConnectivityCheckController is waiting for transition to desired version (4.20.0-0-2026-01-28-090915-test-ci-ln-vjb5l1t-latest) to be completed.
2026-01-28T09:40:40.498349715Z I0128 09:40:40.498320       1 status_controller.go:229] clusteroperator/openshift-apiserver diff {"status":{"conditions":[{"lastTransitionTime":"2026-01-28T09:30:33Z","message":"All is well","reason":"AsExpected","status":"False","type":"Degraded"},{"lastTransitionTime":"2026-01-28T09:39:53Z","message":"All is well","reason":"AsExpected","status":"False","type":"Progressing"},{"lastTransitionTime":"2026-01-28T09:30:36Z","message":"APIServicesAvailable: \"apps.openshift.io.v1\" is not ready: an attempt failed with statusCode = 503, err = the server is currently unable to handle the request\nAPIServicesAvailable: \"authorization.openshift.io.v1\" is not ready: an attempt failed with statusCode = 503, err = the server is currently unable to handle the request\nAPIServicesAvailable: \"build.openshift.io.v1\" is not ready: an attempt failed with statusCode = 503, err = the server is currently unable to handle the request\nAPIServicesAvailable: \"image.openshift.io.v1\" is not ready: an attempt failed with statusCode = 503, err = the server is currently unable to handle the request\nAPIServicesAvailable: \"project.openshift.io.v1\" is not ready: an attempt failed with statusCode = 503, err = the server is currently unable to handle the request\nAPIServicesAvailable: \"quota.openshift.io.v1\" is not ready: an attempt failed with statusCode = 503, err = the server is currently unable to handle the request\nAPIServicesAvailable: \"route.openshift.io.v1\" is not ready: an attempt failed with statusCode = 503, err = the server is currently unable to handle the request\nAPIServicesAvailable: \"security.openshift.io.v1\" is not ready: an attempt failed with statusCode = 503, err = the server is currently unable to handle the request\nAPIServicesAvailable: \"template.openshift.io.v1\" is not ready: an attempt failed with statusCode = 503, err = the server is currently unable to handle the request","reason":"APIServices_Error","status":"False","type":"Available"},{"lastTransitionTime":"2026-01-28T09:30:34Z","message":"All is well","reason":"AsExpected","status":"True","type":"Upgradeable"},{"lastTransitionTime":"2026-01-28T09:30:33Z","reason":"NoData","status":"Unknown","type":"EvaluationConditionsDetected"}]}}
2026-01-28T09:40:40.517773335Z I0128 09:40:40.517572       1 event.go:377] Event(v1.ObjectReference{Kind:"Deployment", Namespace:"openshift-apiserver-operator", Name:"openshift-apiserver-operator", UID:"c99b71ce-12d2-4118-9140-e5c0a2e82958", APIVersion:"apps/v1", ResourceVersion:"", FieldPath:""}): type: 'Normal' reason: 'OperatorStatusChanged' Status for clusteroperator/openshift-apiserver changed: Available message changed from "APIServicesAvailable: \"apps.openshift.io.v1\" is not ready: an attempt failed with statusCode = 404, err = the server could not find the requested resource\nAPIServicesAvailable: \"build.openshift.io.v1\" is not ready: an attempt failed with statusCode = 404, err = the server could not find the requested resource\nAPIServicesAvailable: \"image.openshift.io.v1\" is not ready: an attempt failed with statusCode = 404, err = the server could not find the requested resource\nAPIServicesAvailable: \"project.openshift.io.v1\" is not ready: an attempt failed with statusCode = 404, err = the server could not find the requested resource\nAPIServicesAvailable: \"route.openshift.io.v1\" is not ready: an attempt failed with statusCode = 404, err = the server could not find the requested resource\nAPIServicesAvailable: \"template.openshift.io.v1\" is not ready: an attempt failed with statusCode = 404, err = the server could not find the requested resource" to "APIServicesAvailable: \"apps.openshift.io.v1\" is not ready: an attempt failed with statusCode = 503, err = the server is currently unable to handle the request\nAPIServicesAvailable: \"authorization.openshift.io.v1\" is not ready: an attempt failed with statusCode = 503, err = the server is currently unable to handle the request\nAPIServicesAvailable: \"build.openshift.io.v1\" is not ready: an attempt failed with statusCode = 503, err = the server is currently unable to handle the request\nAPIServicesAvailable: \"image.openshift.io.v1\" is not ready: an attempt failed with statusCode = 503, err = the server is currently unable to handle the request\nAPIServicesAvailable: \"project.openshift.io.v1\" is not ready: an attempt failed with statusCode = 503, err = the server is currently unable to handle the request\nAPIServicesAvailable: \"quota.openshift.io.v1\" is not ready: an attempt failed with statusCode = 503, err = the server is currently unable to handle the request\nAPIServicesAvailable: \"route.openshift.io.v1\" is not ready: an attempt failed with statusCode = 503, err = the server is currently unable to handle the request\nAPIServicesAvailable: \"security.openshift.io.v1\" is not ready: an attempt failed with statusCode = 503, err = the server is currently unable to handle the request\nAPIServicesAvailable: \"template.openshift.io.v1\" is not ready: an attempt failed with statusCode = 503, err = the server is currently unable to handle the request"
2026-01-28T09:40:42.760923311Z I0128 09:40:42.760872       1 connectivity_check_controller.go:172] ConnectivityCheckController is waiting for transition to desired version (4.20.0-0-2026-01-28-090915-test-ci-ln-vjb5l1t-latest) to be completed.
2026-01-28T09:40:45.533827750Z I0128 09:40:45.533772       1 event.go:377] Event(v1.ObjectReference{Kind:"Deployment", Namespace:"openshift-apiserver-operator", Name:"openshift-apiserver-operator", UID:"c99b71ce-12d2-4118-9140-e5c0a2e82958", APIVersion:"apps/v1", ResourceVersion:"", FieldPath:""}): type: 'Warning' reason: 'OpenShiftAPICheckFailed' "apps.openshift.io.v1" failed with an attempt failed with statusCode = 503, err = the server is currently unable to handle the request
2026-01-28T09:40:50.536686216Z I0128 09:40:50.536623       1 event.go:377] Event(v1.ObjectReference{Kind:"Deployment", Namespace:"openshift-apiserver-operator", Name:"openshift-apiserver-operator", UID:"c99b71ce-12d2-4118-9140-e5c0a2e82958", APIVersion:"apps/v1", ResourceVersion:"", FieldPath:""}): type: 'Warning' reason: 'OpenShiftAPICheckFailed' "authorization.openshift.io.v1" failed with an attempt failed with statusCode = 503, err = the server is currently unable to handle the request
2026-01-28T09:40:53.077658900Z I0128 09:40:53.077608       1 connectivity_check_controller.go:172] ConnectivityCheckController is waiting for transition to desired version (4.20.0-0-2026-01-28-090915-test-ci-ln-vjb5l1t-latest) to be completed.
2026-01-28T09:40:55.588336918Z E0128 09:40:55.588298       1 base_controller.go:279] "Unhandled Error" err=<
2026-01-28T09:40:55.588336918Z 	openshift-apiserver-APIService reconciliation failed: "apps.openshift.io.v1" is not ready: an attempt failed with statusCode = 503, err = the server is currently unable to handle the request
2026-01-28T09:40:55.588336918Z 	"authorization.openshift.io.v1" is not ready: an attempt failed with statusCode = 503, err = the server is currently unable to handle the request
2026-01-28T09:40:55.588336918Z  >
2026-01-28T09:40:55.588501856Z I0128 09:40:55.588477       1 connectivity_check_controller.go:172] ConnectivityCheckController is waiting for transition to desired version (4.20.0-0-2026-01-28-090915-test-ci-ln-vjb5l1t-latest) to be completed.
2026-01-28T09:40:55.591830921Z I0128 09:40:55.591796       1 status_controller.go:229] clusteroperator/openshift-apiserver diff {"status":{"conditions":[{"lastTransitionTime":"2026-01-28T09:30:33Z","message":"All is well","reason":"AsExpected","status":"False","type":"Degraded"},{"lastTransitionTime":"2026-01-28T09:39:53Z","message":"All is well","reason":"AsExpected","status":"False","type":"Progressing"},{"lastTransitionTime":"2026-01-28T09:30:36Z","message":"APIServicesAvailable: \"apps.openshift.io.v1\" is not ready: an attempt failed with statusCode = 503, err = the server is currently unable to handle the request\nAPIServicesAvailable: \"authorization.openshift.io.v1\" is not ready: an attempt failed with statusCode = 503, err = the server is currently unable to handle the request","reason":"APIServices_Error","status":"False","type":"Available"},{"lastTransitionTime":"2026-01-28T09:30:34Z","message":"All is well","reason":"AsExpected","status":"True","type":"Upgradeable"},{"lastTransitionTime":"2026-01-28T09:30:33Z","reason":"NoData","status":"Unknown","type":"EvaluationConditionsDetected"}]}}
2026-01-28T09:40:55.606296199Z I0128 09:40:55.606211       1 event.go:377] Event(v1.ObjectReference{Kind:"Deployment", Namespace:"openshift-apiserver-operator", Name:"openshift-apiserver-operator", UID:"c99b71ce-12d2-4118-9140-e5c0a2e82958", APIVersion:"apps/v1", ResourceVersion:"", FieldPath:""}): type: 'Normal' reason: 'OperatorStatusChanged' Status for clusteroperator/openshift-apiserver changed: Available message changed from "APIServicesAvailable: \"apps.openshift.io.v1\" is not ready: an attempt failed with statusCode = 503, err = the server is currently unable to handle the request\nAPIServicesAvailable: \"authorization.openshift.io.v1\" is not ready: an attempt failed with statusCode = 503, err = the server is currently unable to handle the request\nAPIServicesAvailable: \"build.openshift.io.v1\" is not ready: an attempt failed with statusCode = 503, err = the server is currently unable to handle the request\nAPIServicesAvailable: \"image.openshift.io.v1\" is not ready: an attempt failed with statusCode = 503, err = the server is currently unable to handle the request\nAPIServicesAvailable: \"project.openshift.io.v1\" is not ready: an attempt failed with statusCode = 503, err = the server is currently unable to handle the request\nAPIServicesAvailable: \"quota.openshift.io.v1\" is not ready: an attempt failed with statusCode = 503, err = the server is currently unable to handle the request\nAPIServicesAvailable: \"route.openshift.io.v1\" is not ready: an attempt failed with statusCode = 503, err = the server is currently unable to handle the request\nAPIServicesAvailable: \"security.openshift.io.v1\" is not ready: an attempt failed with statusCode = 503, err = the server is currently unable to handle the request\nAPIServicesAvailable: \"template.openshift.io.v1\" is not ready: an attempt failed with statusCode = 503, err = the server is currently unable to handle the request" to "APIServicesAvailable: \"apps.openshift.io.v1\" is not ready: an attempt failed with statusCode = 503, err = the server is currently unable to handle the request\nAPIServicesAvailable: \"authorization.openshift.io.v1\" is not ready: an attempt failed with statusCode = 503, err = the server is currently unable to handle the request"
2026-01-28T09:40:55.691898854Z I0128 09:40:55.691850       1 connectivity_check_controller.go:172] ConnectivityCheckController is waiting for transition to desired version (4.20.0-0-2026-01-28-090915-test-ci-ln-vjb5l1t-latest) to be completed.
2026-01-28T09:40:55.692924094Z I0128 09:40:55.692265       1 status_controller.go:229] clusteroperator/openshift-apiserver diff {"status":{"conditions":[{"lastTransitionTime":"2026-01-28T09:30:33Z","message":"All is well","reason":"AsExpected","status":"False","type":"Degraded"},{"lastTransitionTime":"2026-01-28T09:39:53Z","message":"All is well","reason":"AsExpected","status":"False","type":"Progressing"},{"lastTransitionTime":"2026-01-28T09:40:55Z","message":"All is well","reason":"AsExpected","status":"True","type":"Available"},{"lastTransitionTime":"2026-01-28T09:30:34Z","message":"All is well","reason":"AsExpected","status":"True","type":"Upgradeable"},{"lastTransitionTime":"2026-01-28T09:30:33Z","reason":"NoData","status":"Unknown","type":"EvaluationConditionsDetected"}]}}
2026-01-28T09:40:55.706249755Z I0128 09:40:55.704821       1 event.go:377] Event(v1.ObjectReference{Kind:"Deployment", Namespace:"openshift-apiserver-operator", Name:"openshift-apiserver-operator", UID:"c99b71ce-12d2-4118-9140-e5c0a2e82958", APIVersion:"apps/v1", ResourceVersion:"", FieldPath:""}): type: 'Normal' reason: 'OperatorStatusChanged' Status for clusteroperator/openshift-apiserver changed: Available changed from False to True ("All is well")
2026-01-28T09:40:58.098176915Z I0128 09:40:58.097922       1 connectivity_check_controller.go:172] ConnectivityCheckController is waiting for transition to desired version (4.20.0-0-2026-01-28-090915-test-ci-ln-vjb5l1t-latest) to be completed.
2026-01-28T09:40:58.368639066Z I0128 09:40:58.368600       1 connectivity_check_controller.go:172] ConnectivityCheckController is waiting for transition to desired version (4.20.0-0-2026-01-28-090915-test-ci-ln-vjb5l1t-latest) to be completed.
2026-01-28T09:41:02.735880857Z I0128 09:41:02.735011       1 connectivity_check_controller.go:172] ConnectivityCheckController is waiting for transition to desired version (4.20.0-0-2026-01-28-090915-test-ci-ln-vjb5l1t-latest) to be completed.
2026-01-28T09:41:04.427175904Z I0128 09:41:04.427112       1 warnings.go:110] "Warning: v1 Endpoints is deprecated in v1.33+; use discovery.k8s.io/v1 EndpointSlice"
2026-01-28T09:41:04.453728780Z I0128 09:41:04.448060       1 warnings.go:110] "Warning: v1 Endpoints is deprecated in v1.33+; use discovery.k8s.io/v1 EndpointSlice"
2026-01-28T09:41:04.453913270Z I0128 09:41:04.448286       1 warnings.go:110] "Warning: v1 Endpoints is deprecated in v1.33+; use discovery.k8s.io/v1 EndpointSlice"
2026-01-28T09:41:05.462803568Z I0128 09:41:05.462758       1 reflector.go:430] "Caches populated" type="*v1.FeatureGate" reflector="k8s.io/client-go@v0.33.3/tools/cache/reflector.go:285"
2026-01-28T09:41:05.939529288Z I0128 09:41:05.939483       1 reflector.go:430] "Caches populated" type="*v1.Image" reflector="k8s.io/client-go@v0.33.3/tools/cache/reflector.go:285"
2026-01-28T09:41:06.064164218Z I0128 09:41:06.064094       1 reflector.go:430] "Caches populated" type="*v1.Ingress" reflector="k8s.io/client-go@v0.33.3/tools/cache/reflector.go:285"
2026-01-28T09:41:08.373375234Z I0128 09:41:08.372762       1 connectivity_check_controller.go:172] ConnectivityCheckController is waiting for transition to desired version (4.20.0-0-2026-01-28-090915-test-ci-ln-vjb5l1t-latest) to be completed.
2026-01-28T09:41:29.110332072Z I0128 09:41:29.110044       1 connectivity_check_controller.go:172] ConnectivityCheckController is waiting for transition to desired version (4.20.0-0-2026-01-28-090915-test-ci-ln-vjb5l1t-latest) to be completed.
2026-01-28T09:41:29.499943893Z I0128 09:41:29.499159       1 connectivity_check_controller.go:172] ConnectivityCheckController is waiting for transition to desired version (4.20.0-0-2026-01-28-090915-test-ci-ln-vjb5l1t-latest) to be completed.
2026-01-28T09:41:33.765306277Z I0128 09:41:33.762212       1 connectivity_check_controller.go:172] ConnectivityCheckController is waiting for transition to desired version (4.20.0-0-2026-01-28-090915-test-ci-ln-vjb5l1t-latest) to be completed.
2026-01-28T09:41:39.383216975Z I0128 09:41:39.382363       1 connectivity_check_controller.go:172] ConnectivityCheckController is waiting for transition to desired version (4.20.0-0-2026-01-28-090915-test-ci-ln-vjb5l1t-latest) to be completed.
2026-01-28T09:41:46.514001443Z I0128 09:41:46.513952       1 connectivity_check_controller.go:172] ConnectivityCheckController is waiting for transition to desired version (4.20.0-0-2026-01-28-090915-test-ci-ln-vjb5l1t-latest) to be completed.
2026-01-28T09:41:46.535107225Z I0128 09:41:46.535066       1 connectivity_check_controller.go:172] ConnectivityCheckController is waiting for transition to desired version (4.20.0-0-2026-01-28-090915-test-ci-ln-vjb5l1t-latest) to be completed.
2026-01-28T09:41:46.554708351Z I0128 09:41:46.554605       1 connectivity_check_controller.go:172] ConnectivityCheckController is waiting for transition to desired version (4.20.0-0-2026-01-28-090915-test-ci-ln-vjb5l1t-latest) to be completed.
2026-01-28T09:41:46.574918228Z I0128 09:41:46.574835       1 connectivity_check_controller.go:172] ConnectivityCheckController is waiting for transition to desired version (4.20.0-0-2026-01-28-090915-test-ci-ln-vjb5l1t-latest) to be completed.
2026-01-28T09:41:46.753568777Z I0128 09:41:46.752101       1 connectivity_check_controller.go:172] ConnectivityCheckController is waiting for transition to desired version (4.20.0-0-2026-01-28-090915-test-ci-ln-vjb5l1t-latest) to be completed.
2026-01-28T09:41:47.437059953Z I0128 09:41:47.434553       1 connectivity_check_controller.go:172] ConnectivityCheckController is waiting for transition to desired version (4.20.0-0-2026-01-28-090915-test-ci-ln-vjb5l1t-latest) to be completed.
2026-01-28T09:41:47.519710220Z I0128 09:41:47.518281       1 connectivity_check_controller.go:172] ConnectivityCheckController is waiting for transition to desired version (4.20.0-0-2026-01-28-090915-test-ci-ln-vjb5l1t-latest) to be completed.
2026-01-28T09:41:49.213929403Z I0128 09:41:49.213333       1 connectivity_check_controller.go:172] ConnectivityCheckController is waiting for transition to desired version (4.20.0-0-2026-01-28-090915-test-ci-ln-vjb5l1t-latest) to be completed.
2026-01-28T09:41:49.228539801Z I0128 09:41:49.228248       1 connectivity_check_controller.go:172] ConnectivityCheckController is waiting for transition to desired version (4.20.0-0-2026-01-28-090915-test-ci-ln-vjb5l1t-latest) to be completed.
2026-01-28T09:41:49.278989464Z I0128 09:41:49.278596       1 connectivity_check_controller.go:172] ConnectivityCheckController is waiting for transition to desired version (4.20.0-0-2026-01-28-090915-test-ci-ln-vjb5l1t-latest) to be completed.
2026-01-28T09:41:49.301059704Z I0128 09:41:49.300797       1 connectivity_check_controller.go:172] ConnectivityCheckController is waiting for transition to desired version (4.20.0-0-2026-01-28-090915-test-ci-ln-vjb5l1t-latest) to be completed.
2026-01-28T09:41:49.431871310Z I0128 09:41:49.422837       1 connectivity_check_controller.go:172] ConnectivityCheckController is waiting for transition to desired version (4.20.0-0-2026-01-28-090915-test-ci-ln-vjb5l1t-latest) to be completed.
2026-01-28T09:41:49.449802673Z I0128 09:41:49.448493       1 connectivity_check_controller.go:172] ConnectivityCheckController is waiting for transition to desired version (4.20.0-0-2026-01-28-090915-test-ci-ln-vjb5l1t-latest) to be completed.
2026-01-28T09:41:49.628542136Z I0128 09:41:49.628503       1 connectivity_check_controller.go:172] ConnectivityCheckController is waiting for transition to desired version (4.20.0-0-2026-01-28-090915-test-ci-ln-vjb5l1t-latest) to be completed.
2026-01-28T09:41:51.515639437Z I0128 09:41:51.513972       1 connectivity_check_controller.go:172] ConnectivityCheckController is waiting for transition to desired version (4.20.0-0-2026-01-28-090915-test-ci-ln-vjb5l1t-latest) to be completed.
2026-01-28T09:41:51.531149480Z I0128 09:41:51.530858       1 connectivity_check_controller.go:172] ConnectivityCheckController is waiting for transition to desired version (4.20.0-0-2026-01-28-090915-test-ci-ln-vjb5l1t-latest) to be completed.
2026-01-28T09:41:51.541000281Z I0128 09:41:51.538926       1 connectivity_check_controller.go:172] ConnectivityCheckController is waiting for transition to desired version (4.20.0-0-2026-01-28-090915-test-ci-ln-vjb5l1t-latest) to be completed.
2026-01-28T09:41:51.564931183Z I0128 09:41:51.563994       1 connectivity_check_controller.go:172] ConnectivityCheckController is waiting for transition to desired version (4.20.0-0-2026-01-28-090915-test-ci-ln-vjb5l1t-latest) to be completed.
2026-01-28T09:41:51.564931183Z I0128 09:41:51.564495       1 connectivity_check_controller.go:172] ConnectivityCheckController is waiting for transition to desired version (4.20.0-0-2026-01-28-090915-test-ci-ln-vjb5l1t-latest) to be completed.
2026-01-28T09:41:52.164812714Z I0128 09:41:52.164196       1 connectivity_check_controller.go:172] ConnectivityCheckController is waiting for transition to desired version (4.20.0-0-2026-01-28-090915-test-ci-ln-vjb5l1t-latest) to be completed.
2026-01-28T09:41:54.170764806Z I0128 09:41:54.170727       1 connectivity_check_controller.go:172] ConnectivityCheckController is waiting for transition to desired version (4.20.0-0-2026-01-28-090915-test-ci-ln-vjb5l1t-latest) to be completed.
2026-01-28T09:41:56.556733127Z I0128 09:41:56.556638       1 connectivity_check_controller.go:172] ConnectivityCheckController is waiting for transition to desired version (4.20.0-0-2026-01-28-090915-test-ci-ln-vjb5l1t-latest) to be completed.
2026-01-28T09:41:56.592910330Z I0128 09:41:56.592843       1 connectivity_check_controller.go:172] ConnectivityCheckController is waiting for transition to desired version (4.20.0-0-2026-01-28-090915-test-ci-ln-vjb5l1t-latest) to be completed.
2026-01-28T09:41:56.860988828Z I0128 09:41:56.860952       1 connectivity_check_controller.go:172] ConnectivityCheckController is waiting for transition to desired version (4.20.0-0-2026-01-28-090915-test-ci-ln-vjb5l1t-latest) to be completed.
2026-01-28T09:41:59.528289599Z I0128 09:41:59.528230       1 connectivity_check_controller.go:172] ConnectivityCheckController is waiting for transition to desired version (4.20.0-0-2026-01-28-090915-test-ci-ln-vjb5l1t-latest) to be completed.
2026-01-28T09:42:03.138380267Z I0128 09:42:03.138122       1 connectivity_check_controller.go:172] ConnectivityCheckController is waiting for transition to desired version (4.20.0-0-2026-01-28-090915-test-ci-ln-vjb5l1t-latest) to be completed.
2026-01-28T09:42:03.226970731Z I0128 09:42:03.225704       1 connectivity_check_controller.go:172] ConnectivityCheckController is waiting for transition to desired version (4.20.0-0-2026-01-28-090915-test-ci-ln-vjb5l1t-latest) to be completed.
2026-01-28T09:42:03.266325992Z I0128 09:42:03.253984       1 connectivity_check_controller.go:172] ConnectivityCheckController is waiting for transition to desired version (4.20.0-0-2026-01-28-090915-test-ci-ln-vjb5l1t-latest) to be completed.
2026-01-28T09:42:03.271377083Z I0128 09:42:03.270702       1 connectivity_check_controller.go:172] ConnectivityCheckController is waiting for transition to desired version (4.20.0-0-2026-01-28-090915-test-ci-ln-vjb5l1t-latest) to be completed.
2026-01-28T09:42:03.284449745Z I0128 09:42:03.284397       1 connectivity_check_controller.go:172] ConnectivityCheckController is waiting for transition to desired version (4.20.0-0-2026-01-28-090915-test-ci-ln-vjb5l1t-latest) to be completed.
2026-01-28T09:42:03.287415233Z I0128 09:42:03.287391       1 connectivity_check_controller.go:172] ConnectivityCheckController is waiting for transition to desired version (4.20.0-0-2026-01-28-090915-test-ci-ln-vjb5l1t-latest) to be completed.
2026-01-28T09:42:03.323634607Z I0128 09:42:03.323597       1 connectivity_check_controller.go:172] ConnectivityCheckController is waiting for transition to desired version (4.20.0-0-2026-01-28-090915-test-ci-ln-vjb5l1t-latest) to be completed.
2026-01-28T09:42:03.329083389Z I0128 09:42:03.329057       1 connectivity_check_controller.go:172] ConnectivityCheckController is waiting for transition to desired version (4.20.0-0-2026-01-28-090915-test-ci-ln-vjb5l1t-latest) to be completed.
2026-01-28T09:42:03.346327238Z I0128 09:42:03.343916       1 connectivity_check_controller.go:172] ConnectivityCheckController is waiting for transition to desired version (4.20.0-0-2026-01-28-090915-test-ci-ln-vjb5l1t-latest) to be completed.
2026-01-28T09:42:03.364616869Z I0128 09:42:03.363853       1 connectivity_check_controller.go:172] ConnectivityCheckController is waiting for transition to desired version (4.20.0-0-2026-01-28-090915-test-ci-ln-vjb5l1t-latest) to be completed.
2026-01-28T09:42:03.375123943Z I0128 09:42:03.374406       1 connectivity_check_controller.go:172] ConnectivityCheckController is waiting for transition to desired version (4.20.0-0-2026-01-28-090915-test-ci-ln-vjb5l1t-latest) to be completed.
2026-01-28T09:42:03.393315369Z I0128 09:42:03.392264       1 connectivity_check_controller.go:172] ConnectivityCheckController is waiting for transition to desired version (4.20.0-0-2026-01-28-090915-test-ci-ln-vjb5l1t-latest) to be completed.
2026-01-28T09:42:03.422685393Z I0128 09:42:03.422638       1 connectivity_check_controller.go:172] ConnectivityCheckController is waiting for transition to desired version (4.20.0-0-2026-01-28-090915-test-ci-ln-vjb5l1t-latest) to be completed.
2026-01-28T09:42:03.436612126Z I0128 09:42:03.434960       1 core.go:352] ConfigMap "openshift-apiserver/image-import-ca" changes: {"data":{"image-registry.openshift-image-registry.svc..5000":"-----BEGIN CERTIFICATE-----\nMIIDUTCCAjmgAwIBAgIIEw0O/ipWIaYwDQYJKoZIhvcNAQELBQAwNjE0MDIGA1UE\nAwwrb3BlbnNoaWZ0LXNlcnZpY2Utc2VydmluZy1zaWduZXJAMTc2OTU5MjYzNTAe\nFw0yNjAxMjgwOTMwMzRaFw0yODAzMjgwOTMwMzVaMDYxNDAyBgNVBAMMK29wZW5z\naGlmdC1zZXJ2aWNlLXNlcnZpbmctc2lnbmVyQDE3Njk1OTI2MzUwggEiMA0GCSqG\nSIb3DQEBAQUAA4IBDwAwggEKAoIBAQC6DgIe4X8s4JkBJJrRX336PiPxyvLF8kK8\nlXMHHfBltsBWlPJLgKa3BIl7TQ5JbKbo1wOIp/hIhTQm9/CVZ6wTIHyXSfFAKB6E\nvot2Vtlq96Xp6NVLNwprHntqyDm5v9WVdnpcSj41XfhbaK19yIGyrDlPK8bPUXHp\nt9UlQvsyxlAn+gc5RIGhO5KMk7MZm3fUr4BxN2JyhXeosnZDWQ2LV8p6hAZaftSO\nFBNwg9o6KI3OKP7EIbEpFN5AGq5ZpZjZt49IYC4Ryg2b0I8tcWW8jblwFALYqqRZ\nMU+eXoevfUl+eR0/Z4pk7FgA4H2u5SShc43xqpmqhTSy4XbVT/SRAgMBAAGjYzBh\nMA4GA1UdDwEB/wQEAwICpDAPBgNVHRMBAf8EBTADAQH/MB0GA1UdDgQWBBSYwX5Y\nVVvioR98+jo92qXArTz16zAfBgNVHSMEGDAWgBSYwX5YVVvioR98+jo92qXArTz1\n6zANBgkqhkiG9w0BAQsFAAOCAQEAR6UXwH0riXz4Bkis6CBFvOF/c5LKnqWvTwPF\nzbjcVAS/MoKQuXjeUHevttC2GCQI10nBraJXRINHkUO5LaU2UlA1Xz/6fhlF2BJK\neJkdhqwBqCr9jkHJVMdanpgnSMCTr+CaST3Gwj/4MMaHw/FF8m47VAdZRgj3ecHt\nHFyPbGH1oVbfIJkhnbaBpFLVye2uc+7kxdu03xnj4OTQnC75jng1+cmKsYgUgxCd\nC03tTY8U9A9dMRkMHirTuTjqIrIB0hZaD4xYSMVHYkdHx8sbWrh8l/4C9IB0jQPE\nWJ2oMMOiMjdyHfkHgKoL8uAUztzjTfwvX4EIpxPk5lyIgF3y6w==\n-----END CERTIFICATE-----\n","image-registry.openshift-image-registry.svc.cluster.local..5000":"-----BEGIN CERTIFICATE-----\nMIIDUTCCAjmgAwIBAgIIEw0O/ipWIaYwDQYJKoZIhvcNAQELBQAwNjE0MDIGA1UE\nAwwrb3BlbnNoaWZ0LXNlcnZpY2Utc2VydmluZy1zaWduZXJAMTc2OTU5MjYzNTAe\nFw0yNjAxMjgwOTMwMzRaFw0yODAzMjgwOTMwMzVaMDYxNDAyBgNVBAMMK29wZW5z\naGlmdC1zZXJ2aWNlLXNlcnZpbmctc2lnbmVyQDE3Njk1OTI2MzUwggEiMA0GCSqG\nSIb3DQEBAQUAA4IBDwAwggEKAoIBAQC6DgIe4X8s4JkBJJrRX336PiPxyvLF8kK8\nlXMHHfBltsBWlPJLgKa3BIl7TQ5JbKbo1wOIp/hIhTQm9/CVZ6wTIHyXSfFAKB6E\nvot2Vtlq96Xp6NVLNwprHntqyDm5v9WVdnpcSj41XfhbaK19yIGyrDlPK8bPUXHp\nt9UlQvsyxlAn+gc5RIGhO5KMk7MZm3fUr4BxN2JyhXeosnZDWQ2LV8p6hAZaftSO\nFBNwg9o6KI3OKP7EIbEpFN5AGq5ZpZjZt49IYC4Ryg2b0I8tcWW8jblwFALYqqRZ\nMU+eXoevfUl+eR0/Z4pk7FgA4H2u5SShc43xqpmqhTSy4XbVT/SRAgMBAAGjYzBh\nMA4GA1UdDwEB/wQEAwICpDAPBgNVHRMBAf8EBTADAQH/MB0GA1UdDgQWBBSYwX5Y\nVVvioR98+jo92qXArTz16zAfBgNVHSMEGDAWgBSYwX5YVVvioR98+jo92qXArTz1\n6zANBgkqhkiG9w0BAQsFAAOCAQEAR6UXwH0riXz4Bkis6CBFvOF/c5LKnqWvTwPF\nzbjcVAS/MoKQuXjeUHevttC2GCQI10nBraJXRINHkUO5LaU2UlA1Xz/6fhlF2BJK\neJkdhqwBqCr9jkHJVMdanpgnSMCTr+CaST3Gwj/4MMaHw/FF8m47VAdZRgj3ecHt\nHFyPbGH1oVbfIJkhnbaBpFLVye2uc+7kxdu03xnj4OTQnC75jng1+cmKsYgUgxCd\nC03tTY8U9A9dMRkMHirTuTjqIrIB0hZaD4xYSMVHYkdHx8sbWrh8l/4C9IB0jQPE\nWJ2oMMOiMjdyHfkHgKoL8uAUztzjTfwvX4EIpxPk5lyIgF3y6w==\n-----END CERTIFICATE-----\n"},"metadata":{"creationTimestamp":null,"managedFields":null,"resourceVersion":null,"uid":null}}
2026-01-28T09:42:03.438833897Z I0128 09:42:03.438802       1 event.go:377] Event(v1.ObjectReference{Kind:"Deployment", Namespace:"openshift-apiserver-operator", Name:"openshift-apiserver-operator", UID:"c99b71ce-12d2-4118-9140-e5c0a2e82958", APIVersion:"apps/v1", ResourceVersion:"", FieldPath:""}): type: 'Normal' reason: 'ConfigMapUpdated' Updated ConfigMap/image-import-ca -n openshift-apiserver:
2026-01-28T09:42:03.438833897Z cause by changes in data.image-registry.openshift-image-registry.svc..5000,data.image-registry.openshift-image-registry.svc.cluster.local..5000
2026-01-28T09:42:03.484352605Z I0128 09:42:03.484313       1 apps.go:155] Deployment "openshift-apiserver/apiserver" changes: {"metadata":{"annotations":{"operator.openshift.io/dep-openshift-apiserver.image-import-ca.configmap":"ICu_FA==","operator.openshift.io/spec-hash":"8aee2e8df5fbd24922c1a5fa404246754c3a276653c5c3299c4bf8a22fe0fefc"}},"spec":{"progressDeadlineSeconds":null,"revisionHistoryLimit":null,"template":{"metadata":{"annotations":{"operator.openshift.io/dep-openshift-apiserver.image-import-ca.configmap":"ICu_FA=="}},"spec":{"containers":[{"args":["if [ -s /var/run/configmaps/trusted-ca-bundle/tls-ca-bundle.pem ]; then\n  echo \"Copying system trust bundle\"\n  cp -f /var/run/configmaps/trusted-ca-bundle/tls-ca-bundle.pem /etc/pki/ca-trust/extracted/pem/tls-ca-bundle.pem\nfi\nexec openshift-apiserver start --config=/var/run/configmaps/config/config.yaml -v=2\n"],"command":["/bin/bash","-ec"],"env":[{"name":"POD_NAME","valueFrom":{"fieldRef":{"fieldPath":"metadata.name"}}},{"name":"POD_NAMESPACE","valueFrom":{"fieldRef":{"fieldPath":"metadata.namespace"}}}],"image":"registry.build11.ci.openshift.org/ci-ln-vjb5l1t/stable@sha256:e1635e15282fbc5014166f94bca3bfd66ea67c8a39498c82c3df3644cd4ed329","imagePullPolicy":"IfNotPresent","livenessProbe":{"failureThreshold":3,"httpGet":{"path":"livez?exclude=etcd","port":8443,"scheme":"HTTPS"},"periodSeconds":10,"successThreshold":1,"timeoutSeconds":10},"name":"openshift-apiserver","ports":[{"containerPort":8443}],"readinessProbe":{"failureThreshold":3,"httpGet":{"path":"readyz?exclude=etcd\u0026exclude=etcd-readiness","port":8443,"scheme":"HTTPS"},"periodSeconds":5,"successThreshold":1,"timeoutSeconds":10},"resources":{"requests":{"cpu":"100m","memory":"200Mi"}},"securityContext":{"privileged":true,"readOnlyRootFilesystem":false,"runAsUser":0},"startupProbe":{"failureThreshold":30,"httpGet":{"path":"livez","port":8443,"scheme":"HTTPS"},"periodSeconds":5,"successThreshold":1,"timeoutSeconds":10},"terminationMessagePolicy":"FallbackToLogsOnError","volumeMounts":[{"mountPath":"/var/lib/kubelet/","name":"node-pullsecrets","readOnly":true},{"mountPath":"/var/run/configmaps/config","name":"config"},{"mountPath":"/var/run/configmaps/audit","name":"audit"},{"mountPath":"/var/run/secrets/etcd-client","name":"etcd-client"},{"mountPath":"/var/run/configmaps/etcd-serving-ca","name":"etcd-serving-ca"},{"mountPath":"/var/run/configmaps/image-import-ca","name":"image-import-ca"},{"mountPath":"/var/run/configmaps/trusted-ca-bundle","name":"trusted-ca-bundle"},{"mountPath":"/var/run/secrets/serving-cert","name":"serving-cert"},{"mountPath":"/var/run/secrets/encryption-config","name":"encryption-config"},{"mountPath":"/var/log/openshift-apiserver","name":"audit-dir"}]},{"args":["--listen","0.0.0.0:17698","--namespace","$(POD_NAMESPACE)","--v","2"],"command":["cluster-kube-apiserver-operator","check-endpoints"],"env":[{"name":"POD_NAME","valueFrom":{"fieldRef":{"fieldPath":"metadata.name"}}},{"name":"POD_NAMESPACE","valueFrom":{"fieldRef":{"fieldPath":"metadata.namespace"}}}],"image":"registry.build11.ci.openshift.org/ci-ln-vjb5l1t/stable@sha256:0554bda0a96d190367ed63955b942dd3552e1d90e8586dfd9f8879c964bf245d","imagePullPolicy":"IfNotPresent","name":"openshift-apiserver-check-endpoints","ports":[{"containerPort":17698,"name":"check-endpoints","protocol":"TCP"}],"resources":{"requests":{"cpu":"10m","memory":"50Mi"}},"terminationMessagePolicy":"FallbackToLogsOnError"}],"dnsPolicy":null,"initContainers":[{"command":["sh","-c","chmod 0700 /var/log/openshift-apiserver \u0026\u0026 touch /var/log/openshift-apiserver/audit.log \u0026\u0026 chmod 0600 /var/log/openshift-apiserver/*"],"image":"registry.build11.ci.openshift.org/ci-ln-vjb5l1t/stable@sha256:e1635e15282fbc5014166f94bca3bfd66ea67c8a39498c82c3df3644cd4ed329","imagePullPolicy":"IfNotPresent","name":"fix-audit-permissions","resources":{"requests":{"cpu":"15m","memory":"50Mi"}},"securityContext":{"privileged":true,"runAsUser":0},"terminationMessagePolicy":"FallbackToLogsOnError","volumeMounts":[{"mountPath":"/var/log/openshift-apiserver","name":"audit-dir"}]}],"restartPolicy":null,"schedulerName":null,"securityContext":null,"serviceAccount":null,"volumes":[{"hostPath":{"path":"/var/lib/kubelet/","type":"Directory"},"name":"node-pullsecrets"},{"configMap":{"name":"config"},"name":"config"},{"configMap":{"name":"audit-1"},"name":"audit"},{"name":"etcd-client","secret":{"defaultMode":384,"secretName":"etcd-client"}},{"configMap":{"name":"etcd-serving-ca"},"name":"etcd-serving-ca"},{"configMap":{"name":"image-import-ca","optional":true},"name":"image-import-ca"},{"name":"serving-cert","secret":{"defaultMode":384,"secretName":"serving-cert"}},{"configMap":{"items":[{"key":"ca-bundle.crt","path":"tls-ca-bundle.pem"}],"name":"trusted-ca-bundle","optional":true},"name":"trusted-ca-bundle"},{"name":"encryption-config","secret":{"defaultMode":384,"optional":true,"secretName":"encryption-config-1"}},{"hostPath":{"path":"/var/log/openshift-apiserver"},"name":"audit-dir"}]}}}}
2026-01-28T09:42:03.495043868Z I0128 09:42:03.494997       1 warnings.go:110] "Warning: spec.template.spec.nodeSelector[node-role.kubernetes.io/master]: use \"node-role.kubernetes.io/control-plane\" instead"
2026-01-28T09:42:03.496631607Z I0128 09:42:03.496595       1 event.go:377] Event(v1.ObjectReference{Kind:"Deployment", Namespace:"openshift-apiserver-operator", Name:"openshift-apiserver-operator", UID:"c99b71ce-12d2-4118-9140-e5c0a2e82958", APIVersion:"apps/v1", ResourceVersion:"", FieldPath:""}): type: 'Normal' reason: 'DeploymentUpdated' Updated Deployment.apps/apiserver -n openshift-apiserver because it changed
2026-01-28T09:42:03.517778971Z I0128 09:42:03.516457       1 connectivity_check_controller.go:172] ConnectivityCheckController is waiting for transition to desired version (4.20.0-0-2026-01-28-090915-test-ci-ln-vjb5l1t-latest) to be completed.
2026-01-28T09:42:03.518698346Z I0128 09:42:03.516942       1 event.go:377] Event(v1.ObjectReference{Kind:"Deployment", Namespace:"openshift-apiserver-operator", Name:"openshift-apiserver-operator", UID:"c99b71ce-12d2-4118-9140-e5c0a2e82958", APIVersion:"apps/v1", ResourceVersion:"", FieldPath:""}): type: 'Normal' reason: 'ObservedConfigChanged' Writing updated observed config:   map[string]any{
2026-01-28T09:42:03.518698346Z   	"apiServerArguments": map[string]any{"feature-gates": []any{string("AdditionalRoutingCapabilities=true"), string("AdminNetworkPolicy=true"), string("AlibabaPlatform=true"), string("AzureWorkloadIdentity=true"), ...}},
2026-01-28T09:42:03.518698346Z + 	"imagePolicyConfig": map[string]any{
2026-01-28T09:42:03.518698346Z + 		"internalRegistryHostname": string("image-registry.openshift-image-registry.svc:5000"),
2026-01-28T09:42:03.518698346Z + 	},
2026-01-28T09:42:03.518698346Z   	"projectConfig": map[string]any{"projectRequestMessage": string("")},
2026-01-28T09:42:03.518698346Z   	"routingConfig": map[string]any{"subdomain": string("apps.ci-ln-vjb5l1t-76ef8.XXXXXXXXXXXXXXXXXXXXXX")},
2026-01-28T09:42:03.518698346Z   	... // 2 identical entries
2026-01-28T09:42:03.518698346Z   }
2026-01-28T09:42:03.538641080Z I0128 09:42:03.538603       1 connectivity_check_controller.go:172] ConnectivityCheckController is waiting for transition to desired version (4.20.0-0-2026-01-28-090915-test-ci-ln-vjb5l1t-latest) to be completed.
2026-01-28T09:42:03.549611127Z I0128 09:42:03.549585       1 connectivity_check_controller.go:172] ConnectivityCheckController is waiting for transition to desired version (4.20.0-0-2026-01-28-090915-test-ci-ln-vjb5l1t-latest) to be completed.
2026-01-28T09:42:03.572204162Z I0128 09:42:03.572142       1 status_controller.go:229] clusteroperator/openshift-apiserver diff {"status":{"conditions":[{"lastTransitionTime":"2026-01-28T09:30:33Z","message":"All is well","reason":"AsExpected","status":"False","type":"Degraded"},{"lastTransitionTime":"2026-01-28T09:42:03Z","message":"APIServerDeploymentProgressing: deployment/apiserver.openshift-apiserver: observed generation is 5, desired generation is 6.","reason":"APIServerDeployment_NewGeneration","status":"True","type":"Progressing"},{"lastTransitionTime":"2026-01-28T09:40:55Z","message":"All is well","reason":"AsExpected","status":"True","type":"Available"},{"lastTransitionTime":"2026-01-28T09:30:34Z","message":"All is well","reason":"AsExpected","status":"True","type":"Upgradeable"},{"lastTransitionTime":"2026-01-28T09:30:33Z","reason":"NoData","status":"Unknown","type":"EvaluationConditionsDetected"}]}}
2026-01-28T09:42:03.577669965Z I0128 09:42:03.577640       1 connectivity_check_controller.go:172] ConnectivityCheckController is waiting for transition to desired version (4.20.0-0-2026-01-28-090915-test-ci-ln-vjb5l1t-latest) to be completed.
2026-01-28T09:42:03.606299981Z I0128 09:42:03.605696       1 event.go:377] Event(v1.ObjectReference{Kind:"Deployment", Namespace:"openshift-apiserver-operator", Name:"openshift-apiserver-operator", UID:"c99b71ce-12d2-4118-9140-e5c0a2e82958", APIVersion:"apps/v1", ResourceVersion:"", FieldPath:""}): type: 'Normal' reason: 'OperatorStatusChanged' Status for clusteroperator/openshift-apiserver changed: Progressing changed from False to True ("APIServerDeploymentProgressing: deployment/apiserver.openshift-apiserver: observed generation is 5, desired generation is 6.")
2026-01-28T09:42:03.648501644Z I0128 09:42:03.648461       1 connectivity_check_controller.go:172] ConnectivityCheckController is waiting for transition to desired version (4.20.0-0-2026-01-28-090915-test-ci-ln-vjb5l1t-latest) to be completed.
2026-01-28T09:42:03.659104372Z I0128 09:42:03.659068       1 connectivity_check_controller.go:172] ConnectivityCheckController is waiting for transition to desired version (4.20.0-0-2026-01-28-090915-test-ci-ln-vjb5l1t-latest) to be completed.
2026-01-28T09:42:03.686351440Z I0128 09:42:03.681789       1 connectivity_check_controller.go:172] ConnectivityCheckController is waiting for transition to desired version (4.20.0-0-2026-01-28-090915-test-ci-ln-vjb5l1t-latest) to be completed.
2026-01-28T09:42:04.004219188Z I0128 09:42:04.001689       1 connectivity_check_controller.go:172] ConnectivityCheckController is waiting for transition to desired version (4.20.0-0-2026-01-28-090915-test-ci-ln-vjb5l1t-latest) to be completed.
2026-01-28T09:42:04.169345766Z I0128 09:42:04.169306       1 connectivity_check_controller.go:172] ConnectivityCheckController is waiting for transition to desired version (4.20.0-0-2026-01-28-090915-test-ci-ln-vjb5l1t-latest) to be completed.
2026-01-28T09:42:04.171582127Z I0128 09:42:04.171561       1 connectivity_check_controller.go:172] ConnectivityCheckController is waiting for transition to desired version (4.20.0-0-2026-01-28-090915-test-ci-ln-vjb5l1t-latest) to be completed.
2026-01-28T09:42:04.171745375Z I0128 09:42:04.171730       1 connectivity_check_controller.go:172] ConnectivityCheckController is waiting for transition to desired version (4.20.0-0-2026-01-28-090915-test-ci-ln-vjb5l1t-latest) to be completed.
2026-01-28T09:42:04.172365546Z I0128 09:42:04.172341       1 connectivity_check_controller.go:172] ConnectivityCheckController is waiting for transition to desired version (4.20.0-0-2026-01-28-090915-test-ci-ln-vjb5l1t-latest) to be completed.
2026-01-28T09:42:04.172477932Z I0128 09:42:04.172458       1 connectivity_check_controller.go:172] ConnectivityCheckController is waiting for transition to desired version (4.20.0-0-2026-01-28-090915-test-ci-ln-vjb5l1t-latest) to be completed.
2026-01-28T09:42:04.366177073Z I0128 09:42:04.362566       1 connectivity_check_controller.go:172] ConnectivityCheckController is waiting for transition to desired version (4.20.0-0-2026-01-28-090915-test-ci-ln-vjb5l1t-latest) to be completed.
2026-01-28T09:42:04.405173756Z I0128 09:42:04.405132       1 connectivity_check_controller.go:172] ConnectivityCheckController is waiting for transition to desired version (4.20.0-0-2026-01-28-090915-test-ci-ln-vjb5l1t-latest) to be completed.
2026-01-28T09:42:04.410709502Z I0128 09:42:04.410616       1 connectivity_check_controller.go:172] ConnectivityCheckController is waiting for transition to desired version (4.20.0-0-2026-01-28-090915-test-ci-ln-vjb5l1t-latest) to be completed.
2026-01-28T09:42:04.416095900Z I0128 09:42:04.416073       1 connectivity_check_controller.go:172] ConnectivityCheckController is waiting for transition to desired version (4.20.0-0-2026-01-28-090915-test-ci-ln-vjb5l1t-latest) to be completed.
2026-01-28T09:42:04.496844504Z I0128 09:42:04.496288       1 connectivity_check_controller.go:172] ConnectivityCheckController is waiting for transition to desired version (4.20.0-0-2026-01-28-090915-test-ci-ln-vjb5l1t-latest) to be completed.
2026-01-28T09:42:04.736958348Z I0128 09:42:04.736917       1 connectivity_check_controller.go:172] ConnectivityCheckController is waiting for transition to desired version (4.20.0-0-2026-01-28-090915-test-ci-ln-vjb5l1t-latest) to be completed.
2026-01-28T09:42:04.747170627Z I0128 09:42:04.746242       1 connectivity_check_controller.go:172] ConnectivityCheckController is waiting for transition to desired version (4.20.0-0-2026-01-28-090915-test-ci-ln-vjb5l1t-latest) to be completed.
2026-01-28T09:42:04.766436137Z I0128 09:42:04.766403       1 connectivity_check_controller.go:172] ConnectivityCheckController is waiting for transition to desired version (4.20.0-0-2026-01-28-090915-test-ci-ln-vjb5l1t-latest) to be completed.
2026-01-28T09:42:04.766580834Z I0128 09:42:04.766567       1 connectivity_check_controller.go:172] ConnectivityCheckController is waiting for transition to desired version (4.20.0-0-2026-01-28-090915-test-ci-ln-vjb5l1t-latest) to be completed.
2026-01-28T09:42:04.767457607Z I0128 09:42:04.767414       1 connectivity_check_controller.go:172] ConnectivityCheckController is waiting for transition to desired version (4.20.0-0-2026-01-28-090915-test-ci-ln-vjb5l1t-latest) to be completed.
2026-01-28T09:42:04.999299979Z I0128 09:42:04.999239       1 core.go:352] ConfigMap "openshift-apiserver/config" changes: {"apiVersion":"v1","data":{"config.yaml":"{\"apiServerArguments\":{\"audit-log-format\":[\"json\"],\"audit-log-maxbackup\":[\"10\"],\"audit-log-maxsize\":[\"100\"],\"audit-log-path\":[\"/var/log/openshift-apiserver/audit.log\"],\"audit-policy-file\":[\"/var/run/configmaps/audit/policy.yaml\"],\"etcd-healthcheck-timeout\":[\"9s\"],\"etcd-readycheck-timeout\":[\"9s\"],\"feature-gates\":[\"AdditionalRoutingCapabilities=true\",\"AdminNetworkPolicy=true\",\"AlibabaPlatform=true\",\"AzureWorkloadIdentity=true\",\"BuildCSIVolumes=true\",\"CPMSMachineNamePrefix=true\",\"ConsolePluginContentSecurityPolicy=true\",\"ExternalOIDC=true\",\"ExternalOIDCWithUIDAndExtraClaimMappings=true\",\"GatewayAPI=true\",\"GatewayAPIController=true\",\"HighlyAvailableArbiter=true\",\"ImageVolume=true\",\"IngressControllerLBSubnetsAWS=true\",\"KMSv1=true\",\"MachineConfigNodes=true\",\"ManagedBootImages=true\",\"ManagedBootImagesAWS=true\",\"MetricsCollectionProfiles=true\",\"NetworkDiagnosticsConfig=true\",\"NetworkLiveMigration=true\",\"NetworkSegmentation=true\",\"NewOLM=true\",\"PinnedImages=true\",\"PreconfiguredUDNAddresses=true\",\"ProcMountType=true\",\"RouteAdvertisements=true\",\"RouteExternalCertificate=true\",\"ServiceAccountTokenNodeBinding=true\",\"SetEIPForNLBIngressController=true\",\"SigstoreImageVerification=true\",\"StoragePerformantSecurityPolicy=true\",\"UpgradeStatus=true\",\"UserNamespacesPodSecurityStandards=true\",\"UserNamespacesSupport=true\",\"VSphereMultiDisk=true\",\"VSphereMultiNetworks=true\",\"AWSClusterHostedDNS=false\",\"AWSClusterHostedDNSInstall=false\",\"AWSDedicatedHosts=false\",\"AWSServiceLBNetworkSecurityGroup=false\",\"AutomatedEtcdBackup=false\",\"AzureClusterHostedDNSInstall=false\",\"AzureDedicatedHosts=false\",\"AzureMultiDisk=false\",\"BootImageSkewEnforcement=false\",\"BootcNodeManagement=false\",\"ClusterAPIInstall=false\",\"ClusterAPIInstallIBMCloud=false\",\"ClusterMonitoringConfig=false\",\"ClusterVersionOperatorConfiguration=false\",\"DNSNameResolver=false\",\"DualReplica=false\",\"DyanmicServiceEndpointIBMCloud=false\",\"DynamicResourceAllocation=false\",\"EtcdBackendQuota=false\",\"EventedPLEG=false\",\"Example=false\",\"Example2=false\",\"ExternalSnapshotMetadata=false\",\"GCPClusterHostedDNS=false\",\"GCPClusterHostedDNSInstall=false\",\"GCPCustomAPIEndpoints=false\",\"GCPCustomAPIEndpointsInstall=false\",\"ImageModeStatusReporting=false\",\"ImageStreamImportMode=false\",\"IngressControllerDynamicConfigurationManager=false\",\"InsightsConfig=false\",\"InsightsConfigAPI=false\",\"InsightsOnDemandDataGather=false\",\"IrreconcilableMachineConfig=false\",\"KMSEncryptionProvider=false\",\"MachineAPIMigration=false\",\"MachineAPIOperatorDisableMachineHealthCheckController=false\",\"ManagedBootImagesAzure=false\",\"ManagedBootImagesvSphere=false\",\"MaxUnavailableStatefulSet=false\",\"MinimumKubeletVersion=false\",\"MixedCPUsAllocation=false\",\"MultiArchInstallAzure=false\",\"MultiDiskSetup=false\",\"MutatingAdmissionPolicy=false\",\"NewOLMCatalogdAPIV1Metas=false\",\"NewOLMOwnSingleNamespace=false\",\"NewOLMPreflightPermissionChecks=false\",\"NewOLMWebhookProviderOpenshiftServiceCA=false\",\"NoRegistryClusterOperations=false\",\"NodeSwap=false\",\"NutanixMultiSubnets=false\",\"OVNObservability=false\",\"OpenShiftPodSecurityAdmission=false\",\"SELinuxMount=false\",\"ShortCertRotation=false\",\"SignatureStores=false\",\"SigstoreImageVerificationPKI=false\",\"TranslateStreamCloseWebsocketRequests=false\",\"VSphereConfigurableMaxAllowedBlockVolumesPerNode=false\",\"VSphereHostVMGroupZonal=false\",\"VSphereMixedNodeEnv=false\",\"VolumeAttributesClass=false\",\"VolumeGroupSnapshot=false\"],\"shutdown-delay-duration\":[\"50s\"],\"shutdown-send-retry-after\":[\"true\"]},\"apiServers\":{\"perGroupOptions\":[]},\"apiVersion\":\"openshiftcontrolplane.config.openshift.io/v1\",\"imagePolicyConfig\":{\"internalRegistryHostname\":\"image-registry.openshift-image-registry.svc:5000\"},\"kind\":\"OpenShiftAPIServerConfig\",\"projectConfig\":{\"projectRequestMessage\":\"\"},\"routingConfig\":{\"subdomain\":\"apps.ci-ln-vjb5l1t-76ef8.XXXXXXXXXXXXXXXXXXXXXX\"},\"servingInfo\":{\"bindNetwork\":\"tcp\",\"cipherSuites\":[\"TLS_AES_128_GCM_SHA256\",\"TLS_AES_256_GCM_SHA384\",\"TLS_CHACHA20_POLY1305_SHA256\",\"TLS_ECDHE_ECDSA_WITH_AES_128_GCM_SHA256\",\"TLS_ECDHE_RSA_WITH_AES_128_GCM_SHA256\",\"TLS_ECDHE_ECDSA_WITH_AES_256_GCM_SHA384\",\"TLS_ECDHE_RSA_WITH_AES_256_GCM_SHA384\",\"TLS_ECDHE_ECDSA_WITH_CHACHA20_POLY1305_SHA256\",\"TLS_ECDHE_RSA_WITH_CHACHA20_POLY1305_SHA256\"],\"minTLSVersion\":\"VersionTLS12\"},\"storageConfig\":{\"urls\":[\"https://10.0.102.200:2379\",\"https://10.0.108.54:2379\",\"https://10.0.161.159:2379\",\"https://10.0.3.203:2379\"]}}"},"kind":"ConfigMap","metadata":{"creationTimestamp":null,"managedFields":null,"resourceVersion":null,"uid":null}}
2026-01-28T09:42:04.999679538Z I0128 09:42:04.999653       1 event.go:377] Event(v1.ObjectReference{Kind:"Deployment", Namespace:"openshift-apiserver-operator", Name:"openshift-apiserver-operator", UID:"c99b71ce-12d2-4118-9140-e5c0a2e82958", APIVersion:"apps/v1", ResourceVersion:"", FieldPath:""}): type: 'Normal' reason: 'ConfigMapUpdated' Updated ConfigMap/config -n openshift-apiserver:
2026-01-28T09:42:04.999679538Z cause by changes in data.config.yaml
2026-01-28T09:42:06.749688815Z I0128 09:42:06.749628       1 connectivity_check_controller.go:172] ConnectivityCheckController is waiting for transition to desired version (4.20.0-0-2026-01-28-090915-test-ci-ln-vjb5l1t-latest) to be completed.
2026-01-28T09:42:06.951137822Z I0128 09:42:06.951089       1 connectivity_check_controller.go:172] ConnectivityCheckController is waiting for transition to desired version (4.20.0-0-2026-01-28-090915-test-ci-ln-vjb5l1t-latest) to be completed.
2026-01-28T09:42:07.821565302Z I0128 09:42:07.821496       1 apps.go:155] Deployment "openshift-apiserver/apiserver" changes: {"metadata":{"annotations":{"operator.openshift.io/dep-desired.generation":"6","operator.openshift.io/dep-openshift-apiserver.config.configmap":"ktc-dQ==","operator.openshift.io/spec-hash":"c66504bb559c1f87e6c986110eebf2b2c66eda9cfb7f1d985e477f44c770da79"}},"spec":{"progressDeadlineSeconds":null,"revisionHistoryLimit":null,"template":{"metadata":{"annotations":{"operator.openshift.io/dep-desired.generation":"6","operator.openshift.io/dep-openshift-apiserver.config.configmap":"ktc-dQ=="}},"spec":{"containers":[{"args":["if [ -s /var/run/configmaps/trusted-ca-bundle/tls-ca-bundle.pem ]; then\n  echo \"Copying system trust bundle\"\n  cp -f /var/run/configmaps/trusted-ca-bundle/tls-ca-bundle.pem /etc/pki/ca-trust/extracted/pem/tls-ca-bundle.pem\nfi\nexec openshift-apiserver start --config=/var/run/configmaps/config/config.yaml -v=2\n"],"command":["/bin/bash","-ec"],"env":[{"name":"POD_NAME","valueFrom":{"fieldRef":{"fieldPath":"metadata.name"}}},{"name":"POD_NAMESPACE","valueFrom":{"fieldRef":{"fieldPath":"metadata.namespace"}}}],"image":"registry.build11.ci.openshift.org/ci-ln-vjb5l1t/stable@sha256:e1635e15282fbc5014166f94bca3bfd66ea67c8a39498c82c3df3644cd4ed329","imagePullPolicy":"IfNotPresent","livenessProbe":{"failureThreshold":3,"httpGet":{"path":"livez?exclude=etcd","port":8443,"scheme":"HTTPS"},"periodSeconds":10,"successThreshold":1,"timeoutSeconds":10},"name":"openshift-apiserver","ports":[{"containerPort":8443}],"readinessProbe":{"failureThreshold":3,"httpGet":{"path":"readyz?exclude=etcd\u0026exclude=etcd-readiness","port":8443,"scheme":"HTTPS"},"periodSeconds":5,"successThreshold":1,"timeoutSeconds":10},"resources":{"requests":{"cpu":"100m","memory":"200Mi"}},"securityContext":{"privileged":true,"readOnlyRootFilesystem":false,"runAsUser":0},"startupProbe":{"failureThreshold":30,"httpGet":{"path":"livez","port":8443,"scheme":"HTTPS"},"periodSeconds":5,"successThreshold":1,"timeoutSeconds":10},"terminationMessagePolicy":"FallbackToLogsOnError","volumeMounts":[{"mountPath":"/var/lib/kubelet/","name":"node-pullsecrets","readOnly":true},{"mountPath":"/var/run/configmaps/config","name":"config"},{"mountPath":"/var/run/configmaps/audit","name":"audit"},{"mountPath":"/var/run/secrets/etcd-client","name":"etcd-client"},{"mountPath":"/var/run/configmaps/etcd-serving-ca","name":"etcd-serving-ca"},{"mountPath":"/var/run/configmaps/image-import-ca","name":"image-import-ca"},{"mountPath":"/var/run/configmaps/trusted-ca-bundle","name":"trusted-ca-bundle"},{"mountPath":"/var/run/secrets/serving-cert","name":"serving-cert"},{"mountPath":"/var/run/secrets/encryption-config","name":"encryption-config"},{"mountPath":"/var/log/openshift-apiserver","name":"audit-dir"}]},{"args":["--listen","0.0.0.0:17698","--namespace","$(POD_NAMESPACE)","--v","2"],"command":["cluster-kube-apiserver-operator","check-endpoints"],"env":[{"name":"POD_NAME","valueFrom":{"fieldRef":{"fieldPath":"metadata.name"}}},{"name":"POD_NAMESPACE","valueFrom":{"fieldRef":{"fieldPath":"metadata.namespace"}}}],"image":"registry.build11.ci.openshift.org/ci-ln-vjb5l1t/stable@sha256:0554bda0a96d190367ed63955b942dd3552e1d90e8586dfd9f8879c964bf245d","imagePullPolicy":"IfNotPresent","name":"openshift-apiserver-check-endpoints","ports":[{"containerPort":17698,"name":"check-endpoints","protocol":"TCP"}],"resources":{"requests":{"cpu":"10m","memory":"50Mi"}},"terminationMessagePolicy":"FallbackToLogsOnError"}],"dnsPolicy":null,"initContainers":[{"command":["sh","-c","chmod 0700 /var/log/openshift-apiserver \u0026\u0026 touch /var/log/openshift-apiserver/audit.log \u0026\u0026 chmod 0600 /var/log/openshift-apiserver/*"],"image":"registry.build11.ci.openshift.org/ci-ln-vjb5l1t/stable@sha256:e1635e15282fbc5014166f94bca3bfd66ea67c8a39498c82c3df3644cd4ed329","imagePullPolicy":"IfNotPresent","name":"fix-audit-permissions","resources":{"requests":{"cpu":"15m","memory":"50Mi"}},"securityContext":{"privileged":true,"runAsUser":0},"terminationMessagePolicy":"FallbackToLogsOnError","volumeMounts":[{"mountPath":"/var/log/openshift-apiserver","name":"audit-dir"}]}],"restartPolicy":null,"schedulerName":null,"securityContext":null,"serviceAccount":null,"volumes":[{"hostPath":{"path":"/var/lib/kubelet/","type":"Directory"},"name":"node-pullsecrets"},{"configMap":{"name":"config"},"name":"config"},{"configMap":{"name":"audit-1"},"name":"audit"},{"name":"etcd-client","secret":{"defaultMode":384,"secretName":"etcd-client"}},{"configMap":{"name":"etcd-serving-ca"},"name":"etcd-serving-ca"},{"configMap":{"name":"image-import-ca","optional":true},"name":"image-import-ca"},{"name":"serving-cert","secret":{"defaultMode":384,"secretName":"serving-cert"}},{"configMap":{"items":[{"key":"ca-bundle.crt","path":"tls-ca-bundle.pem"}],"name":"trusted-ca-bundle","optional":true},"name":"trusted-ca-bundle"},{"name":"encryption-config","secret":{"defaultMode":384,"optional":true,"secretName":"encryption-config-1"}},{"hostPath":{"path":"/var/log/openshift-apiserver"},"name":"audit-dir"}]}}}}
2026-01-28T09:42:07.861446760Z I0128 09:42:07.860086       1 warnings.go:110] "Warning: spec.template.spec.nodeSelector[node-role.kubernetes.io/master]: use \"node-role.kubernetes.io/control-plane\" instead"
2026-01-28T09:42:07.861686772Z I0128 09:42:07.861520       1 event.go:377] Event(v1.ObjectReference{Kind:"Deployment", Namespace:"openshift-apiserver-operator", Name:"openshift-apiserver-operator", UID:"c99b71ce-12d2-4118-9140-e5c0a2e82958", APIVersion:"apps/v1", ResourceVersion:"", FieldPath:""}): type: 'Normal' reason: 'DeploymentUpdated' Updated Deployment.apps/apiserver -n openshift-apiserver because it changed
2026-01-28T09:42:07.889099758Z I0128 09:42:07.886438       1 status_controller.go:229] clusteroperator/openshift-apiserver diff {"status":{"conditions":[{"lastTransitionTime":"2026-01-28T09:30:33Z","message":"All is well","reason":"AsExpected","status":"False","type":"Degraded"},{"lastTransitionTime":"2026-01-28T09:42:03Z","message":"APIServerDeploymentProgressing: deployment/apiserver.openshift-apiserver: observed generation is 5, desired generation is 6.\nOperatorConfigProgressing: openshiftapiserveroperatorconfigs/instance: observed generation is 5, desired generation is 6.","reason":"APIServerDeployment_NewGeneration::OperatorConfig_NewGeneration","status":"True","type":"Progressing"},{"lastTransitionTime":"2026-01-28T09:40:55Z","message":"All is well","reason":"AsExpected","status":"True","type":"Available"},{"lastTransitionTime":"2026-01-28T09:30:34Z","message":"All is well","reason":"AsExpected","status":"True","type":"Upgradeable"},{"lastTransitionTime":"2026-01-28T09:30:33Z","reason":"NoData","status":"Unknown","type":"EvaluationConditionsDetected"}]}}
2026-01-28T09:42:07.889099758Z I0128 09:42:07.886712       1 connectivity_check_controller.go:172] ConnectivityCheckController is waiting for transition to desired version (4.20.0-0-2026-01-28-090915-test-ci-ln-vjb5l1t-latest) to be completed.
2026-01-28T09:42:07.904216211Z I0128 09:42:07.903089       1 connectivity_check_controller.go:172] ConnectivityCheckController is waiting for transition to desired version (4.20.0-0-2026-01-28-090915-test-ci-ln-vjb5l1t-latest) to be completed.
2026-01-28T09:42:07.907216980Z I0128 09:42:07.907175       1 connectivity_check_controller.go:172] ConnectivityCheckController is waiting for transition to desired version (4.20.0-0-2026-01-28-090915-test-ci-ln-vjb5l1t-latest) to be completed.
2026-01-28T09:42:07.939492208Z I0128 09:42:07.939311       1 event.go:377] Event(v1.ObjectReference{Kind:"Deployment", Namespace:"openshift-apiserver-operator", Name:"openshift-apiserver-operator", UID:"c99b71ce-12d2-4118-9140-e5c0a2e82958", APIVersion:"apps/v1", ResourceVersion:"", FieldPath:""}): type: 'Normal' reason: 'OperatorStatusChanged' Status for clusteroperator/openshift-apiserver changed: Progressing message changed from "APIServerDeploymentProgressing: deployment/apiserver.openshift-apiserver: observed generation is 5, desired generation is 6." to "APIServerDeploymentProgressing: deployment/apiserver.openshift-apiserver: observed generation is 5, desired generation is 6.\nOperatorConfigProgressing: openshiftapiserveroperatorconfigs/instance: observed generation is 5, desired generation is 6."
2026-01-28T09:42:07.952966120Z I0128 09:42:07.952824       1 connectivity_check_controller.go:172] ConnectivityCheckController is waiting for transition to desired version (4.20.0-0-2026-01-28-090915-test-ci-ln-vjb5l1t-latest) to be completed.
2026-01-28T09:42:07.963925606Z I0128 09:42:07.963871       1 connectivity_check_controller.go:172] ConnectivityCheckController is waiting for transition to desired version (4.20.0-0-2026-01-28-090915-test-ci-ln-vjb5l1t-latest) to be completed.
2026-01-28T09:42:07.993648837Z I0128 09:42:07.993605       1 connectivity_check_controller.go:172] ConnectivityCheckController is waiting for transition to desired version (4.20.0-0-2026-01-28-090915-test-ci-ln-vjb5l1t-latest) to be completed.
2026-01-28T09:42:08.015858473Z I0128 09:42:08.015795       1 status_controller.go:229] clusteroperator/openshift-apiserver diff {"status":{"conditions":[{"lastTransitionTime":"2026-01-28T09:30:33Z","message":"All is well","reason":"AsExpected","status":"False","type":"Degraded"},{"lastTransitionTime":"2026-01-28T09:42:03Z","message":"APIServerDeploymentProgressing: deployment/apiserver.openshift-apiserver: observed generation is 6, desired generation is 7.\nOperatorConfigProgressing: openshiftapiserveroperatorconfigs/instance: observed generation is 5, desired generation is 6.","reason":"APIServerDeployment_NewGeneration::OperatorConfig_NewGeneration","status":"True","type":"Progressing"},{"lastTransitionTime":"2026-01-28T09:40:55Z","message":"All is well","reason":"AsExpected","status":"True","type":"Available"},{"lastTransitionTime":"2026-01-28T09:30:34Z","message":"All is well","reason":"AsExpected","status":"True","type":"Upgradeable"},{"lastTransitionTime":"2026-01-28T09:30:33Z","reason":"NoData","status":"Unknown","type":"EvaluationConditionsDetected"}]}}
2026-01-28T09:42:08.016271794Z I0128 09:42:08.016248       1 connectivity_check_controller.go:172] ConnectivityCheckController is waiting for transition to desired version (4.20.0-0-2026-01-28-090915-test-ci-ln-vjb5l1t-latest) to be completed.
2026-01-28T09:42:08.031978357Z I0128 09:42:08.029975       1 event.go:377] Event(v1.ObjectReference{Kind:"Deployment", Namespace:"openshift-apiserver-operator", Name:"openshift-apiserver-operator", UID:"c99b71ce-12d2-4118-9140-e5c0a2e82958", APIVersion:"apps/v1", ResourceVersion:"", FieldPath:""}): type: 'Normal' reason: 'OperatorStatusChanged' Status for clusteroperator/openshift-apiserver changed: Progressing message changed from "APIServerDeploymentProgressing: deployment/apiserver.openshift-apiserver: observed generation is 5, desired generation is 6.\nOperatorConfigProgressing: openshiftapiserveroperatorconfigs/instance: observed generation is 5, desired generation is 6." to "APIServerDeploymentProgressing: deployment/apiserver.openshift-apiserver: observed generation is 6, desired generation is 7.\nOperatorConfigProgressing: openshiftapiserveroperatorconfigs/instance: observed generation is 5, desired generation is 6."
2026-01-28T09:42:09.569192070Z I0128 09:42:09.569147       1 connectivity_check_controller.go:172] ConnectivityCheckController is waiting for transition to desired version (4.20.0-0-2026-01-28-090915-test-ci-ln-vjb5l1t-latest) to be completed.
2026-01-28T09:42:11.423749436Z I0128 09:42:11.423702       1 status_controller.go:229] clusteroperator/openshift-apiserver diff {"status":{"conditions":[{"lastTransitionTime":"2026-01-28T09:30:33Z","message":"All is well","reason":"AsExpected","status":"False","type":"Degraded"},{"lastTransitionTime":"2026-01-28T09:42:03Z","message":"APIServerDeploymentProgressing: deployment/apiserver.openshift-apiserver: observed generation is 6, desired generation is 7.","reason":"APIServerDeployment_NewGeneration","status":"True","type":"Progressing"},{"lastTransitionTime":"2026-01-28T09:40:55Z","message":"All is well","reason":"AsExpected","status":"True","type":"Available"},{"lastTransitionTime":"2026-01-28T09:30:34Z","message":"All is well","reason":"AsExpected","status":"True","type":"Upgradeable"},{"lastTransitionTime":"2026-01-28T09:30:33Z","reason":"NoData","status":"Unknown","type":"EvaluationConditionsDetected"}]}}
2026-01-28T09:42:11.424100874Z I0128 09:42:11.424058       1 connectivity_check_controller.go:172] ConnectivityCheckController is waiting for transition to desired version (4.20.0-0-2026-01-28-090915-test-ci-ln-vjb5l1t-latest) to be completed.
2026-01-28T09:42:11.459831674Z I0128 09:42:11.458415       1 event.go:377] Event(v1.ObjectReference{Kind:"Deployment", Namespace:"openshift-apiserver-operator", Name:"openshift-apiserver-operator", UID:"c99b71ce-12d2-4118-9140-e5c0a2e82958", APIVersion:"apps/v1", ResourceVersion:"", FieldPath:""}): type: 'Normal' reason: 'OperatorStatusChanged' Status for clusteroperator/openshift-apiserver changed: Progressing message changed from "APIServerDeploymentProgressing: deployment/apiserver.openshift-apiserver: observed generation is 6, desired generation is 7.\nOperatorConfigProgressing: openshiftapiserveroperatorconfigs/instance: observed generation is 5, desired generation is 6." to "APIServerDeploymentProgressing: deployment/apiserver.openshift-apiserver: observed generation is 6, desired generation is 7."
2026-01-28T09:42:11.475707075Z I0128 09:42:11.465592       1 connectivity_check_controller.go:172] ConnectivityCheckController is waiting for transition to desired version (4.20.0-0-2026-01-28-090915-test-ci-ln-vjb5l1t-latest) to be completed.
2026-01-28T09:42:11.475707075Z I0128 09:42:11.471772       1 status_controller.go:229] clusteroperator/openshift-apiserver diff {"status":{"conditions":[{"lastTransitionTime":"2026-01-28T09:30:33Z","message":"All is well","reason":"AsExpected","status":"False","type":"Degraded"},{"lastTransitionTime":"2026-01-28T09:42:03Z","message":"APIServerDeploymentProgressing: deployment/apiserver.openshift-apiserver: 1/3 pods have been updated to the latest generation and 2/3 pods are available","reason":"APIServerDeployment_PodsUpdating","status":"True","type":"Progressing"},{"lastTransitionTime":"2026-01-28T09:40:55Z","message":"All is well","reason":"AsExpected","status":"True","type":"Available"},{"lastTransitionTime":"2026-01-28T09:30:34Z","message":"All is well","reason":"AsExpected","status":"True","type":"Upgradeable"},{"lastTransitionTime":"2026-01-28T09:30:33Z","reason":"NoData","status":"Unknown","type":"EvaluationConditionsDetected"}]}}
2026-01-28T09:42:11.510926060Z I0128 09:42:11.498064       1 event.go:377] Event(v1.ObjectReference{Kind:"Deployment", Namespace:"openshift-apiserver-operator", Name:"openshift-apiserver-operator", UID:"c99b71ce-12d2-4118-9140-e5c0a2e82958", APIVersion:"apps/v1", ResourceVersion:"", FieldPath:""}): type: 'Normal' reason: 'OperatorStatusChanged' Status for clusteroperator/openshift-apiserver changed: Progressing message changed from "APIServerDeploymentProgressing: deployment/apiserver.openshift-apiserver: observed generation is 6, desired generation is 7." to "APIServerDeploymentProgressing: deployment/apiserver.openshift-apiserver: 1/3 pods have been updated to the latest generation and 2/3 pods are available"
2026-01-28T09:42:14.430381804Z I0128 09:42:14.430320       1 connectivity_check_controller.go:172] ConnectivityCheckController is waiting for transition to desired version (4.20.0-0-2026-01-28-090915-test-ci-ln-vjb5l1t-latest) to be completed.
2026-01-28T09:42:14.496856138Z I0128 09:42:14.496817       1 connectivity_check_controller.go:172] ConnectivityCheckController is waiting for transition to desired version (4.20.0-0-2026-01-28-090915-test-ci-ln-vjb5l1t-latest) to be completed.
2026-01-28T09:42:15.412519837Z I0128 09:42:15.411443       1 connectivity_check_controller.go:172] ConnectivityCheckController is waiting for transition to desired version (4.20.0-0-2026-01-28-090915-test-ci-ln-vjb5l1t-latest) to be completed.
2026-01-28T09:42:18.144094641Z I0128 09:42:18.143980       1 connectivity_check_controller.go:172] ConnectivityCheckController is waiting for transition to desired version (4.20.0-0-2026-01-28-090915-test-ci-ln-vjb5l1t-latest) to be completed.
2026-01-28T09:42:19.910431708Z I0128 09:42:19.908786       1 connectivity_check_controller.go:172] ConnectivityCheckController is waiting for transition to desired version (4.20.0-0-2026-01-28-090915-test-ci-ln-vjb5l1t-latest) to be completed.
2026-01-28T09:42:20.325243668Z I0128 09:42:20.325181       1 connectivity_check_controller.go:172] ConnectivityCheckController is waiting for transition to desired version (4.20.0-0-2026-01-28-090915-test-ci-ln-vjb5l1t-latest) to be completed.
2026-01-28T09:42:22.276990914Z I0128 09:42:22.276664       1 connectivity_check_controller.go:172] ConnectivityCheckController is waiting for transition to desired version (4.20.0-0-2026-01-28-090915-test-ci-ln-vjb5l1t-latest) to be completed.
2026-01-28T09:42:22.451994058Z I0128 09:42:22.450870       1 connectivity_check_controller.go:172] ConnectivityCheckController is waiting for transition to desired version (4.20.0-0-2026-01-28-090915-test-ci-ln-vjb5l1t-latest) to be completed.
2026-01-28T09:42:22.988469127Z I0128 09:42:22.986614       1 connectivity_check_controller.go:172] ConnectivityCheckController is waiting for transition to desired version (4.20.0-0-2026-01-28-090915-test-ci-ln-vjb5l1t-latest) to be completed.
2026-01-28T09:42:23.016152104Z I0128 09:42:23.016097       1 connectivity_check_controller.go:172] ConnectivityCheckController is waiting for transition to desired version (4.20.0-0-2026-01-28-090915-test-ci-ln-vjb5l1t-latest) to be completed.
2026-01-28T09:42:24.689911689Z I0128 09:42:24.687512       1 connectivity_check_controller.go:172] ConnectivityCheckController is waiting for transition to desired version (4.20.0-0-2026-01-28-090915-test-ci-ln-vjb5l1t-latest) to be completed.
2026-01-28T09:42:24.844650892Z I0128 09:42:24.840813       1 connectivity_check_controller.go:172] ConnectivityCheckController is waiting for transition to desired version (4.20.0-0-2026-01-28-090915-test-ci-ln-vjb5l1t-latest) to be completed.
2026-01-28T09:42:25.328070701Z I0128 09:42:25.327529       1 connectivity_check_controller.go:172] ConnectivityCheckController is waiting for transition to desired version (4.20.0-0-2026-01-28-090915-test-ci-ln-vjb5l1t-latest) to be completed.
2026-01-28T09:42:25.375149226Z I0128 09:42:25.374922       1 connectivity_check_controller.go:172] ConnectivityCheckController is waiting for transition to desired version (4.20.0-0-2026-01-28-090915-test-ci-ln-vjb5l1t-latest) to be completed.
2026-01-28T09:42:25.390266733Z I0128 09:42:25.385572       1 connectivity_check_controller.go:172] ConnectivityCheckController is waiting for transition to desired version (4.20.0-0-2026-01-28-090915-test-ci-ln-vjb5l1t-latest) to be completed.
2026-01-28T09:42:25.406905844Z I0128 09:42:25.399474       1 connectivity_check_controller.go:172] ConnectivityCheckController is waiting for transition to desired version (4.20.0-0-2026-01-28-090915-test-ci-ln-vjb5l1t-latest) to be completed.
2026-01-28T09:42:25.697992783Z I0128 09:42:25.697570       1 connectivity_check_controller.go:172] ConnectivityCheckController is waiting for transition to desired version (4.20.0-0-2026-01-28-090915-test-ci-ln-vjb5l1t-latest) to be completed.
2026-01-28T09:42:25.747591383Z I0128 09:42:25.745493       1 connectivity_check_controller.go:172] ConnectivityCheckController is waiting for transition to desired version (4.20.0-0-2026-01-28-090915-test-ci-ln-vjb5l1t-latest) to be completed.
2026-01-28T09:42:27.150776262Z I0128 09:42:27.150738       1 connectivity_check_controller.go:172] ConnectivityCheckController is waiting for transition to desired version (4.20.0-0-2026-01-28-090915-test-ci-ln-vjb5l1t-latest) to be completed.
2026-01-28T09:42:29.601235559Z I0128 09:42:29.601199       1 connectivity_check_controller.go:172] ConnectivityCheckController is waiting for transition to desired version (4.20.0-0-2026-01-28-090915-test-ci-ln-vjb5l1t-latest) to be completed.
2026-01-28T09:42:29.630068945Z I0128 09:42:29.630006       1 connectivity_check_controller.go:172] ConnectivityCheckController is waiting for transition to desired version (4.20.0-0-2026-01-28-090915-test-ci-ln-vjb5l1t-latest) to be completed.
2026-01-28T09:42:29.874626578Z I0128 09:42:29.874557       1 connectivity_check_controller.go:172] ConnectivityCheckController is waiting for transition to desired version (4.20.0-0-2026-01-28-090915-test-ci-ln-vjb5l1t-latest) to be completed.
2026-01-28T09:42:29.885892389Z I0128 09:42:29.885857       1 connectivity_check_controller.go:172] ConnectivityCheckController is waiting for transition to desired version (4.20.0-0-2026-01-28-090915-test-ci-ln-vjb5l1t-latest) to be completed.
2026-01-28T09:42:30.492613444Z I0128 09:42:30.492577       1 connectivity_check_controller.go:172] ConnectivityCheckController is waiting for transition to desired version (4.20.0-0-2026-01-28-090915-test-ci-ln-vjb5l1t-latest) to be completed.
2026-01-28T09:42:30.797584376Z I0128 09:42:30.797543       1 connectivity_check_controller.go:172] ConnectivityCheckController is waiting for transition to desired version (4.20.0-0-2026-01-28-090915-test-ci-ln-vjb5l1t-latest) to be completed.
2026-01-28T09:42:32.135734448Z I0128 09:42:32.135698       1 connectivity_check_controller.go:172] ConnectivityCheckController is waiting for transition to desired version (4.20.0-0-2026-01-28-090915-test-ci-ln-vjb5l1t-latest) to be completed.
2026-01-28T09:42:32.144921706Z I0128 09:42:32.144841       1 connectivity_check_controller.go:172] ConnectivityCheckController is waiting for transition to desired version (4.20.0-0-2026-01-28-090915-test-ci-ln-vjb5l1t-latest) to be completed.
2026-01-28T09:42:34.801717308Z I0128 09:42:34.801673       1 connectivity_check_controller.go:172] ConnectivityCheckController is waiting for transition to desired version (4.20.0-0-2026-01-28-090915-test-ci-ln-vjb5l1t-latest) to be completed.
2026-01-28T09:42:35.469537626Z I0128 09:42:35.468138       1 connectivity_check_controller.go:172] ConnectivityCheckController is waiting for transition to desired version (4.20.0-0-2026-01-28-090915-test-ci-ln-vjb5l1t-latest) to be completed.
2026-01-28T09:42:39.236472201Z I0128 09:42:39.236436       1 connectivity_check_controller.go:172] ConnectivityCheckController is waiting for transition to desired version (4.20.0-0-2026-01-28-090915-test-ci-ln-vjb5l1t-latest) to be completed.
2026-01-28T09:42:39.831234890Z I0128 09:42:39.831130       1 connectivity_check_controller.go:172] ConnectivityCheckController is waiting for transition to desired version (4.20.0-0-2026-01-28-090915-test-ci-ln-vjb5l1t-latest) to be completed.
2026-01-28T09:42:41.170721619Z I0128 09:42:41.170678       1 connectivity_check_controller.go:172] ConnectivityCheckController is waiting for transition to desired version (4.20.0-0-2026-01-28-090915-test-ci-ln-vjb5l1t-latest) to be completed.
2026-01-28T09:42:44.277069216Z I0128 09:42:44.274644       1 connectivity_check_controller.go:172] ConnectivityCheckController is waiting for transition to desired version (4.20.0-0-2026-01-28-090915-test-ci-ln-vjb5l1t-latest) to be completed.
2026-01-28T09:42:44.499981825Z I0128 09:42:44.499925       1 connectivity_check_controller.go:172] ConnectivityCheckController is waiting for transition to desired version (4.20.0-0-2026-01-28-090915-test-ci-ln-vjb5l1t-latest) to be completed.
2026-01-28T09:42:44.837100084Z I0128 09:42:44.833800       1 connectivity_check_controller.go:172] ConnectivityCheckController is waiting for transition to desired version (4.20.0-0-2026-01-28-090915-test-ci-ln-vjb5l1t-latest) to be completed.
2026-01-28T09:42:45.900000762Z I0128 09:42:45.898539       1 connectivity_check_controller.go:172] ConnectivityCheckController is waiting for transition to desired version (4.20.0-0-2026-01-28-090915-test-ci-ln-vjb5l1t-latest) to be completed.
2026-01-28T09:42:49.272219494Z I0128 09:42:49.272175       1 connectivity_check_controller.go:172] ConnectivityCheckController is waiting for transition to desired version (4.20.0-0-2026-01-28-090915-test-ci-ln-vjb5l1t-latest) to be completed.
2026-01-28T09:42:54.874653289Z I0128 09:42:54.874587       1 connectivity_check_controller.go:172] ConnectivityCheckController is waiting for transition to desired version (4.20.0-0-2026-01-28-090915-test-ci-ln-vjb5l1t-latest) to be completed.
2026-01-28T09:42:56.287264079Z I0128 09:42:56.287227       1 connectivity_check_controller.go:172] ConnectivityCheckController is waiting for transition to desired version (4.20.0-0-2026-01-28-090915-test-ci-ln-vjb5l1t-latest) to be completed.
2026-01-28T09:42:56.462305129Z I0128 09:42:56.462269       1 connectivity_check_controller.go:172] ConnectivityCheckController is waiting for transition to desired version (4.20.0-0-2026-01-28-090915-test-ci-ln-vjb5l1t-latest) to be completed.
2026-01-28T09:42:57.846868411Z I0128 09:42:57.846822       1 connectivity_check_controller.go:172] ConnectivityCheckController is waiting for transition to desired version (4.20.0-0-2026-01-28-090915-test-ci-ln-vjb5l1t-latest) to be completed.
2026-01-28T09:43:00.941472454Z I0128 09:43:00.941388       1 connectivity_check_controller.go:172] ConnectivityCheckController is waiting for transition to desired version (4.20.0-0-2026-01-28-090915-test-ci-ln-vjb5l1t-latest) to be completed.
2026-01-28T09:43:05.578070995Z I0128 09:43:05.577985       1 event.go:377] Event(v1.ObjectReference{Kind:"Deployment", Namespace:"openshift-apiserver-operator", Name:"openshift-apiserver-operator", UID:"c99b71ce-12d2-4118-9140-e5c0a2e82958", APIVersion:"apps/v1", ResourceVersion:"", FieldPath:""}): type: 'Normal' reason: 'ObserveStorageUpdated' Updated storage urls to https://10.0.102.200:2379,https://10.0.108.54:2379,https://10.0.3.203:2379
2026-01-28T09:43:05.578806392Z I0128 09:43:05.578772       1 event.go:377] Event(v1.ObjectReference{Kind:"Deployment", Namespace:"openshift-apiserver-operator", Name:"openshift-apiserver-operator", UID:"c99b71ce-12d2-4118-9140-e5c0a2e82958", APIVersion:"apps/v1", ResourceVersion:"", FieldPath:""}): type: 'Normal' reason: 'ObservedConfigChanged' Writing updated observed config:   map[string]any{
2026-01-28T09:43:05.578806392Z   	... // 3 identical entries
2026-01-28T09:43:05.578806392Z   	"routingConfig": map[string]any{"subdomain": string("apps.ci-ln-vjb5l1t-76ef8.XXXXXXXXXXXXXXXXXXXXXX")},
2026-01-28T09:43:05.578806392Z   	"servingInfo":   map[string]any{"cipherSuites": []any{string("TLS_AES_128_GCM_SHA256"), string("TLS_AES_256_GCM_SHA384"), string("TLS_CHACHA20_POLY1305_SHA256"), string("TLS_ECDHE_ECDSA_WITH_AES_128_GCM_SHA256"), ...}, "minTLSVersion": string("VersionTLS12")},
2026-01-28T09:43:05.578806392Z   	"storageConfig": map[string]any{
2026-01-28T09:43:05.578806392Z   		"urls": []any{
2026-01-28T09:43:05.578806392Z   			string("https://10.0.102.200:2379"),
2026-01-28T09:43:05.578806392Z   			string("https://10.0.108.54:2379"),
2026-01-28T09:43:05.578806392Z - 			string("https://10.0.161.159:2379"),
2026-01-28T09:43:05.578806392Z   			string("https://10.0.3.203:2379"),
2026-01-28T09:43:05.578806392Z   		},
2026-01-28T09:43:05.578806392Z   	},
2026-01-28T09:43:05.578806392Z   }
2026-01-28T09:43:05.595826690Z I0128 09:43:05.595786       1 connectivity_check_controller.go:172] ConnectivityCheckController is waiting for transition to desired version (4.20.0-0-2026-01-28-090915-test-ci-ln-vjb5l1t-latest) to be completed.
2026-01-28T09:43:05.622837115Z I0128 09:43:05.622743       1 core.go:352] ConfigMap "openshift-apiserver/config" changes: {"apiVersion":"v1","data":{"config.yaml":"{\"apiServerArguments\":{\"audit-log-format\":[\"json\"],\"audit-log-maxbackup\":[\"10\"],\"audit-log-maxsize\":[\"100\"],\"audit-log-path\":[\"/var/log/openshift-apiserver/audit.log\"],\"audit-policy-file\":[\"/var/run/configmaps/audit/policy.yaml\"],\"etcd-healthcheck-timeout\":[\"9s\"],\"etcd-readycheck-timeout\":[\"9s\"],\"feature-gates\":[\"AdditionalRoutingCapabilities=true\",\"AdminNetworkPolicy=true\",\"AlibabaPlatform=true\",\"AzureWorkloadIdentity=true\",\"BuildCSIVolumes=true\",\"CPMSMachineNamePrefix=true\",\"ConsolePluginContentSecurityPolicy=true\",\"ExternalOIDC=true\",\"ExternalOIDCWithUIDAndExtraClaimMappings=true\",\"GatewayAPI=true\",\"GatewayAPIController=true\",\"HighlyAvailableArbiter=true\",\"ImageVolume=true\",\"IngressControllerLBSubnetsAWS=true\",\"KMSv1=true\",\"MachineConfigNodes=true\",\"ManagedBootImages=true\",\"ManagedBootImagesAWS=true\",\"MetricsCollectionProfiles=true\",\"NetworkDiagnosticsConfig=true\",\"NetworkLiveMigration=true\",\"NetworkSegmentation=true\",\"NewOLM=true\",\"PinnedImages=true\",\"PreconfiguredUDNAddresses=true\",\"ProcMountType=true\",\"RouteAdvertisements=true\",\"RouteExternalCertificate=true\",\"ServiceAccountTokenNodeBinding=true\",\"SetEIPForNLBIngressController=true\",\"SigstoreImageVerification=true\",\"StoragePerformantSecurityPolicy=true\",\"UpgradeStatus=true\",\"UserNamespacesPodSecurityStandards=true\",\"UserNamespacesSupport=true\",\"VSphereMultiDisk=true\",\"VSphereMultiNetworks=true\",\"AWSClusterHostedDNS=false\",\"AWSClusterHostedDNSInstall=false\",\"AWSDedicatedHosts=false\",\"AWSServiceLBNetworkSecurityGroup=false\",\"AutomatedEtcdBackup=false\",\"AzureClusterHostedDNSInstall=false\",\"AzureDedicatedHosts=false\",\"AzureMultiDisk=false\",\"BootImageSkewEnforcement=false\",\"BootcNodeManagement=false\",\"ClusterAPIInstall=false\",\"ClusterAPIInstallIBMCloud=false\",\"ClusterMonitoringConfig=false\",\"ClusterVersionOperatorConfiguration=false\",\"DNSNameResolver=false\",\"DualReplica=false\",\"DyanmicServiceEndpointIBMCloud=false\",\"DynamicResourceAllocation=false\",\"EtcdBackendQuota=false\",\"EventedPLEG=false\",\"Example=false\",\"Example2=false\",\"ExternalSnapshotMetadata=false\",\"GCPClusterHostedDNS=false\",\"GCPClusterHostedDNSInstall=false\",\"GCPCustomAPIEndpoints=false\",\"GCPCustomAPIEndpointsInstall=false\",\"ImageModeStatusReporting=false\",\"ImageStreamImportMode=false\",\"IngressControllerDynamicConfigurationManager=false\",\"InsightsConfig=false\",\"InsightsConfigAPI=false\",\"InsightsOnDemandDataGather=false\",\"IrreconcilableMachineConfig=false\",\"KMSEncryptionProvider=false\",\"MachineAPIMigration=false\",\"MachineAPIOperatorDisableMachineHealthCheckController=false\",\"ManagedBootImagesAzure=false\",\"ManagedBootImagesvSphere=false\",\"MaxUnavailableStatefulSet=false\",\"MinimumKubeletVersion=false\",\"MixedCPUsAllocation=false\",\"MultiArchInstallAzure=false\",\"MultiDiskSetup=false\",\"MutatingAdmissionPolicy=false\",\"NewOLMCatalogdAPIV1Metas=false\",\"NewOLMOwnSingleNamespace=false\",\"NewOLMPreflightPermissionChecks=false\",\"NewOLMWebhookProviderOpenshiftServiceCA=false\",\"NoRegistryClusterOperations=false\",\"NodeSwap=false\",\"NutanixMultiSubnets=false\",\"OVNObservability=false\",\"OpenShiftPodSecurityAdmission=false\",\"SELinuxMount=false\",\"ShortCertRotation=false\",\"SignatureStores=false\",\"SigstoreImageVerificationPKI=false\",\"TranslateStreamCloseWebsocketRequests=false\",\"VSphereConfigurableMaxAllowedBlockVolumesPerNode=false\",\"VSphereHostVMGroupZonal=false\",\"VSphereMixedNodeEnv=false\",\"VolumeAttributesClass=false\",\"VolumeGroupSnapshot=false\"],\"shutdown-delay-duration\":[\"50s\"],\"shutdown-send-retry-after\":[\"true\"]},\"apiServers\":{\"perGroupOptions\":[]},\"apiVersion\":\"openshiftcontrolplane.config.openshift.io/v1\",\"imagePolicyConfig\":{\"internalRegistryHostname\":\"image-registry.openshift-image-registry.svc:5000\"},\"kind\":\"OpenShiftAPIServerConfig\",\"projectConfig\":{\"projectRequestMessage\":\"\"},\"routingConfig\":{\"subdomain\":\"apps.ci-ln-vjb5l1t-76ef8.XXXXXXXXXXXXXXXXXXXXXX\"},\"servingInfo\":{\"bindNetwork\":\"tcp\",\"cipherSuites\":[\"TLS_AES_128_GCM_SHA256\",\"TLS_AES_256_GCM_SHA384\",\"TLS_CHACHA20_POLY1305_SHA256\",\"TLS_ECDHE_ECDSA_WITH_AES_128_GCM_SHA256\",\"TLS_ECDHE_RSA_WITH_AES_128_GCM_SHA256\",\"TLS_ECDHE_ECDSA_WITH_AES_256_GCM_SHA384\",\"TLS_ECDHE_RSA_WITH_AES_256_GCM_SHA384\",\"TLS_ECDHE_ECDSA_WITH_CHACHA20_POLY1305_SHA256\",\"TLS_ECDHE_RSA_WITH_CHACHA20_POLY1305_SHA256\"],\"minTLSVersion\":\"VersionTLS12\"},\"storageConfig\":{\"urls\":[\"https://10.0.102.200:2379\",\"https://10.0.108.54:2379\",\"https://10.0.3.203:2379\"]}}"},"kind":"ConfigMap","metadata":{"creationTimestamp":null,"managedFields":null,"resourceVersion":null,"uid":null}}
2026-01-28T09:43:05.624221464Z I0128 09:43:05.624187       1 event.go:377] Event(v1.ObjectReference{Kind:"Deployment", Namespace:"openshift-apiserver-operator", Name:"openshift-apiserver-operator", UID:"c99b71ce-12d2-4118-9140-e5c0a2e82958", APIVersion:"apps/v1", ResourceVersion:"", FieldPath:""}): type: 'Normal' reason: 'ConfigMapUpdated' Updated ConfigMap/config -n openshift-apiserver:
2026-01-28T09:43:05.624221464Z cause by changes in data.config.yaml
2026-01-28T09:43:06.116072944Z I0128 09:43:06.115995       1 connectivity_check_controller.go:172] ConnectivityCheckController is waiting for transition to desired version (4.20.0-0-2026-01-28-090915-test-ci-ln-vjb5l1t-latest) to be completed.
2026-01-28T09:43:06.411583054Z I0128 09:43:06.411514       1 apps.go:155] Deployment "openshift-apiserver/apiserver" changes: {"metadata":{"annotations":{"operator.openshift.io/dep-desired.generation":"7","operator.openshift.io/dep-openshift-apiserver.config.configmap":"_0ZOYQ==","operator.openshift.io/spec-hash":"171709af19850ecbec9f2a8d30249592edfbe9537a9c0b53ad5bff21adb3dcef"}},"spec":{"progressDeadlineSeconds":null,"revisionHistoryLimit":null,"template":{"metadata":{"annotations":{"operator.openshift.io/dep-desired.generation":"7","operator.openshift.io/dep-openshift-apiserver.config.configmap":"_0ZOYQ=="}},"spec":{"containers":[{"args":["if [ -s /var/run/configmaps/trusted-ca-bundle/tls-ca-bundle.pem ]; then\n  echo \"Copying system trust bundle\"\n  cp -f /var/run/configmaps/trusted-ca-bundle/tls-ca-bundle.pem /etc/pki/ca-trust/extracted/pem/tls-ca-bundle.pem\nfi\nexec openshift-apiserver start --config=/var/run/configmaps/config/config.yaml -v=2\n"],"command":["/bin/bash","-ec"],"env":[{"name":"POD_NAME","valueFrom":{"fieldRef":{"fieldPath":"metadata.name"}}},{"name":"POD_NAMESPACE","valueFrom":{"fieldRef":{"fieldPath":"metadata.namespace"}}}],"image":"registry.build11.ci.openshift.org/ci-ln-vjb5l1t/stable@sha256:e1635e15282fbc5014166f94bca3bfd66ea67c8a39498c82c3df3644cd4ed329","imagePullPolicy":"IfNotPresent","livenessProbe":{"failureThreshold":3,"httpGet":{"path":"livez?exclude=etcd","port":8443,"scheme":"HTTPS"},"periodSeconds":10,"successThreshold":1,"timeoutSeconds":10},"name":"openshift-apiserver","ports":[{"containerPort":8443}],"readinessProbe":{"failureThreshold":3,"httpGet":{"path":"readyz?exclude=etcd\u0026exclude=etcd-readiness","port":8443,"scheme":"HTTPS"},"periodSeconds":5,"successThreshold":1,"timeoutSeconds":10},"resources":{"requests":{"cpu":"100m","memory":"200Mi"}},"securityContext":{"privileged":true,"readOnlyRootFilesystem":false,"runAsUser":0},"startupProbe":{"failureThreshold":30,"httpGet":{"path":"livez","port":8443,"scheme":"HTTPS"},"periodSeconds":5,"successThreshold":1,"timeoutSeconds":10},"terminationMessagePolicy":"FallbackToLogsOnError","volumeMounts":[{"mountPath":"/var/lib/kubelet/","name":"node-pullsecrets","readOnly":true},{"mountPath":"/var/run/configmaps/config","name":"config"},{"mountPath":"/var/run/configmaps/audit","name":"audit"},{"mountPath":"/var/run/secrets/etcd-client","name":"etcd-client"},{"mountPath":"/var/run/configmaps/etcd-serving-ca","name":"etcd-serving-ca"},{"mountPath":"/var/run/configmaps/image-import-ca","name":"image-import-ca"},{"mountPath":"/var/run/configmaps/trusted-ca-bundle","name":"trusted-ca-bundle"},{"mountPath":"/var/run/secrets/serving-cert","name":"serving-cert"},{"mountPath":"/var/run/secrets/encryption-config","name":"encryption-config"},{"mountPath":"/var/log/openshift-apiserver","name":"audit-dir"}]},{"args":["--listen","0.0.0.0:17698","--namespace","$(POD_NAMESPACE)","--v","2"],"command":["cluster-kube-apiserver-operator","check-endpoints"],"env":[{"name":"POD_NAME","valueFrom":{"fieldRef":{"fieldPath":"metadata.name"}}},{"name":"POD_NAMESPACE","valueFrom":{"fieldRef":{"fieldPath":"metadata.namespace"}}}],"image":"registry.build11.ci.openshift.org/ci-ln-vjb5l1t/stable@sha256:0554bda0a96d190367ed63955b942dd3552e1d90e8586dfd9f8879c964bf245d","imagePullPolicy":"IfNotPresent","name":"openshift-apiserver-check-endpoints","ports":[{"containerPort":17698,"name":"check-endpoints","protocol":"TCP"}],"resources":{"requests":{"cpu":"10m","memory":"50Mi"}},"terminationMessagePolicy":"FallbackToLogsOnError"}],"dnsPolicy":null,"initContainers":[{"command":["sh","-c","chmod 0700 /var/log/openshift-apiserver \u0026\u0026 touch /var/log/openshift-apiserver/audit.log \u0026\u0026 chmod 0600 /var/log/openshift-apiserver/*"],"image":"registry.build11.ci.openshift.org/ci-ln-vjb5l1t/stable@sha256:e1635e15282fbc5014166f94bca3bfd66ea67c8a39498c82c3df3644cd4ed329","imagePullPolicy":"IfNotPresent","name":"fix-audit-permissions","resources":{"requests":{"cpu":"15m","memory":"50Mi"}},"securityContext":{"privileged":true,"runAsUser":0},"terminationMessagePolicy":"FallbackToLogsOnError","volumeMounts":[{"mountPath":"/var/log/openshift-apiserver","name":"audit-dir"}]}],"restartPolicy":null,"schedulerName":null,"securityContext":null,"serviceAccount":null,"volumes":[{"hostPath":{"path":"/var/lib/kubelet/","type":"Directory"},"name":"node-pullsecrets"},{"configMap":{"name":"config"},"name":"config"},{"configMap":{"name":"audit-1"},"name":"audit"},{"name":"etcd-client","secret":{"defaultMode":384,"secretName":"etcd-client"}},{"configMap":{"name":"etcd-serving-ca"},"name":"etcd-serving-ca"},{"configMap":{"name":"image-import-ca","optional":true},"name":"image-import-ca"},{"name":"serving-cert","secret":{"defaultMode":384,"secretName":"serving-cert"}},{"configMap":{"items":[{"key":"ca-bundle.crt","path":"tls-ca-bundle.pem"}],"name":"trusted-ca-bundle","optional":true},"name":"trusted-ca-bundle"},{"name":"encryption-config","secret":{"defaultMode":384,"optional":true,"secretName":"encryption-config-1"}},{"hostPath":{"path":"/var/log/openshift-apiserver"},"name":"audit-dir"}]}}}}
2026-01-28T09:43:06.421907919Z I0128 09:43:06.421873       1 warnings.go:110] "Warning: spec.template.spec.nodeSelector[node-role.kubernetes.io/master]: use \"node-role.kubernetes.io/control-plane\" instead"
2026-01-28T09:43:06.422831435Z I0128 09:43:06.422797       1 event.go:377] Event(v1.ObjectReference{Kind:"Deployment", Namespace:"openshift-apiserver-operator", Name:"openshift-apiserver-operator", UID:"c99b71ce-12d2-4118-9140-e5c0a2e82958", APIVersion:"apps/v1", ResourceVersion:"", FieldPath:""}): type: 'Normal' reason: 'DeploymentUpdated' Updated Deployment.apps/apiserver -n openshift-apiserver because it changed
2026-01-28T09:43:06.447657882Z I0128 09:43:06.445267       1 connectivity_check_controller.go:172] ConnectivityCheckController is waiting for transition to desired version (4.20.0-0-2026-01-28-090915-test-ci-ln-vjb5l1t-latest) to be completed.
2026-01-28T09:43:06.447657882Z I0128 09:43:06.446681       1 status_controller.go:229] clusteroperator/openshift-apiserver diff {"status":{"conditions":[{"lastTransitionTime":"2026-01-28T09:30:33Z","message":"All is well","reason":"AsExpected","status":"False","type":"Degraded"},{"lastTransitionTime":"2026-01-28T09:42:03Z","message":"APIServerDeploymentProgressing: deployment/apiserver.openshift-apiserver: 1/3 pods have been updated to the latest generation and 2/3 pods are available\nOperatorConfigProgressing: openshiftapiserveroperatorconfigs/instance: observed generation is 6, desired generation is 7.","reason":"APIServerDeployment_PodsUpdating::OperatorConfig_NewGeneration","status":"True","type":"Progressing"},{"lastTransitionTime":"2026-01-28T09:40:55Z","message":"All is well","reason":"AsExpected","status":"True","type":"Available"},{"lastTransitionTime":"2026-01-28T09:30:34Z","message":"All is well","reason":"AsExpected","status":"True","type":"Upgradeable"},{"lastTransitionTime":"2026-01-28T09:30:33Z","reason":"NoData","status":"Unknown","type":"EvaluationConditionsDetected"}]}}
2026-01-28T09:43:06.466149703Z I0128 09:43:06.466072       1 event.go:377] Event(v1.ObjectReference{Kind:"Deployment", Namespace:"openshift-apiserver-operator", Name:"openshift-apiserver-operator", UID:"c99b71ce-12d2-4118-9140-e5c0a2e82958", APIVersion:"apps/v1", ResourceVersion:"", FieldPath:""}): type: 'Normal' reason: 'OperatorStatusChanged' Status for clusteroperator/openshift-apiserver changed: Progressing message changed from "APIServerDeploymentProgressing: deployment/apiserver.openshift-apiserver: 1/3 pods have been updated to the latest generation and 2/3 pods are available" to "APIServerDeploymentProgressing: deployment/apiserver.openshift-apiserver: 1/3 pods have been updated to the latest generation and 2/3 pods are available\nOperatorConfigProgressing: openshiftapiserveroperatorconfigs/instance: observed generation is 6, desired generation is 7."
2026-01-28T09:43:06.482287416Z I0128 09:43:06.480491       1 connectivity_check_controller.go:172] ConnectivityCheckController is waiting for transition to desired version (4.20.0-0-2026-01-28-090915-test-ci-ln-vjb5l1t-latest) to be completed.
2026-01-28T09:43:06.495061633Z I0128 09:43:06.488161       1 connectivity_check_controller.go:172] ConnectivityCheckController is waiting for transition to desired version (4.20.0-0-2026-01-28-090915-test-ci-ln-vjb5l1t-latest) to be completed.
2026-01-28T09:43:06.495061633Z I0128 09:43:06.494290       1 connectivity_check_controller.go:172] ConnectivityCheckController is waiting for transition to desired version (4.20.0-0-2026-01-28-090915-test-ci-ln-vjb5l1t-latest) to be completed.
2026-01-28T09:43:06.550595739Z I0128 09:43:06.542597       1 connectivity_check_controller.go:172] ConnectivityCheckController is waiting for transition to desired version (4.20.0-0-2026-01-28-090915-test-ci-ln-vjb5l1t-latest) to be completed.
2026-01-28T09:43:06.570365604Z I0128 09:43:06.566517       1 connectivity_check_controller.go:172] ConnectivityCheckController is waiting for transition to desired version (4.20.0-0-2026-01-28-090915-test-ci-ln-vjb5l1t-latest) to be completed.
2026-01-28T09:43:06.586712448Z I0128 09:43:06.586561       1 connectivity_check_controller.go:172] ConnectivityCheckController is waiting for transition to desired version (4.20.0-0-2026-01-28-090915-test-ci-ln-vjb5l1t-latest) to be completed.
2026-01-28T09:43:06.588699197Z I0128 09:43:06.580769       1 status_controller.go:229] clusteroperator/openshift-apiserver diff {"status":{"conditions":[{"lastTransitionTime":"2026-01-28T09:30:33Z","message":"All is well","reason":"AsExpected","status":"False","type":"Degraded"},{"lastTransitionTime":"2026-01-28T09:42:03Z","message":"APIServerDeploymentProgressing: deployment/apiserver.openshift-apiserver: observed generation is 7, desired generation is 8.\nOperatorConfigProgressing: openshiftapiserveroperatorconfigs/instance: observed generation is 6, desired generation is 7.","reason":"APIServerDeployment_NewGeneration::OperatorConfig_NewGeneration","status":"True","type":"Progressing"},{"lastTransitionTime":"2026-01-28T09:40:55Z","message":"All is well","reason":"AsExpected","status":"True","type":"Available"},{"lastTransitionTime":"2026-01-28T09:30:34Z","message":"All is well","reason":"AsExpected","status":"True","type":"Upgradeable"},{"lastTransitionTime":"2026-01-28T09:30:33Z","reason":"NoData","status":"Unknown","type":"EvaluationConditionsDetected"}]}}
2026-01-28T09:43:06.602668683Z I0128 09:43:06.602629       1 event.go:377] Event(v1.ObjectReference{Kind:"Deployment", Namespace:"openshift-apiserver-operator", Name:"openshift-apiserver-operator", UID:"c99b71ce-12d2-4118-9140-e5c0a2e82958", APIVersion:"apps/v1", ResourceVersion:"", FieldPath:""}): type: 'Normal' reason: 'OperatorStatusChanged' Status for clusteroperator/openshift-apiserver changed: Progressing message changed from "APIServerDeploymentProgressing: deployment/apiserver.openshift-apiserver: 1/3 pods have been updated to the latest generation and 2/3 pods are available\nOperatorConfigProgressing: openshiftapiserveroperatorconfigs/instance: observed generation is 6, desired generation is 7." to "APIServerDeploymentProgressing: deployment/apiserver.openshift-apiserver: observed generation is 7, desired generation is 8.\nOperatorConfigProgressing: openshiftapiserveroperatorconfigs/instance: observed generation is 6, desired generation is 7."
2026-01-28T09:43:10.028193527Z I0128 09:43:10.028147       1 status_controller.go:229] clusteroperator/openshift-apiserver diff {"status":{"conditions":[{"lastTransitionTime":"2026-01-28T09:30:33Z","message":"All is well","reason":"AsExpected","status":"False","type":"Degraded"},{"lastTransitionTime":"2026-01-28T09:42:03Z","message":"APIServerDeploymentProgressing: deployment/apiserver.openshift-apiserver: observed generation is 7, desired generation is 8.","reason":"APIServerDeployment_NewGeneration","status":"True","type":"Progressing"},{"lastTransitionTime":"2026-01-28T09:40:55Z","message":"All is well","reason":"AsExpected","status":"True","type":"Available"},{"lastTransitionTime":"2026-01-28T09:30:34Z","message":"All is well","reason":"AsExpected","status":"True","type":"Upgradeable"},{"lastTransitionTime":"2026-01-28T09:30:33Z","reason":"NoData","status":"Unknown","type":"EvaluationConditionsDetected"}]}}
2026-01-28T09:43:10.028932364Z I0128 09:43:10.028900       1 connectivity_check_controller.go:172] ConnectivityCheckController is waiting for transition to desired version (4.20.0-0-2026-01-28-090915-test-ci-ln-vjb5l1t-latest) to be completed.
2026-01-28T09:43:10.043489169Z I0128 09:43:10.040891       1 event.go:377] Event(v1.ObjectReference{Kind:"Deployment", Namespace:"openshift-apiserver-operator", Name:"openshift-apiserver-operator", UID:"c99b71ce-12d2-4118-9140-e5c0a2e82958", APIVersion:"apps/v1", ResourceVersion:"", FieldPath:""}): type: 'Normal' reason: 'OperatorStatusChanged' Status for clusteroperator/openshift-apiserver changed: Progressing message changed from "APIServerDeploymentProgressing: deployment/apiserver.openshift-apiserver: observed generation is 7, desired generation is 8.\nOperatorConfigProgressing: openshiftapiserveroperatorconfigs/instance: observed generation is 6, desired generation is 7." to "APIServerDeploymentProgressing: deployment/apiserver.openshift-apiserver: observed generation is 7, desired generation is 8."
2026-01-28T09:43:10.049118000Z I0128 09:43:10.049090       1 status_controller.go:229] clusteroperator/openshift-apiserver diff {"status":{"conditions":[{"lastTransitionTime":"2026-01-28T09:30:33Z","message":"All is well","reason":"AsExpected","status":"False","type":"Degraded"},{"lastTransitionTime":"2026-01-28T09:42:03Z","message":"APIServerDeploymentProgressing: deployment/apiserver.openshift-apiserver: 1/3 pods have been updated to the latest generation and 2/3 pods are available","reason":"APIServerDeployment_PodsUpdating","status":"True","type":"Progressing"},{"lastTransitionTime":"2026-01-28T09:40:55Z","message":"All is well","reason":"AsExpected","status":"True","type":"Available"},{"lastTransitionTime":"2026-01-28T09:30:34Z","message":"All is well","reason":"AsExpected","status":"True","type":"Upgradeable"},{"lastTransitionTime":"2026-01-28T09:30:33Z","reason":"NoData","status":"Unknown","type":"EvaluationConditionsDetected"}]}}
2026-01-28T09:43:10.051628305Z I0128 09:43:10.051598       1 connectivity_check_controller.go:172] ConnectivityCheckController is waiting for transition to desired version (4.20.0-0-2026-01-28-090915-test-ci-ln-vjb5l1t-latest) to be completed.
2026-01-28T09:43:10.061070815Z I0128 09:43:10.060091       1 event.go:377] Event(v1.ObjectReference{Kind:"Deployment", Namespace:"openshift-apiserver-operator", Name:"openshift-apiserver-operator", UID:"c99b71ce-12d2-4118-9140-e5c0a2e82958", APIVersion:"apps/v1", ResourceVersion:"", FieldPath:""}): type: 'Normal' reason: 'OperatorStatusChanged' Status for clusteroperator/openshift-apiserver changed: Progressing message changed from "APIServerDeploymentProgressing: deployment/apiserver.openshift-apiserver: observed generation is 7, desired generation is 8." to "APIServerDeploymentProgressing: deployment/apiserver.openshift-apiserver: 1/3 pods have been updated to the latest generation and 2/3 pods are available"
2026-01-28T09:43:16.154870703Z I0128 09:43:16.151509       1 connectivity_check_controller.go:172] ConnectivityCheckController is waiting for transition to desired version (4.20.0-0-2026-01-28-090915-test-ci-ln-vjb5l1t-latest) to be completed.
2026-01-28T09:43:16.927589815Z I0128 09:43:16.926963       1 connectivity_check_controller.go:172] ConnectivityCheckController is waiting for transition to desired version (4.20.0-0-2026-01-28-090915-test-ci-ln-vjb5l1t-latest) to be completed.
2026-01-28T09:43:18.069450099Z I0128 09:43:18.064857       1 connectivity_check_controller.go:172] ConnectivityCheckController is waiting for transition to desired version (4.20.0-0-2026-01-28-090915-test-ci-ln-vjb5l1t-latest) to be completed.
2026-01-28T09:43:21.495396549Z I0128 09:43:21.491048       1 connectivity_check_controller.go:172] ConnectivityCheckController is waiting for transition to desired version (4.20.0-0-2026-01-28-090915-test-ci-ln-vjb5l1t-latest) to be completed.
2026-01-28T09:43:21.592488488Z I0128 09:43:21.590647       1 connectivity_check_controller.go:172] ConnectivityCheckController is waiting for transition to desired version (4.20.0-0-2026-01-28-090915-test-ci-ln-vjb5l1t-latest) to be completed.
2026-01-28T09:43:27.030380901Z I0128 09:43:27.029484       1 connectivity_check_controller.go:172] ConnectivityCheckController is waiting for transition to desired version (4.20.0-0-2026-01-28-090915-test-ci-ln-vjb5l1t-latest) to be completed.
2026-01-28T09:43:28.210865270Z I0128 09:43:28.210801       1 connectivity_check_controller.go:172] ConnectivityCheckController is waiting for transition to desired version (4.20.0-0-2026-01-28-090915-test-ci-ln-vjb5l1t-latest) to be completed.
2026-01-28T09:43:36.626229170Z I0128 09:43:36.626184       1 connectivity_check_controller.go:172] ConnectivityCheckController is waiting for transition to desired version (4.20.0-0-2026-01-28-090915-test-ci-ln-vjb5l1t-latest) to be completed.
2026-01-28T09:43:38.464888384Z I0128 09:43:38.464838       1 connectivity_check_controller.go:172] ConnectivityCheckController is waiting for transition to desired version (4.20.0-0-2026-01-28-090915-test-ci-ln-vjb5l1t-latest) to be completed.
2026-01-28T09:43:46.748275564Z I0128 09:43:46.748214       1 connectivity_check_controller.go:172] ConnectivityCheckController is waiting for transition to desired version (4.20.0-0-2026-01-28-090915-test-ci-ln-vjb5l1t-latest) to be completed.
2026-01-28T09:43:53.941986994Z I0128 09:43:53.941945       1 connectivity_check_controller.go:172] ConnectivityCheckController is waiting for transition to desired version (4.20.0-0-2026-01-28-090915-test-ci-ln-vjb5l1t-latest) to be completed.
2026-01-28T09:43:53.975212880Z I0128 09:43:53.975175       1 connectivity_check_controller.go:172] ConnectivityCheckController is waiting for transition to desired version (4.20.0-0-2026-01-28-090915-test-ci-ln-vjb5l1t-latest) to be completed.
2026-01-28T09:43:53.986971986Z I0128 09:43:53.986929       1 connectivity_check_controller.go:172] ConnectivityCheckController is waiting for transition to desired version (4.20.0-0-2026-01-28-090915-test-ci-ln-vjb5l1t-latest) to be completed.
2026-01-28T09:43:54.019746320Z I0128 09:43:54.017733       1 connectivity_check_controller.go:172] ConnectivityCheckController is waiting for transition to desired version (4.20.0-0-2026-01-28-090915-test-ci-ln-vjb5l1t-latest) to be completed.
2026-01-28T09:43:54.668355883Z I0128 09:43:54.668293       1 connectivity_check_controller.go:172] ConnectivityCheckController is waiting for transition to desired version (4.20.0-0-2026-01-28-090915-test-ci-ln-vjb5l1t-latest) to be completed.
2026-01-28T09:43:54.826343319Z I0128 09:43:54.826272       1 connectivity_check_controller.go:172] ConnectivityCheckController is waiting for transition to desired version (4.20.0-0-2026-01-28-090915-test-ci-ln-vjb5l1t-latest) to be completed.
2026-01-28T09:43:54.835250603Z I0128 09:43:54.835204       1 connectivity_check_controller.go:172] ConnectivityCheckController is waiting for transition to desired version (4.20.0-0-2026-01-28-090915-test-ci-ln-vjb5l1t-latest) to be completed.
2026-01-28T09:43:55.833515806Z I0128 09:43:55.833456       1 connectivity_check_controller.go:172] ConnectivityCheckController is waiting for transition to desired version (4.20.0-0-2026-01-28-090915-test-ci-ln-vjb5l1t-latest) to be completed.
2026-01-28T09:43:56.841257452Z I0128 09:43:56.841207       1 connectivity_check_controller.go:172] ConnectivityCheckController is waiting for transition to desired version (4.20.0-0-2026-01-28-090915-test-ci-ln-vjb5l1t-latest) to be completed.
2026-01-28T09:43:56.942381503Z I0128 09:43:56.942336       1 connectivity_check_controller.go:172] ConnectivityCheckController is waiting for transition to desired version (4.20.0-0-2026-01-28-090915-test-ci-ln-vjb5l1t-latest) to be completed.
2026-01-28T09:43:57.741731151Z I0128 09:43:57.741689       1 connectivity_check_controller.go:172] ConnectivityCheckController is waiting for transition to desired version (4.20.0-0-2026-01-28-090915-test-ci-ln-vjb5l1t-latest) to be completed.
2026-01-28T09:43:59.325253009Z I0128 09:43:59.325210       1 connectivity_check_controller.go:172] ConnectivityCheckController is waiting for transition to desired version (4.20.0-0-2026-01-28-090915-test-ci-ln-vjb5l1t-latest) to be completed.
2026-01-28T09:43:59.860523192Z I0128 09:43:59.860476       1 connectivity_check_controller.go:172] ConnectivityCheckController is waiting for transition to desired version (4.20.0-0-2026-01-28-090915-test-ci-ln-vjb5l1t-latest) to be completed.
2026-01-28T09:43:59.927142643Z I0128 09:43:59.921423       1 connectivity_check_controller.go:172] ConnectivityCheckController is waiting for transition to desired version (4.20.0-0-2026-01-28-090915-test-ci-ln-vjb5l1t-latest) to be completed.
2026-01-28T09:44:00.006912010Z I0128 09:44:00.005363       1 connectivity_check_controller.go:172] ConnectivityCheckController is waiting for transition to desired version (4.20.0-0-2026-01-28-090915-test-ci-ln-vjb5l1t-latest) to be completed.
2026-01-28T09:44:00.030007191Z I0128 09:44:00.029073       1 connectivity_check_controller.go:172] ConnectivityCheckController is waiting for transition to desired version (4.20.0-0-2026-01-28-090915-test-ci-ln-vjb5l1t-latest) to be completed.
2026-01-28T09:44:00.380382648Z I0128 09:44:00.380336       1 status_controller.go:229] clusteroperator/openshift-apiserver diff {"status":{"conditions":[{"lastTransitionTime":"2026-01-28T09:30:33Z","message":"All is well","reason":"AsExpected","status":"False","type":"Degraded"},{"lastTransitionTime":"2026-01-28T09:42:03Z","message":"APIServerDeploymentProgressing: deployment/apiserver.openshift-apiserver: 2/3 pods have been updated to the latest generation and 2/3 pods are available","reason":"APIServerDeployment_PodsUpdating","status":"True","type":"Progressing"},{"lastTransitionTime":"2026-01-28T09:40:55Z","message":"All is well","reason":"AsExpected","status":"True","type":"Available"},{"lastTransitionTime":"2026-01-28T09:30:34Z","message":"All is well","reason":"AsExpected","status":"True","type":"Upgradeable"},{"lastTransitionTime":"2026-01-28T09:30:33Z","reason":"NoData","status":"Unknown","type":"EvaluationConditionsDetected"}]}}
2026-01-28T09:44:00.381437280Z I0128 09:44:00.381409       1 connectivity_check_controller.go:172] ConnectivityCheckController is waiting for transition to desired version (4.20.0-0-2026-01-28-090915-test-ci-ln-vjb5l1t-latest) to be completed.
2026-01-28T09:44:00.395794156Z I0128 09:44:00.395733       1 event.go:377] Event(v1.ObjectReference{Kind:"Deployment", Namespace:"openshift-apiserver-operator", Name:"openshift-apiserver-operator", UID:"c99b71ce-12d2-4118-9140-e5c0a2e82958", APIVersion:"apps/v1", ResourceVersion:"", FieldPath:""}): type: 'Normal' reason: 'OperatorStatusChanged' Status for clusteroperator/openshift-apiserver changed: Progressing message changed from "APIServerDeploymentProgressing: deployment/apiserver.openshift-apiserver: 1/3 pods have been updated to the latest generation and 2/3 pods are available" to "APIServerDeploymentProgressing: deployment/apiserver.openshift-apiserver: 2/3 pods have been updated to the latest generation and 2/3 pods are available"
2026-01-28T09:44:02.297841583Z I0128 09:44:02.297779       1 connectivity_check_controller.go:172] ConnectivityCheckController is waiting for transition to desired version (4.20.0-0-2026-01-28-090915-test-ci-ln-vjb5l1t-latest) to be completed.
2026-01-28T09:44:02.354930208Z I0128 09:44:02.354745       1 connectivity_check_controller.go:172] ConnectivityCheckController is waiting for transition to desired version (4.20.0-0-2026-01-28-090915-test-ci-ln-vjb5l1t-latest) to be completed.
2026-01-28T09:44:08.051142484Z I0128 09:44:08.050773       1 connectivity_check_controller.go:172] ConnectivityCheckController is waiting for transition to desired version (4.20.0-0-2026-01-28-090915-test-ci-ln-vjb5l1t-latest) to be completed.
2026-01-28T09:44:10.210613394Z I0128 09:44:10.210571       1 connectivity_check_controller.go:172] ConnectivityCheckController is waiting for transition to desired version (4.20.0-0-2026-01-28-090915-test-ci-ln-vjb5l1t-latest) to be completed.
2026-01-28T09:44:12.479111580Z I0128 09:44:12.479063       1 connectivity_check_controller.go:172] ConnectivityCheckController is waiting for transition to desired version (4.20.0-0-2026-01-28-090915-test-ci-ln-vjb5l1t-latest) to be completed.
2026-01-28T09:44:18.359682758Z I0128 09:44:18.359491       1 connectivity_check_controller.go:172] ConnectivityCheckController is waiting for transition to desired version (4.20.0-0-2026-01-28-090915-test-ci-ln-vjb5l1t-latest) to be completed.
2026-01-28T09:44:22.632906745Z I0128 09:44:22.632818       1 connectivity_check_controller.go:172] ConnectivityCheckController is waiting for transition to desired version (4.20.0-0-2026-01-28-090915-test-ci-ln-vjb5l1t-latest) to be completed.
2026-01-28T09:44:22.768000823Z I0128 09:44:22.767939       1 connectivity_check_controller.go:172] ConnectivityCheckController is waiting for transition to desired version (4.20.0-0-2026-01-28-090915-test-ci-ln-vjb5l1t-latest) to be completed.
2026-01-28T09:44:33.007371949Z I0128 09:44:33.007334       1 connectivity_check_controller.go:172] ConnectivityCheckController is waiting for transition to desired version (4.20.0-0-2026-01-28-090915-test-ci-ln-vjb5l1t-latest) to be completed.
2026-01-28T09:44:43.330738836Z I0128 09:44:43.330662       1 connectivity_check_controller.go:172] ConnectivityCheckController is waiting for transition to desired version (4.20.0-0-2026-01-28-090915-test-ci-ln-vjb5l1t-latest) to be completed.
2026-01-28T09:44:44.501200161Z I0128 09:44:44.501161       1 connectivity_check_controller.go:172] ConnectivityCheckController is waiting for transition to desired version (4.20.0-0-2026-01-28-090915-test-ci-ln-vjb5l1t-latest) to be completed.
2026-01-28T09:44:53.354541739Z I0128 09:44:53.354400       1 connectivity_check_controller.go:172] ConnectivityCheckController is waiting for transition to desired version (4.20.0-0-2026-01-28-090915-test-ci-ln-vjb5l1t-latest) to be completed.
2026-01-28T09:45:10.465274735Z I0128 09:45:10.463222       1 connectivity_check_controller.go:172] ConnectivityCheckController is waiting for transition to desired version (4.20.0-0-2026-01-28-090915-test-ci-ln-vjb5l1t-latest) to be completed.
2026-01-28T09:45:20.677795482Z I0128 09:45:20.677743       1 connectivity_check_controller.go:172] ConnectivityCheckController is waiting for transition to desired version (4.20.0-0-2026-01-28-090915-test-ci-ln-vjb5l1t-latest) to be completed.
2026-01-28T09:45:50.262121059Z I0128 09:45:50.262067       1 connectivity_check_controller.go:172] ConnectivityCheckController is waiting for transition to desired version (4.20.0-0-2026-01-28-090915-test-ci-ln-vjb5l1t-latest) to be completed.
2026-01-28T09:45:50.276616661Z I0128 09:45:50.276486       1 connectivity_check_controller.go:172] ConnectivityCheckController is waiting for transition to desired version (4.20.0-0-2026-01-28-090915-test-ci-ln-vjb5l1t-latest) to be completed.
2026-01-28T09:45:50.290471000Z I0128 09:45:50.290419       1 connectivity_check_controller.go:172] ConnectivityCheckController is waiting for transition to desired version (4.20.0-0-2026-01-28-090915-test-ci-ln-vjb5l1t-latest) to be completed.
2026-01-28T09:45:50.304735041Z I0128 09:45:50.304703       1 connectivity_check_controller.go:172] ConnectivityCheckController is waiting for transition to desired version (4.20.0-0-2026-01-28-090915-test-ci-ln-vjb5l1t-latest) to be completed.
2026-01-28T09:45:50.935255954Z I0128 09:45:50.935212       1 connectivity_check_controller.go:172] ConnectivityCheckController is waiting for transition to desired version (4.20.0-0-2026-01-28-090915-test-ci-ln-vjb5l1t-latest) to be completed.
2026-01-28T09:45:51.072884204Z I0128 09:45:51.072843       1 connectivity_check_controller.go:172] ConnectivityCheckController is waiting for transition to desired version (4.20.0-0-2026-01-28-090915-test-ci-ln-vjb5l1t-latest) to be completed.
2026-01-28T09:45:51.078641121Z I0128 09:45:51.078612       1 connectivity_check_controller.go:172] ConnectivityCheckController is waiting for transition to desired version (4.20.0-0-2026-01-28-090915-test-ci-ln-vjb5l1t-latest) to be completed.
2026-01-28T09:45:52.063381724Z I0128 09:45:52.063317       1 connectivity_check_controller.go:172] ConnectivityCheckController is waiting for transition to desired version (4.20.0-0-2026-01-28-090915-test-ci-ln-vjb5l1t-latest) to be completed.
2026-01-28T09:45:53.076988805Z I0128 09:45:53.076934       1 connectivity_check_controller.go:172] ConnectivityCheckController is waiting for transition to desired version (4.20.0-0-2026-01-28-090915-test-ci-ln-vjb5l1t-latest) to be completed.
2026-01-28T09:45:55.625981908Z I0128 09:45:55.625937       1 connectivity_check_controller.go:172] ConnectivityCheckController is waiting for transition to desired version (4.20.0-0-2026-01-28-090915-test-ci-ln-vjb5l1t-latest) to be completed.
2026-01-28T09:45:56.129980834Z I0128 09:45:56.129932       1 connectivity_check_controller.go:172] ConnectivityCheckController is waiting for transition to desired version (4.20.0-0-2026-01-28-090915-test-ci-ln-vjb5l1t-latest) to be completed.
2026-01-28T09:45:56.230805582Z I0128 09:45:56.229898       1 connectivity_check_controller.go:172] ConnectivityCheckController is waiting for transition to desired version (4.20.0-0-2026-01-28-090915-test-ci-ln-vjb5l1t-latest) to be completed.
2026-01-28T09:45:56.335100373Z I0128 09:45:56.335050       1 connectivity_check_controller.go:172] ConnectivityCheckController is waiting for transition to desired version (4.20.0-0-2026-01-28-090915-test-ci-ln-vjb5l1t-latest) to be completed.
2026-01-28T09:45:56.363417112Z I0128 09:45:56.363372       1 connectivity_check_controller.go:172] ConnectivityCheckController is waiting for transition to desired version (4.20.0-0-2026-01-28-090915-test-ci-ln-vjb5l1t-latest) to be completed.
2026-01-28T09:45:56.691486582Z I0128 09:45:56.691409       1 connectivity_check_controller.go:172] ConnectivityCheckController is waiting for transition to desired version (4.20.0-0-2026-01-28-090915-test-ci-ln-vjb5l1t-latest) to be completed.
2026-01-28T09:45:56.694212617Z I0128 09:45:56.694169       1 status_controller.go:229] clusteroperator/openshift-apiserver diff {"status":{"conditions":[{"lastTransitionTime":"2026-01-28T09:30:33Z","message":"All is well","reason":"AsExpected","status":"False","type":"Degraded"},{"lastTransitionTime":"2026-01-28T09:42:03Z","message":"APIServerDeploymentProgressing: deployment/apiserver.openshift-apiserver: 3/3 pods have been updated to the latest generation and 2/3 pods are available","reason":"APIServerDeployment_PodsUpdating","status":"True","type":"Progressing"},{"lastTransitionTime":"2026-01-28T09:40:55Z","message":"All is well","reason":"AsExpected","status":"True","type":"Available"},{"lastTransitionTime":"2026-01-28T09:30:34Z","message":"All is well","reason":"AsExpected","status":"True","type":"Upgradeable"},{"lastTransitionTime":"2026-01-28T09:30:33Z","reason":"NoData","status":"Unknown","type":"EvaluationConditionsDetected"}]}}
2026-01-28T09:45:56.711456816Z I0128 09:45:56.711015       1 event.go:377] Event(v1.ObjectReference{Kind:"Deployment", Namespace:"openshift-apiserver-operator", Name:"openshift-apiserver-operator", UID:"c99b71ce-12d2-4118-9140-e5c0a2e82958", APIVersion:"apps/v1", ResourceVersion:"", FieldPath:""}): type: 'Normal' reason: 'OperatorStatusChanged' Status for clusteroperator/openshift-apiserver changed: Progressing message changed from "APIServerDeploymentProgressing: deployment/apiserver.openshift-apiserver: 2/3 pods have been updated to the latest generation and 2/3 pods are available" to "APIServerDeploymentProgressing: deployment/apiserver.openshift-apiserver: 3/3 pods have been updated to the latest generation and 2/3 pods are available"
2026-01-28T09:46:07.230146918Z I0128 09:46:07.230053       1 connectivity_check_controller.go:172] ConnectivityCheckController is waiting for transition to desired version (4.20.0-0-2026-01-28-090915-test-ci-ln-vjb5l1t-latest) to be completed.
2026-01-28T09:46:15.042865848Z I0128 09:46:15.042820       1 connectivity_check_controller.go:172] ConnectivityCheckController is waiting for transition to desired version (4.20.0-0-2026-01-28-090915-test-ci-ln-vjb5l1t-latest) to be completed.
2026-01-28T09:46:16.418732053Z I0128 09:46:16.418692       1 warnings.go:110] "Warning: v1 Endpoints is deprecated in v1.33+; use discovery.k8s.io/v1 EndpointSlice"
2026-01-28T09:46:25.186094204Z I0128 09:46:25.185539       1 connectivity_check_controller.go:172] ConnectivityCheckController is waiting for transition to desired version (4.20.0-0-2026-01-28-090915-test-ci-ln-vjb5l1t-latest) to be completed.
2026-01-28T09:46:25.709944420Z I0128 09:46:25.707883       1 connectivity_check_controller.go:172] ConnectivityCheckController is waiting for transition to desired version (4.20.0-0-2026-01-28-090915-test-ci-ln-vjb5l1t-latest) to be completed.
2026-01-28T09:46:42.297117880Z I0128 09:46:42.296530       1 connectivity_check_controller.go:172] ConnectivityCheckController is waiting for transition to desired version (4.20.0-0-2026-01-28-090915-test-ci-ln-vjb5l1t-latest) to be completed.
2026-01-28T09:46:43.278434759Z I0128 09:46:43.278384       1 connectivity_check_controller.go:172] ConnectivityCheckController is waiting for transition to desired version (4.20.0-0-2026-01-28-090915-test-ci-ln-vjb5l1t-latest) to be completed.
2026-01-28T09:46:46.436680088Z I0128 09:46:46.434425       1 connectivity_check_controller.go:172] ConnectivityCheckController is waiting for transition to desired version (4.20.0-0-2026-01-28-090915-test-ci-ln-vjb5l1t-latest) to be completed.
2026-01-28T09:46:55.082581498Z I0128 09:46:55.082129       1 connectivity_check_controller.go:172] ConnectivityCheckController is waiting for transition to desired version (4.20.0-0-2026-01-28-090915-test-ci-ln-vjb5l1t-latest) to be completed.
2026-01-28T09:46:55.537613125Z I0128 09:46:55.533826       1 connectivity_check_controller.go:172] ConnectivityCheckController is waiting for transition to desired version (4.20.0-0-2026-01-28-090915-test-ci-ln-vjb5l1t-latest) to be completed.
2026-01-28T09:47:00.318201929Z I0128 09:47:00.318157       1 connectivity_check_controller.go:172] ConnectivityCheckController is waiting for transition to desired version (4.20.0-0-2026-01-28-090915-test-ci-ln-vjb5l1t-latest) to be completed.
2026-01-28T09:47:05.293108289Z I0128 09:47:05.291785       1 connectivity_check_controller.go:172] ConnectivityCheckController is waiting for transition to desired version (4.20.0-0-2026-01-28-090915-test-ci-ln-vjb5l1t-latest) to be completed.
2026-01-28T09:47:05.431790931Z I0128 09:47:05.431749       1 warnings.go:110] "Warning: v1 Endpoints is deprecated in v1.33+; use discovery.k8s.io/v1 EndpointSlice"
2026-01-28T09:47:05.926209579Z I0128 09:47:05.924647       1 connectivity_check_controller.go:172] ConnectivityCheckController is waiting for transition to desired version (4.20.0-0-2026-01-28-090915-test-ci-ln-vjb5l1t-latest) to be completed.
2026-01-28T09:47:06.684166973Z I0128 09:47:06.682735       1 connectivity_check_controller.go:172] ConnectivityCheckController is waiting for transition to desired version (4.20.0-0-2026-01-28-090915-test-ci-ln-vjb5l1t-latest) to be completed.
2026-01-28T09:47:16.887359654Z I0128 09:47:16.881967       1 connectivity_check_controller.go:172] ConnectivityCheckController is waiting for transition to desired version (4.20.0-0-2026-01-28-090915-test-ci-ln-vjb5l1t-latest) to be completed.
2026-01-28T09:47:29.503764761Z I0128 09:47:29.503712       1 connectivity_check_controller.go:172] ConnectivityCheckController is waiting for transition to desired version (4.20.0-0-2026-01-28-090915-test-ci-ln-vjb5l1t-latest) to be completed.
2026-01-28T09:47:43.234663089Z I0128 09:47:43.233590       1 connectivity_check_controller.go:172] ConnectivityCheckController is waiting for transition to desired version (4.20.0-0-2026-01-28-090915-test-ci-ln-vjb5l1t-latest) to be completed.
2026-01-28T09:47:46.597178440Z I0128 09:47:46.597121       1 connectivity_check_controller.go:172] ConnectivityCheckController is waiting for transition to desired version (4.20.0-0-2026-01-28-090915-test-ci-ln-vjb5l1t-latest) to be completed.
2026-01-28T09:47:46.609754786Z I0128 09:47:46.609725       1 connectivity_check_controller.go:172] ConnectivityCheckController is waiting for transition to desired version (4.20.0-0-2026-01-28-090915-test-ci-ln-vjb5l1t-latest) to be completed.
2026-01-28T09:47:46.638618053Z I0128 09:47:46.638480       1 connectivity_check_controller.go:172] ConnectivityCheckController is waiting for transition to desired version (4.20.0-0-2026-01-28-090915-test-ci-ln-vjb5l1t-latest) to be completed.
2026-01-28T09:47:46.663829888Z I0128 09:47:46.663772       1 connectivity_check_controller.go:172] ConnectivityCheckController is waiting for transition to desired version (4.20.0-0-2026-01-28-090915-test-ci-ln-vjb5l1t-latest) to be completed.
2026-01-28T09:47:47.325971953Z I0128 09:47:47.325928       1 connectivity_check_controller.go:172] ConnectivityCheckController is waiting for transition to desired version (4.20.0-0-2026-01-28-090915-test-ci-ln-vjb5l1t-latest) to be completed.
2026-01-28T09:47:47.355769226Z I0128 09:47:47.355732       1 connectivity_check_controller.go:172] ConnectivityCheckController is waiting for transition to desired version (4.20.0-0-2026-01-28-090915-test-ci-ln-vjb5l1t-latest) to be completed.
2026-01-28T09:47:47.369400064Z I0128 09:47:47.369369       1 connectivity_check_controller.go:172] ConnectivityCheckController is waiting for transition to desired version (4.20.0-0-2026-01-28-090915-test-ci-ln-vjb5l1t-latest) to be completed.
2026-01-28T09:47:48.360900585Z I0128 09:47:48.360859       1 connectivity_check_controller.go:172] ConnectivityCheckController is waiting for transition to desired version (4.20.0-0-2026-01-28-090915-test-ci-ln-vjb5l1t-latest) to be completed.
2026-01-28T09:47:49.379995971Z I0128 09:47:49.379944       1 connectivity_check_controller.go:172] ConnectivityCheckController is waiting for transition to desired version (4.20.0-0-2026-01-28-090915-test-ci-ln-vjb5l1t-latest) to be completed.
2026-01-28T09:47:51.299285361Z I0128 09:47:51.299198       1 connectivity_check_controller.go:172] ConnectivityCheckController is waiting for transition to desired version (4.20.0-0-2026-01-28-090915-test-ci-ln-vjb5l1t-latest) to be completed.
2026-01-28T09:47:51.988142231Z I0128 09:47:51.988012       1 connectivity_check_controller.go:172] ConnectivityCheckController is waiting for transition to desired version (4.20.0-0-2026-01-28-090915-test-ci-ln-vjb5l1t-latest) to be completed.
2026-01-28T09:47:52.381831023Z I0128 09:47:52.381548       1 connectivity_check_controller.go:172] ConnectivityCheckController is waiting for transition to desired version (4.20.0-0-2026-01-28-090915-test-ci-ln-vjb5l1t-latest) to be completed.
2026-01-28T09:47:53.028474247Z I0128 09:47:53.028432       1 status_controller.go:229] clusteroperator/openshift-apiserver diff {"status":{"conditions":[{"lastTransitionTime":"2026-01-28T09:30:33Z","message":"All is well","reason":"AsExpected","status":"False","type":"Degraded"},{"lastTransitionTime":"2026-01-28T09:47:53Z","message":"All is well","reason":"AsExpected","status":"False","type":"Progressing"},{"lastTransitionTime":"2026-01-28T09:40:55Z","message":"All is well","reason":"AsExpected","status":"True","type":"Available"},{"lastTransitionTime":"2026-01-28T09:30:34Z","message":"All is well","reason":"AsExpected","status":"True","type":"Upgradeable"},{"lastTransitionTime":"2026-01-28T09:30:33Z","reason":"NoData","status":"Unknown","type":"EvaluationConditionsDetected"}]}}
2026-01-28T09:47:53.030084707Z I0128 09:47:53.029919       1 connectivity_check_controller.go:172] ConnectivityCheckController is waiting for transition to desired version (4.20.0-0-2026-01-28-090915-test-ci-ln-vjb5l1t-latest) to be completed.
2026-01-28T09:47:53.045044510Z I0128 09:47:53.039903       1 event.go:377] Event(v1.ObjectReference{Kind:"Deployment", Namespace:"openshift-apiserver-operator", Name:"openshift-apiserver-operator", UID:"c99b71ce-12d2-4118-9140-e5c0a2e82958", APIVersion:"apps/v1", ResourceVersion:"", FieldPath:""}): type: 'Normal' reason: 'OperatorStatusChanged' Status for clusteroperator/openshift-apiserver changed: Progressing changed from True to False ("All is well")
2026-01-28T09:47:53.400837680Z I0128 09:47:53.400310       1 connectivity_check_controller.go:172] ConnectivityCheckController is waiting for transition to desired version (4.20.0-0-2026-01-28-090915-test-ci-ln-vjb5l1t-latest) to be completed.
2026-01-28T09:47:56.900202218Z I0128 09:47:56.900158       1 connectivity_check_controller.go:172] ConnectivityCheckController is waiting for transition to desired version (4.20.0-0-2026-01-28-090915-test-ci-ln-vjb5l1t-latest) to be completed.
2026-01-28T09:48:01.526535425Z I0128 09:48:01.525189       1 connectivity_check_controller.go:172] ConnectivityCheckController is waiting for transition to desired version (4.20.0-0-2026-01-28-090915-test-ci-ln-vjb5l1t-latest) to be completed.
2026-01-28T09:48:06.137285838Z I0128 09:48:06.137235       1 connectivity_check_controller.go:172] ConnectivityCheckController is waiting for transition to desired version (4.20.0-0-2026-01-28-090915-test-ci-ln-vjb5l1t-latest) to be completed.
2026-01-28T09:48:07.203568683Z I0128 09:48:07.203520       1 connectivity_check_controller.go:172] ConnectivityCheckController is waiting for transition to desired version (4.20.0-0-2026-01-28-090915-test-ci-ln-vjb5l1t-latest) to be completed.
2026-01-28T09:48:16.405914697Z I0128 09:48:16.405866       1 connectivity_check_controller.go:172] ConnectivityCheckController is waiting for transition to desired version (4.20.0-0-2026-01-28-090915-test-ci-ln-vjb5l1t-latest) to be completed.
2026-01-28T09:48:26.604258164Z I0128 09:48:26.604213       1 connectivity_check_controller.go:172] ConnectivityCheckController is waiting for transition to desired version (4.20.0-0-2026-01-28-090915-test-ci-ln-vjb5l1t-latest) to be completed.
2026-01-28T09:48:36.958006656Z I0128 09:48:36.957952       1 connectivity_check_controller.go:172] ConnectivityCheckController is waiting for transition to desired version (4.20.0-0-2026-01-28-090915-test-ci-ln-vjb5l1t-latest) to be completed.
2026-01-28T09:48:47.069102139Z I0128 09:48:47.067938       1 connectivity_check_controller.go:172] ConnectivityCheckController is waiting for transition to desired version (4.20.0-0-2026-01-28-090915-test-ci-ln-vjb5l1t-latest) to be completed.
2026-01-28T09:48:54.926067665Z I0128 09:48:54.925970       1 connectivity_check_controller.go:172] ConnectivityCheckController is waiting for transition to desired version (4.20.0-0-2026-01-28-090915-test-ci-ln-vjb5l1t-latest) to be completed.
2026-01-28T09:48:57.310298307Z I0128 09:48:57.310091       1 connectivity_check_controller.go:172] ConnectivityCheckController is waiting for transition to desired version (4.20.0-0-2026-01-28-090915-test-ci-ln-vjb5l1t-latest) to be completed.
2026-01-28T09:49:05.215662392Z I0128 09:49:05.214142       1 connectivity_check_controller.go:172] ConnectivityCheckController is waiting for transition to desired version (4.20.0-0-2026-01-28-090915-test-ci-ln-vjb5l1t-latest) to be completed.
2026-01-28T09:49:05.787113850Z I0128 09:49:05.787050       1 connectivity_check_controller.go:172] ConnectivityCheckController is waiting for transition to desired version (4.20.0-0-2026-01-28-090915-test-ci-ln-vjb5l1t-latest) to be completed.
2026-01-28T09:49:12.465705558Z I0128 09:49:12.465668       1 reflector.go:430] "Caches populated" type="*v1.Project" reflector="k8s.io/client-go@v0.33.3/tools/cache/reflector.go:285"
2026-01-28T09:49:16.196629697Z I0128 09:49:16.196538       1 connectivity_check_controller.go:172] ConnectivityCheckController is waiting for transition to desired version (4.20.0-0-2026-01-28-090915-test-ci-ln-vjb5l1t-latest) to be completed.
2026-01-28T09:49:17.431749690Z I0128 09:49:17.431649       1 warnings.go:110] "Warning: v1 Endpoints is deprecated in v1.33+; use discovery.k8s.io/v1 EndpointSlice"
2026-01-28T09:49:26.249241454Z I0128 09:49:26.249192       1 connectivity_check_controller.go:172] ConnectivityCheckController is waiting for transition to desired version (4.20.0-0-2026-01-28-090915-test-ci-ln-vjb5l1t-latest) to be completed.
2026-01-28T09:49:29.042173726Z I0128 09:49:29.042115       1 connectivity_check_controller.go:172] ConnectivityCheckController is waiting for transition to desired version (4.20.0-0-2026-01-28-090915-test-ci-ln-vjb5l1t-latest) to be completed.
2026-01-28T09:49:36.219072962Z I0128 09:49:36.216575       1 connectivity_check_controller.go:172] ConnectivityCheckController is waiting for transition to desired version (4.20.0-0-2026-01-28-090915-test-ci-ln-vjb5l1t-latest) to be completed.
2026-01-28T09:49:36.348715019Z I0128 09:49:36.347855       1 connectivity_check_controller.go:172] ConnectivityCheckController is waiting for transition to desired version (4.20.0-0-2026-01-28-090915-test-ci-ln-vjb5l1t-latest) to be completed.
2026-01-28T09:49:39.394084453Z I0128 09:49:39.389954       1 connectivity_check_controller.go:172] ConnectivityCheckController is waiting for transition to desired version (4.20.0-0-2026-01-28-090915-test-ci-ln-vjb5l1t-latest) to be completed.
2026-01-28T09:49:45.377944604Z I0128 09:49:45.377884       1 reflector.go:430] "Caches populated" type="*v1.Ingress" reflector="k8s.io/client-go@v0.33.3/tools/cache/reflector.go:285"
2026-01-28T09:49:46.458520485Z I0128 09:49:46.458456       1 connectivity_check_controller.go:172] ConnectivityCheckController is waiting for transition to desired version (4.20.0-0-2026-01-28-090915-test-ci-ln-vjb5l1t-latest) to be completed.
2026-01-28T09:49:58.310345674Z I0128 09:49:58.310302       1 connectivity_check_controller.go:172] ConnectivityCheckController is waiting for transition to desired version (4.20.0-0-2026-01-28-090915-test-ci-ln-vjb5l1t-latest) to be completed.
2026-01-28T09:50:00.112492834Z I0128 09:50:00.112449       1 connectivity_check_controller.go:172] ConnectivityCheckController is waiting for transition to desired version (4.20.0-0-2026-01-28-090915-test-ci-ln-vjb5l1t-latest) to be completed.
2026-01-28T09:50:06.799886760Z I0128 09:50:06.799821       1 connectivity_check_controller.go:172] ConnectivityCheckController is waiting for transition to desired version (4.20.0-0-2026-01-28-090915-test-ci-ln-vjb5l1t-latest) to be completed.
2026-01-28T09:50:08.504046982Z I0128 09:50:08.503983       1 connectivity_check_controller.go:172] ConnectivityCheckController is waiting for transition to desired version (4.20.0-0-2026-01-28-090915-test-ci-ln-vjb5l1t-latest) to be completed.
2026-01-28T09:50:17.045472955Z I0128 09:50:17.044650       1 connectivity_check_controller.go:172] ConnectivityCheckController is waiting for transition to desired version (4.20.0-0-2026-01-28-090915-test-ci-ln-vjb5l1t-latest) to be completed.
2026-01-28T09:50:20.354785812Z I0128 09:50:20.354726       1 connectivity_check_controller.go:172] ConnectivityCheckController is waiting for transition to desired version (4.20.0-0-2026-01-28-090915-test-ci-ln-vjb5l1t-latest) to be completed.
2026-01-28T09:50:39.176399771Z I0128 09:50:39.176272       1 connectivity_check_controller.go:172] ConnectivityCheckController is waiting for transition to desired version (4.20.0-0-2026-01-28-090915-test-ci-ln-vjb5l1t-latest) to be completed.
2026-01-28T09:50:39.925298483Z I0128 09:50:39.925058       1 connectivity_check_controller.go:172] ConnectivityCheckController is waiting for transition to desired version (4.20.0-0-2026-01-28-090915-test-ci-ln-vjb5l1t-latest) to be completed.
2026-01-28T09:50:55.982219163Z I0128 09:50:55.982179       1 connectivity_check_controller.go:172] ConnectivityCheckController is waiting for transition to desired version (4.20.0-0-2026-01-28-090915-test-ci-ln-vjb5l1t-latest) to be completed.
2026-01-28T09:51:01.197137647Z I0128 09:51:01.197089       1 connectivity_check_controller.go:172] ConnectivityCheckController is waiting for transition to desired version (4.20.0-0-2026-01-28-090915-test-ci-ln-vjb5l1t-latest) to be completed.
2026-01-28T09:51:09.738303407Z I0128 09:51:09.734306       1 connectivity_check_controller.go:172] ConnectivityCheckController is waiting for transition to desired version (4.20.0-0-2026-01-28-090915-test-ci-ln-vjb5l1t-latest) to be completed.
2026-01-28T09:51:11.250166476Z I0128 09:51:11.247448       1 connectivity_check_controller.go:172] ConnectivityCheckController is waiting for transition to desired version (4.20.0-0-2026-01-28-090915-test-ci-ln-vjb5l1t-latest) to be completed.
2026-01-28T09:51:11.272344847Z I0128 09:51:11.272270       1 connectivity_check_controller.go:172] ConnectivityCheckController is waiting for transition to desired version (4.20.0-0-2026-01-28-090915-test-ci-ln-vjb5l1t-latest) to be completed.
2026-01-28T09:51:20.002646666Z I0128 09:51:20.002605       1 connectivity_check_controller.go:172] ConnectivityCheckController is waiting for transition to desired version (4.20.0-0-2026-01-28-090915-test-ci-ln-vjb5l1t-latest) to be completed.
2026-01-28T09:51:21.371105844Z I0128 09:51:21.369967       1 connectivity_check_controller.go:172] ConnectivityCheckController is waiting for transition to desired version (4.20.0-0-2026-01-28-090915-test-ci-ln-vjb5l1t-latest) to be completed.
2026-01-28T09:52:04.071275881Z I0128 09:52:04.070138       1 connectivity_check_controller.go:172] ConnectivityCheckController is waiting for transition to desired version (4.20.0-0-2026-01-28-090915-test-ci-ln-vjb5l1t-latest) to be completed.
2026-01-28T09:52:04.174789105Z I0128 09:52:04.172835       1 connectivity_check_controller.go:172] ConnectivityCheckController is waiting for transition to desired version (4.20.0-0-2026-01-28-090915-test-ci-ln-vjb5l1t-latest) to be completed.
2026-01-28T09:52:04.183427334Z I0128 09:52:04.183396       1 connectivity_check_controller.go:172] ConnectivityCheckController is waiting for transition to desired version (4.20.0-0-2026-01-28-090915-test-ci-ln-vjb5l1t-latest) to be completed.
2026-01-28T09:52:04.185293686Z I0128 09:52:04.185270       1 connectivity_check_controller.go:172] ConnectivityCheckController is waiting for transition to desired version (4.20.0-0-2026-01-28-090915-test-ci-ln-vjb5l1t-latest) to be completed.
2026-01-28T09:52:04.189273494Z I0128 09:52:04.189249       1 connectivity_check_controller.go:172] ConnectivityCheckController is waiting for transition to desired version (4.20.0-0-2026-01-28-090915-test-ci-ln-vjb5l1t-latest) to be completed.
2026-01-28T09:52:04.189444792Z I0128 09:52:04.189428       1 connectivity_check_controller.go:172] ConnectivityCheckController is waiting for transition to desired version (4.20.0-0-2026-01-28-090915-test-ci-ln-vjb5l1t-latest) to be completed.
2026-01-28T09:52:04.416378589Z I0128 09:52:04.416288       1 connectivity_check_controller.go:172] ConnectivityCheckController is waiting for transition to desired version (4.20.0-0-2026-01-28-090915-test-ci-ln-vjb5l1t-latest) to be completed.
2026-01-28T09:52:04.739137729Z I0128 09:52:04.738768       1 connectivity_check_controller.go:172] ConnectivityCheckController is waiting for transition to desired version (4.20.0-0-2026-01-28-090915-test-ci-ln-vjb5l1t-latest) to be completed.
2026-01-28T09:52:04.739137729Z I0128 09:52:04.739015       1 connectivity_check_controller.go:172] ConnectivityCheckController is waiting for transition to desired version (4.20.0-0-2026-01-28-090915-test-ci-ln-vjb5l1t-latest) to be completed.
2026-01-28T09:52:04.764497227Z I0128 09:52:04.763740       1 connectivity_check_controller.go:172] ConnectivityCheckController is waiting for transition to desired version (4.20.0-0-2026-01-28-090915-test-ci-ln-vjb5l1t-latest) to be completed.
2026-01-28T09:52:04.768608880Z I0128 09:52:04.768580       1 connectivity_check_controller.go:172] ConnectivityCheckController is waiting for transition to desired version (4.20.0-0-2026-01-28-090915-test-ci-ln-vjb5l1t-latest) to be completed.
2026-01-28T09:52:04.770041522Z I0128 09:52:04.770001       1 connectivity_check_controller.go:172] ConnectivityCheckController is waiting for transition to desired version (4.20.0-0-2026-01-28-090915-test-ci-ln-vjb5l1t-latest) to be completed.
2026-01-28T09:52:06.750197224Z I0128 09:52:06.750147       1 connectivity_check_controller.go:172] ConnectivityCheckController is waiting for transition to desired version (4.20.0-0-2026-01-28-090915-test-ci-ln-vjb5l1t-latest) to be completed.
2026-01-28T09:52:06.951966863Z I0128 09:52:06.951912       1 connectivity_check_controller.go:172] ConnectivityCheckController is waiting for transition to desired version (4.20.0-0-2026-01-28-090915-test-ci-ln-vjb5l1t-latest) to be completed.
2026-01-28T09:52:12.425798858Z I0128 09:52:12.425733       1 connectivity_check_controller.go:172] ConnectivityCheckController is waiting for transition to desired version (4.20.0-0-2026-01-28-090915-test-ci-ln-vjb5l1t-latest) to be completed.
2026-01-28T09:52:22.802704884Z I0128 09:52:22.802502       1 connectivity_check_controller.go:172] ConnectivityCheckController is waiting for transition to desired version (4.20.0-0-2026-01-28-090915-test-ci-ln-vjb5l1t-latest) to be completed.
2026-01-28T09:52:31.253076804Z I0128 09:52:31.252548       1 connectivity_check_controller.go:172] ConnectivityCheckController is waiting for transition to desired version (4.20.0-0-2026-01-28-090915-test-ci-ln-vjb5l1t-latest) to be completed.
2026-01-28T09:52:51.506864564Z I0128 09:52:51.506787       1 connectivity_check_controller.go:172] ConnectivityCheckController is waiting for transition to desired version (4.20.0-0-2026-01-28-090915-test-ci-ln-vjb5l1t-latest) to be completed.
2026-01-28T09:52:53.305678166Z I0128 09:52:53.305587       1 connectivity_check_controller.go:172] ConnectivityCheckController is waiting for transition to desired version (4.20.0-0-2026-01-28-090915-test-ci-ln-vjb5l1t-latest) to be completed.
2026-01-28T09:53:00.298371098Z I0128 09:53:00.297536       1 connectivity_check_controller.go:172] ConnectivityCheckController is waiting for transition to desired version (4.20.0-0-2026-01-28-090915-test-ci-ln-vjb5l1t-latest) to be completed.
2026-01-28T09:53:03.567054289Z I0128 09:53:03.566986       1 connectivity_check_controller.go:172] ConnectivityCheckController is waiting for transition to desired version (4.20.0-0-2026-01-28-090915-test-ci-ln-vjb5l1t-latest) to be completed.
2026-01-28T09:53:06.647917496Z I0128 09:53:06.647176       1 connectivity_check_controller.go:172] ConnectivityCheckController is waiting for transition to desired version (4.20.0-0-2026-01-28-090915-test-ci-ln-vjb5l1t-latest) to be completed.
2026-01-28T09:53:10.702617947Z I0128 09:53:10.702569       1 connectivity_check_controller.go:172] ConnectivityCheckController is waiting for transition to desired version (4.20.0-0-2026-01-28-090915-test-ci-ln-vjb5l1t-latest) to be completed.
2026-01-28T09:53:21.108732123Z I0128 09:53:21.108668       1 connectivity_check_controller.go:172] ConnectivityCheckController is waiting for transition to desired version (4.20.0-0-2026-01-28-090915-test-ci-ln-vjb5l1t-latest) to be completed.
2026-01-28T09:53:31.238770617Z I0128 09:53:31.238725       1 connectivity_check_controller.go:172] ConnectivityCheckController is waiting for transition to desired version (4.20.0-0-2026-01-28-090915-test-ci-ln-vjb5l1t-latest) to be completed.
2026-01-28T09:53:37.381209258Z I0128 09:53:37.381162       1 connectivity_check_controller.go:172] ConnectivityCheckController is waiting for transition to desired version (4.20.0-0-2026-01-28-090915-test-ci-ln-vjb5l1t-latest) to be completed.
2026-01-28T09:53:47.630016142Z I0128 09:53:47.628170       1 connectivity_check_controller.go:172] ConnectivityCheckController is waiting for transition to desired version (4.20.0-0-2026-01-28-090915-test-ci-ln-vjb5l1t-latest) to be completed.
2026-01-28T09:53:51.036394481Z I0128 09:53:51.036349       1 connectivity_check_controller.go:172] ConnectivityCheckController is waiting for transition to desired version (4.20.0-0-2026-01-28-090915-test-ci-ln-vjb5l1t-latest) to be completed.
2026-01-28T09:53:57.808914365Z I0128 09:53:57.808868       1 connectivity_check_controller.go:172] ConnectivityCheckController is waiting for transition to desired version (4.20.0-0-2026-01-28-090915-test-ci-ln-vjb5l1t-latest) to be completed.
2026-01-28T09:54:01.098925709Z I0128 09:54:01.098602       1 connectivity_check_controller.go:172] ConnectivityCheckController is waiting for transition to desired version (4.20.0-0-2026-01-28-090915-test-ci-ln-vjb5l1t-latest) to be completed.
2026-01-28T09:54:22.332318435Z I0128 09:54:22.332275       1 warnings.go:110] "Warning: v1 Endpoints is deprecated in v1.33+; use discovery.k8s.io/v1 EndpointSlice"
2026-01-28T09:54:22.332502474Z I0128 09:54:22.332472       1 warnings.go:110] "Warning: v1 Endpoints is deprecated in v1.33+; use discovery.k8s.io/v1 EndpointSlice"
2026-01-28T09:54:25.001363188Z I0128 09:54:25.001307       1 connectivity_check_controller.go:172] ConnectivityCheckController is waiting for transition to desired version (4.20.0-0-2026-01-28-090915-test-ci-ln-vjb5l1t-latest) to be completed.
2026-01-28T09:54:25.880648272Z I0128 09:54:25.880610       1 connectivity_check_controller.go:172] ConnectivityCheckController is waiting for transition to desired version (4.20.0-0-2026-01-28-090915-test-ci-ln-vjb5l1t-latest) to be completed.
2026-01-28T09:54:28.372630347Z I0128 09:54:28.372584       1 connectivity_check_controller.go:172] ConnectivityCheckController is waiting for transition to desired version (4.20.0-0-2026-01-28-090915-test-ci-ln-vjb5l1t-latest) to be completed.
2026-01-28T09:54:31.958732841Z I0128 09:54:31.958678       1 connectivity_check_controller.go:172] ConnectivityCheckController is waiting for transition to desired version (4.20.0-0-2026-01-28-090915-test-ci-ln-vjb5l1t-latest) to be completed.
2026-01-28T09:54:42.363571210Z I0128 09:54:42.363513       1 connectivity_check_controller.go:172] ConnectivityCheckController is waiting for transition to desired version (4.20.0-0-2026-01-28-090915-test-ci-ln-vjb5l1t-latest) to be completed.
2026-01-28T09:54:42.937524113Z I0128 09:54:42.937480       1 connectivity_check_controller.go:172] ConnectivityCheckController is waiting for transition to desired version (4.20.0-0-2026-01-28-090915-test-ci-ln-vjb5l1t-latest) to be completed.
2026-01-28T09:54:59.497270501Z I0128 09:54:59.497228       1 connectivity_check_controller.go:172] ConnectivityCheckController is waiting for transition to desired version (4.20.0-0-2026-01-28-090915-test-ci-ln-vjb5l1t-latest) to be completed.
2026-01-28T09:55:05.521939521Z I0128 09:55:05.521614       1 connectivity_check_controller.go:172] ConnectivityCheckController is waiting for transition to desired version (4.20.0-0-2026-01-28-090915-test-ci-ln-vjb5l1t-latest) to be completed.
2026-01-28T09:55:05.614080642Z I0128 09:55:05.613299       1 connectivity_check_controller.go:172] ConnectivityCheckController is waiting for transition to desired version (4.20.0-0-2026-01-28-090915-test-ci-ln-vjb5l1t-latest) to be completed.
2026-01-28T09:55:15.877744251Z I0128 09:55:15.877699       1 connectivity_check_controller.go:172] ConnectivityCheckController is waiting for transition to desired version (4.20.0-0-2026-01-28-090915-test-ci-ln-vjb5l1t-latest) to be completed.
2026-01-28T09:55:19.146773189Z I0128 09:55:19.146725       1 connectivity_check_controller.go:172] ConnectivityCheckController is waiting for transition to desired version (4.20.0-0-2026-01-28-090915-test-ci-ln-vjb5l1t-latest) to be completed.
2026-01-28T09:55:26.136105517Z I0128 09:55:26.136060       1 connectivity_check_controller.go:172] ConnectivityCheckController is waiting for transition to desired version (4.20.0-0-2026-01-28-090915-test-ci-ln-vjb5l1t-latest) to be completed.
2026-01-28T09:55:29.215599285Z I0128 09:55:29.214556       1 connectivity_check_controller.go:172] ConnectivityCheckController is waiting for transition to desired version (4.20.0-0-2026-01-28-090915-test-ci-ln-vjb5l1t-latest) to be completed.
2026-01-28T09:55:33.340588142Z I0128 09:55:33.339924       1 connectivity_check_controller.go:172] ConnectivityCheckController is waiting for transition to desired version (4.20.0-0-2026-01-28-090915-test-ci-ln-vjb5l1t-latest) to be completed.
2026-01-28T09:55:34.926291616Z I0128 09:55:34.926221       1 connectivity_check_controller.go:172] ConnectivityCheckController is waiting for transition to desired version (4.20.0-0-2026-01-28-090915-test-ci-ln-vjb5l1t-latest) to be completed.
2026-01-28T09:55:43.635076480Z I0128 09:55:43.632652       1 connectivity_check_controller.go:172] ConnectivityCheckController is waiting for transition to desired version (4.20.0-0-2026-01-28-090915-test-ci-ln-vjb5l1t-latest) to be completed.
2026-01-28T09:55:45.320930967Z I0128 09:55:45.320885       1 connectivity_check_controller.go:172] ConnectivityCheckController is waiting for transition to desired version (4.20.0-0-2026-01-28-090915-test-ci-ln-vjb5l1t-latest) to be completed.
2026-01-28T09:56:07.098797641Z I0128 09:56:07.097782       1 connectivity_check_controller.go:172] ConnectivityCheckController is waiting for transition to desired version (4.20.0-0-2026-01-28-090915-test-ci-ln-vjb5l1t-latest) to be completed.
2026-01-28T09:56:17.151401378Z I0128 09:56:17.151349       1 connectivity_check_controller.go:172] ConnectivityCheckController is waiting for transition to desired version (4.20.0-0-2026-01-28-090915-test-ci-ln-vjb5l1t-latest) to be completed.
2026-01-28T09:56:34.025850585Z I0128 09:56:34.025805       1 connectivity_check_controller.go:172] ConnectivityCheckController is waiting for transition to desired version (4.20.0-0-2026-01-28-090915-test-ci-ln-vjb5l1t-latest) to be completed.
2026-01-28T09:56:40.504167299Z I0128 09:56:40.504121       1 connectivity_check_controller.go:172] ConnectivityCheckController is waiting for transition to desired version (4.20.0-0-2026-01-28-090915-test-ci-ln-vjb5l1t-latest) to be completed.
2026-01-28T09:56:50.892125599Z I0128 09:56:50.888971       1 connectivity_check_controller.go:172] ConnectivityCheckController is waiting for transition to desired version (4.20.0-0-2026-01-28-090915-test-ci-ln-vjb5l1t-latest) to be completed.
2026-01-28T09:56:54.777319107Z I0128 09:56:54.777272       1 connectivity_check_controller.go:172] ConnectivityCheckController is waiting for transition to desired version (4.20.0-0-2026-01-28-090915-test-ci-ln-vjb5l1t-latest) to be completed.
2026-01-28T09:57:35.562812092Z I0128 09:57:35.560155       1 connectivity_check_controller.go:172] ConnectivityCheckController is waiting for transition to desired version (4.20.0-0-2026-01-28-090915-test-ci-ln-vjb5l1t-latest) to be completed.
2026-01-28T09:57:45.719744409Z I0128 09:57:45.719697       1 connectivity_check_controller.go:172] ConnectivityCheckController is waiting for transition to desired version (4.20.0-0-2026-01-28-090915-test-ci-ln-vjb5l1t-latest) to be completed.
2026-01-28T09:57:59.157241746Z I0128 09:57:59.155941       1 connectivity_check_controller.go:172] ConnectivityCheckController is waiting for transition to desired version (4.20.0-0-2026-01-28-090915-test-ci-ln-vjb5l1t-latest) to be completed.
2026-01-28T09:58:09.378567265Z I0128 09:58:09.378512       1 connectivity_check_controller.go:172] ConnectivityCheckController is waiting for transition to desired version (4.20.0-0-2026-01-28-090915-test-ci-ln-vjb5l1t-latest) to be completed.
2026-01-28T09:58:24.434077907Z I0128 09:58:24.434001       1 warnings.go:110] "Warning: v1 Endpoints is deprecated in v1.33+; use discovery.k8s.io/v1 EndpointSlice"
2026-01-28T09:58:28.819818162Z I0128 09:58:28.818696       1 connectivity_check_controller.go:172] ConnectivityCheckController is waiting for transition to desired version (4.20.0-0-2026-01-28-090915-test-ci-ln-vjb5l1t-latest) to be completed.
2026-01-28T09:58:38.962295549Z I0128 09:58:38.961915       1 connectivity_check_controller.go:172] ConnectivityCheckController is waiting for transition to desired version (4.20.0-0-2026-01-28-090915-test-ci-ln-vjb5l1t-latest) to be completed.
2026-01-28T09:58:39.015995090Z I0128 09:58:39.015946       1 connectivity_check_controller.go:172] ConnectivityCheckController is waiting for transition to desired version (4.20.0-0-2026-01-28-090915-test-ci-ln-vjb5l1t-latest) to be completed.
2026-01-28T09:58:49.104535348Z I0128 09:58:49.101906       1 connectivity_check_controller.go:172] ConnectivityCheckController is waiting for transition to desired version (4.20.0-0-2026-01-28-090915-test-ci-ln-vjb5l1t-latest) to be completed.
2026-01-28T09:58:59.122820472Z I0128 09:58:59.122774       1 connectivity_check_controller.go:172] ConnectivityCheckController is waiting for transition to desired version (4.20.0-0-2026-01-28-090915-test-ci-ln-vjb5l1t-latest) to be completed.
2026-01-28T09:59:09.516599288Z I0128 09:59:09.512594       1 connectivity_check_controller.go:172] ConnectivityCheckController is waiting for transition to desired version (4.20.0-0-2026-01-28-090915-test-ci-ln-vjb5l1t-latest) to be completed.
2026-01-28T09:59:10.758483864Z I0128 09:59:10.758432       1 connectivity_check_controller.go:172] ConnectivityCheckController is waiting for transition to desired version (4.20.0-0-2026-01-28-090915-test-ci-ln-vjb5l1t-latest) to be completed.
2026-01-28T09:59:13.276360761Z I0128 09:59:13.276290       1 connectivity_check_controller.go:172] ConnectivityCheckController is waiting for transition to desired version (4.20.0-0-2026-01-28-090915-test-ci-ln-vjb5l1t-latest) to be completed.
2026-01-28T09:59:20.971499250Z I0128 09:59:20.971449       1 connectivity_check_controller.go:172] ConnectivityCheckController is waiting for transition to desired version (4.20.0-0-2026-01-28-090915-test-ci-ln-vjb5l1t-latest) to be completed.
2026-01-28T09:59:23.591711984Z I0128 09:59:23.588403       1 connectivity_check_controller.go:172] ConnectivityCheckController is waiting for transition to desired version (4.20.0-0-2026-01-28-090915-test-ci-ln-vjb5l1t-latest) to be completed.
2026-01-28T09:59:39.650840631Z I0128 09:59:39.650242       1 connectivity_check_controller.go:172] ConnectivityCheckController is waiting for transition to desired version (4.20.0-0-2026-01-28-090915-test-ci-ln-vjb5l1t-latest) to be completed.
2026-01-28T09:59:50.005418334Z I0128 09:59:50.005370       1 connectivity_check_controller.go:172] ConnectivityCheckController is waiting for transition to desired version (4.20.0-0-2026-01-28-090915-test-ci-ln-vjb5l1t-latest) to be completed.
2026-01-28T10:00:00.206929394Z I0128 10:00:00.206881       1 connectivity_check_controller.go:172] ConnectivityCheckController is waiting for transition to desired version (4.20.0-0-2026-01-28-090915-test-ci-ln-vjb5l1t-latest) to be completed.
2026-01-28T10:00:20.685761922Z I0128 10:00:20.685575       1 connectivity_check_controller.go:172] ConnectivityCheckController is waiting for transition to desired version (4.20.0-0-2026-01-28-090915-test-ci-ln-vjb5l1t-latest) to be completed.
2026-01-28T10:00:29.513658552Z I0128 10:00:29.513611       1 connectivity_check_controller.go:172] ConnectivityCheckController is waiting for transition to desired version (4.20.0-0-2026-01-28-090915-test-ci-ln-vjb5l1t-latest) to be completed.
2026-01-28T10:00:35.637686523Z I0128 10:00:35.637635       1 connectivity_check_controller.go:172] ConnectivityCheckController is waiting for transition to desired version (4.20.0-0-2026-01-28-090915-test-ci-ln-vjb5l1t-latest) to be completed.
2026-01-28T10:00:38.796550233Z I0128 10:00:38.796504       1 connectivity_check_controller.go:172] ConnectivityCheckController is waiting for transition to desired version (4.20.0-0-2026-01-28-090915-test-ci-ln-vjb5l1t-latest) to be completed.
2026-01-28T10:00:39.724180417Z I0128 10:00:39.724103       1 connectivity_check_controller.go:172] ConnectivityCheckController is waiting for transition to desired version (4.20.0-0-2026-01-28-090915-test-ci-ln-vjb5l1t-latest) to be completed.
2026-01-28T10:00:45.727270485Z I0128 10:00:45.727224       1 connectivity_check_controller.go:172] ConnectivityCheckController is waiting for transition to desired version (4.20.0-0-2026-01-28-090915-test-ci-ln-vjb5l1t-latest) to be completed.
2026-01-28T10:00:48.844406753Z I0128 10:00:48.844358       1 connectivity_check_controller.go:172] ConnectivityCheckController is waiting for transition to desired version (4.20.0-0-2026-01-28-090915-test-ci-ln-vjb5l1t-latest) to be completed.
2026-01-28T10:00:59.222884892Z I0128 10:00:59.222838       1 connectivity_check_controller.go:172] ConnectivityCheckController is waiting for transition to desired version (4.20.0-0-2026-01-28-090915-test-ci-ln-vjb5l1t-latest) to be completed.
2026-01-28T10:01:00.119685979Z I0128 10:01:00.119635       1 connectivity_check_controller.go:172] ConnectivityCheckController is waiting for transition to desired version (4.20.0-0-2026-01-28-090915-test-ci-ln-vjb5l1t-latest) to be completed.
2026-01-28T10:01:09.324992254Z I0128 10:01:09.324925       1 connectivity_check_controller.go:172] ConnectivityCheckController is waiting for transition to desired version (4.20.0-0-2026-01-28-090915-test-ci-ln-vjb5l1t-latest) to be completed.
2026-01-28T10:01:10.313699854Z I0128 10:01:10.313653       1 connectivity_check_controller.go:172] ConnectivityCheckController is waiting for transition to desired version (4.20.0-0-2026-01-28-090915-test-ci-ln-vjb5l1t-latest) to be completed.
2026-01-28T10:01:11.335506744Z I0128 10:01:11.335457       1 warnings.go:110] "Warning: v1 Endpoints is deprecated in v1.33+; use discovery.k8s.io/v1 EndpointSlice"
2026-01-28T10:01:11.708929403Z I0128 10:01:11.708882       1 connectivity_check_controller.go:172] ConnectivityCheckController is waiting for transition to desired version (4.20.0-0-2026-01-28-090915-test-ci-ln-vjb5l1t-latest) to be completed.
2026-01-28T10:01:22.129382411Z I0128 10:01:22.129336       1 connectivity_check_controller.go:172] ConnectivityCheckController is waiting for transition to desired version (4.20.0-0-2026-01-28-090915-test-ci-ln-vjb5l1t-latest) to be completed.
2026-01-28T10:02:04.071128637Z I0128 10:02:04.071082       1 connectivity_check_controller.go:172] ConnectivityCheckController is waiting for transition to desired version (4.20.0-0-2026-01-28-090915-test-ci-ln-vjb5l1t-latest) to be completed.
2026-01-28T10:02:04.178136780Z I0128 10:02:04.178091       1 connectivity_check_controller.go:172] ConnectivityCheckController is waiting for transition to desired version (4.20.0-0-2026-01-28-090915-test-ci-ln-vjb5l1t-latest) to be completed.
2026-01-28T10:02:04.417092990Z I0128 10:02:04.417046       1 connectivity_check_controller.go:172] ConnectivityCheckController is waiting for transition to desired version (4.20.0-0-2026-01-28-090915-test-ci-ln-vjb5l1t-latest) to be completed.
2026-01-28T10:02:04.738604654Z I0128 10:02:04.738559       1 connectivity_check_controller.go:172] ConnectivityCheckController is waiting for transition to desired version (4.20.0-0-2026-01-28-090915-test-ci-ln-vjb5l1t-latest) to be completed.
2026-01-28T10:02:04.739166132Z I0128 10:02:04.739147       1 connectivity_check_controller.go:172] ConnectivityCheckController is waiting for transition to desired version (4.20.0-0-2026-01-28-090915-test-ci-ln-vjb5l1t-latest) to be completed.
2026-01-28T10:02:04.776440270Z I0128 10:02:04.776403       1 connectivity_check_controller.go:172] ConnectivityCheckController is waiting for transition to desired version (4.20.0-0-2026-01-28-090915-test-ci-ln-vjb5l1t-latest) to be completed.
2026-01-28T10:02:04.786313982Z I0128 10:02:04.786286       1 connectivity_check_controller.go:172] ConnectivityCheckController is waiting for transition to desired version (4.20.0-0-2026-01-28-090915-test-ci-ln-vjb5l1t-latest) to be completed.
2026-01-28T10:02:06.750624155Z I0128 10:02:06.750512       1 connectivity_check_controller.go:172] ConnectivityCheckController is waiting for transition to desired version (4.20.0-0-2026-01-28-090915-test-ci-ln-vjb5l1t-latest) to be completed.
2026-01-28T10:02:06.952414312Z I0128 10:02:06.952365       1 connectivity_check_controller.go:172] ConnectivityCheckController is waiting for transition to desired version (4.20.0-0-2026-01-28-090915-test-ci-ln-vjb5l1t-latest) to be completed.
2026-01-28T10:02:23.674740282Z I0128 10:02:23.671221       1 connectivity_check_controller.go:172] ConnectivityCheckController is waiting for transition to desired version (4.20.0-0-2026-01-28-090915-test-ci-ln-vjb5l1t-latest) to be completed.
2026-01-28T10:02:32.785488745Z I0128 10:02:32.785434       1 connectivity_check_controller.go:172] ConnectivityCheckController is waiting for transition to desired version (4.20.0-0-2026-01-28-090915-test-ci-ln-vjb5l1t-latest) to be completed.
2026-01-28T10:02:34.045002915Z I0128 10:02:34.044859       1 connectivity_check_controller.go:172] ConnectivityCheckController is waiting for transition to desired version (4.20.0-0-2026-01-28-090915-test-ci-ln-vjb5l1t-latest) to be completed.
2026-01-28T10:02:43.002342010Z I0128 10:02:43.002287       1 connectivity_check_controller.go:172] ConnectivityCheckController is waiting for transition to desired version (4.20.0-0-2026-01-28-090915-test-ci-ln-vjb5l1t-latest) to be completed.
2026-01-28T10:02:47.729654712Z I0128 10:02:47.727765       1 connectivity_check_controller.go:172] ConnectivityCheckController is waiting for transition to desired version (4.20.0-0-2026-01-28-090915-test-ci-ln-vjb5l1t-latest) to be completed.
2026-01-28T10:02:58.065809018Z I0128 10:02:58.065750       1 connectivity_check_controller.go:172] ConnectivityCheckController is waiting for transition to desired version (4.20.0-0-2026-01-28-090915-test-ci-ln-vjb5l1t-latest) to be completed.
2026-01-28T10:03:03.721240747Z I0128 10:03:03.721190       1 connectivity_check_controller.go:172] ConnectivityCheckController is waiting for transition to desired version (4.20.0-0-2026-01-28-090915-test-ci-ln-vjb5l1t-latest) to be completed.
2026-01-28T10:03:13.760738665Z I0128 10:03:13.760684       1 connectivity_check_controller.go:172] ConnectivityCheckController is waiting for transition to desired version (4.20.0-0-2026-01-28-090915-test-ci-ln-vjb5l1t-latest) to be completed.
2026-01-28T10:03:32.349805579Z I0128 10:03:32.348566       1 connectivity_check_controller.go:172] ConnectivityCheckController is waiting for transition to desired version (4.20.0-0-2026-01-28-090915-test-ci-ln-vjb5l1t-latest) to be completed.
2026-01-28T10:03:34.114337608Z I0128 10:03:34.114281       1 connectivity_check_controller.go:172] ConnectivityCheckController is waiting for transition to desired version (4.20.0-0-2026-01-28-090915-test-ci-ln-vjb5l1t-latest) to be completed.
2026-01-28T10:03:42.710243118Z I0128 10:03:42.710194       1 connectivity_check_controller.go:172] ConnectivityCheckController is waiting for transition to desired version (4.20.0-0-2026-01-28-090915-test-ci-ln-vjb5l1t-latest) to be completed.
2026-01-28T10:03:44.219091811Z I0128 10:03:44.217982       1 connectivity_check_controller.go:172] ConnectivityCheckController is waiting for transition to desired version (4.20.0-0-2026-01-28-090915-test-ci-ln-vjb5l1t-latest) to be completed.
2026-01-28T10:04:09.371766785Z I0128 10:04:09.371717       1 connectivity_check_controller.go:172] ConnectivityCheckController is waiting for transition to desired version (4.20.0-0-2026-01-28-090915-test-ci-ln-vjb5l1t-latest) to be completed.
2026-01-28T10:04:12.333046731Z I0128 10:04:12.332983       1 warnings.go:110] "Warning: v1 Endpoints is deprecated in v1.33+; use discovery.k8s.io/v1 EndpointSlice"
2026-01-28T10:04:13.463090096Z I0128 10:04:13.462445       1 connectivity_check_controller.go:172] ConnectivityCheckController is waiting for transition to desired version (4.20.0-0-2026-01-28-090915-test-ci-ln-vjb5l1t-latest) to be completed.
2026-01-28T10:04:19.399070746Z I0128 10:04:19.398679       1 connectivity_check_controller.go:172] ConnectivityCheckController is waiting for transition to desired version (4.20.0-0-2026-01-28-090915-test-ci-ln-vjb5l1t-latest) to be completed.
2026-01-28T10:04:23.518706241Z I0128 10:04:23.518644       1 connectivity_check_controller.go:172] ConnectivityCheckController is waiting for transition to desired version (4.20.0-0-2026-01-28-090915-test-ci-ln-vjb5l1t-latest) to be completed.
2026-01-28T10:04:40.166975494Z I0128 10:04:40.166917       1 connectivity_check_controller.go:172] ConnectivityCheckController is waiting for transition to desired version (4.20.0-0-2026-01-28-090915-test-ci-ln-vjb5l1t-latest) to be completed.
2026-01-28T10:04:45.834107966Z I0128 10:04:45.834054       1 connectivity_check_controller.go:172] ConnectivityCheckController is waiting for transition to desired version (4.20.0-0-2026-01-28-090915-test-ci-ln-vjb5l1t-latest) to be completed.
2026-01-28T10:04:50.518924926Z I0128 10:04:50.518865       1 connectivity_check_controller.go:172] ConnectivityCheckController is waiting for transition to desired version (4.20.0-0-2026-01-28-090915-test-ci-ln-vjb5l1t-latest) to be completed.
2026-01-28T10:04:56.007242128Z I0128 10:04:56.007195       1 connectivity_check_controller.go:172] ConnectivityCheckController is waiting for transition to desired version (4.20.0-0-2026-01-28-090915-test-ci-ln-vjb5l1t-latest) to be completed.
2026-01-28T10:05:00.683636680Z I0128 10:05:00.683387       1 connectivity_check_controller.go:172] ConnectivityCheckController is waiting for transition to desired version (4.20.0-0-2026-01-28-090915-test-ci-ln-vjb5l1t-latest) to be completed.
2026-01-28T10:05:10.740236244Z I0128 10:05:10.738543       1 connectivity_check_controller.go:172] ConnectivityCheckController is waiting for transition to desired version (4.20.0-0-2026-01-28-090915-test-ci-ln-vjb5l1t-latest) to be completed.
2026-01-28T10:05:12.436103111Z I0128 10:05:12.436055       1 warnings.go:110] "Warning: v1 Endpoints is deprecated in v1.33+; use discovery.k8s.io/v1 EndpointSlice"
2026-01-28T10:05:24.972692419Z I0128 10:05:24.972644       1 connectivity_check_controller.go:172] ConnectivityCheckController is waiting for transition to desired version (4.20.0-0-2026-01-28-090915-test-ci-ln-vjb5l1t-latest) to be completed.
2026-01-28T10:05:25.476855970Z I0128 10:05:25.476812       1 connectivity_check_controller.go:172] ConnectivityCheckController is waiting for transition to desired version (4.20.0-0-2026-01-28-090915-test-ci-ln-vjb5l1t-latest) to be completed.
2026-01-28T10:05:26.206802735Z I0128 10:05:26.206754       1 connectivity_check_controller.go:172] ConnectivityCheckController is waiting for transition to desired version (4.20.0-0-2026-01-28-090915-test-ci-ln-vjb5l1t-latest) to be completed.
2026-01-28T10:05:35.177298636Z I0128 10:05:35.175190       1 connectivity_check_controller.go:172] ConnectivityCheckController is waiting for transition to desired version (4.20.0-0-2026-01-28-090915-test-ci-ln-vjb5l1t-latest) to be completed.
2026-01-28T10:05:35.666945983Z I0128 10:05:35.666446       1 connectivity_check_controller.go:172] ConnectivityCheckController is waiting for transition to desired version (4.20.0-0-2026-01-28-090915-test-ci-ln-vjb5l1t-latest) to be completed.
2026-01-28T10:05:41.356568077Z I0128 10:05:41.356273       1 connectivity_check_controller.go:172] ConnectivityCheckController is waiting for transition to desired version (4.20.0-0-2026-01-28-090915-test-ci-ln-vjb5l1t-latest) to be completed.
2026-01-28T10:05:46.777664049Z I0128 10:05:46.777615       1 connectivity_check_controller.go:172] ConnectivityCheckController is waiting for transition to desired version (4.20.0-0-2026-01-28-090915-test-ci-ln-vjb5l1t-latest) to be completed.
2026-01-28T10:05:51.381033591Z I0128 10:05:51.380975       1 connectivity_check_controller.go:172] ConnectivityCheckController is waiting for transition to desired version (4.20.0-0-2026-01-28-090915-test-ci-ln-vjb5l1t-latest) to be completed.
2026-01-28T10:05:57.180654979Z I0128 10:05:57.180605       1 connectivity_check_controller.go:172] ConnectivityCheckController is waiting for transition to desired version (4.20.0-0-2026-01-28-090915-test-ci-ln-vjb5l1t-latest) to be completed.
2026-01-28T10:06:07.302380920Z I0128 10:06:07.301246       1 connectivity_check_controller.go:172] ConnectivityCheckController is waiting for transition to desired version (4.20.0-0-2026-01-28-090915-test-ci-ln-vjb5l1t-latest) to be completed.
2026-01-28T10:06:18.371570292Z I0128 10:06:18.371522       1 connectivity_check_controller.go:172] ConnectivityCheckController is waiting for transition to desired version (4.20.0-0-2026-01-28-090915-test-ci-ln-vjb5l1t-latest) to be completed.
2026-01-28T10:06:28.541645568Z I0128 10:06:28.540088       1 connectivity_check_controller.go:172] ConnectivityCheckController is waiting for transition to desired version (4.20.0-0-2026-01-28-090915-test-ci-ln-vjb5l1t-latest) to be completed.
2026-01-28T10:06:36.236192950Z I0128 10:06:36.236146       1 connectivity_check_controller.go:172] ConnectivityCheckController is waiting for transition to desired version (4.20.0-0-2026-01-28-090915-test-ci-ln-vjb5l1t-latest) to be completed.
2026-01-28T10:06:42.155570283Z I0128 10:06:42.155523       1 connectivity_check_controller.go:172] ConnectivityCheckController is waiting for transition to desired version (4.20.0-0-2026-01-28-090915-test-ci-ln-vjb5l1t-latest) to be completed.
2026-01-28T10:06:46.647066617Z I0128 10:06:46.646646       1 connectivity_check_controller.go:172] ConnectivityCheckController is waiting for transition to desired version (4.20.0-0-2026-01-28-090915-test-ci-ln-vjb5l1t-latest) to be completed.
2026-01-28T10:06:48.367366917Z I0128 10:06:48.367308       1 connectivity_check_controller.go:172] ConnectivityCheckController is waiting for transition to desired version (4.20.0-0-2026-01-28-090915-test-ci-ln-vjb5l1t-latest) to be completed.
2026-01-28T10:06:49.108377242Z I0128 10:06:49.107934       1 connectivity_check_controller.go:172] ConnectivityCheckController is waiting for transition to desired version (4.20.0-0-2026-01-28-090915-test-ci-ln-vjb5l1t-latest) to be completed.
2026-01-28T10:06:52.219877867Z I0128 10:06:52.219820       1 connectivity_check_controller.go:172] ConnectivityCheckController is waiting for transition to desired version (4.20.0-0-2026-01-28-090915-test-ci-ln-vjb5l1t-latest) to be completed.
2026-01-28T10:06:58.469080082Z I0128 10:06:58.467849       1 connectivity_check_controller.go:172] ConnectivityCheckController is waiting for transition to desired version (4.20.0-0-2026-01-28-090915-test-ci-ln-vjb5l1t-latest) to be completed.
2026-01-28T10:06:58.690944696Z I0128 10:06:58.687951       1 connectivity_check_controller.go:172] ConnectivityCheckController is waiting for transition to desired version (4.20.0-0-2026-01-28-090915-test-ci-ln-vjb5l1t-latest) to be completed.
2026-01-28T10:06:59.483967826Z I0128 10:06:59.483912       1 connectivity_check_controller.go:172] ConnectivityCheckController is waiting for transition to desired version (4.20.0-0-2026-01-28-090915-test-ci-ln-vjb5l1t-latest) to be completed.
2026-01-28T10:07:08.731734115Z I0128 10:07:08.731632       1 connectivity_check_controller.go:172] ConnectivityCheckController is waiting for transition to desired version (4.20.0-0-2026-01-28-090915-test-ci-ln-vjb5l1t-latest) to be completed.
2026-01-28T10:07:20.050616331Z I0128 10:07:20.050570       1 connectivity_check_controller.go:172] ConnectivityCheckController is waiting for transition to desired version (4.20.0-0-2026-01-28-090915-test-ci-ln-vjb5l1t-latest) to be completed.
2026-01-28T10:07:27.609118500Z I0128 10:07:27.606980       1 connectivity_check_controller.go:172] ConnectivityCheckController is waiting for transition to desired version (4.20.0-0-2026-01-28-090915-test-ci-ln-vjb5l1t-latest) to be completed.
2026-01-28T10:07:30.298122811Z I0128 10:07:30.298075       1 connectivity_check_controller.go:172] ConnectivityCheckController is waiting for transition to desired version (4.20.0-0-2026-01-28-090915-test-ci-ln-vjb5l1t-latest) to be completed.
2026-01-28T10:07:37.843677012Z I0128 10:07:37.843631       1 connectivity_check_controller.go:172] ConnectivityCheckController is waiting for transition to desired version (4.20.0-0-2026-01-28-090915-test-ci-ln-vjb5l1t-latest) to be completed.
2026-01-28T10:07:59.389908604Z I0128 10:07:59.389860       1 connectivity_check_controller.go:172] ConnectivityCheckController is waiting for transition to desired version (4.20.0-0-2026-01-28-090915-test-ci-ln-vjb5l1t-latest) to be completed.
2026-01-28T10:08:01.003791913Z I0128 10:08:01.003744       1 connectivity_check_controller.go:172] ConnectivityCheckController is waiting for transition to desired version (4.20.0-0-2026-01-28-090915-test-ci-ln-vjb5l1t-latest) to be completed.
2026-01-28T10:08:11.126284186Z I0128 10:08:11.126236       1 connectivity_check_controller.go:172] ConnectivityCheckController is waiting for transition to desired version (4.20.0-0-2026-01-28-090915-test-ci-ln-vjb5l1t-latest) to be completed.
2026-01-28T10:08:18.402192556Z I0128 10:08:18.401492       1 connectivity_check_controller.go:172] ConnectivityCheckController is waiting for transition to desired version (4.20.0-0-2026-01-28-090915-test-ci-ln-vjb5l1t-latest) to be completed.
2026-01-28T10:08:28.750303253Z I0128 10:08:28.750238       1 connectivity_check_controller.go:172] ConnectivityCheckController is waiting for transition to desired version (4.20.0-0-2026-01-28-090915-test-ci-ln-vjb5l1t-latest) to be completed.
2026-01-28T10:08:29.702269475Z I0128 10:08:29.702224       1 connectivity_check_controller.go:172] ConnectivityCheckController is waiting for transition to desired version (4.20.0-0-2026-01-28-090915-test-ci-ln-vjb5l1t-latest) to be completed.
2026-01-28T10:08:30.152584191Z I0128 10:08:30.152532       1 connectivity_check_controller.go:172] ConnectivityCheckController is waiting for transition to desired version (4.20.0-0-2026-01-28-090915-test-ci-ln-vjb5l1t-latest) to be completed.
2026-01-28T10:08:30.337498474Z I0128 10:08:30.337459       1 warnings.go:110] "Warning: v1 Endpoints is deprecated in v1.33+; use discovery.k8s.io/v1 EndpointSlice"
2026-01-28T10:08:40.405675753Z I0128 10:08:40.405318       1 connectivity_check_controller.go:172] ConnectivityCheckController is waiting for transition to desired version (4.20.0-0-2026-01-28-090915-test-ci-ln-vjb5l1t-latest) to be completed.
2026-01-28T10:08:59.609535877Z I0128 10:08:59.609452       1 connectivity_check_controller.go:172] ConnectivityCheckController is waiting for transition to desired version (4.20.0-0-2026-01-28-090915-test-ci-ln-vjb5l1t-latest) to be completed.
2026-01-28T10:09:09.817671304Z I0128 10:09:09.813411       1 connectivity_check_controller.go:172] ConnectivityCheckController is waiting for transition to desired version (4.20.0-0-2026-01-28-090915-test-ci-ln-vjb5l1t-latest) to be completed.
2026-01-28T10:09:10.834071232Z I0128 10:09:10.833921       1 connectivity_check_controller.go:172] ConnectivityCheckController is waiting for transition to desired version (4.20.0-0-2026-01-28-090915-test-ci-ln-vjb5l1t-latest) to be completed.
2026-01-28T10:09:15.355686657Z I0128 10:09:15.355623       1 connectivity_check_controller.go:172] ConnectivityCheckController is waiting for transition to desired version (4.20.0-0-2026-01-28-090915-test-ci-ln-vjb5l1t-latest) to be completed.
2026-01-28T10:09:21.054700892Z I0128 10:09:21.052896       1 connectivity_check_controller.go:172] ConnectivityCheckController is waiting for transition to desired version (4.20.0-0-2026-01-28-090915-test-ci-ln-vjb5l1t-latest) to be completed.
2026-01-28T10:09:25.530087865Z I0128 10:09:25.530007       1 connectivity_check_controller.go:172] ConnectivityCheckController is waiting for transition to desired version (4.20.0-0-2026-01-28-090915-test-ci-ln-vjb5l1t-latest) to be completed.
2026-01-28T10:09:42.766979616Z I0128 10:09:42.766927       1 connectivity_check_controller.go:172] ConnectivityCheckController is waiting for transition to desired version (4.20.0-0-2026-01-28-090915-test-ci-ln-vjb5l1t-latest) to be completed.
2026-01-28T10:09:51.795599255Z I0128 10:09:51.795551       1 connectivity_check_controller.go:172] ConnectivityCheckController is waiting for transition to desired version (4.20.0-0-2026-01-28-090915-test-ci-ln-vjb5l1t-latest) to be completed.
2026-01-28T10:09:52.991078129Z I0128 10:09:52.990457       1 connectivity_check_controller.go:172] ConnectivityCheckController is waiting for transition to desired version (4.20.0-0-2026-01-28-090915-test-ci-ln-vjb5l1t-latest) to be completed.
2026-01-28T10:10:01.896940706Z I0128 10:10:01.896774       1 connectivity_check_controller.go:172] ConnectivityCheckController is waiting for transition to desired version (4.20.0-0-2026-01-28-090915-test-ci-ln-vjb5l1t-latest) to be completed.
2026-01-28T10:10:43.919086319Z I0128 10:10:43.917675       1 connectivity_check_controller.go:172] ConnectivityCheckController is waiting for transition to desired version (4.20.0-0-2026-01-28-090915-test-ci-ln-vjb5l1t-latest) to be completed.
2026-01-28T10:10:52.520954661Z I0128 10:10:52.520908       1 connectivity_check_controller.go:172] ConnectivityCheckController is waiting for transition to desired version (4.20.0-0-2026-01-28-090915-test-ci-ln-vjb5l1t-latest) to be completed.
2026-01-28T10:10:54.015655853Z I0128 10:10:54.015606       1 connectivity_check_controller.go:172] ConnectivityCheckController is waiting for transition to desired version (4.20.0-0-2026-01-28-090915-test-ci-ln-vjb5l1t-latest) to be completed.
2026-01-28T10:11:02.855754403Z I0128 10:11:02.855702       1 connectivity_check_controller.go:172] ConnectivityCheckController is waiting for transition to desired version (4.20.0-0-2026-01-28-090915-test-ci-ln-vjb5l1t-latest) to be completed.
2026-01-28T10:11:07.498619585Z I0128 10:11:07.498527       1 connectivity_check_controller.go:172] ConnectivityCheckController is waiting for transition to desired version (4.20.0-0-2026-01-28-090915-test-ci-ln-vjb5l1t-latest) to be completed.
2026-01-28T10:11:17.737915978Z I0128 10:11:17.737867       1 connectivity_check_controller.go:172] ConnectivityCheckController is waiting for transition to desired version (4.20.0-0-2026-01-28-090915-test-ci-ln-vjb5l1t-latest) to be completed.
2026-01-28T10:11:22.147448073Z I0128 10:11:22.147402       1 connectivity_check_controller.go:172] ConnectivityCheckController is waiting for transition to desired version (4.20.0-0-2026-01-28-090915-test-ci-ln-vjb5l1t-latest) to be completed.
2026-01-28T10:11:32.413251281Z I0128 10:11:32.412515       1 connectivity_check_controller.go:172] ConnectivityCheckController is waiting for transition to desired version (4.20.0-0-2026-01-28-090915-test-ci-ln-vjb5l1t-latest) to be completed.
2026-01-28T10:11:53.115125876Z I0128 10:11:53.115007       1 connectivity_check_controller.go:172] ConnectivityCheckController is waiting for transition to desired version (4.20.0-0-2026-01-28-090915-test-ci-ln-vjb5l1t-latest) to be completed.
2026-01-28T10:11:55.377942580Z I0128 10:11:55.377875       1 connectivity_check_controller.go:172] ConnectivityCheckController is waiting for transition to desired version (4.20.0-0-2026-01-28-090915-test-ci-ln-vjb5l1t-latest) to be completed.
2026-01-28T10:12:03.356799888Z I0128 10:12:03.356754       1 connectivity_check_controller.go:172] ConnectivityCheckController is waiting for transition to desired version (4.20.0-0-2026-01-28-090915-test-ci-ln-vjb5l1t-latest) to be completed.
2026-01-28T10:12:04.072096371Z I0128 10:12:04.072002       1 connectivity_check_controller.go:172] ConnectivityCheckController is waiting for transition to desired version (4.20.0-0-2026-01-28-090915-test-ci-ln-vjb5l1t-latest) to be completed.
2026-01-28T10:12:04.171476153Z I0128 10:12:04.171435       1 connectivity_check_controller.go:172] ConnectivityCheckController is waiting for transition to desired version (4.20.0-0-2026-01-28-090915-test-ci-ln-vjb5l1t-latest) to be completed.
2026-01-28T10:12:04.181131954Z I0128 10:12:04.181097       1 connectivity_check_controller.go:172] ConnectivityCheckController is waiting for transition to desired version (4.20.0-0-2026-01-28-090915-test-ci-ln-vjb5l1t-latest) to be completed.
2026-01-28T10:12:04.182271371Z I0128 10:12:04.182253       1 connectivity_check_controller.go:172] ConnectivityCheckController is waiting for transition to desired version (4.20.0-0-2026-01-28-090915-test-ci-ln-vjb5l1t-latest) to be completed.
2026-01-28T10:12:04.186811217Z I0128 10:12:04.186738       1 connectivity_check_controller.go:172] ConnectivityCheckController is waiting for transition to desired version (4.20.0-0-2026-01-28-090915-test-ci-ln-vjb5l1t-latest) to be completed.
2026-01-28T10:12:04.417673830Z I0128 10:12:04.417617       1 connectivity_check_controller.go:172] ConnectivityCheckController is waiting for transition to desired version (4.20.0-0-2026-01-28-090915-test-ci-ln-vjb5l1t-latest) to be completed.
2026-01-28T10:12:04.739847284Z I0128 10:12:04.739783       1 connectivity_check_controller.go:172] ConnectivityCheckController is waiting for transition to desired version (4.20.0-0-2026-01-28-090915-test-ci-ln-vjb5l1t-latest) to be completed.
2026-01-28T10:12:04.740143179Z I0128 10:12:04.740126       1 connectivity_check_controller.go:172] ConnectivityCheckController is waiting for transition to desired version (4.20.0-0-2026-01-28-090915-test-ci-ln-vjb5l1t-latest) to be completed.
2026-01-28T10:12:04.762837580Z I0128 10:12:04.762808       1 connectivity_check_controller.go:172] ConnectivityCheckController is waiting for transition to desired version (4.20.0-0-2026-01-28-090915-test-ci-ln-vjb5l1t-latest) to be completed.
2026-01-28T10:12:04.764344704Z I0128 10:12:04.764322       1 connectivity_check_controller.go:172] ConnectivityCheckController is waiting for transition to desired version (4.20.0-0-2026-01-28-090915-test-ci-ln-vjb5l1t-latest) to be completed.
2026-01-28T10:12:04.766006758Z I0128 10:12:04.765978       1 connectivity_check_controller.go:172] ConnectivityCheckController is waiting for transition to desired version (4.20.0-0-2026-01-28-090915-test-ci-ln-vjb5l1t-latest) to be completed.
2026-01-28T10:12:05.527896672Z I0128 10:12:05.527832       1 connectivity_check_controller.go:172] ConnectivityCheckController is waiting for transition to desired version (4.20.0-0-2026-01-28-090915-test-ci-ln-vjb5l1t-latest) to be completed.
2026-01-28T10:12:06.751593737Z I0128 10:12:06.751549       1 connectivity_check_controller.go:172] ConnectivityCheckController is waiting for transition to desired version (4.20.0-0-2026-01-28-090915-test-ci-ln-vjb5l1t-latest) to be completed.
2026-01-28T10:12:06.953293018Z I0128 10:12:06.953251       1 connectivity_check_controller.go:172] ConnectivityCheckController is waiting for transition to desired version (4.20.0-0-2026-01-28-090915-test-ci-ln-vjb5l1t-latest) to be completed.
2026-01-28T10:12:12.438065737Z I0128 10:12:12.438002       1 warnings.go:110] "Warning: v1 Endpoints is deprecated in v1.33+; use discovery.k8s.io/v1 EndpointSlice"
2026-01-28T10:12:13.489161168Z I0128 10:12:13.489115       1 connectivity_check_controller.go:172] ConnectivityCheckController is waiting for transition to desired version (4.20.0-0-2026-01-28-090915-test-ci-ln-vjb5l1t-latest) to be completed.
2026-01-28T10:12:23.718275417Z I0128 10:12:23.718231       1 connectivity_check_controller.go:172] ConnectivityCheckController is waiting for transition to desired version (4.20.0-0-2026-01-28-090915-test-ci-ln-vjb5l1t-latest) to be completed.
2026-01-28T10:12:45.334769754Z I0128 10:12:45.334721       1 warnings.go:110] "Warning: v1 Endpoints is deprecated in v1.33+; use discovery.k8s.io/v1 EndpointSlice"
2026-01-28T10:12:54.451322129Z I0128 10:12:54.451278       1 connectivity_check_controller.go:172] ConnectivityCheckController is waiting for transition to desired version (4.20.0-0-2026-01-28-090915-test-ci-ln-vjb5l1t-latest) to be completed.
2026-01-28T10:13:04.551629322Z I0128 10:13:04.540750       1 connectivity_check_controller.go:172] ConnectivityCheckController is waiting for transition to desired version (4.20.0-0-2026-01-28-090915-test-ci-ln-vjb5l1t-latest) to be completed.
2026-01-28T10:13:05.115236034Z I0128 10:13:05.115190       1 connectivity_check_controller.go:172] ConnectivityCheckController is waiting for transition to desired version (4.20.0-0-2026-01-28-090915-test-ci-ln-vjb5l1t-latest) to be completed.
2026-01-28T10:13:15.275270124Z I0128 10:13:15.275216       1 connectivity_check_controller.go:172] ConnectivityCheckController is waiting for transition to desired version (4.20.0-0-2026-01-28-090915-test-ci-ln-vjb5l1t-latest) to be completed.
2026-01-28T10:13:15.515096777Z I0128 10:13:15.515010       1 connectivity_check_controller.go:172] ConnectivityCheckController is waiting for transition to desired version (4.20.0-0-2026-01-28-090915-test-ci-ln-vjb5l1t-latest) to be completed.
2026-01-28T10:13:24.949235263Z I0128 10:13:24.949062       1 connectivity_check_controller.go:172] ConnectivityCheckController is waiting for transition to desired version (4.20.0-0-2026-01-28-090915-test-ci-ln-vjb5l1t-latest) to be completed.
2026-01-28T10:13:25.435711725Z I0128 10:13:25.435638       1 connectivity_check_controller.go:172] ConnectivityCheckController is waiting for transition to desired version (4.20.0-0-2026-01-28-090915-test-ci-ln-vjb5l1t-latest) to be completed.
2026-01-28T10:13:27.190062711Z I0128 10:13:27.187231       1 connectivity_check_controller.go:172] ConnectivityCheckController is waiting for transition to desired version (4.20.0-0-2026-01-28-090915-test-ci-ln-vjb5l1t-latest) to be completed.
2026-01-28T10:13:35.145971121Z I0128 10:13:35.145922       1 connectivity_check_controller.go:172] ConnectivityCheckController is waiting for transition to desired version (4.20.0-0-2026-01-28-090915-test-ci-ln-vjb5l1t-latest) to be completed.
2026-01-28T10:13:47.734895318Z I0128 10:13:47.734851       1 connectivity_check_controller.go:172] ConnectivityCheckController is waiting for transition to desired version (4.20.0-0-2026-01-28-090915-test-ci-ln-vjb5l1t-latest) to be completed.
2026-01-28T10:13:55.623714799Z I0128 10:13:55.621832       1 connectivity_check_controller.go:172] ConnectivityCheckController is waiting for transition to desired version (4.20.0-0-2026-01-28-090915-test-ci-ln-vjb5l1t-latest) to be completed.
2026-01-28T10:14:00.814800283Z I0128 10:14:00.814745       1 connectivity_check_controller.go:172] ConnectivityCheckController is waiting for transition to desired version (4.20.0-0-2026-01-28-090915-test-ci-ln-vjb5l1t-latest) to be completed.
2026-01-28T10:14:06.272206999Z I0128 10:14:06.268039       1 connectivity_check_controller.go:172] ConnectivityCheckController is waiting for transition to desired version (4.20.0-0-2026-01-28-090915-test-ci-ln-vjb5l1t-latest) to be completed.
2026-01-28T10:14:10.966590078Z I0128 10:14:10.966518       1 connectivity_check_controller.go:172] ConnectivityCheckController is waiting for transition to desired version (4.20.0-0-2026-01-28-090915-test-ci-ln-vjb5l1t-latest) to be completed.
2026-01-28T10:14:16.073888529Z I0128 10:14:16.073834       1 connectivity_check_controller.go:172] ConnectivityCheckController is waiting for transition to desired version (4.20.0-0-2026-01-28-090915-test-ci-ln-vjb5l1t-latest) to be completed.
2026-01-28T10:14:16.305499456Z I0128 10:14:16.305453       1 connectivity_check_controller.go:172] ConnectivityCheckController is waiting for transition to desired version (4.20.0-0-2026-01-28-090915-test-ci-ln-vjb5l1t-latest) to be completed.
2026-01-28T10:14:26.414334613Z I0128 10:14:26.409406       1 connectivity_check_controller.go:172] ConnectivityCheckController is waiting for transition to desired version (4.20.0-0-2026-01-28-090915-test-ci-ln-vjb5l1t-latest) to be completed.
2026-01-28T10:14:36.532767154Z I0128 10:14:36.531754       1 connectivity_check_controller.go:172] ConnectivityCheckController is waiting for transition to desired version (4.20.0-0-2026-01-28-090915-test-ci-ln-vjb5l1t-latest) to be completed.
2026-01-28T10:14:41.615750446Z I0128 10:14:41.614909       1 connectivity_check_controller.go:172] ConnectivityCheckController is waiting for transition to desired version (4.20.0-0-2026-01-28-090915-test-ci-ln-vjb5l1t-latest) to be completed.
2026-01-28T10:14:51.633202080Z I0128 10:14:51.633152       1 connectivity_check_controller.go:172] ConnectivityCheckController is waiting for transition to desired version (4.20.0-0-2026-01-28-090915-test-ci-ln-vjb5l1t-latest) to be completed.
2026-01-28T10:15:06.981103869Z I0128 10:15:06.981001       1 connectivity_check_controller.go:172] ConnectivityCheckController is waiting for transition to desired version (4.20.0-0-2026-01-28-090915-test-ci-ln-vjb5l1t-latest) to be completed.
2026-01-28T10:15:17.366401849Z I0128 10:15:17.365522       1 connectivity_check_controller.go:172] ConnectivityCheckController is waiting for transition to desired version (4.20.0-0-2026-01-28-090915-test-ci-ln-vjb5l1t-latest) to be completed.
2026-01-28T10:15:27.622602479Z I0128 10:15:27.622529       1 connectivity_check_controller.go:172] ConnectivityCheckController is waiting for transition to desired version (4.20.0-0-2026-01-28-090915-test-ci-ln-vjb5l1t-latest) to be completed.
2026-01-28T10:15:28.630676521Z I0128 10:15:28.630504       1 connectivity_check_controller.go:172] ConnectivityCheckController is waiting for transition to desired version (4.20.0-0-2026-01-28-090915-test-ci-ln-vjb5l1t-latest) to be completed.
2026-01-28T10:15:37.799950076Z I0128 10:15:37.799900       1 connectivity_check_controller.go:172] ConnectivityCheckController is waiting for transition to desired version (4.20.0-0-2026-01-28-090915-test-ci-ln-vjb5l1t-latest) to be completed.
2026-01-28T10:15:37.949101456Z I0128 10:15:37.949003       1 connectivity_check_controller.go:172] ConnectivityCheckController is waiting for transition to desired version (4.20.0-0-2026-01-28-090915-test-ci-ln-vjb5l1t-latest) to be completed.
2026-01-28T10:15:38.819008591Z I0128 10:15:38.818950       1 connectivity_check_controller.go:172] ConnectivityCheckController is waiting for transition to desired version (4.20.0-0-2026-01-28-090915-test-ci-ln-vjb5l1t-latest) to be completed.
2026-01-28T10:15:39.692065313Z I0128 10:15:39.690187       1 connectivity_check_controller.go:172] ConnectivityCheckController is waiting for transition to desired version (4.20.0-0-2026-01-28-090915-test-ci-ln-vjb5l1t-latest) to be completed.
2026-01-28T10:15:48.367344913Z I0128 10:15:48.361281       1 connectivity_check_controller.go:172] ConnectivityCheckController is waiting for transition to desired version (4.20.0-0-2026-01-28-090915-test-ci-ln-vjb5l1t-latest) to be completed.
2026-01-28T10:15:58.526503250Z I0128 10:15:58.525234       1 connectivity_check_controller.go:172] ConnectivityCheckController is waiting for transition to desired version (4.20.0-0-2026-01-28-090915-test-ci-ln-vjb5l1t-latest) to be completed.
2026-01-28T10:16:00.301059247Z I0128 10:16:00.296970       1 connectivity_check_controller.go:172] ConnectivityCheckController is waiting for transition to desired version (4.20.0-0-2026-01-28-090915-test-ci-ln-vjb5l1t-latest) to be completed.
2026-01-28T10:16:03.280301603Z I0128 10:16:03.280245       1 connectivity_check_controller.go:172] ConnectivityCheckController is waiting for transition to desired version (4.20.0-0-2026-01-28-090915-test-ci-ln-vjb5l1t-latest) to be completed.
2026-01-28T10:16:08.651691065Z I0128 10:16:08.651641       1 connectivity_check_controller.go:172] ConnectivityCheckController is waiting for transition to desired version (4.20.0-0-2026-01-28-090915-test-ci-ln-vjb5l1t-latest) to be completed.
2026-01-28T10:16:13.329043515Z I0128 10:16:13.328937       1 connectivity_check_controller.go:172] ConnectivityCheckController is waiting for transition to desired version (4.20.0-0-2026-01-28-090915-test-ci-ln-vjb5l1t-latest) to be completed.
2026-01-28T10:16:31.073811669Z I0128 10:16:31.072781       1 connectivity_check_controller.go:172] ConnectivityCheckController is waiting for transition to desired version (4.20.0-0-2026-01-28-090915-test-ci-ln-vjb5l1t-latest) to be completed.
2026-01-28T10:16:34.123379427Z I0128 10:16:34.120577       1 connectivity_check_controller.go:172] ConnectivityCheckController is waiting for transition to desired version (4.20.0-0-2026-01-28-090915-test-ci-ln-vjb5l1t-latest) to be completed.
2026-01-28T10:16:41.231476823Z I0128 10:16:41.231430       1 connectivity_check_controller.go:172] ConnectivityCheckController is waiting for transition to desired version (4.20.0-0-2026-01-28-090915-test-ci-ln-vjb5l1t-latest) to be completed.
2026-01-28T10:16:44.397709705Z I0128 10:16:44.397659       1 connectivity_check_controller.go:172] ConnectivityCheckController is waiting for transition to desired version (4.20.0-0-2026-01-28-090915-test-ci-ln-vjb5l1t-latest) to be completed.
2026-01-28T10:16:59.265837158Z I0128 10:16:59.263798       1 connectivity_check_controller.go:172] ConnectivityCheckController is waiting for transition to desired version (4.20.0-0-2026-01-28-090915-test-ci-ln-vjb5l1t-latest) to be completed.
2026-01-28T10:17:09.512016128Z I0128 10:17:09.511969       1 connectivity_check_controller.go:172] ConnectivityCheckController is waiting for transition to desired version (4.20.0-0-2026-01-28-090915-test-ci-ln-vjb5l1t-latest) to be completed.
2026-01-28T10:17:20.323065051Z I0128 10:17:20.322998       1 connectivity_check_controller.go:172] ConnectivityCheckController is waiting for transition to desired version (4.20.0-0-2026-01-28-090915-test-ci-ln-vjb5l1t-latest) to be completed.
2026-01-28T10:17:30.484882562Z I0128 10:17:30.484834       1 connectivity_check_controller.go:172] ConnectivityCheckController is waiting for transition to desired version (4.20.0-0-2026-01-28-090915-test-ci-ln-vjb5l1t-latest) to be completed.
2026-01-28T10:17:40.033684948Z I0128 10:17:40.033222       1 connectivity_check_controller.go:172] ConnectivityCheckController is waiting for transition to desired version (4.20.0-0-2026-01-28-090915-test-ci-ln-vjb5l1t-latest) to be completed.
2026-01-28T10:17:50.370594550Z I0128 10:17:50.370549       1 connectivity_check_controller.go:172] ConnectivityCheckController is waiting for transition to desired version (4.20.0-0-2026-01-28-090915-test-ci-ln-vjb5l1t-latest) to be completed.
2026-01-28T10:18:02.339365460Z I0128 10:18:02.339312       1 warnings.go:110] "Warning: v1 Endpoints is deprecated in v1.33+; use discovery.k8s.io/v1 EndpointSlice"
2026-01-28T10:18:20.594227547Z I0128 10:18:20.594181       1 connectivity_check_controller.go:172] ConnectivityCheckController is waiting for transition to desired version (4.20.0-0-2026-01-28-090915-test-ci-ln-vjb5l1t-latest) to be completed.
2026-01-28T10:18:26.649750727Z I0128 10:18:26.648558       1 connectivity_check_controller.go:172] ConnectivityCheckController is waiting for transition to desired version (4.20.0-0-2026-01-28-090915-test-ci-ln-vjb5l1t-latest) to be completed.
2026-01-28T10:18:30.656437121Z I0128 10:18:30.656315       1 connectivity_check_controller.go:172] ConnectivityCheckController is waiting for transition to desired version (4.20.0-0-2026-01-28-090915-test-ci-ln-vjb5l1t-latest) to be completed.
2026-01-28T10:18:36.722195454Z I0128 10:18:36.720726       1 connectivity_check_controller.go:172] ConnectivityCheckController is waiting for transition to desired version (4.20.0-0-2026-01-28-090915-test-ci-ln-vjb5l1t-latest) to be completed.
2026-01-28T10:18:40.859000124Z I0128 10:18:40.858938       1 connectivity_check_controller.go:172] ConnectivityCheckController is waiting for transition to desired version (4.20.0-0-2026-01-28-090915-test-ci-ln-vjb5l1t-latest) to be completed.
2026-01-28T10:18:50.925409705Z I0128 10:18:50.925338       1 connectivity_check_controller.go:172] ConnectivityCheckController is waiting for transition to desired version (4.20.0-0-2026-01-28-090915-test-ci-ln-vjb5l1t-latest) to be completed.
2026-01-28T10:19:01.885132230Z I0128 10:19:01.885088       1 connectivity_check_controller.go:172] ConnectivityCheckController is waiting for transition to desired version (4.20.0-0-2026-01-28-090915-test-ci-ln-vjb5l1t-latest) to be completed.
2026-01-28T10:19:12.272843191Z I0128 10:19:12.269940       1 connectivity_check_controller.go:172] ConnectivityCheckController is waiting for transition to desired version (4.20.0-0-2026-01-28-090915-test-ci-ln-vjb5l1t-latest) to be completed.
2026-01-28T10:19:22.641064044Z I0128 10:19:22.639472       1 connectivity_check_controller.go:172] ConnectivityCheckController is waiting for transition to desired version (4.20.0-0-2026-01-28-090915-test-ci-ln-vjb5l1t-latest) to be completed.
2026-01-28T10:19:31.823793679Z I0128 10:19:31.823734       1 connectivity_check_controller.go:172] ConnectivityCheckController is waiting for transition to desired version (4.20.0-0-2026-01-28-090915-test-ci-ln-vjb5l1t-latest) to be completed.
2026-01-28T10:19:32.867258541Z I0128 10:19:32.867209       1 connectivity_check_controller.go:172] ConnectivityCheckController is waiting for transition to desired version (4.20.0-0-2026-01-28-090915-test-ci-ln-vjb5l1t-latest) to be completed.
2026-01-28T10:19:34.654235557Z I0128 10:19:34.654185       1 connectivity_check_controller.go:172] ConnectivityCheckController is waiting for transition to desired version (4.20.0-0-2026-01-28-090915-test-ci-ln-vjb5l1t-latest) to be completed.
2026-01-28T10:19:37.697073354Z I0128 10:19:37.694461       1 connectivity_check_controller.go:172] ConnectivityCheckController is waiting for transition to desired version (4.20.0-0-2026-01-28-090915-test-ci-ln-vjb5l1t-latest) to be completed.
2026-01-28T10:19:42.193892266Z I0128 10:19:42.193696       1 connectivity_check_controller.go:172] ConnectivityCheckController is waiting for transition to desired version (4.20.0-0-2026-01-28-090915-test-ci-ln-vjb5l1t-latest) to be completed.
2026-01-28T10:19:44.822394071Z I0128 10:19:44.822339       1 connectivity_check_controller.go:172] ConnectivityCheckController is waiting for transition to desired version (4.20.0-0-2026-01-28-090915-test-ci-ln-vjb5l1t-latest) to be completed.
2026-01-28T10:19:53.241150620Z I0128 10:19:53.241106       1 connectivity_check_controller.go:172] ConnectivityCheckController is waiting for transition to desired version (4.20.0-0-2026-01-28-090915-test-ci-ln-vjb5l1t-latest) to be completed.
2026-01-28T10:19:58.050484065Z I0128 10:19:58.049793       1 connectivity_check_controller.go:172] ConnectivityCheckController is waiting for transition to desired version (4.20.0-0-2026-01-28-090915-test-ci-ln-vjb5l1t-latest) to be completed.
2026-01-28T10:20:03.504394979Z I0128 10:20:03.504302       1 connectivity_check_controller.go:172] ConnectivityCheckController is waiting for transition to desired version (4.20.0-0-2026-01-28-090915-test-ci-ln-vjb5l1t-latest) to be completed.
2026-01-28T10:20:24.280775733Z I0128 10:20:24.280728       1 connectivity_check_controller.go:172] ConnectivityCheckController is waiting for transition to desired version (4.20.0-0-2026-01-28-090915-test-ci-ln-vjb5l1t-latest) to be completed.
2026-01-28T10:20:25.892460792Z I0128 10:20:25.892408       1 connectivity_check_controller.go:172] ConnectivityCheckController is waiting for transition to desired version (4.20.0-0-2026-01-28-090915-test-ci-ln-vjb5l1t-latest) to be completed.
2026-01-28T10:20:33.440811907Z I0128 10:20:33.440762       1 warnings.go:110] "Warning: v1 Endpoints is deprecated in v1.33+; use discovery.k8s.io/v1 EndpointSlice"
2026-01-28T10:20:34.390373315Z I0128 10:20:34.390328       1 connectivity_check_controller.go:172] ConnectivityCheckController is waiting for transition to desired version (4.20.0-0-2026-01-28-090915-test-ci-ln-vjb5l1t-latest) to be completed.
2026-01-28T10:20:36.213757603Z I0128 10:20:36.207561       1 connectivity_check_controller.go:172] ConnectivityCheckController is waiting for transition to desired version (4.20.0-0-2026-01-28-090915-test-ci-ln-vjb5l1t-latest) to be completed.
2026-01-28T10:20:49.038251410Z I0128 10:20:49.038195       1 connectivity_check_controller.go:172] ConnectivityCheckController is waiting for transition to desired version (4.20.0-0-2026-01-28-090915-test-ci-ln-vjb5l1t-latest) to be completed.
2026-01-28T10:20:59.249526857Z I0128 10:20:59.249328       1 connectivity_check_controller.go:172] ConnectivityCheckController is waiting for transition to desired version (4.20.0-0-2026-01-28-090915-test-ci-ln-vjb5l1t-latest) to be completed.
2026-01-28T10:21:04.155650510Z I0128 10:21:04.153496       1 connectivity_check_controller.go:172] ConnectivityCheckController is waiting for transition to desired version (4.20.0-0-2026-01-28-090915-test-ci-ln-vjb5l1t-latest) to be completed.
2026-01-28T10:21:04.622804627Z I0128 10:21:04.622754       1 connectivity_check_controller.go:172] ConnectivityCheckController is waiting for transition to desired version (4.20.0-0-2026-01-28-090915-test-ci-ln-vjb5l1t-latest) to be completed.
2026-01-28T10:21:14.361614550Z I0128 10:21:14.361512       1 connectivity_check_controller.go:172] ConnectivityCheckController is waiting for transition to desired version (4.20.0-0-2026-01-28-090915-test-ci-ln-vjb5l1t-latest) to be completed.
2026-01-28T10:21:14.726120647Z I0128 10:21:14.726060       1 connectivity_check_controller.go:172] ConnectivityCheckController is waiting for transition to desired version (4.20.0-0-2026-01-28-090915-test-ci-ln-vjb5l1t-latest) to be completed.
2026-01-28T10:21:35.253911793Z I0128 10:21:35.253484       1 connectivity_check_controller.go:172] ConnectivityCheckController is waiting for transition to desired version (4.20.0-0-2026-01-28-090915-test-ci-ln-vjb5l1t-latest) to be completed.
2026-01-28T10:21:39.336734632Z I0128 10:21:39.336687       1 warnings.go:110] "Warning: v1 Endpoints is deprecated in v1.33+; use discovery.k8s.io/v1 EndpointSlice"
2026-01-28T10:21:44.571375428Z I0128 10:21:44.571207       1 connectivity_check_controller.go:172] ConnectivityCheckController is waiting for transition to desired version (4.20.0-0-2026-01-28-090915-test-ci-ln-vjb5l1t-latest) to be completed.
2026-01-28T10:21:54.784903069Z I0128 10:21:54.784820       1 connectivity_check_controller.go:172] ConnectivityCheckController is waiting for transition to desired version (4.20.0-0-2026-01-28-090915-test-ci-ln-vjb5l1t-latest) to be completed.
2026-01-28T10:21:55.535163813Z I0128 10:21:55.527181       1 connectivity_check_controller.go:172] ConnectivityCheckController is waiting for transition to desired version (4.20.0-0-2026-01-28-090915-test-ci-ln-vjb5l1t-latest) to be completed.
2026-01-28T10:22:04.072524809Z I0128 10:22:04.072463       1 connectivity_check_controller.go:172] ConnectivityCheckController is waiting for transition to desired version (4.20.0-0-2026-01-28-090915-test-ci-ln-vjb5l1t-latest) to be completed.
2026-01-28T10:22:04.171083619Z I0128 10:22:04.170973       1 connectivity_check_controller.go:172] ConnectivityCheckController is waiting for transition to desired version (4.20.0-0-2026-01-28-090915-test-ci-ln-vjb5l1t-latest) to be completed.
2026-01-28T10:22:04.173337101Z I0128 10:22:04.173233       1 connectivity_check_controller.go:172] ConnectivityCheckController is waiting for transition to desired version (4.20.0-0-2026-01-28-090915-test-ci-ln-vjb5l1t-latest) to be completed.
2026-01-28T10:22:04.175088478Z I0128 10:22:04.175066       1 connectivity_check_controller.go:172] ConnectivityCheckController is waiting for transition to desired version (4.20.0-0-2026-01-28-090915-test-ci-ln-vjb5l1t-latest) to be completed.
2026-01-28T10:22:04.418904745Z I0128 10:22:04.418826       1 connectivity_check_controller.go:172] ConnectivityCheckController is waiting for transition to desired version (4.20.0-0-2026-01-28-090915-test-ci-ln-vjb5l1t-latest) to be completed.
2026-01-28T10:22:04.740911912Z I0128 10:22:04.740854       1 connectivity_check_controller.go:172] ConnectivityCheckController is waiting for transition to desired version (4.20.0-0-2026-01-28-090915-test-ci-ln-vjb5l1t-latest) to be completed.
2026-01-28T10:22:04.741502591Z I0128 10:22:04.741356       1 connectivity_check_controller.go:172] ConnectivityCheckController is waiting for transition to desired version (4.20.0-0-2026-01-28-090915-test-ci-ln-vjb5l1t-latest) to be completed.
2026-01-28T10:22:04.741799206Z I0128 10:22:04.741775       1 connectivity_check_controller.go:172] ConnectivityCheckController is waiting for transition to desired version (4.20.0-0-2026-01-28-090915-test-ci-ln-vjb5l1t-latest) to be completed.
2026-01-28T10:22:04.741997216Z I0128 10:22:04.741973       1 connectivity_check_controller.go:172] ConnectivityCheckController is waiting for transition to desired version (4.20.0-0-2026-01-28-090915-test-ci-ln-vjb5l1t-latest) to be completed.
2026-01-28T10:22:04.763785277Z I0128 10:22:04.763742       1 connectivity_check_controller.go:172] ConnectivityCheckController is waiting for transition to desired version (4.20.0-0-2026-01-28-090915-test-ci-ln-vjb5l1t-latest) to be completed.
2026-01-28T10:22:04.769015056Z I0128 10:22:04.768980       1 connectivity_check_controller.go:172] ConnectivityCheckController is waiting for transition to desired version (4.20.0-0-2026-01-28-090915-test-ci-ln-vjb5l1t-latest) to be completed.
2026-01-28T10:22:04.772938571Z I0128 10:22:04.772911       1 connectivity_check_controller.go:172] ConnectivityCheckController is waiting for transition to desired version (4.20.0-0-2026-01-28-090915-test-ci-ln-vjb5l1t-latest) to be completed.
2026-01-28T10:22:05.726419778Z I0128 10:22:05.723713       1 connectivity_check_controller.go:172] ConnectivityCheckController is waiting for transition to desired version (4.20.0-0-2026-01-28-090915-test-ci-ln-vjb5l1t-latest) to be completed.
2026-01-28T10:22:06.751610910Z I0128 10:22:06.751550       1 connectivity_check_controller.go:172] ConnectivityCheckController is waiting for transition to desired version (4.20.0-0-2026-01-28-090915-test-ci-ln-vjb5l1t-latest) to be completed.
2026-01-28T10:22:06.953722882Z I0128 10:22:06.953668       1 connectivity_check_controller.go:172] ConnectivityCheckController is waiting for transition to desired version (4.20.0-0-2026-01-28-090915-test-ci-ln-vjb5l1t-latest) to be completed.
2026-01-28T10:22:26.131435856Z I0128 10:22:26.131389       1 connectivity_check_controller.go:172] ConnectivityCheckController is waiting for transition to desired version (4.20.0-0-2026-01-28-090915-test-ci-ln-vjb5l1t-latest) to be completed.
2026-01-28T10:22:27.810318758Z I0128 10:22:27.810272       1 connectivity_check_controller.go:172] ConnectivityCheckController is waiting for transition to desired version (4.20.0-0-2026-01-28-090915-test-ci-ln-vjb5l1t-latest) to be completed.
2026-01-28T10:22:38.160861379Z I0128 10:22:38.160781       1 connectivity_check_controller.go:172] ConnectivityCheckController is waiting for transition to desired version (4.20.0-0-2026-01-28-090915-test-ci-ln-vjb5l1t-latest) to be completed.
2026-01-28T10:22:41.349098649Z I0128 10:22:41.349042       1 connectivity_check_controller.go:172] ConnectivityCheckController is waiting for transition to desired version (4.20.0-0-2026-01-28-090915-test-ci-ln-vjb5l1t-latest) to be completed.
2026-01-28T10:22:46.717788470Z I0128 10:22:46.717711       1 connectivity_check_controller.go:172] ConnectivityCheckController is waiting for transition to desired version (4.20.0-0-2026-01-28-090915-test-ci-ln-vjb5l1t-latest) to be completed.
2026-01-28T10:22:51.416618907Z I0128 10:22:51.415192       1 connectivity_check_controller.go:172] ConnectivityCheckController is waiting for transition to desired version (4.20.0-0-2026-01-28-090915-test-ci-ln-vjb5l1t-latest) to be completed.
2026-01-28T10:22:57.092689933Z I0128 10:22:57.086716       1 connectivity_check_controller.go:172] ConnectivityCheckController is waiting for transition to desired version (4.20.0-0-2026-01-28-090915-test-ci-ln-vjb5l1t-latest) to be completed.
2026-01-28T10:23:26.173608370Z I0128 10:23:26.171690       1 connectivity_check_controller.go:172] ConnectivityCheckController is waiting for transition to desired version (4.20.0-0-2026-01-28-090915-test-ci-ln-vjb5l1t-latest) to be completed.
2026-01-28T10:23:29.340178052Z I0128 10:23:29.340133       1 connectivity_check_controller.go:172] ConnectivityCheckController is waiting for transition to desired version (4.20.0-0-2026-01-28-090915-test-ci-ln-vjb5l1t-latest) to be completed.
2026-01-28T10:23:36.206673540Z I0128 10:23:36.206610       1 connectivity_check_controller.go:172] ConnectivityCheckController is waiting for transition to desired version (4.20.0-0-2026-01-28-090915-test-ci-ln-vjb5l1t-latest) to be completed.
2026-01-28T10:23:49.765403387Z I0128 10:23:49.765359       1 connectivity_check_controller.go:172] ConnectivityCheckController is waiting for transition to desired version (4.20.0-0-2026-01-28-090915-test-ci-ln-vjb5l1t-latest) to be completed.
2026-01-28T10:23:56.633530435Z I0128 10:23:56.633475       1 connectivity_check_controller.go:172] ConnectivityCheckController is waiting for transition to desired version (4.20.0-0-2026-01-28-090915-test-ci-ln-vjb5l1t-latest) to be completed.
2026-01-28T10:24:02.641523950Z I0128 10:24:02.633065       1 connectivity_check_controller.go:172] ConnectivityCheckController is waiting for transition to desired version (4.20.0-0-2026-01-28-090915-test-ci-ln-vjb5l1t-latest) to be completed.
2026-01-28T10:24:06.916655369Z I0128 10:24:06.913966       1 connectivity_check_controller.go:172] ConnectivityCheckController is waiting for transition to desired version (4.20.0-0-2026-01-28-090915-test-ci-ln-vjb5l1t-latest) to be completed.
2026-01-28T10:24:13.018162382Z I0128 10:24:13.018099       1 connectivity_check_controller.go:172] ConnectivityCheckController is waiting for transition to desired version (4.20.0-0-2026-01-28-090915-test-ci-ln-vjb5l1t-latest) to be completed.
2026-01-28T10:24:47.890090128Z I0128 10:24:47.888612       1 connectivity_check_controller.go:172] ConnectivityCheckController is waiting for transition to desired version (4.20.0-0-2026-01-28-090915-test-ci-ln-vjb5l1t-latest) to be completed.
2026-01-28T10:24:49.861372779Z I0128 10:24:49.861312       1 connectivity_check_controller.go:172] ConnectivityCheckController is waiting for transition to desired version (4.20.0-0-2026-01-28-090915-test-ci-ln-vjb5l1t-latest) to be completed.
2026-01-28T10:24:58.258472503Z I0128 10:24:58.258146       1 connectivity_check_controller.go:172] ConnectivityCheckController is waiting for transition to desired version (4.20.0-0-2026-01-28-090915-test-ci-ln-vjb5l1t-latest) to be completed.
2026-01-28T10:25:04.269958558Z I0128 10:25:04.269911       1 connectivity_check_controller.go:172] ConnectivityCheckController is waiting for transition to desired version (4.20.0-0-2026-01-28-090915-test-ci-ln-vjb5l1t-latest) to be completed.
2026-01-28T10:25:14.441266317Z I0128 10:25:14.441196       1 connectivity_check_controller.go:172] ConnectivityCheckController is waiting for transition to desired version (4.20.0-0-2026-01-28-090915-test-ci-ln-vjb5l1t-latest) to be completed.
