2026-01-28T09:47:48.545023549Z Copying system trust bundle
2026-01-28T09:47:48.641651141Z W0128 09:47:48.641603       1 feature_gate.go:352] Setting GA feature gate ServiceAccountTokenNodeBinding=true. It will be removed in a future release.
2026-01-28T09:47:48.641727063Z W0128 09:47:48.641711       1 feature_gate.go:350] Setting deprecated feature gate KMSv1=true. It will be removed in a future release.
2026-01-28T09:47:48.641762084Z W0128 09:47:48.641749       1 feature_gate.go:352] Setting GA feature gate RouteExternalCertificate=true. It will be removed in a future release.
2026-01-28T09:47:48.641826265Z I0128 09:47:48.641795       1 feature_gate.go:385] feature gates: {map[DynamicResourceAllocation:false EventedPLEG:false ImageVolume:true KMSv1:true MaxUnavailableStatefulSet:false MutatingAdmissionPolicy:false NodeSwap:false ProcMountType:true RouteExternalCertificate:true SELinuxMount:false ServiceAccountTokenNodeBinding:true TranslateStreamCloseWebsocketRequests:false UserNamespacesPodSecurityStandards:true UserNamespacesSupport:true VolumeAttributesClass:false]}
2026-01-28T09:47:48.641871066Z W0128 09:47:48.641857       1 config.go:124] Ignoring unknown FeatureGate "BuildCSIVolumes"
2026-01-28T09:47:48.641920067Z W0128 09:47:48.641907       1 config.go:124] Ignoring unknown FeatureGate "NewOLM"
2026-01-28T09:47:48.641954928Z W0128 09:47:48.641943       1 config.go:124] Ignoring unknown FeatureGate "NewOLMWebhookProviderOpenshiftServiceCA"
2026-01-28T09:47:48.641981778Z W0128 09:47:48.641971       1 config.go:124] Ignoring unknown FeatureGate "ConsolePluginContentSecurityPolicy"
2026-01-28T09:47:48.642008739Z W0128 09:47:48.641998       1 config.go:124] Ignoring unknown FeatureGate "StoragePerformantSecurityPolicy"
2026-01-28T09:47:48.642034719Z W0128 09:47:48.642024       1 config.go:124] Ignoring unknown FeatureGate "InsightsConfigAPI"
2026-01-28T09:47:48.642059700Z W0128 09:47:48.642049       1 config.go:124] Ignoring unknown FeatureGate "IrreconcilableMachineConfig"
2026-01-28T09:47:48.642085450Z W0128 09:47:48.642075       1 config.go:124] Ignoring unknown FeatureGate "MachineAPIMigration"
2026-01-28T09:47:48.642111631Z W0128 09:47:48.642100       1 config.go:124] Ignoring unknown FeatureGate "MachineAPIOperatorDisableMachineHealthCheckController"
2026-01-28T09:47:48.642134741Z W0128 09:47:48.642125       1 config.go:124] Ignoring unknown FeatureGate "GatewayAPIController"
2026-01-28T09:47:48.642158292Z W0128 09:47:48.642149       1 config.go:124] Ignoring unknown FeatureGate "HighlyAvailableArbiter"
2026-01-28T09:47:48.642180392Z W0128 09:47:48.642171       1 config.go:124] Ignoring unknown FeatureGate "SetEIPForNLBIngressController"
2026-01-28T09:47:48.642205153Z W0128 09:47:48.642195       1 config.go:124] Ignoring unknown FeatureGate "AzureDedicatedHosts"
2026-01-28T09:47:48.642231103Z W0128 09:47:48.642220       1 config.go:124] Ignoring unknown FeatureGate "ImageModeStatusReporting"
2026-01-28T09:47:48.642254704Z W0128 09:47:48.642245       1 config.go:124] Ignoring unknown FeatureGate "IngressControllerDynamicConfigurationManager"
2026-01-28T09:47:48.642279204Z W0128 09:47:48.642269       1 config.go:124] Ignoring unknown FeatureGate "NewOLMOwnSingleNamespace"
2026-01-28T09:47:48.642302815Z W0128 09:47:48.642293       1 config.go:124] Ignoring unknown FeatureGate "NewOLMPreflightPermissionChecks"
2026-01-28T09:47:48.642328065Z W0128 09:47:48.642318       1 config.go:124] Ignoring unknown FeatureGate "ExternalOIDC"
2026-01-28T09:47:48.642353376Z W0128 09:47:48.642343       1 config.go:124] Ignoring unknown FeatureGate "BootcNodeManagement"
2026-01-28T09:47:48.642377977Z W0128 09:47:48.642368       1 config.go:124] Ignoring unknown FeatureGate "EtcdBackendQuota"
2026-01-28T09:47:48.642418938Z W0128 09:47:48.642408       1 config.go:124] Ignoring unknown FeatureGate "InsightsOnDemandDataGather"
2026-01-28T09:47:48.642441798Z W0128 09:47:48.642433       1 config.go:124] Ignoring unknown FeatureGate "ManagedBootImagesAzure"
2026-01-28T09:47:48.642463428Z W0128 09:47:48.642454       1 config.go:124] Ignoring unknown FeatureGate "ManagedBootImagesvSphere"
2026-01-28T09:47:48.642485519Z W0128 09:47:48.642476       1 config.go:124] Ignoring unknown FeatureGate "MinimumKubeletVersion"
2026-01-28T09:47:48.642508209Z W0128 09:47:48.642499       1 config.go:124] Ignoring unknown FeatureGate "AzureWorkloadIdentity"
2026-01-28T09:47:48.642530150Z W0128 09:47:48.642521       1 config.go:124] Ignoring unknown FeatureGate "ExternalOIDCWithUIDAndExtraClaimMappings"
2026-01-28T09:47:48.642551550Z W0128 09:47:48.642542       1 config.go:124] Ignoring unknown FeatureGate "PreconfiguredUDNAddresses"
2026-01-28T09:47:48.642573071Z W0128 09:47:48.642564       1 config.go:124] Ignoring unknown FeatureGate "AutomatedEtcdBackup"
2026-01-28T09:47:48.642595841Z W0128 09:47:48.642586       1 config.go:124] Ignoring unknown FeatureGate "ClusterAPIInstall"
2026-01-28T09:47:48.642622202Z W0128 09:47:48.642611       1 config.go:124] Ignoring unknown FeatureGate "ClusterVersionOperatorConfiguration"
2026-01-28T09:47:48.642649602Z W0128 09:47:48.642639       1 config.go:124] Ignoring unknown FeatureGate "OpenShiftPodSecurityAdmission"
2026-01-28T09:47:48.642674673Z W0128 09:47:48.642664       1 config.go:124] Ignoring unknown FeatureGate "AlibabaPlatform"
2026-01-28T09:47:48.642698813Z W0128 09:47:48.642689       1 config.go:124] Ignoring unknown FeatureGate "RouteAdvertisements"
2026-01-28T09:47:48.642728674Z W0128 09:47:48.642713       1 config.go:124] Ignoring unknown FeatureGate "AWSDedicatedHosts"
2026-01-28T09:47:48.642752494Z W0128 09:47:48.642743       1 config.go:124] Ignoring unknown FeatureGate "ClusterMonitoringConfig"
2026-01-28T09:47:48.642776135Z W0128 09:47:48.642766       1 config.go:124] Ignoring unknown FeatureGate "NutanixMultiSubnets"
2026-01-28T09:47:48.642799055Z W0128 09:47:48.642789       1 config.go:124] Ignoring unknown FeatureGate "OVNObservability"
2026-01-28T09:47:48.642822436Z W0128 09:47:48.642813       1 config.go:124] Ignoring unknown FeatureGate "SignatureStores"
2026-01-28T09:47:48.642847997Z W0128 09:47:48.642838       1 config.go:124] Ignoring unknown FeatureGate "VSphereMixedNodeEnv"
2026-01-28T09:47:48.642872177Z W0128 09:47:48.642862       1 config.go:124] Ignoring unknown FeatureGate "ManagedBootImages"
2026-01-28T09:47:48.642916808Z W0128 09:47:48.642905       1 config.go:124] Ignoring unknown FeatureGate "AWSServiceLBNetworkSecurityGroup"
2026-01-28T09:47:48.642947559Z W0128 09:47:48.642937       1 config.go:124] Ignoring unknown FeatureGate "DyanmicServiceEndpointIBMCloud"
2026-01-28T09:47:48.642971639Z W0128 09:47:48.642962       1 config.go:124] Ignoring unknown FeatureGate "Example2"
2026-01-28T09:47:48.642995000Z W0128 09:47:48.642985       1 config.go:124] Ignoring unknown FeatureGate "ExternalSnapshotMetadata"
2026-01-28T09:47:48.643018380Z W0128 09:47:48.643009       1 config.go:124] Ignoring unknown FeatureGate "GCPClusterHostedDNSInstall"
2026-01-28T09:47:48.643042691Z W0128 09:47:48.643033       1 config.go:124] Ignoring unknown FeatureGate "CPMSMachineNamePrefix"
2026-01-28T09:47:48.643066771Z W0128 09:47:48.643056       1 config.go:124] Ignoring unknown FeatureGate "NetworkSegmentation"
2026-01-28T09:47:48.643091122Z W0128 09:47:48.643081       1 config.go:124] Ignoring unknown FeatureGate "AWSClusterHostedDNS"
2026-01-28T09:47:48.643115212Z W0128 09:47:48.643105       1 config.go:124] Ignoring unknown FeatureGate "AWSClusterHostedDNSInstall"
2026-01-28T09:47:48.643146243Z W0128 09:47:48.643135       1 config.go:124] Ignoring unknown FeatureGate "ClusterAPIInstallIBMCloud"
2026-01-28T09:47:48.643169834Z W0128 09:47:48.643160       1 config.go:124] Ignoring unknown FeatureGate "DNSNameResolver"
2026-01-28T09:47:48.643193784Z W0128 09:47:48.643184       1 config.go:124] Ignoring unknown FeatureGate "AdminNetworkPolicy"
2026-01-28T09:47:48.643216995Z W0128 09:47:48.643207       1 config.go:124] Ignoring unknown FeatureGate "VSphereMultiDisk"
2026-01-28T09:47:48.643240275Z W0128 09:47:48.643231       1 config.go:124] Ignoring unknown FeatureGate "GCPClusterHostedDNS"
2026-01-28T09:47:48.643263385Z W0128 09:47:48.643254       1 config.go:124] Ignoring unknown FeatureGate "GCPCustomAPIEndpointsInstall"
2026-01-28T09:47:48.643287926Z W0128 09:47:48.643278       1 config.go:124] Ignoring unknown FeatureGate "KMSEncryptionProvider"
2026-01-28T09:47:48.643311837Z W0128 09:47:48.643302       1 config.go:124] Ignoring unknown FeatureGate "MultiDiskSetup"
2026-01-28T09:47:48.643336067Z W0128 09:47:48.643326       1 config.go:124] Ignoring unknown FeatureGate "MachineConfigNodes"
2026-01-28T09:47:48.643382648Z W0128 09:47:48.643352       1 config.go:124] Ignoring unknown FeatureGate "ManagedBootImagesAWS"
2026-01-28T09:47:48.643382648Z W0128 09:47:48.643361       1 config.go:124] Ignoring unknown FeatureGate "AzureMultiDisk"
2026-01-28T09:47:48.643382648Z W0128 09:47:48.643365       1 config.go:124] Ignoring unknown FeatureGate "ShortCertRotation"
2026-01-28T09:47:48.643382648Z W0128 09:47:48.643368       1 config.go:124] Ignoring unknown FeatureGate "AdditionalRoutingCapabilities"
2026-01-28T09:47:48.643382648Z W0128 09:47:48.643371       1 config.go:124] Ignoring unknown FeatureGate "MultiArchInstallAzure"
2026-01-28T09:47:48.643396638Z W0128 09:47:48.643374       1 config.go:124] Ignoring unknown FeatureGate "VSphereConfigurableMaxAllowedBlockVolumesPerNode"
2026-01-28T09:47:48.643396638Z W0128 09:47:48.643387       1 config.go:124] Ignoring unknown FeatureGate "GatewayAPI"
2026-01-28T09:47:48.643396638Z W0128 09:47:48.643390       1 config.go:124] Ignoring unknown FeatureGate "UpgradeStatus"
2026-01-28T09:47:48.643396638Z W0128 09:47:48.643393       1 config.go:124] Ignoring unknown FeatureGate "VSphereHostVMGroupZonal"
2026-01-28T09:47:48.643408308Z W0128 09:47:48.643396       1 config.go:124] Ignoring unknown FeatureGate "VolumeGroupSnapshot"
2026-01-28T09:47:48.643408308Z W0128 09:47:48.643399       1 config.go:124] Ignoring unknown FeatureGate "NetworkDiagnosticsConfig"
2026-01-28T09:47:48.643408308Z W0128 09:47:48.643403       1 config.go:124] Ignoring unknown FeatureGate "NetworkLiveMigration"
2026-01-28T09:47:48.643408308Z W0128 09:47:48.643405       1 config.go:124] Ignoring unknown FeatureGate "VSphereMultiNetworks"
2026-01-28T09:47:48.643418989Z W0128 09:47:48.643410       1 config.go:124] Ignoring unknown FeatureGate "AzureClusterHostedDNSInstall"
2026-01-28T09:47:48.643418989Z W0128 09:47:48.643413       1 config.go:124] Ignoring unknown FeatureGate "NoRegistryClusterOperations"
2026-01-28T09:47:48.643418989Z W0128 09:47:48.643416       1 config.go:124] Ignoring unknown FeatureGate "MetricsCollectionProfiles"
2026-01-28T09:47:48.643429589Z W0128 09:47:48.643420       1 config.go:124] Ignoring unknown FeatureGate "PinnedImages"
2026-01-28T09:47:48.643429589Z W0128 09:47:48.643423       1 config.go:124] Ignoring unknown FeatureGate "SigstoreImageVerification"
2026-01-28T09:47:48.643429589Z W0128 09:47:48.643426       1 config.go:124] Ignoring unknown FeatureGate "Example"
2026-01-28T09:47:48.643440009Z W0128 09:47:48.643429       1 config.go:124] Ignoring unknown FeatureGate "ImageStreamImportMode"
2026-01-28T09:47:48.643440009Z W0128 09:47:48.643432       1 config.go:124] Ignoring unknown FeatureGate "MixedCPUsAllocation"
2026-01-28T09:47:48.643440009Z W0128 09:47:48.643435       1 config.go:124] Ignoring unknown FeatureGate "IngressControllerLBSubnetsAWS"
2026-01-28T09:47:48.643459429Z W0128 09:47:48.643438       1 config.go:124] Ignoring unknown FeatureGate "DualReplica"
2026-01-28T09:47:48.643459429Z W0128 09:47:48.643441       1 config.go:124] Ignoring unknown FeatureGate "GCPCustomAPIEndpoints"
2026-01-28T09:47:48.643459429Z W0128 09:47:48.643445       1 config.go:124] Ignoring unknown FeatureGate "InsightsConfig"
2026-01-28T09:47:48.643459429Z W0128 09:47:48.643448       1 config.go:124] Ignoring unknown FeatureGate "NewOLMCatalogdAPIV1Metas"
2026-01-28T09:47:48.643459429Z W0128 09:47:48.643451       1 config.go:124] Ignoring unknown FeatureGate "BootImageSkewEnforcement"
2026-01-28T09:47:48.643459429Z W0128 09:47:48.643454       1 config.go:124] Ignoring unknown FeatureGate "SigstoreImageVerificationPKI"
2026-01-28T09:47:48.658847996Z I0128 09:47:48.655540       1 dynamic_serving_content.go:116] "Loaded a new cert/key pair" name="serving-cert::/var/run/secrets/serving-cert/tls.crt::/var/run/secrets/serving-cert/tls.key"
2026-01-28T09:47:49.328169950Z I0128 09:47:49.328126       1 requestheader_controller.go:255] Loaded a new request header values for RequestHeaderAuthRequestController
2026-01-28T09:47:49.330299385Z I0128 09:47:49.330273       1 audit.go:340] Using audit backend: ignoreErrors<log>
2026-01-28T09:47:49.331290336Z I0128 09:47:49.331259       1 plugins.go:83] "Registered admission plugin" plugin="NamespaceLifecycle"
2026-01-28T09:47:49.331290336Z I0128 09:47:49.331278       1 plugins.go:83] "Registered admission plugin" plugin="ValidatingAdmissionWebhook"
2026-01-28T09:47:49.331290336Z I0128 09:47:49.331286       1 plugins.go:83] "Registered admission plugin" plugin="MutatingAdmissionWebhook"
2026-01-28T09:47:49.331319957Z I0128 09:47:49.331291       1 plugins.go:83] "Registered admission plugin" plugin="ValidatingAdmissionPolicy"
2026-01-28T09:47:49.331319957Z I0128 09:47:49.331294       1 plugins.go:83] "Registered admission plugin" plugin="MutatingAdmissionPolicy"
2026-01-28T09:47:49.331566392Z I0128 09:47:49.331535       1 admission.go:48] Admission plugin "project.openshift.io/ProjectRequestLimit" is not configured so it will be disabled.
2026-01-28T09:47:49.337329744Z I0128 09:47:49.337303       1 shared_informer.go:350] "Waiting for caches to sync" controller="*generic.policySource[*k8s.io/api/admissionregistration/v1.ValidatingAdmissionPolicy,*k8s.io/api/admissionregistration/v1.ValidatingAdmissionPolicyBinding,k8s.io/apiserver/pkg/admission/plugin/policy/validating.Validator]"
2026-01-28T09:47:49.344604609Z I0128 09:47:49.344577       1 plugins.go:157] Loaded 6 mutating admission controller(s) successfully in the following order: NamespaceLifecycle,build.openshift.io/BuildConfigSecretInjector,image.openshift.io/ImageLimitRange,image.openshift.io/ImagePolicy,MutatingAdmissionPolicy,MutatingAdmissionWebhook.
2026-01-28T09:47:49.344665650Z I0128 09:47:49.344643       1 plugins.go:160] Loaded 10 validating admission controller(s) successfully in the following order: OwnerReferencesPermissionEnforcement,build.openshift.io/BuildConfigSecretInjector,build.openshift.io/BuildByStrategy,image.openshift.io/ImageLimitRange,image.openshift.io/ImagePolicy,quota.openshift.io/ClusterResourceQuota,route.openshift.io/RequiredRouteAnnotations,ValidatingAdmissionPolicy,ValidatingAdmissionWebhook,ResourceQuota.
2026-01-28T09:47:49.345117440Z I0128 09:47:49.345091       1 maxinflight.go:139] "Initialized nonMutatingChan" len=3000
2026-01-28T09:47:49.345117440Z I0128 09:47:49.345110       1 maxinflight.go:145] "Initialized mutatingChan" len=1500
2026-01-28T09:47:49.345147790Z I0128 09:47:49.345124       1 maxinflight.go:116] "Set denominator for readonly requests" limit=3000
2026-01-28T09:47:49.345147790Z I0128 09:47:49.345132       1 maxinflight.go:120] "Set denominator for mutating requests" limit=1500
2026-01-28T09:47:49.365053663Z I0128 09:47:49.363847       1 store.go:1663] "Monitoring resource count at path" resource="builds.build.openshift.io" path="<storage-prefix>//builds"
2026-01-28T09:47:49.376056787Z I0128 09:47:49.376028       1 cacher.go:469] cacher (builds.build.openshift.io): initialized
2026-01-28T09:47:49.376117978Z I0128 09:47:49.376104       1 reflector.go:430] "Caches populated" type="*build.Build" reflector="storage/cacher.go:/builds"
2026-01-28T09:47:49.383255310Z I0128 09:47:49.383204       1 store.go:1663] "Monitoring resource count at path" resource="buildconfigs.build.openshift.io" path="<storage-prefix>//buildconfigs"
2026-01-28T09:47:49.392090298Z I0128 09:47:49.392053       1 cacher.go:469] cacher (buildconfigs.build.openshift.io): initialized
2026-01-28T09:47:49.395689024Z I0128 09:47:49.393148       1 handler.go:288] Adding GroupVersion build.openshift.io v1 to ResourceManager
2026-01-28T09:47:49.395979010Z I0128 09:47:49.395952       1 maxinflight.go:139] "Initialized nonMutatingChan" len=3000
2026-01-28T09:47:49.396027741Z I0128 09:47:49.396016       1 maxinflight.go:145] "Initialized mutatingChan" len=1500
2026-01-28T09:47:49.396195645Z I0128 09:47:49.395759       1 reflector.go:430] "Caches populated" type="*build.BuildConfig" reflector="storage/cacher.go:/buildconfigs"
2026-01-28T09:47:49.413077153Z I0128 09:47:49.413047       1 apiserver.go:156] reading image import ca path: /var/run/configmaps/image-import-ca, incoming err: <nil>
2026-01-28T09:47:49.413122564Z I0128 09:47:49.413111       1 apiserver.go:161] skipping dir or symlink: /var/run/configmaps/image-import-ca
2026-01-28T09:47:49.413180055Z I0128 09:47:49.413169       1 apiserver.go:156] reading image import ca path: /var/run/configmaps/image-import-ca/..2026_01_28_09_47_46.2570188281, incoming err: <nil>
2026-01-28T09:47:49.413204616Z I0128 09:47:49.413195       1 apiserver.go:161] skipping dir or symlink: /var/run/configmaps/image-import-ca/..2026_01_28_09_47_46.2570188281
2026-01-28T09:47:49.413278947Z I0128 09:47:49.413266       1 apiserver.go:156] reading image import ca path: /var/run/configmaps/image-import-ca/..2026_01_28_09_47_46.2570188281/image-registry.openshift-image-registry.svc..5000, incoming err: <nil>
2026-01-28T09:47:49.413367559Z I0128 09:47:49.413355       1 apiserver.go:156] reading image import ca path: /var/run/configmaps/image-import-ca/..2026_01_28_09_47_46.2570188281/image-registry.openshift-image-registry.svc.cluster.local..5000, incoming err: <nil>
2026-01-28T09:47:49.413444421Z I0128 09:47:49.413432       1 apiserver.go:156] reading image import ca path: /var/run/configmaps/image-import-ca/..data, incoming err: <nil>
2026-01-28T09:47:49.413469372Z I0128 09:47:49.413460       1 apiserver.go:161] skipping dir or symlink: /var/run/configmaps/image-import-ca/..data
2026-01-28T09:47:49.413499982Z I0128 09:47:49.413491       1 apiserver.go:156] reading image import ca path: /var/run/configmaps/image-import-ca/image-registry.openshift-image-registry.svc..5000, incoming err: <nil>
2026-01-28T09:47:49.413522102Z I0128 09:47:49.413513       1 apiserver.go:161] skipping dir or symlink: /var/run/configmaps/image-import-ca/image-registry.openshift-image-registry.svc..5000
2026-01-28T09:47:49.413552263Z I0128 09:47:49.413543       1 apiserver.go:156] reading image import ca path: /var/run/configmaps/image-import-ca/image-registry.openshift-image-registry.svc.cluster.local..5000, incoming err: <nil>
2026-01-28T09:47:49.413584124Z I0128 09:47:49.413575       1 apiserver.go:161] skipping dir or symlink: /var/run/configmaps/image-import-ca/image-registry.openshift-image-registry.svc.cluster.local..5000
2026-01-28T09:47:49.420519011Z I0128 09:47:49.420489       1 store.go:1663] "Monitoring resource count at path" resource="images.image.openshift.io" path="<storage-prefix>//images"
2026-01-28T09:47:49.422979743Z I0128 09:47:49.422956       1 cacher.go:469] cacher (images.image.openshift.io): initialized
2026-01-28T09:47:49.423043865Z I0128 09:47:49.423028       1 reflector.go:430] "Caches populated" type="*image.Image" reflector="storage/cacher.go:/images"
2026-01-28T09:47:49.426465328Z I0128 09:47:49.426444       1 store.go:1663] "Monitoring resource count at path" resource="imagestreams.image.openshift.io" path="<storage-prefix>//imagestreams"
2026-01-28T09:47:49.434034088Z I0128 09:47:49.433997       1 cacher.go:469] cacher (imagestreams.image.openshift.io): initialized
2026-01-28T09:47:49.434108210Z I0128 09:47:49.434090       1 reflector.go:430] "Caches populated" type="*image.ImageStream" reflector="storage/cacher.go:/imagestreams"
2026-01-28T09:47:49.434708083Z I0128 09:47:49.434675       1 handler.go:288] Adding GroupVersion image.openshift.io v1 to ResourceManager
2026-01-28T09:47:49.434708083Z W0128 09:47:49.434693       1 genericapiserver.go:792] Skipping API image.openshift.io/1.0 because it has no resources.
2026-01-28T09:47:49.434708083Z W0128 09:47:49.434701       1 genericapiserver.go:792] Skipping API image.openshift.io/pre012 because it has no resources.
2026-01-28T09:47:49.434923677Z I0128 09:47:49.434873       1 maxinflight.go:139] "Initialized nonMutatingChan" len=3000
2026-01-28T09:47:49.434923677Z I0128 09:47:49.434908       1 maxinflight.go:145] "Initialized mutatingChan" len=1500
2026-01-28T09:47:49.444330697Z I0128 09:47:49.444306       1 store.go:1663] "Monitoring resource count at path" resource="routes.route.openshift.io" path="<storage-prefix>//routes"
2026-01-28T09:47:49.446761038Z I0128 09:47:49.446730       1 handler.go:288] Adding GroupVersion route.openshift.io v1 to ResourceManager
2026-01-28T09:47:49.446916362Z I0128 09:47:49.446868       1 maxinflight.go:139] "Initialized nonMutatingChan" len=3000
2026-01-28T09:47:49.446971203Z I0128 09:47:49.446946       1 maxinflight.go:145] "Initialized mutatingChan" len=1500
2026-01-28T09:47:49.448475755Z I0128 09:47:49.448455       1 cacher.go:469] cacher (routes.route.openshift.io): initialized
2026-01-28T09:47:49.448555926Z I0128 09:47:49.448540       1 reflector.go:430] "Caches populated" type="*route.Route" reflector="storage/cacher.go:/routes"
2026-01-28T09:47:49.456424574Z I0128 09:47:49.456396       1 store.go:1663] "Monitoring resource count at path" resource="rangeallocations.security.openshift.io" path="<storage-prefix>//rangeallocations"
2026-01-28T09:47:49.458355905Z I0128 09:47:49.458335       1 cacher.go:469] cacher (rangeallocations.security.openshift.io): initialized
2026-01-28T09:47:49.458415226Z I0128 09:47:49.458400       1 reflector.go:430] "Caches populated" type="*security.RangeAllocation" reflector="storage/cacher.go:/rangeallocations"
2026-01-28T09:47:49.475387046Z I0128 09:47:49.475352       1 handler.go:288] Adding GroupVersion security.openshift.io v1 to ResourceManager
2026-01-28T09:47:49.475468418Z I0128 09:47:49.475449       1 maxinflight.go:139] "Initialized nonMutatingChan" len=3000
2026-01-28T09:47:49.475468418Z I0128 09:47:49.475465       1 maxinflight.go:145] "Initialized mutatingChan" len=1500
2026-01-28T09:47:49.484136982Z I0128 09:47:49.484108       1 store.go:1663] "Monitoring resource count at path" resource="deploymentconfigs.apps.openshift.io" path="<storage-prefix>//deploymentconfigs"
2026-01-28T09:47:49.486126864Z I0128 09:47:49.486099       1 cacher.go:469] cacher (deploymentconfigs.apps.openshift.io): initialized
2026-01-28T09:47:49.486207946Z I0128 09:47:49.486191       1 reflector.go:430] "Caches populated" type="*apps.DeploymentConfig" reflector="storage/cacher.go:/deploymentconfigs"
2026-01-28T09:47:49.487972764Z I0128 09:47:49.487948       1 handler.go:288] Adding GroupVersion apps.openshift.io v1 to ResourceManager
2026-01-28T09:47:49.488045665Z I0128 09:47:49.488029       1 maxinflight.go:139] "Initialized nonMutatingChan" len=3000
2026-01-28T09:47:49.488045665Z I0128 09:47:49.488042       1 maxinflight.go:145] "Initialized mutatingChan" len=1500
2026-01-28T09:47:49.492358857Z I0128 09:47:49.492328       1 handler.go:288] Adding GroupVersion authorization.openshift.io v1 to ResourceManager
2026-01-28T09:47:49.492442489Z I0128 09:47:49.492416       1 maxinflight.go:139] "Initialized nonMutatingChan" len=3000
2026-01-28T09:47:49.492442489Z I0128 09:47:49.492428       1 maxinflight.go:145] "Initialized mutatingChan" len=1500
2026-01-28T09:47:49.495274009Z I0128 09:47:49.495247       1 handler.go:288] Adding GroupVersion project.openshift.io v1 to ResourceManager
2026-01-28T09:47:49.495339830Z I0128 09:47:49.495322       1 maxinflight.go:139] "Initialized nonMutatingChan" len=3000
2026-01-28T09:47:49.495339830Z I0128 09:47:49.495335       1 maxinflight.go:145] "Initialized mutatingChan" len=1500
2026-01-28T09:47:49.498088398Z I0128 09:47:49.498066       1 handler.go:288] Adding GroupVersion quota.openshift.io v1 to ResourceManager
2026-01-28T09:47:49.498176730Z I0128 09:47:49.498158       1 maxinflight.go:139] "Initialized nonMutatingChan" len=3000
2026-01-28T09:47:49.498176730Z I0128 09:47:49.498173       1 maxinflight.go:145] "Initialized mutatingChan" len=1500
2026-01-28T09:47:49.506427155Z I0128 09:47:49.506405       1 store.go:1663] "Monitoring resource count at path" resource="templates.template.openshift.io" path="<storage-prefix>//templates"
2026-01-28T09:47:49.513556697Z I0128 09:47:49.513533       1 store.go:1663] "Monitoring resource count at path" resource="templateinstances.template.openshift.io" path="<storage-prefix>//templateinstances"
2026-01-28T09:47:49.515557979Z I0128 09:47:49.515525       1 cacher.go:469] cacher (templateinstances.template.openshift.io): initialized
2026-01-28T09:47:49.515579400Z I0128 09:47:49.515563       1 reflector.go:430] "Caches populated" type="*template.TemplateInstance" reflector="storage/cacher.go:/templateinstances"
2026-01-28T09:47:49.517668914Z I0128 09:47:49.517648       1 cacher.go:469] cacher (templates.template.openshift.io): initialized
2026-01-28T09:47:49.517724826Z I0128 09:47:49.517711       1 reflector.go:430] "Caches populated" type="*template.Template" reflector="storage/cacher.go:/templates"
2026-01-28T09:47:49.521368053Z I0128 09:47:49.521323       1 store.go:1663] "Monitoring resource count at path" resource="brokertemplateinstances.template.openshift.io" path="<storage-prefix>//brokertemplateinstances"
2026-01-28T09:47:49.524308675Z I0128 09:47:49.524287       1 handler.go:288] Adding GroupVersion template.openshift.io v1 to ResourceManager
2026-01-28T09:47:49.524493259Z I0128 09:47:49.524472       1 maxinflight.go:139] "Initialized nonMutatingChan" len=3000
2026-01-28T09:47:49.524533330Z I0128 09:47:49.524520       1 maxinflight.go:145] "Initialized mutatingChan" len=1500
2026-01-28T09:47:49.524657703Z I0128 09:47:49.524541       1 cacher.go:469] cacher (brokertemplateinstances.template.openshift.io): initialized
2026-01-28T09:47:49.524735284Z I0128 09:47:49.524709       1 reflector.go:430] "Caches populated" type="*template.BrokerTemplateInstance" reflector="storage/cacher.go:/brokertemplateinstances"
2026-01-28T09:47:49.838723212Z I0128 09:47:49.838686       1 server.go:50] Starting master on 0.0.0.0:8443 (v0.0.0-master+$Format:%H$)
2026-01-28T09:47:49.839938288Z I0128 09:47:49.839912       1 genericapiserver.go:551] MuxAndDiscoveryComplete has all endpoints registered and discovery information is complete
2026-01-28T09:47:49.844834322Z I0128 09:47:49.844795       1 tlsconfig.go:203] "Loaded serving cert" certName="serving-cert::/var/run/secrets/serving-cert/tls.crt::/var/run/secrets/serving-cert/tls.key" certDetail="\"api.openshift-apiserver.svc\" [serving] validServingFor=[api.openshift-apiserver.svc,api.openshift-apiserver.svc.cluster.local] issuer=\"openshift-service-serving-signer@1769592635\" (2026-01-28 09:30:39 +0000 UTC to 2028-01-28 09:30:40 +0000 UTC (now=2026-01-28 09:47:49.844766 +0000 UTC))"
2026-01-28T09:47:49.845044517Z I0128 09:47:49.845026       1 requestheader_controller.go:180] Starting RequestHeaderAuthRequestController
2026-01-28T09:47:49.845155849Z I0128 09:47:49.845143       1 shared_informer.go:350] "Waiting for caches to sync" controller="RequestHeaderAuthRequestController"
2026-01-28T09:47:49.845199650Z I0128 09:47:49.845029       1 named_certificates.go:53] "Loaded SNI cert" index=0 certName="self-signed loopback" certDetail="\"apiserver-loopback-client@1769593669\" [serving] validServingFor=[apiserver-loopback-client] issuer=\"apiserver-loopback-client-ca@1769593668\" (2026-01-28 08:47:48 +0000 UTC to 2029-01-28 08:47:48 +0000 UTC (now=2026-01-28 09:47:49.845007816 +0000 UTC))"
2026-01-28T09:47:49.845520276Z I0128 09:47:49.845504       1 secure_serving.go:211] Serving securely on [::]:8443
2026-01-28T09:47:49.845574548Z I0128 09:47:49.845562       1 genericapiserver.go:706] [graceful-termination] waiting for shutdown to be initiated
2026-01-28T09:47:49.845624649Z I0128 09:47:49.845613       1 clusterquotamapping.go:127] Starting ClusterQuotaMappingController controller
2026-01-28T09:47:49.845656430Z I0128 09:47:49.845038       1 dynamic_serving_content.go:135] "Starting controller" name="serving-cert::/var/run/secrets/serving-cert/tls.crt::/var/run/secrets/serving-cert/tls.key"
2026-01-28T09:47:49.845807813Z I0128 09:47:49.845793       1 tlsconfig.go:243] "Starting DynamicServingCertificateController"
2026-01-28T09:47:49.845879064Z I0128 09:47:49.845093       1 configmap_cafile_content.go:205] "Starting controller" name="client-ca::kube-system::extension-apiserver-authentication::client-ca-file"
2026-01-28T09:47:49.845958366Z I0128 09:47:49.845944       1 shared_informer.go:350] "Waiting for caches to sync" controller="client-ca::kube-system::extension-apiserver-authentication::client-ca-file"
2026-01-28T09:47:49.846295743Z I0128 09:47:49.845104       1 configmap_cafile_content.go:205] "Starting controller" name="client-ca::kube-system::extension-apiserver-authentication::requestheader-client-ca-file"
2026-01-28T09:47:49.846333314Z I0128 09:47:49.846322       1 shared_informer.go:350] "Waiting for caches to sync" controller="client-ca::kube-system::extension-apiserver-authentication::requestheader-client-ca-file"
2026-01-28T09:47:49.847826096Z I0128 09:47:49.847744       1 openshift_apiserver.go:603] Using default project node label selector: 
2026-01-28T09:47:49.862944937Z I0128 09:47:49.862905       1 reflector.go:430] "Caches populated" type="*v1.Route" reflector="k8s.io/client-go@v0.33.3/tools/cache/reflector.go:285"
2026-01-28T09:47:49.863826185Z I0128 09:47:49.863801       1 reflector.go:430] "Caches populated" type="*v1.MutatingWebhookConfiguration" reflector="k8s.io/client-go@v0.33.3/tools/cache/reflector.go:285"
2026-01-28T09:47:49.867788299Z I0128 09:47:49.864606       1 reflector.go:430] "Caches populated" type="*v1.Ingress" reflector="k8s.io/client-go@v0.33.3/tools/cache/reflector.go:285"
2026-01-28T09:47:49.867788299Z I0128 09:47:49.864983       1 reflector.go:430] "Caches populated" type="*v1.ValidatingAdmissionPolicyBinding" reflector="k8s.io/client-go@v0.33.3/tools/cache/reflector.go:285"
2026-01-28T09:47:49.867788299Z I0128 09:47:49.865201       1 reflector.go:430] "Caches populated" type="*v1.ResourceQuota" reflector="k8s.io/client-go@v0.33.3/tools/cache/reflector.go:285"
2026-01-28T09:47:49.869903734Z I0128 09:47:49.869860       1 reflector.go:430] "Caches populated" type="*v1.ConfigMap" reflector="k8s.io/client-go@v0.33.3/tools/cache/reflector.go:285"
2026-01-28T09:47:49.870813664Z I0128 09:47:49.870790       1 reflector.go:430] "Caches populated" type="*v1.ConfigMap" reflector="k8s.io/client-go@v0.33.3/tools/cache/reflector.go:285"
2026-01-28T09:47:49.872203353Z I0128 09:47:49.872182       1 reflector.go:430] "Caches populated" type="*v1.Namespace" reflector="k8s.io/client-go@v0.33.3/tools/cache/reflector.go:285"
2026-01-28T09:47:49.876427583Z I0128 09:47:49.873296       1 reflector.go:430] "Caches populated" type="*v1.ImageStream" reflector="k8s.io/client-go@v0.33.3/tools/cache/reflector.go:285"
2026-01-28T09:47:49.876427583Z I0128 09:47:49.873684       1 reflector.go:430] "Caches populated" type="*v1.ImageDigestMirrorSet" reflector="k8s.io/client-go@v0.33.3/tools/cache/reflector.go:285"
2026-01-28T09:47:49.876427583Z I0128 09:47:49.873950       1 reflector.go:430] "Caches populated" type="*v1.ImageTagMirrorSet" reflector="k8s.io/client-go@v0.33.3/tools/cache/reflector.go:285"
2026-01-28T09:47:49.876627917Z I0128 09:47:49.876609       1 reflector.go:430] "Caches populated" type="*v1.RoleBinding" reflector="k8s.io/client-go@v0.33.3/tools/cache/reflector.go:285"
2026-01-28T09:47:49.877492606Z I0128 09:47:49.877468       1 reflector.go:430] "Caches populated" type="*v1.ServiceAccount" reflector="k8s.io/client-go@v0.33.3/tools/cache/reflector.go:285"
2026-01-28T09:47:49.878504937Z I0128 09:47:49.878481       1 reflector.go:430] "Caches populated" type="*v1.Service" reflector="k8s.io/client-go@v0.33.3/tools/cache/reflector.go:285"
2026-01-28T09:47:49.881760286Z I0128 09:47:49.881732       1 reflector.go:430] "Caches populated" type="*v1.ValidatingAdmissionPolicy" reflector="k8s.io/client-go@v0.33.3/tools/cache/reflector.go:285"
2026-01-28T09:47:49.883410801Z I0128 09:47:49.882250       1 reflector.go:430] "Caches populated" type="*v1.ClusterResourceQuota" reflector="k8s.io/client-go@v0.33.3/tools/cache/reflector.go:285"
2026-01-28T09:47:49.883410801Z I0128 09:47:49.882426       1 reflector.go:430] "Caches populated" type="*v1alpha1.ImageContentSourcePolicy" reflector="k8s.io/client-go@v0.33.3/tools/cache/reflector.go:285"
2026-01-28T09:47:49.883410801Z I0128 09:47:49.882619       1 reflector.go:430] "Caches populated" type="*v1.ConfigMap" reflector="k8s.io/client-go@v0.33.3/tools/cache/reflector.go:285"
2026-01-28T09:47:49.883410801Z I0128 09:47:49.882735       1 reflector.go:430] "Caches populated" type="*v1.LimitRange" reflector="k8s.io/client-go@v0.33.3/tools/cache/reflector.go:285"
2026-01-28T09:47:49.883410801Z I0128 09:47:49.863803       1 reflector.go:430] "Caches populated" type="*etcd.ImageLayers" reflector="k8s.io/client-go@v0.33.3/tools/cache/reflector.go:285"
2026-01-28T09:47:49.885555127Z I0128 09:47:49.885532       1 reflector.go:430] "Caches populated" type="*v1.SecurityContextConstraints" reflector="k8s.io/client-go@v0.33.3/tools/cache/reflector.go:285"
2026-01-28T09:47:49.885668949Z I0128 09:47:49.885644       1 reflector.go:430] "Caches populated" type="*v1.Role" reflector="k8s.io/client-go@v0.33.3/tools/cache/reflector.go:285"
2026-01-28T09:47:49.892263329Z I0128 09:47:49.887814       1 reflector.go:430] "Caches populated" type="*v1.ClusterRole" reflector="k8s.io/client-go@v0.33.3/tools/cache/reflector.go:285"
2026-01-28T09:47:49.892263329Z I0128 09:47:49.891321       1 reflector.go:430] "Caches populated" type="*v1.ClusterRoleBinding" reflector="k8s.io/client-go@v0.33.3/tools/cache/reflector.go:285"
2026-01-28T09:47:49.892369831Z I0128 09:47:49.892353       1 reflector.go:430] "Caches populated" type="*v1.ValidatingWebhookConfiguration" reflector="k8s.io/client-go@v0.33.3/tools/cache/reflector.go:285"
2026-01-28T09:47:49.930589653Z I0128 09:47:49.930418       1 reflector.go:430] "Caches populated" type="*v1.Pod" reflector="k8s.io/client-go@v0.33.3/tools/cache/reflector.go:285"
2026-01-28T09:47:49.937975700Z I0128 09:47:49.937945       1 shared_informer.go:357] "Caches are synced" controller="*generic.policySource[*k8s.io/api/admissionregistration/v1.ValidatingAdmissionPolicy,*k8s.io/api/admissionregistration/v1.ValidatingAdmissionPolicyBinding,k8s.io/apiserver/pkg/admission/plugin/policy/validating.Validator]"
2026-01-28T09:47:49.937975700Z I0128 09:47:49.937965       1 policy_source.go:240] refreshing policies
2026-01-28T09:47:49.946224325Z I0128 09:47:49.946201       1 shared_informer.go:357] "Caches are synced" controller="client-ca::kube-system::extension-apiserver-authentication::client-ca-file"
2026-01-28T09:47:49.946327257Z I0128 09:47:49.946313       1 shared_informer.go:357] "Caches are synced" controller="RequestHeaderAuthRequestController"
2026-01-28T09:47:49.946680515Z I0128 09:47:49.946656       1 shared_informer.go:357] "Caches are synced" controller="client-ca::kube-system::extension-apiserver-authentication::requestheader-client-ca-file"
2026-01-28T09:47:49.946842338Z I0128 09:47:49.946820       1 tlsconfig.go:181] "Loaded client CA" index=0 certName="client-ca::kube-system::extension-apiserver-authentication::client-ca-file,client-ca::kube-system::extension-apiserver-authentication::requestheader-client-ca-file" certDetail="\"aggregator-signer\" [] issuer=\"<self>\" (2026-01-28 09:13:04 +0000 UTC to 2026-01-29 09:13:04 +0000 UTC (now=2026-01-28 09:47:49.946797247 +0000 UTC))"
2026-01-28T09:47:49.947266797Z I0128 09:47:49.947083       1 tlsconfig.go:203] "Loaded serving cert" certName="serving-cert::/var/run/secrets/serving-cert/tls.crt::/var/run/secrets/serving-cert/tls.key" certDetail="\"api.openshift-apiserver.svc\" [serving] validServingFor=[api.openshift-apiserver.svc,api.openshift-apiserver.svc.cluster.local] issuer=\"openshift-service-serving-signer@1769592635\" (2026-01-28 09:30:39 +0000 UTC to 2028-01-28 09:30:40 +0000 UTC (now=2026-01-28 09:47:49.947065483 +0000 UTC))"
2026-01-28T09:47:49.947287678Z I0128 09:47:49.947277       1 named_certificates.go:53] "Loaded SNI cert" index=0 certName="self-signed loopback" certDetail="\"apiserver-loopback-client@1769593669\" [serving] validServingFor=[apiserver-loopback-client] issuer=\"apiserver-loopback-client-ca@1769593668\" (2026-01-28 08:47:48 +0000 UTC to 2029-01-28 08:47:48 +0000 UTC (now=2026-01-28 09:47:49.947261317 +0000 UTC))"
2026-01-28T09:47:49.947449661Z I0128 09:47:49.947428       1 tlsconfig.go:181] "Loaded client CA" index=0 certName="client-ca::kube-system::extension-apiserver-authentication::client-ca-file,client-ca::kube-system::extension-apiserver-authentication::requestheader-client-ca-file" certDetail="\"admin-kubeconfig-signer\" [] issuer=\"<self>\" (2026-01-28 09:13:02 +0000 UTC to 2036-01-26 09:13:02 +0000 UTC (now=2026-01-28 09:47:49.94741246 +0000 UTC))"
2026-01-28T09:47:49.947463732Z I0128 09:47:49.947448       1 tlsconfig.go:181] "Loaded client CA" index=1 certName="client-ca::kube-system::extension-apiserver-authentication::client-ca-file,client-ca::kube-system::extension-apiserver-authentication::requestheader-client-ca-file" certDetail="\"kubelet-signer\" [] issuer=\"<self>\" (2026-01-28 09:13:06 +0000 UTC to 2026-01-29 09:13:06 +0000 UTC (now=2026-01-28 09:47:49.947437621 +0000 UTC))"
2026-01-28T09:47:49.947484472Z I0128 09:47:49.947462       1 tlsconfig.go:181] "Loaded client CA" index=2 certName="client-ca::kube-system::extension-apiserver-authentication::client-ca-file,client-ca::kube-system::extension-apiserver-authentication::requestheader-client-ca-file" certDetail="\"kube-control-plane-signer\" [] issuer=\"<self>\" (2026-01-28 09:13:06 +0000 UTC to 2027-01-28 09:13:06 +0000 UTC (now=2026-01-28 09:47:49.947453501 +0000 UTC))"
2026-01-28T09:47:49.947484472Z I0128 09:47:49.947477       1 tlsconfig.go:181] "Loaded client CA" index=3 certName="client-ca::kube-system::extension-apiserver-authentication::client-ca-file,client-ca::kube-system::extension-apiserver-authentication::requestheader-client-ca-file" certDetail="\"kube-apiserver-to-kubelet-signer\" [] issuer=\"<self>\" (2026-01-28 09:13:07 +0000 UTC to 2027-01-28 09:13:07 +0000 UTC (now=2026-01-28 09:47:49.947468052 +0000 UTC))"
2026-01-28T09:47:49.947527223Z I0128 09:47:49.947492       1 tlsconfig.go:181] "Loaded client CA" index=4 certName="client-ca::kube-system::extension-apiserver-authentication::client-ca-file,client-ca::kube-system::extension-apiserver-authentication::requestheader-client-ca-file" certDetail="\"kubelet-bootstrap-kubeconfig-signer\" [] issuer=\"<self>\" (2026-01-28 09:13:03 +0000 UTC to 2036-01-26 09:13:03 +0000 UTC (now=2026-01-28 09:47:49.947482412 +0000 UTC))"
2026-01-28T09:47:49.947527223Z I0128 09:47:49.947515       1 tlsconfig.go:181] "Loaded client CA" index=5 certName="client-ca::kube-system::extension-apiserver-authentication::client-ca-file,client-ca::kube-system::extension-apiserver-authentication::requestheader-client-ca-file" certDetail="\"kube-csr-signer_@1769592636\" [] issuer=\"kubelet-signer\" (2026-01-28 09:30:35 +0000 UTC to 2026-01-29 09:13:06 +0000 UTC (now=2026-01-28 09:47:49.947506022 +0000 UTC))"
2026-01-28T09:47:49.947561583Z I0128 09:47:49.947539       1 tlsconfig.go:181] "Loaded client CA" index=6 certName="client-ca::kube-system::extension-apiserver-authentication::client-ca-file,client-ca::kube-system::extension-apiserver-authentication::requestheader-client-ca-file" certDetail="\"openshift-kube-apiserver-operator_node-system-admin-signer@1769592635\" [] issuer=\"<self>\" (2026-01-28 09:30:35 +0000 UTC to 2029-01-27 09:30:36 +0000 UTC (now=2026-01-28 09:47:49.947520843 +0000 UTC))"
2026-01-28T09:47:49.947561583Z I0128 09:47:49.947557       1 tlsconfig.go:181] "Loaded client CA" index=7 certName="client-ca::kube-system::extension-apiserver-authentication::client-ca-file,client-ca::kube-system::extension-apiserver-authentication::requestheader-client-ca-file" certDetail="\"aggregator-signer\" [] issuer=\"<self>\" (2026-01-28 09:13:04 +0000 UTC to 2026-01-29 09:13:04 +0000 UTC (now=2026-01-28 09:47:49.947547963 +0000 UTC))"
2026-01-28T09:47:49.947784878Z I0128 09:47:49.947761       1 tlsconfig.go:203] "Loaded serving cert" certName="serving-cert::/var/run/secrets/serving-cert/tls.crt::/var/run/secrets/serving-cert/tls.key" certDetail="\"api.openshift-apiserver.svc\" [serving] validServingFor=[api.openshift-apiserver.svc,api.openshift-apiserver.svc.cluster.local] issuer=\"openshift-service-serving-signer@1769592635\" (2026-01-28 09:30:39 +0000 UTC to 2028-01-28 09:30:40 +0000 UTC (now=2026-01-28 09:47:49.947747607 +0000 UTC))"
2026-01-28T09:47:49.948055524Z I0128 09:47:49.948019       1 named_certificates.go:53] "Loaded SNI cert" index=0 certName="self-signed loopback" certDetail="\"apiserver-loopback-client@1769593669\" [serving] validServingFor=[apiserver-loopback-client] issuer=\"apiserver-loopback-client-ca@1769593668\" (2026-01-28 08:47:48 +0000 UTC to 2029-01-28 08:47:48 +0000 UTC (now=2026-01-28 09:47:49.948004443 +0000 UTC))"
2026-01-28T09:47:49.972340780Z I0128 09:47:49.972280       1 policy_source.go:435] informer started for config.openshift.io/v1, Kind=Infrastructure
2026-01-28T09:47:49.974208989Z I0128 09:47:49.974173       1 reflector.go:430] "Caches populated" type="config.openshift.io/v1, Resource=infrastructures" reflector="k8s.io/client-go@v0.33.3/tools/cache/reflector.go:285"
2026-01-28T09:47:49.993848617Z I0128 09:47:49.993808       1 policy_source.go:240] refreshing policies
2026-01-28T09:47:50.994456106Z I0128 09:47:50.994404       1 policy_source.go:240] refreshing policies
2026-01-28T09:48:51.130402078Z W0128 09:48:51.130357       1 logging.go:55] [core] [Channel #77 SubChannel #80]grpc: addrConn.createTransport failed to connect to {Addr: "10.0.3.203:2379", ServerName: "10.0.3.203:2379", BalancerAttributes: {"<%!p(pickfirstleaf.managedByPickfirstKeyType={})>": "<%!p(bool=true)>" }}. Err: connection error: desc = "transport: Error while dialing: dial tcp 10.0.3.203:2379: connect: connection refused"
2026-01-28T09:48:51.130553731Z W0128 09:48:51.130537       1 logging.go:55] [core] [Channel #28 SubChannel #35]grpc: addrConn.createTransport failed to connect to {Addr: "10.0.3.203:2379", ServerName: "10.0.3.203:2379", BalancerAttributes: {"<%!p(pickfirstleaf.managedByPickfirstKeyType={})>": "<%!p(bool=true)>" }}. Err: connection error: desc = "transport: Error while dialing: dial tcp 10.0.3.203:2379: connect: connection refused"
2026-01-28T09:48:51.131096873Z W0128 09:48:51.131069       1 logging.go:55] [core] [Channel #89 SubChannel #92]grpc: addrConn.createTransport failed to connect to {Addr: "10.0.3.203:2379", ServerName: "10.0.3.203:2379", BalancerAttributes: {"<%!p(pickfirstleaf.managedByPickfirstKeyType={})>": "<%!p(bool=true)>" }}. Err: connection error: desc = "transport: Error while dialing: dial tcp 10.0.3.203:2379: connect: connection refused"
2026-01-28T09:48:51.132049003Z W0128 09:48:51.131963       1 logging.go:55] [core] [Channel #18 SubChannel #21]grpc: addrConn.createTransport failed to connect to {Addr: "10.0.3.203:2379", ServerName: "10.0.3.203:2379", BalancerAttributes: {"<%!p(pickfirstleaf.managedByPickfirstKeyType={})>": "<%!p(bool=true)>" }}. Err: connection error: desc = "transport: Error while dialing: dial tcp 10.0.3.203:2379: connect: connection refused"
2026-01-28T09:48:51.132354000Z W0128 09:48:51.132206       1 logging.go:55] [core] [Channel #82 SubChannel #85]grpc: addrConn.createTransport failed to connect to {Addr: "10.0.3.203:2379", ServerName: "10.0.3.203:2379", BalancerAttributes: {"<%!p(pickfirstleaf.managedByPickfirstKeyType={})>": "<%!p(bool=true)>" }}. Err: connection error: desc = "transport: Error while dialing: dial tcp 10.0.3.203:2379: connect: connection refused"
2026-01-28T09:48:51.134659259Z W0128 09:48:51.134636       1 logging.go:55] [core] [Channel #52 SubChannel #55]grpc: addrConn.createTransport failed to connect to {Addr: "10.0.3.203:2379", ServerName: "10.0.3.203:2379", BalancerAttributes: {"<%!p(pickfirstleaf.managedByPickfirstKeyType={})>": "<%!p(bool=true)>" }}. Err: connection error: desc = "transport: Error while dialing: dial tcp 10.0.3.203:2379: connect: connection refused"
2026-01-28T09:48:51.135170740Z W0128 09:48:51.135149       1 logging.go:55] [core] [Channel #2 SubChannel #5]grpc: addrConn.createTransport failed to connect to {Addr: "10.0.3.203:2379", ServerName: "10.0.3.203:2379", BalancerAttributes: {"<%!p(pickfirstleaf.managedByPickfirstKeyType={})>": "<%!p(bool=true)>" }}. Err: connection error: desc = "transport: Error while dialing: dial tcp 10.0.3.203:2379: connect: connection refused"
2026-01-28T09:48:51.135785564Z W0128 09:48:51.135767       1 logging.go:55] [core] [Channel #1 SubChannel #8]grpc: addrConn.createTransport failed to connect to {Addr: "10.0.3.203:2379", ServerName: "10.0.3.203:2379", BalancerAttributes: {"<%!p(pickfirstleaf.managedByPickfirstKeyType={})>": "<%!p(bool=true)>" }}. Err: connection error: desc = "transport: Error while dialing: dial tcp 10.0.3.203:2379: connect: connection refused"
2026-01-28T09:48:51.146919533Z W0128 09:48:51.146061       1 logging.go:55] [core] [Channel #59 SubChannel #62]grpc: addrConn.createTransport failed to connect to {Addr: "10.0.3.203:2379", ServerName: "10.0.3.203:2379", BalancerAttributes: {"<%!p(pickfirstleaf.managedByPickfirstKeyType={})>": "<%!p(bool=true)>" }}. Err: connection error: desc = "transport: Error while dialing: dial tcp 10.0.3.203:2379: connect: connection refused"
2026-01-28T09:48:51.146919533Z W0128 09:48:51.146221       1 logging.go:55] [core] [Channel #47 SubChannel #50]grpc: addrConn.createTransport failed to connect to {Addr: "10.0.3.203:2379", ServerName: "10.0.3.203:2379", BalancerAttributes: {"<%!p(pickfirstleaf.managedByPickfirstKeyType={})>": "<%!p(bool=true)>" }}. Err: connection error: desc = "transport: Error while dialing: dial tcp 10.0.3.203:2379: connect: connection refused"
2026-01-28T09:48:51.156867707Z W0128 09:48:51.156827       1 logging.go:55] [core] [Channel #13 SubChannel #16]grpc: addrConn.createTransport failed to connect to {Addr: "10.0.3.203:2379", ServerName: "10.0.3.203:2379", BalancerAttributes: {"<%!p(pickfirstleaf.managedByPickfirstKeyType={})>": "<%!p(bool=true)>" }}. Err: connection error: desc = "transport: Error while dialing: dial tcp 10.0.3.203:2379: connect: connection refused"
2026-01-28T09:48:51.157128572Z W0128 09:48:51.157103       1 logging.go:55] [core] [Channel #71 SubChannel #74]grpc: addrConn.createTransport failed to connect to {Addr: "10.0.3.203:2379", ServerName: "10.0.3.203:2379", BalancerAttributes: {"<%!p(pickfirstleaf.managedByPickfirstKeyType={})>": "<%!p(bool=true)>" }}. Err: connection error: desc = "transport: Error while dialing: dial tcp 10.0.3.203:2379: connect: connection refused"
2026-01-28T09:48:51.165450851Z W0128 09:48:51.165383       1 logging.go:55] [core] [Channel #65 SubChannel #68]grpc: addrConn.createTransport failed to connect to {Addr: "10.0.3.203:2379", ServerName: "10.0.3.203:2379", BalancerAttributes: {"<%!p(pickfirstleaf.managedByPickfirstKeyType={})>": "<%!p(bool=true)>" }}. Err: connection error: desc = "transport: Error while dialing: dial tcp 10.0.3.203:2379: connect: connection refused"
2026-01-28T09:48:52.131452278Z W0128 09:48:52.131320       1 logging.go:55] [core] [Channel #28 SubChannel #35]grpc: addrConn.createTransport failed to connect to {Addr: "10.0.3.203:2379", ServerName: "10.0.3.203:2379", BalancerAttributes: {"<%!p(pickfirstleaf.managedByPickfirstKeyType={})>": "<%!p(bool=true)>" }}. Err: connection error: desc = "transport: Error while dialing: dial tcp 10.0.3.203:2379: connect: connection refused"
2026-01-28T09:48:52.131452278Z W0128 09:48:52.131413       1 logging.go:55] [core] [Channel #77 SubChannel #80]grpc: addrConn.createTransport failed to connect to {Addr: "10.0.3.203:2379", ServerName: "10.0.3.203:2379", BalancerAttributes: {"<%!p(pickfirstleaf.managedByPickfirstKeyType={})>": "<%!p(bool=true)>" }}. Err: connection error: desc = "transport: Error while dialing: dial tcp 10.0.3.203:2379: connect: connection refused"
2026-01-28T09:48:52.131492449Z W0128 09:48:52.131463       1 logging.go:55] [core] [Channel #89 SubChannel #92]grpc: addrConn.createTransport failed to connect to {Addr: "10.0.3.203:2379", ServerName: "10.0.3.203:2379", BalancerAttributes: {"<%!p(pickfirstleaf.managedByPickfirstKeyType={})>": "<%!p(bool=true)>" }}. Err: connection error: desc = "transport: Error while dialing: dial tcp 10.0.3.203:2379: connect: connection refused"
2026-01-28T09:48:52.132718685Z W0128 09:48:52.132693       1 logging.go:55] [core] [Channel #18 SubChannel #21]grpc: addrConn.createTransport failed to connect to {Addr: "10.0.3.203:2379", ServerName: "10.0.3.203:2379", BalancerAttributes: {"<%!p(pickfirstleaf.managedByPickfirstKeyType={})>": "<%!p(bool=true)>" }}. Err: connection error: desc = "transport: Error while dialing: dial tcp 10.0.3.203:2379: connect: connection refused"
2026-01-28T09:48:52.132799457Z W0128 09:48:52.132735       1 logging.go:55] [core] [Channel #82 SubChannel #85]grpc: addrConn.createTransport failed to connect to {Addr: "10.0.3.203:2379", ServerName: "10.0.3.203:2379", BalancerAttributes: {"<%!p(pickfirstleaf.managedByPickfirstKeyType={})>": "<%!p(bool=true)>" }}. Err: connection error: desc = "transport: Error while dialing: dial tcp 10.0.3.203:2379: connect: connection refused"
2026-01-28T09:48:52.135034635Z W0128 09:48:52.135004       1 logging.go:55] [core] [Channel #52 SubChannel #55]grpc: addrConn.createTransport failed to connect to {Addr: "10.0.3.203:2379", ServerName: "10.0.3.203:2379", BalancerAttributes: {"<%!p(pickfirstleaf.managedByPickfirstKeyType={})>": "<%!p(bool=true)>" }}. Err: connection error: desc = "transport: Error while dialing: dial tcp 10.0.3.203:2379: connect: connection refused"
2026-01-28T09:48:52.136385454Z W0128 09:48:52.136361       1 logging.go:55] [core] [Channel #2 SubChannel #5]grpc: addrConn.createTransport failed to connect to {Addr: "10.0.3.203:2379", ServerName: "10.0.3.203:2379", BalancerAttributes: {"<%!p(pickfirstleaf.managedByPickfirstKeyType={})>": "<%!p(bool=true)>" }}. Err: connection error: desc = "transport: Error while dialing: dial tcp 10.0.3.203:2379: connect: connection refused"
2026-01-28T09:48:52.136412495Z W0128 09:48:52.136361       1 logging.go:55] [core] [Channel #1 SubChannel #8]grpc: addrConn.createTransport failed to connect to {Addr: "10.0.3.203:2379", ServerName: "10.0.3.203:2379", BalancerAttributes: {"<%!p(pickfirstleaf.managedByPickfirstKeyType={})>": "<%!p(bool=true)>" }}. Err: connection error: desc = "transport: Error while dialing: dial tcp 10.0.3.203:2379: connect: connection refused"
2026-01-28T09:48:52.146753787Z W0128 09:48:52.146714       1 logging.go:55] [core] [Channel #47 SubChannel #50]grpc: addrConn.createTransport failed to connect to {Addr: "10.0.3.203:2379", ServerName: "10.0.3.203:2379", BalancerAttributes: {"<%!p(pickfirstleaf.managedByPickfirstKeyType={})>": "<%!p(bool=true)>" }}. Err: connection error: desc = "transport: Error while dialing: dial tcp 10.0.3.203:2379: connect: connection refused"
2026-01-28T09:48:52.146790628Z W0128 09:48:52.146714       1 logging.go:55] [core] [Channel #59 SubChannel #62]grpc: addrConn.createTransport failed to connect to {Addr: "10.0.3.203:2379", ServerName: "10.0.3.203:2379", BalancerAttributes: {"<%!p(pickfirstleaf.managedByPickfirstKeyType={})>": "<%!p(bool=true)>" }}. Err: connection error: desc = "transport: Error while dialing: dial tcp 10.0.3.203:2379: connect: connection refused"
2026-01-28T09:48:52.158166692Z W0128 09:48:52.158131       1 logging.go:55] [core] [Channel #13 SubChannel #16]grpc: addrConn.createTransport failed to connect to {Addr: "10.0.3.203:2379", ServerName: "10.0.3.203:2379", BalancerAttributes: {"<%!p(pickfirstleaf.managedByPickfirstKeyType={})>": "<%!p(bool=true)>" }}. Err: connection error: desc = "transport: Error while dialing: dial tcp 10.0.3.203:2379: connect: connection refused"
2026-01-28T09:48:52.158246544Z W0128 09:48:52.158140       1 logging.go:55] [core] [Channel #71 SubChannel #74]grpc: addrConn.createTransport failed to connect to {Addr: "10.0.3.203:2379", ServerName: "10.0.3.203:2379", BalancerAttributes: {"<%!p(pickfirstleaf.managedByPickfirstKeyType={})>": "<%!p(bool=true)>" }}. Err: connection error: desc = "transport: Error while dialing: dial tcp 10.0.3.203:2379: connect: connection refused"
2026-01-28T09:48:52.166768527Z W0128 09:48:52.166736       1 logging.go:55] [core] [Channel #65 SubChannel #68]grpc: addrConn.createTransport failed to connect to {Addr: "10.0.3.203:2379", ServerName: "10.0.3.203:2379", BalancerAttributes: {"<%!p(pickfirstleaf.managedByPickfirstKeyType={})>": "<%!p(bool=true)>" }}. Err: connection error: desc = "transport: Error while dialing: dial tcp 10.0.3.203:2379: connect: connection refused"
2026-01-28T09:48:53.424365592Z W0128 09:48:53.424317       1 logging.go:55] [core] [Channel #82 SubChannel #85]grpc: addrConn.createTransport failed to connect to {Addr: "10.0.3.203:2379", ServerName: "10.0.3.203:2379", BalancerAttributes: {"<%!p(pickfirstleaf.managedByPickfirstKeyType={})>": "<%!p(bool=true)>" }}. Err: connection error: desc = "transport: Error while dialing: dial tcp 10.0.3.203:2379: connect: connection refused"
2026-01-28T09:48:53.510814701Z W0128 09:48:53.510765       1 logging.go:55] [core] [Channel #13 SubChannel #16]grpc: addrConn.createTransport failed to connect to {Addr: "10.0.3.203:2379", ServerName: "10.0.3.203:2379", BalancerAttributes: {"<%!p(pickfirstleaf.managedByPickfirstKeyType={})>": "<%!p(bool=true)>" }}. Err: connection error: desc = "transport: Error while dialing: dial tcp 10.0.3.203:2379: connect: connection refused"
2026-01-28T09:48:53.534288526Z W0128 09:48:53.534247       1 logging.go:55] [core] [Channel #59 SubChannel #62]grpc: addrConn.createTransport failed to connect to {Addr: "10.0.3.203:2379", ServerName: "10.0.3.203:2379", BalancerAttributes: {"<%!p(pickfirstleaf.managedByPickfirstKeyType={})>": "<%!p(bool=true)>" }}. Err: connection error: desc = "transport: Error while dialing: dial tcp 10.0.3.203:2379: connect: connection refused"
2026-01-28T09:48:53.576712937Z W0128 09:48:53.576674       1 logging.go:55] [core] [Channel #89 SubChannel #92]grpc: addrConn.createTransport failed to connect to {Addr: "10.0.3.203:2379", ServerName: "10.0.3.203:2379", BalancerAttributes: {"<%!p(pickfirstleaf.managedByPickfirstKeyType={})>": "<%!p(bool=true)>" }}. Err: connection error: desc = "transport: Error while dialing: dial tcp 10.0.3.203:2379: connect: connection refused"
2026-01-28T09:48:53.634486500Z W0128 09:48:53.634446       1 logging.go:55] [core] [Channel #52 SubChannel #55]grpc: addrConn.createTransport failed to connect to {Addr: "10.0.3.203:2379", ServerName: "10.0.3.203:2379", BalancerAttributes: {"<%!p(pickfirstleaf.managedByPickfirstKeyType={})>": "<%!p(bool=true)>" }}. Err: connection error: desc = "transport: Error while dialing: dial tcp 10.0.3.203:2379: connect: connection refused"
2026-01-28T09:48:53.720229092Z W0128 09:48:53.720184       1 logging.go:55] [core] [Channel #65 SubChannel #68]grpc: addrConn.createTransport failed to connect to {Addr: "10.0.3.203:2379", ServerName: "10.0.3.203:2379", BalancerAttributes: {"<%!p(pickfirstleaf.managedByPickfirstKeyType={})>": "<%!p(bool=true)>" }}. Err: connection error: desc = "transport: Error while dialing: dial tcp 10.0.3.203:2379: connect: connection refused"
2026-01-28T09:48:53.764963604Z W0128 09:48:53.764926       1 logging.go:55] [core] [Channel #71 SubChannel #74]grpc: addrConn.createTransport failed to connect to {Addr: "10.0.3.203:2379", ServerName: "10.0.3.203:2379", BalancerAttributes: {"<%!p(pickfirstleaf.managedByPickfirstKeyType={})>": "<%!p(bool=true)>" }}. Err: connection error: desc = "transport: Error while dialing: dial tcp 10.0.3.203:2379: connect: connection refused"
2026-01-28T09:48:53.815457150Z W0128 09:48:53.815410       1 logging.go:55] [core] [Channel #28 SubChannel #35]grpc: addrConn.createTransport failed to connect to {Addr: "10.0.3.203:2379", ServerName: "10.0.3.203:2379", BalancerAttributes: {"<%!p(pickfirstleaf.managedByPickfirstKeyType={})>": "<%!p(bool=true)>" }}. Err: connection error: desc = "transport: Error while dialing: dial tcp 10.0.3.203:2379: connect: connection refused"
2026-01-28T09:48:53.888663513Z W0128 09:48:53.888627       1 logging.go:55] [core] [Channel #77 SubChannel #80]grpc: addrConn.createTransport failed to connect to {Addr: "10.0.3.203:2379", ServerName: "10.0.3.203:2379", BalancerAttributes: {"<%!p(pickfirstleaf.managedByPickfirstKeyType={})>": "<%!p(bool=true)>" }}. Err: connection error: desc = "transport: Error while dialing: dial tcp 10.0.3.203:2379: connect: connection refused"
2026-01-28T09:48:53.901150512Z W0128 09:48:53.901060       1 logging.go:55] [core] [Channel #2 SubChannel #5]grpc: addrConn.createTransport failed to connect to {Addr: "10.0.3.203:2379", ServerName: "10.0.3.203:2379", BalancerAttributes: {"<%!p(pickfirstleaf.managedByPickfirstKeyType={})>": "<%!p(bool=true)>" }}. Err: connection error: desc = "transport: Error while dialing: dial tcp 10.0.3.203:2379: connect: connection refused"
2026-01-28T09:48:53.956593624Z W0128 09:48:53.956554       1 logging.go:55] [core] [Channel #1 SubChannel #8]grpc: addrConn.createTransport failed to connect to {Addr: "10.0.3.203:2379", ServerName: "10.0.3.203:2379", BalancerAttributes: {"<%!p(pickfirstleaf.managedByPickfirstKeyType={})>": "<%!p(bool=true)>" }}. Err: connection error: desc = "transport: Error while dialing: dial tcp 10.0.3.203:2379: connect: connection refused"
2026-01-28T09:48:53.964990854Z W0128 09:48:53.964953       1 logging.go:55] [core] [Channel #18 SubChannel #21]grpc: addrConn.createTransport failed to connect to {Addr: "10.0.3.203:2379", ServerName: "10.0.3.203:2379", BalancerAttributes: {"<%!p(pickfirstleaf.managedByPickfirstKeyType={})>": "<%!p(bool=true)>" }}. Err: connection error: desc = "transport: Error while dialing: dial tcp 10.0.3.203:2379: connect: connection refused"
2026-01-28T09:48:54.013491047Z W0128 09:48:54.013436       1 logging.go:55] [core] [Channel #47 SubChannel #50]grpc: addrConn.createTransport failed to connect to {Addr: "10.0.3.203:2379", ServerName: "10.0.3.203:2379", BalancerAttributes: {"<%!p(pickfirstleaf.managedByPickfirstKeyType={})>": "<%!p(bool=true)>" }}. Err: connection error: desc = "transport: Error while dialing: dial tcp 10.0.3.203:2379: connect: connection refused"
2026-01-28T09:48:55.720605086Z W0128 09:48:55.720561       1 logging.go:55] [core] [Channel #13 SubChannel #16]grpc: addrConn.createTransport failed to connect to {Addr: "10.0.3.203:2379", ServerName: "10.0.3.203:2379", BalancerAttributes: {"<%!p(pickfirstleaf.managedByPickfirstKeyType={})>": "<%!p(bool=true)>" }}. Err: connection error: desc = "transport: Error while dialing: dial tcp 10.0.3.203:2379: connect: connection refused"
2026-01-28T09:48:55.876752883Z W0128 09:48:55.876712       1 logging.go:55] [core] [Channel #89 SubChannel #92]grpc: addrConn.createTransport failed to connect to {Addr: "10.0.3.203:2379", ServerName: "10.0.3.203:2379", BalancerAttributes: {"<%!p(pickfirstleaf.managedByPickfirstKeyType={})>": "<%!p(bool=true)>" }}. Err: connection error: desc = "transport: Error while dialing: dial tcp 10.0.3.203:2379: connect: connection refused"
2026-01-28T09:48:55.893389670Z W0128 09:48:55.893335       1 logging.go:55] [core] [Channel #59 SubChannel #62]grpc: addrConn.createTransport failed to connect to {Addr: "10.0.3.203:2379", ServerName: "10.0.3.203:2379", BalancerAttributes: {"<%!p(pickfirstleaf.managedByPickfirstKeyType={})>": "<%!p(bool=true)>" }}. Err: connection error: desc = "transport: Error while dialing: dial tcp 10.0.3.203:2379: connect: connection refused"
2026-01-28T09:48:56.168698809Z W0128 09:48:56.168663       1 logging.go:55] [core] [Channel #47 SubChannel #50]grpc: addrConn.createTransport failed to connect to {Addr: "10.0.3.203:2379", ServerName: "10.0.3.203:2379", BalancerAttributes: {"<%!p(pickfirstleaf.managedByPickfirstKeyType={})>": "<%!p(bool=true)>" }}. Err: connection error: desc = "transport: Error while dialing: dial tcp 10.0.3.203:2379: connect: connection refused"
2026-01-28T09:48:56.259243405Z W0128 09:48:56.259210       1 logging.go:55] [core] [Channel #52 SubChannel #55]grpc: addrConn.createTransport failed to connect to {Addr: "10.0.3.203:2379", ServerName: "10.0.3.203:2379", BalancerAttributes: {"<%!p(pickfirstleaf.managedByPickfirstKeyType={})>": "<%!p(bool=true)>" }}. Err: connection error: desc = "transport: Error while dialing: dial tcp 10.0.3.203:2379: connect: connection refused"
2026-01-28T09:48:56.264660932Z W0128 09:48:56.264631       1 logging.go:55] [core] [Channel #77 SubChannel #80]grpc: addrConn.createTransport failed to connect to {Addr: "10.0.3.203:2379", ServerName: "10.0.3.203:2379", BalancerAttributes: {"<%!p(pickfirstleaf.managedByPickfirstKeyType={})>": "<%!p(bool=true)>" }}. Err: connection error: desc = "transport: Error while dialing: dial tcp 10.0.3.203:2379: connect: connection refused"
2026-01-28T09:48:56.335450643Z W0128 09:48:56.335411       1 logging.go:55] [core] [Channel #71 SubChannel #74]grpc: addrConn.createTransport failed to connect to {Addr: "10.0.3.203:2379", ServerName: "10.0.3.203:2379", BalancerAttributes: {"<%!p(pickfirstleaf.managedByPickfirstKeyType={})>": "<%!p(bool=true)>" }}. Err: connection error: desc = "transport: Error while dialing: dial tcp 10.0.3.203:2379: connect: connection refused"
2026-01-28T09:48:56.376093987Z W0128 09:48:56.376049       1 logging.go:55] [core] [Channel #82 SubChannel #85]grpc: addrConn.createTransport failed to connect to {Addr: "10.0.3.203:2379", ServerName: "10.0.3.203:2379", BalancerAttributes: {"<%!p(pickfirstleaf.managedByPickfirstKeyType={})>": "<%!p(bool=true)>" }}. Err: connection error: desc = "transport: Error while dialing: dial tcp 10.0.3.203:2379: connect: connection refused"
2026-01-28T09:48:56.407505602Z W0128 09:48:56.407467       1 logging.go:55] [core] [Channel #2 SubChannel #5]grpc: addrConn.createTransport failed to connect to {Addr: "10.0.3.203:2379", ServerName: "10.0.3.203:2379", BalancerAttributes: {"<%!p(pickfirstleaf.managedByPickfirstKeyType={})>": "<%!p(bool=true)>" }}. Err: connection error: desc = "transport: Error while dialing: dial tcp 10.0.3.203:2379: connect: connection refused"
2026-01-28T09:48:56.564602140Z W0128 09:48:56.564561       1 logging.go:55] [core] [Channel #65 SubChannel #68]grpc: addrConn.createTransport failed to connect to {Addr: "10.0.3.203:2379", ServerName: "10.0.3.203:2379", BalancerAttributes: {"<%!p(pickfirstleaf.managedByPickfirstKeyType={})>": "<%!p(bool=true)>" }}. Err: connection error: desc = "transport: Error while dialing: dial tcp 10.0.3.203:2379: connect: connection refused"
2026-01-28T09:48:56.633985771Z W0128 09:48:56.633943       1 logging.go:55] [core] [Channel #28 SubChannel #35]grpc: addrConn.createTransport failed to connect to {Addr: "10.0.3.203:2379", ServerName: "10.0.3.203:2379", BalancerAttributes: {"<%!p(pickfirstleaf.managedByPickfirstKeyType={})>": "<%!p(bool=true)>" }}. Err: connection error: desc = "transport: Error while dialing: dial tcp 10.0.3.203:2379: connect: connection refused"
2026-01-28T09:48:56.726700554Z W0128 09:48:56.726660       1 logging.go:55] [core] [Channel #18 SubChannel #21]grpc: addrConn.createTransport failed to connect to {Addr: "10.0.3.203:2379", ServerName: "10.0.3.203:2379", BalancerAttributes: {"<%!p(pickfirstleaf.managedByPickfirstKeyType={})>": "<%!p(bool=true)>" }}. Err: connection error: desc = "transport: Error while dialing: dial tcp 10.0.3.203:2379: connect: connection refused"
2026-01-28T09:48:56.837958826Z W0128 09:48:56.837917       1 logging.go:55] [core] [Channel #1 SubChannel #8]grpc: addrConn.createTransport failed to connect to {Addr: "10.0.3.203:2379", ServerName: "10.0.3.203:2379", BalancerAttributes: {"<%!p(pickfirstleaf.managedByPickfirstKeyType={})>": "<%!p(bool=true)>" }}. Err: connection error: desc = "transport: Error while dialing: dial tcp 10.0.3.203:2379: connect: connection refused"
2026-01-28T09:48:59.405404069Z W0128 09:48:59.405360       1 logging.go:55] [core] [Channel #59 SubChannel #62]grpc: addrConn.createTransport failed to connect to {Addr: "10.0.3.203:2379", ServerName: "10.0.3.203:2379", BalancerAttributes: {"<%!p(pickfirstleaf.managedByPickfirstKeyType={})>": "<%!p(bool=true)>" }}. Err: connection error: desc = "transport: Error while dialing: dial tcp 10.0.3.203:2379: connect: connection refused"
2026-01-28T09:48:59.865617346Z W0128 09:48:59.865565       1 logging.go:55] [core] [Channel #52 SubChannel #55]grpc: addrConn.createTransport failed to connect to {Addr: "10.0.3.203:2379", ServerName: "10.0.3.203:2379", BalancerAttributes: {"<%!p(pickfirstleaf.managedByPickfirstKeyType={})>": "<%!p(bool=true)>" }}. Err: connection error: desc = "transport: Error while dialing: dial tcp 10.0.3.203:2379: connect: connection refused"
2026-01-28T09:48:59.915392069Z W0128 09:48:59.915329       1 logging.go:55] [core] [Channel #47 SubChannel #50]grpc: addrConn.createTransport failed to connect to {Addr: "10.0.3.203:2379", ServerName: "10.0.3.203:2379", BalancerAttributes: {"<%!p(pickfirstleaf.managedByPickfirstKeyType={})>": "<%!p(bool=true)>" }}. Err: connection error: desc = "transport: Error while dialing: dial tcp 10.0.3.203:2379: connect: connection refused"
2026-01-28T09:49:00.148402128Z W0128 09:49:00.148365       1 logging.go:55] [core] [Channel #1 SubChannel #8]grpc: addrConn.createTransport failed to connect to {Addr: "10.0.3.203:2379", ServerName: "10.0.3.203:2379", BalancerAttributes: {"<%!p(pickfirstleaf.managedByPickfirstKeyType={})>": "<%!p(bool=true)>" }}. Err: connection error: desc = "transport: Error while dialing: dial tcp 10.0.3.203:2379: connect: connection refused"
2026-01-28T09:49:00.164128983Z W0128 09:49:00.164101       1 logging.go:55] [core] [Channel #77 SubChannel #80]grpc: addrConn.createTransport failed to connect to {Addr: "10.0.3.203:2379", ServerName: "10.0.3.203:2379", BalancerAttributes: {"<%!p(pickfirstleaf.managedByPickfirstKeyType={})>": "<%!p(bool=true)>" }}. Err: connection error: desc = "transport: Error while dialing: dial tcp 10.0.3.203:2379: connect: connection refused"
2026-01-28T09:49:00.402789370Z W0128 09:49:00.402751       1 logging.go:55] [core] [Channel #13 SubChannel #16]grpc: addrConn.createTransport failed to connect to {Addr: "10.0.3.203:2379", ServerName: "10.0.3.203:2379", BalancerAttributes: {"<%!p(pickfirstleaf.managedByPickfirstKeyType={})>": "<%!p(bool=true)>" }}. Err: connection error: desc = "transport: Error while dialing: dial tcp 10.0.3.203:2379: connect: connection refused"
2026-01-28T09:49:00.463434459Z W0128 09:49:00.463405       1 logging.go:55] [core] [Channel #71 SubChannel #74]grpc: addrConn.createTransport failed to connect to {Addr: "10.0.3.203:2379", ServerName: "10.0.3.203:2379", BalancerAttributes: {"<%!p(pickfirstleaf.managedByPickfirstKeyType={})>": "<%!p(bool=true)>" }}. Err: connection error: desc = "transport: Error while dialing: dial tcp 10.0.3.203:2379: connect: connection refused"
2026-01-28T09:49:00.493744303Z W0128 09:49:00.493715       1 logging.go:55] [core] [Channel #89 SubChannel #92]grpc: addrConn.createTransport failed to connect to {Addr: "10.0.3.203:2379", ServerName: "10.0.3.203:2379", BalancerAttributes: {"<%!p(pickfirstleaf.managedByPickfirstKeyType={})>": "<%!p(bool=true)>" }}. Err: connection error: desc = "transport: Error while dialing: dial tcp 10.0.3.203:2379: connect: connection refused"
2026-01-28T09:49:00.704589742Z W0128 09:49:00.704550       1 logging.go:55] [core] [Channel #28 SubChannel #35]grpc: addrConn.createTransport failed to connect to {Addr: "10.0.3.203:2379", ServerName: "10.0.3.203:2379", BalancerAttributes: {"<%!p(pickfirstleaf.managedByPickfirstKeyType={})>": "<%!p(bool=true)>" }}. Err: connection error: desc = "transport: Error while dialing: dial tcp 10.0.3.203:2379: connect: connection refused"
2026-01-28T09:49:00.722966207Z W0128 09:49:00.722933       1 logging.go:55] [core] [Channel #18 SubChannel #21]grpc: addrConn.createTransport failed to connect to {Addr: "10.0.3.203:2379", ServerName: "10.0.3.203:2379", BalancerAttributes: {"<%!p(pickfirstleaf.managedByPickfirstKeyType={})>": "<%!p(bool=true)>" }}. Err: connection error: desc = "transport: Error while dialing: dial tcp 10.0.3.203:2379: connect: connection refused"
2026-01-28T09:49:00.886384845Z W0128 09:49:00.886348       1 logging.go:55] [core] [Channel #2 SubChannel #5]grpc: addrConn.createTransport failed to connect to {Addr: "10.0.3.203:2379", ServerName: "10.0.3.203:2379", BalancerAttributes: {"<%!p(pickfirstleaf.managedByPickfirstKeyType={})>": "<%!p(bool=true)>" }}. Err: connection error: desc = "transport: Error while dialing: dial tcp 10.0.3.203:2379: connect: connection refused"
2026-01-28T09:49:01.085421788Z W0128 09:49:01.085377       1 logging.go:55] [core] [Channel #82 SubChannel #85]grpc: addrConn.createTransport failed to connect to {Addr: "10.0.3.203:2379", ServerName: "10.0.3.203:2379", BalancerAttributes: {"<%!p(pickfirstleaf.managedByPickfirstKeyType={})>": "<%!p(bool=true)>" }}. Err: connection error: desc = "transport: Error while dialing: dial tcp 10.0.3.203:2379: connect: connection refused"
2026-01-28T09:49:01.181282101Z W0128 09:49:01.181232       1 logging.go:55] [core] [Channel #159 SubChannel #160]grpc: addrConn.createTransport failed to connect to {Addr: "10.0.3.203:2379", ServerName: "10.0.3.203:2379", BalancerAttributes: {"<%!p(pickfirstleaf.managedByPickfirstKeyType={})>": "<%!p(bool=true)>" }}. Err: connection error: desc = "transport: Error while dialing: dial tcp 10.0.3.203:2379: connect: connection refused"
2026-01-28T09:49:01.400307425Z W0128 09:49:01.400264       1 logging.go:55] [core] [Channel #65 SubChannel #68]grpc: addrConn.createTransport failed to connect to {Addr: "10.0.3.203:2379", ServerName: "10.0.3.203:2379", BalancerAttributes: {"<%!p(pickfirstleaf.managedByPickfirstKeyType={})>": "<%!p(bool=true)>" }}. Err: connection error: desc = "transport: Error while dialing: dial tcp 10.0.3.203:2379: connect: connection refused"
2026-01-28T09:49:02.182229343Z W0128 09:49:02.182186       1 logging.go:55] [core] [Channel #159 SubChannel #160]grpc: addrConn.createTransport failed to connect to {Addr: "10.0.3.203:2379", ServerName: "10.0.3.203:2379", BalancerAttributes: {"<%!p(pickfirstleaf.managedByPickfirstKeyType={})>": "<%!p(bool=true)>" }}. Err: connection error: desc = "transport: Error while dialing: dial tcp 10.0.3.203:2379: connect: connection refused"
2026-01-28T09:49:03.833914482Z W0128 09:49:03.833857       1 logging.go:55] [core] [Channel #159 SubChannel #160]grpc: addrConn.createTransport failed to connect to {Addr: "10.0.3.203:2379", ServerName: "10.0.3.203:2379", BalancerAttributes: {"<%!p(pickfirstleaf.managedByPickfirstKeyType={})>": "<%!p(bool=true)>" }}. Err: connection error: desc = "transport: Error while dialing: dial tcp 10.0.3.203:2379: connect: connection refused"
2026-01-28T09:49:04.560696216Z W0128 09:49:04.560638       1 logging.go:55] [core] [Channel #164 SubChannel #167]grpc: addrConn.createTransport failed to connect to {Addr: "10.0.3.203:2379", ServerName: "10.0.3.203:2379", BalancerAttributes: {"<%!p(pickfirstleaf.managedByPickfirstKeyType={})>": "<%!p(bool=true)>" }}. Err: connection error: desc = "transport: Error while dialing: dial tcp 10.0.3.203:2379: connect: connection refused"
2026-01-28T09:49:04.567260954Z W0128 09:49:04.567233       1 logging.go:55] [core] [Channel #169 SubChannel #170]grpc: addrConn.createTransport failed to connect to {Addr: "10.0.3.203:2379", ServerName: "10.0.3.203:2379", BalancerAttributes: {"<%!p(pickfirstleaf.managedByPickfirstKeyType={})>": "<%!p(bool=true)>" }}. Err: connection error: desc = "transport: Error while dialing: dial tcp 10.0.3.203:2379: connect: connection refused"
2026-01-28T09:49:05.561540096Z W0128 09:49:05.561495       1 logging.go:55] [core] [Channel #164 SubChannel #167]grpc: addrConn.createTransport failed to connect to {Addr: "10.0.3.203:2379", ServerName: "10.0.3.203:2379", BalancerAttributes: {"<%!p(pickfirstleaf.managedByPickfirstKeyType={})>": "<%!p(bool=true)>" }}. Err: connection error: desc = "transport: Error while dialing: dial tcp 10.0.3.203:2379: connect: connection refused"
2026-01-28T09:49:05.567864039Z W0128 09:49:05.567836       1 logging.go:55] [core] [Channel #169 SubChannel #170]grpc: addrConn.createTransport failed to connect to {Addr: "10.0.3.203:2379", ServerName: "10.0.3.203:2379", BalancerAttributes: {"<%!p(pickfirstleaf.managedByPickfirstKeyType={})>": "<%!p(bool=true)>" }}. Err: connection error: desc = "transport: Error while dialing: dial tcp 10.0.3.203:2379: connect: connection refused"
2026-01-28T09:49:05.987389107Z W0128 09:49:05.987337       1 logging.go:55] [core] [Channel #159 SubChannel #160]grpc: addrConn.createTransport failed to connect to {Addr: "10.0.3.203:2379", ServerName: "10.0.3.203:2379", BalancerAttributes: {"<%!p(pickfirstleaf.managedByPickfirstKeyType={})>": "<%!p(bool=true)>" }}. Err: connection error: desc = "transport: Error while dialing: dial tcp 10.0.3.203:2379: connect: connection refused"
2026-01-28T09:49:06.106279081Z W0128 09:49:06.106235       1 logging.go:55] [core] [Channel #89 SubChannel #92]grpc: addrConn.createTransport failed to connect to {Addr: "10.0.3.203:2379", ServerName: "10.0.3.203:2379", BalancerAttributes: {"<%!p(pickfirstleaf.managedByPickfirstKeyType={})>": "<%!p(bool=true)>" }}. Err: connection error: desc = "transport: Error while dialing: dial tcp 10.0.3.203:2379: connect: connection refused"
2026-01-28T09:49:06.360730964Z W0128 09:49:06.360688       1 logging.go:55] [core] [Channel #59 SubChannel #62]grpc: addrConn.createTransport failed to connect to {Addr: "10.0.3.203:2379", ServerName: "10.0.3.203:2379", BalancerAttributes: {"<%!p(pickfirstleaf.managedByPickfirstKeyType={})>": "<%!p(bool=true)>" }}. Err: connection error: desc = "transport: Error while dialing: dial tcp 10.0.3.203:2379: connect: connection refused"
2026-01-28T09:49:06.394293292Z W0128 09:49:06.394256       1 logging.go:55] [core] [Channel #71 SubChannel #74]grpc: addrConn.createTransport failed to connect to {Addr: "10.0.3.203:2379", ServerName: "10.0.3.203:2379", BalancerAttributes: {"<%!p(pickfirstleaf.managedByPickfirstKeyType={})>": "<%!p(bool=true)>" }}. Err: connection error: desc = "transport: Error while dialing: dial tcp 10.0.3.203:2379: connect: connection refused"
2026-01-28T09:49:06.778923533Z W0128 09:49:06.778869       1 logging.go:55] [core] [Channel #28 SubChannel #35]grpc: addrConn.createTransport failed to connect to {Addr: "10.0.3.203:2379", ServerName: "10.0.3.203:2379", BalancerAttributes: {"<%!p(pickfirstleaf.managedByPickfirstKeyType={})>": "<%!p(bool=true)>" }}. Err: connection error: desc = "transport: Error while dialing: dial tcp 10.0.3.203:2379: connect: connection refused"
2026-01-28T09:49:06.808265085Z W0128 09:49:06.808224       1 logging.go:55] [core] [Channel #82 SubChannel #85]grpc: addrConn.createTransport failed to connect to {Addr: "10.0.3.203:2379", ServerName: "10.0.3.203:2379", BalancerAttributes: {"<%!p(pickfirstleaf.managedByPickfirstKeyType={})>": "<%!p(bool=true)>" }}. Err: connection error: desc = "transport: Error while dialing: dial tcp 10.0.3.203:2379: connect: connection refused"
2026-01-28T09:49:06.953726418Z W0128 09:49:06.953681       1 logging.go:55] [core] [Channel #65 SubChannel #68]grpc: addrConn.createTransport failed to connect to {Addr: "10.0.3.203:2379", ServerName: "10.0.3.203:2379", BalancerAttributes: {"<%!p(pickfirstleaf.managedByPickfirstKeyType={})>": "<%!p(bool=true)>" }}. Err: connection error: desc = "transport: Error while dialing: dial tcp 10.0.3.203:2379: connect: connection refused"
2026-01-28T09:49:07.064168241Z W0128 09:49:07.064133       1 logging.go:55] [core] [Channel #18 SubChannel #21]grpc: addrConn.createTransport failed to connect to {Addr: "10.0.3.203:2379", ServerName: "10.0.3.203:2379", BalancerAttributes: {"<%!p(pickfirstleaf.managedByPickfirstKeyType={})>": "<%!p(bool=true)>" }}. Err: connection error: desc = "transport: Error while dialing: dial tcp 10.0.3.203:2379: connect: connection refused"
2026-01-28T09:49:07.171815321Z W0128 09:49:07.171769       1 logging.go:55] [core] [Channel #52 SubChannel #55]grpc: addrConn.createTransport failed to connect to {Addr: "10.0.3.203:2379", ServerName: "10.0.3.203:2379", BalancerAttributes: {"<%!p(pickfirstleaf.managedByPickfirstKeyType={})>": "<%!p(bool=true)>" }}. Err: connection error: desc = "transport: Error while dialing: dial tcp 10.0.3.203:2379: connect: connection refused"
2026-01-28T09:49:07.291425770Z W0128 09:49:07.291377       1 logging.go:55] [core] [Channel #164 SubChannel #167]grpc: addrConn.createTransport failed to connect to {Addr: "10.0.3.203:2379", ServerName: "10.0.3.203:2379", BalancerAttributes: {"<%!p(pickfirstleaf.managedByPickfirstKeyType={})>": "<%!p(bool=true)>" }}. Err: connection error: desc = "transport: Error while dialing: dial tcp 10.0.3.203:2379: connect: connection refused"
2026-01-28T09:49:07.316744142Z W0128 09:49:07.316713       1 logging.go:55] [core] [Channel #77 SubChannel #80]grpc: addrConn.createTransport failed to connect to {Addr: "10.0.3.203:2379", ServerName: "10.0.3.203:2379", BalancerAttributes: {"<%!p(pickfirstleaf.managedByPickfirstKeyType={})>": "<%!p(bool=true)>" }}. Err: connection error: desc = "transport: Error while dialing: dial tcp 10.0.3.203:2379: connect: connection refused"
2026-01-28T09:49:07.463531835Z W0128 09:49:07.463492       1 logging.go:55] [core] [Channel #13 SubChannel #16]grpc: addrConn.createTransport failed to connect to {Addr: "10.0.3.203:2379", ServerName: "10.0.3.203:2379", BalancerAttributes: {"<%!p(pickfirstleaf.managedByPickfirstKeyType={})>": "<%!p(bool=true)>" }}. Err: connection error: desc = "transport: Error while dialing: dial tcp 10.0.3.203:2379: connect: connection refused"
2026-01-28T09:49:07.487114777Z W0128 09:49:07.487084       1 logging.go:55] [core] [Channel #169 SubChannel #170]grpc: addrConn.createTransport failed to connect to {Addr: "10.0.3.203:2379", ServerName: "10.0.3.203:2379", BalancerAttributes: {"<%!p(pickfirstleaf.managedByPickfirstKeyType={})>": "<%!p(bool=true)>" }}. Err: connection error: desc = "transport: Error while dialing: dial tcp 10.0.3.203:2379: connect: connection refused"
2026-01-28T09:49:07.629928561Z W0128 09:49:07.629859       1 logging.go:55] [core] [Channel #47 SubChannel #50]grpc: addrConn.createTransport failed to connect to {Addr: "10.0.3.203:2379", ServerName: "10.0.3.203:2379", BalancerAttributes: {"<%!p(pickfirstleaf.managedByPickfirstKeyType={})>": "<%!p(bool=true)>" }}. Err: connection error: desc = "transport: Error while dialing: dial tcp 10.0.3.203:2379: connect: connection refused"
2026-01-28T09:49:07.695541331Z W0128 09:49:07.695488       1 logging.go:55] [core] [Channel #1 SubChannel #8]grpc: addrConn.createTransport failed to connect to {Addr: "10.0.3.203:2379", ServerName: "10.0.3.203:2379", BalancerAttributes: {"<%!p(pickfirstleaf.managedByPickfirstKeyType={})>": "<%!p(bool=true)>" }}. Err: connection error: desc = "transport: Error while dialing: dial tcp 10.0.3.203:2379: connect: connection refused"
2026-01-28T09:49:07.786614307Z W0128 09:49:07.786557       1 logging.go:55] [core] [Channel #2 SubChannel #5]grpc: addrConn.createTransport failed to connect to {Addr: "10.0.3.203:2379", ServerName: "10.0.3.203:2379", BalancerAttributes: {"<%!p(pickfirstleaf.managedByPickfirstKeyType={})>": "<%!p(bool=true)>" }}. Err: connection error: desc = "transport: Error while dialing: dial tcp 10.0.3.203:2379: connect: connection refused"
2026-01-28T09:49:08.902925383Z W0128 09:49:08.902873       1 logging.go:55] [core] [Channel #172 SubChannel #175]grpc: addrConn.createTransport failed to connect to {Addr: "10.0.3.203:2379", ServerName: "10.0.3.203:2379", BalancerAttributes: {"<%!p(pickfirstleaf.managedByPickfirstKeyType={})>": "<%!p(bool=true)>" }}. Err: connection error: desc = "transport: Error while dialing: dial tcp 10.0.3.203:2379: connect: connection refused"
2026-01-28T09:49:09.445136471Z W0128 09:49:09.445074       1 logging.go:55] [core] [Channel #159 SubChannel #160]grpc: addrConn.createTransport failed to connect to {Addr: "10.0.3.203:2379", ServerName: "10.0.3.203:2379", BalancerAttributes: {"<%!p(pickfirstleaf.managedByPickfirstKeyType={})>": "<%!p(bool=true)>" }}. Err: connection error: desc = "transport: Error while dialing: dial tcp 10.0.3.203:2379: connect: connection refused"
2026-01-28T09:49:09.600852515Z W0128 09:49:09.600812       1 logging.go:55] [core] [Channel #164 SubChannel #167]grpc: addrConn.createTransport failed to connect to {Addr: "10.0.3.203:2379", ServerName: "10.0.3.203:2379", BalancerAttributes: {"<%!p(pickfirstleaf.managedByPickfirstKeyType={})>": "<%!p(bool=true)>" }}. Err: connection error: desc = "transport: Error while dialing: dial tcp 10.0.3.203:2379: connect: connection refused"
2026-01-28T09:49:09.673602707Z W0128 09:49:09.673538       1 logging.go:55] [core] [Channel #169 SubChannel #170]grpc: addrConn.createTransport failed to connect to {Addr: "10.0.3.203:2379", ServerName: "10.0.3.203:2379", BalancerAttributes: {"<%!p(pickfirstleaf.managedByPickfirstKeyType={})>": "<%!p(bool=true)>" }}. Err: connection error: desc = "transport: Error while dialing: dial tcp 10.0.3.203:2379: connect: connection refused"
2026-01-28T09:49:13.205215827Z W0128 09:49:13.205172       1 logging.go:55] [core] [Channel #164 SubChannel #167]grpc: addrConn.createTransport failed to connect to {Addr: "10.0.3.203:2379", ServerName: "10.0.3.203:2379", BalancerAttributes: {"<%!p(pickfirstleaf.managedByPickfirstKeyType={})>": "<%!p(bool=true)>" }}. Err: connection error: desc = "transport: Error while dialing: dial tcp 10.0.3.203:2379: connect: connection refused"
2026-01-28T09:49:13.427441806Z W0128 09:49:13.427402       1 logging.go:55] [core] [Channel #169 SubChannel #170]grpc: addrConn.createTransport failed to connect to {Addr: "10.0.3.203:2379", ServerName: "10.0.3.203:2379", BalancerAttributes: {"<%!p(pickfirstleaf.managedByPickfirstKeyType={})>": "<%!p(bool=true)>" }}. Err: connection error: desc = "transport: Error while dialing: dial tcp 10.0.3.203:2379: connect: connection refused"
2026-01-28T09:49:14.865678440Z W0128 09:49:14.865637       1 logging.go:55] [core] [Channel #159 SubChannel #160]grpc: addrConn.createTransport failed to connect to {Addr: "10.0.3.203:2379", ServerName: "10.0.3.203:2379", BalancerAttributes: {"<%!p(pickfirstleaf.managedByPickfirstKeyType={})>": "<%!p(bool=true)>" }}. Err: connection error: desc = "transport: Error while dialing: dial tcp 10.0.3.203:2379: connect: connection refused"
2026-01-28T09:49:15.753913071Z W0128 09:49:15.753859       1 logging.go:55] [core] [Channel #65 SubChannel #68]grpc: addrConn.createTransport failed to connect to {Addr: "10.0.3.203:2379", ServerName: "10.0.3.203:2379", BalancerAttributes: {"<%!p(pickfirstleaf.managedByPickfirstKeyType={})>": "<%!p(bool=true)>" }}. Err: connection error: desc = "transport: Error while dialing: dial tcp 10.0.3.203:2379: connect: connection refused"
2026-01-28T09:49:15.943260046Z W0128 09:49:15.943222       1 logging.go:55] [core] [Channel #59 SubChannel #62]grpc: addrConn.createTransport failed to connect to {Addr: "10.0.3.203:2379", ServerName: "10.0.3.203:2379", BalancerAttributes: {"<%!p(pickfirstleaf.managedByPickfirstKeyType={})>": "<%!p(bool=true)>" }}. Err: connection error: desc = "transport: Error while dialing: dial tcp 10.0.3.203:2379: connect: connection refused"
2026-01-28T09:49:16.008621645Z W0128 09:49:16.008584       1 logging.go:55] [core] [Channel #52 SubChannel #55]grpc: addrConn.createTransport failed to connect to {Addr: "10.0.3.203:2379", ServerName: "10.0.3.203:2379", BalancerAttributes: {"<%!p(pickfirstleaf.managedByPickfirstKeyType={})>": "<%!p(bool=true)>" }}. Err: connection error: desc = "transport: Error while dialing: dial tcp 10.0.3.203:2379: connect: connection refused"
2026-01-28T09:49:16.151372650Z W0128 09:49:16.151327       1 logging.go:55] [core] [Channel #1 SubChannel #8]grpc: addrConn.createTransport failed to connect to {Addr: "10.0.3.203:2379", ServerName: "10.0.3.203:2379", BalancerAttributes: {"<%!p(pickfirstleaf.managedByPickfirstKeyType={})>": "<%!p(bool=true)>" }}. Err: connection error: desc = "transport: Error while dialing: dial tcp 10.0.3.203:2379: connect: connection refused"
2026-01-28T09:49:16.688003077Z W0128 09:49:16.687957       1 logging.go:55] [core] [Channel #18 SubChannel #21]grpc: addrConn.createTransport failed to connect to {Addr: "10.0.3.203:2379", ServerName: "10.0.3.203:2379", BalancerAttributes: {"<%!p(pickfirstleaf.managedByPickfirstKeyType={})>": "<%!p(bool=true)>" }}. Err: connection error: desc = "transport: Error while dialing: dial tcp 10.0.3.203:2379: connect: connection refused"
2026-01-28T09:49:17.364262263Z W0128 09:49:17.364211       1 logging.go:55] [core] [Channel #13 SubChannel #16]grpc: addrConn.createTransport failed to connect to {Addr: "10.0.3.203:2379", ServerName: "10.0.3.203:2379", BalancerAttributes: {"<%!p(pickfirstleaf.managedByPickfirstKeyType={})>": "<%!p(bool=true)>" }}. Err: connection error: desc = "transport: Error while dialing: dial tcp 10.0.3.203:2379: connect: connection refused"
2026-01-28T09:49:17.715481179Z W0128 09:49:17.715438       1 logging.go:55] [core] [Channel #71 SubChannel #74]grpc: addrConn.createTransport failed to connect to {Addr: "10.0.3.203:2379", ServerName: "10.0.3.203:2379", BalancerAttributes: {"<%!p(pickfirstleaf.managedByPickfirstKeyType={})>": "<%!p(bool=true)>" }}. Err: connection error: desc = "transport: Error while dialing: dial tcp 10.0.3.203:2379: connect: connection refused"
2026-01-28T09:49:17.807323451Z W0128 09:49:17.807288       1 logging.go:55] [core] [Channel #82 SubChannel #85]grpc: addrConn.createTransport failed to connect to {Addr: "10.0.3.203:2379", ServerName: "10.0.3.203:2379", BalancerAttributes: {"<%!p(pickfirstleaf.managedByPickfirstKeyType={})>": "<%!p(bool=true)>" }}. Err: connection error: desc = "transport: Error while dialing: dial tcp 10.0.3.203:2379: connect: connection refused"
2026-01-28T09:49:18.339870261Z W0128 09:49:18.339748       1 logging.go:55] [core] [Channel #28 SubChannel #35]grpc: addrConn.createTransport failed to connect to {Addr: "10.0.3.203:2379", ServerName: "10.0.3.203:2379", BalancerAttributes: {"<%!p(pickfirstleaf.managedByPickfirstKeyType={})>": "<%!p(bool=true)>" }}. Err: connection error: desc = "transport: Error while dialing: dial tcp 10.0.3.203:2379: connect: connection refused"
2026-01-28T09:49:18.423553300Z W0128 09:49:18.423511       1 logging.go:55] [core] [Channel #77 SubChannel #80]grpc: addrConn.createTransport failed to connect to {Addr: "10.0.3.203:2379", ServerName: "10.0.3.203:2379", BalancerAttributes: {"<%!p(pickfirstleaf.managedByPickfirstKeyType={})>": "<%!p(bool=true)>" }}. Err: connection error: desc = "transport: Error while dialing: dial tcp 10.0.3.203:2379: connect: connection refused"
2026-01-28T09:49:18.582215823Z W0128 09:49:18.582177       1 logging.go:55] [core] [Channel #2 SubChannel #5]grpc: addrConn.createTransport failed to connect to {Addr: "10.0.3.203:2379", ServerName: "10.0.3.203:2379", BalancerAttributes: {"<%!p(pickfirstleaf.managedByPickfirstKeyType={})>": "<%!p(bool=true)>" }}. Err: connection error: desc = "transport: Error while dialing: dial tcp 10.0.3.203:2379: connect: connection refused"
2026-01-28T09:49:18.624829389Z W0128 09:49:18.624784       1 logging.go:55] [core] [Channel #47 SubChannel #50]grpc: addrConn.createTransport failed to connect to {Addr: "10.0.3.203:2379", ServerName: "10.0.3.203:2379", BalancerAttributes: {"<%!p(pickfirstleaf.managedByPickfirstKeyType={})>": "<%!p(bool=true)>" }}. Err: connection error: desc = "transport: Error while dialing: dial tcp 10.0.3.203:2379: connect: connection refused"
2026-01-28T09:49:18.658511085Z W0128 09:49:18.658487       1 logging.go:55] [core] [Channel #89 SubChannel #92]grpc: addrConn.createTransport failed to connect to {Addr: "10.0.3.203:2379", ServerName: "10.0.3.203:2379", BalancerAttributes: {"<%!p(pickfirstleaf.managedByPickfirstKeyType={})>": "<%!p(bool=true)>" }}. Err: connection error: desc = "transport: Error while dialing: dial tcp 10.0.3.203:2379: connect: connection refused"
2026-01-28T09:49:20.027046626Z W0128 09:49:20.027007       1 logging.go:55] [core] [Channel #164 SubChannel #167]grpc: addrConn.createTransport failed to connect to {Addr: "10.0.3.203:2379", ServerName: "10.0.3.203:2379", BalancerAttributes: {"<%!p(pickfirstleaf.managedByPickfirstKeyType={})>": "<%!p(bool=true)>" }}. Err: connection error: desc = "transport: Error while dialing: dial tcp 10.0.3.203:2379: connect: connection refused"
2026-01-28T09:49:20.825355656Z W0128 09:49:20.825304       1 logging.go:55] [core] [Channel #169 SubChannel #170]grpc: addrConn.createTransport failed to connect to {Addr: "10.0.3.203:2379", ServerName: "10.0.3.203:2379", BalancerAttributes: {"<%!p(pickfirstleaf.managedByPickfirstKeyType={})>": "<%!p(bool=true)>" }}. Err: connection error: desc = "transport: Error while dialing: dial tcp 10.0.3.203:2379: connect: connection refused"
2026-01-28T09:49:24.567940824Z I0128 09:49:24.567869       1 metrics.go:313] "Failed to get storage metrics" storage_cluster_id="etcd-0" err="failed to dial endpoint https://10.0.3.203:2379 with maintenance client: context deadline exceeded"
2026-01-28T09:49:24.568331022Z E0128 09:49:24.568305       1 timeout.go:140] "Post-timeout activity" timeElapsed="10.008928853s" method="GET" path="/metrics" result=null
2026-01-28T09:49:30.443405457Z W0128 09:49:30.443371       1 logging.go:55] [core] [Channel #65 SubChannel #68]grpc: addrConn.createTransport failed to connect to {Addr: "10.0.3.203:2379", ServerName: "10.0.3.203:2379", BalancerAttributes: {"<%!p(pickfirstleaf.managedByPickfirstKeyType={})>": "<%!p(bool=true)>" }}. Err: connection error: desc = "transport: Error while dialing: dial tcp 10.0.3.203:2379: connect: connection refused"
2026-01-28T09:49:30.525761165Z W0128 09:49:30.525733       1 logging.go:55] [core] [Channel #52 SubChannel #55]grpc: addrConn.createTransport failed to connect to {Addr: "10.0.3.203:2379", ServerName: "10.0.3.203:2379", BalancerAttributes: {"<%!p(pickfirstleaf.managedByPickfirstKeyType={})>": "<%!p(bool=true)>" }}. Err: connection error: desc = "transport: Error while dialing: dial tcp 10.0.3.203:2379: connect: connection refused"
2026-01-28T09:49:31.319950157Z W0128 09:49:31.319916       1 logging.go:55] [core] [Channel #59 SubChannel #62]grpc: addrConn.createTransport failed to connect to {Addr: "10.0.3.203:2379", ServerName: "10.0.3.203:2379", BalancerAttributes: {"<%!p(pickfirstleaf.managedByPickfirstKeyType={})>": "<%!p(bool=true)>" }}. Err: connection error: desc = "transport: Error while dialing: dial tcp 10.0.3.203:2379: connect: connection refused"
2026-01-28T09:49:31.894952536Z W0128 09:49:31.894909       1 logging.go:55] [core] [Channel #18 SubChannel #21]grpc: addrConn.createTransport failed to connect to {Addr: "10.0.3.203:2379", ServerName: "10.0.3.203:2379", BalancerAttributes: {"<%!p(pickfirstleaf.managedByPickfirstKeyType={})>": "<%!p(bool=true)>" }}. Err: connection error: desc = "transport: Error while dialing: dial tcp 10.0.3.203:2379: connect: connection refused"
2026-01-28T09:49:34.218223494Z W0128 09:49:34.218189       1 logging.go:55] [core] [Channel #71 SubChannel #74]grpc: addrConn.createTransport failed to connect to {Addr: "10.0.3.203:2379", ServerName: "10.0.3.203:2379", BalancerAttributes: {"<%!p(pickfirstleaf.managedByPickfirstKeyType={})>": "<%!p(bool=true)>" }}. Err: connection error: desc = "transport: Error while dialing: dial tcp 10.0.3.203:2379: connect: connection refused"
2026-01-28T09:49:34.561586435Z W0128 09:49:34.561456       1 logging.go:55] [core] [Channel #184 SubChannel #187]grpc: addrConn.createTransport failed to connect to {Addr: "10.0.3.203:2379", ServerName: "10.0.3.203:2379", BalancerAttributes: {"<%!p(pickfirstleaf.managedByPickfirstKeyType={})>": "<%!p(bool=true)>" }}. Err: connection error: desc = "transport: Error while dialing: dial tcp 10.0.3.203:2379: connect: connection refused"
2026-01-28T09:49:36.053928871Z W0128 09:49:36.051295       1 logging.go:55] [core] [Channel #13 SubChannel #16]grpc: addrConn.createTransport failed to connect to {Addr: "10.0.3.203:2379", ServerName: "10.0.3.203:2379", BalancerAttributes: {"<%!p(pickfirstleaf.managedByPickfirstKeyType={})>": "<%!p(bool=true)>" }}. Err: connection error: desc = "transport: Error while dialing: dial tcp 10.0.3.203:2379: connect: connection refused"
2026-01-28T09:49:36.143433121Z W0128 09:49:36.143385       1 logging.go:55] [core] [Channel #1 SubChannel #8]grpc: addrConn.createTransport failed to connect to {Addr: "10.0.3.203:2379", ServerName: "10.0.3.203:2379", BalancerAttributes: {"<%!p(pickfirstleaf.managedByPickfirstKeyType={})>": "<%!p(bool=true)>" }}. Err: connection error: desc = "transport: Error while dialing: dial tcp 10.0.3.203:2379: connect: connection refused"
2026-01-28T09:49:36.196334005Z W0128 09:49:36.196290       1 logging.go:55] [core] [Channel #47 SubChannel #50]grpc: addrConn.createTransport failed to connect to {Addr: "10.0.3.203:2379", ServerName: "10.0.3.203:2379", BalancerAttributes: {"<%!p(pickfirstleaf.managedByPickfirstKeyType={})>": "<%!p(bool=true)>" }}. Err: connection error: desc = "transport: Error while dialing: dial tcp 10.0.3.203:2379: connect: connection refused"
2026-01-28T09:49:36.198051131Z W0128 09:49:36.198018       1 logging.go:55] [core] [Channel #2 SubChannel #5]grpc: addrConn.createTransport failed to connect to {Addr: "10.0.3.203:2379", ServerName: "10.0.3.203:2379", BalancerAttributes: {"<%!p(pickfirstleaf.managedByPickfirstKeyType={})>": "<%!p(bool=true)>" }}. Err: connection error: desc = "transport: Error while dialing: dial tcp 10.0.3.203:2379: connect: connection refused"
2026-01-28T09:49:36.414576638Z W0128 09:49:36.414532       1 logging.go:55] [core] [Channel #89 SubChannel #92]grpc: addrConn.createTransport failed to connect to {Addr: "10.0.3.203:2379", ServerName: "10.0.3.203:2379", BalancerAttributes: {"<%!p(pickfirstleaf.managedByPickfirstKeyType={})>": "<%!p(bool=true)>" }}. Err: connection error: desc = "transport: Error while dialing: dial tcp 10.0.3.203:2379: connect: connection refused"
2026-01-28T09:49:37.182257458Z W0128 09:49:37.182214       1 logging.go:55] [core] [Channel #82 SubChannel #85]grpc: addrConn.createTransport failed to connect to {Addr: "10.0.3.203:2379", ServerName: "10.0.3.203:2379", BalancerAttributes: {"<%!p(pickfirstleaf.managedByPickfirstKeyType={})>": "<%!p(bool=true)>" }}. Err: connection error: desc = "transport: Error while dialing: dial tcp 10.0.3.203:2379: connect: connection refused"
2026-01-28T09:49:37.371755122Z W0128 09:49:37.371713       1 logging.go:55] [core] [Channel #77 SubChannel #80]grpc: addrConn.createTransport failed to connect to {Addr: "10.0.3.203:2379", ServerName: "10.0.3.203:2379", BalancerAttributes: {"<%!p(pickfirstleaf.managedByPickfirstKeyType={})>": "<%!p(bool=true)>" }}. Err: connection error: desc = "transport: Error while dialing: dial tcp 10.0.3.203:2379: connect: connection refused"
2026-01-28T09:49:37.751170307Z W0128 09:49:37.751130       1 logging.go:55] [core] [Channel #28 SubChannel #35]grpc: addrConn.createTransport failed to connect to {Addr: "10.0.3.203:2379", ServerName: "10.0.3.203:2379", BalancerAttributes: {"<%!p(pickfirstleaf.managedByPickfirstKeyType={})>": "<%!p(bool=true)>" }}. Err: connection error: desc = "transport: Error while dialing: dial tcp 10.0.3.203:2379: connect: connection refused"
2026-01-28T09:49:38.903243899Z W0128 09:49:38.903209       1 logging.go:55] [core] [Channel #196 SubChannel #199]grpc: addrConn.createTransport failed to connect to {Addr: "10.0.3.203:2379", ServerName: "10.0.3.203:2379", BalancerAttributes: {"<%!p(pickfirstleaf.managedByPickfirstKeyType={})>": "<%!p(bool=true)>" }}. Err: connection error: desc = "transport: Error while dialing: dial tcp 10.0.3.203:2379: connect: connection refused"
2026-01-28T09:49:56.443730765Z W0128 09:49:56.443686       1 logging.go:55] [core] [Channel #59 SubChannel #62]grpc: addrConn.createTransport failed to connect to {Addr: "10.0.3.203:2379", ServerName: "10.0.3.203:2379", BalancerAttributes: {"<%!p(pickfirstleaf.managedByPickfirstKeyType={})>": "<%!p(bool=true)>" }}. Err: connection error: desc = "transport: Error while dialing: dial tcp 10.0.3.203:2379: connect: connection refused"
2026-01-28T09:49:56.720698861Z W0128 09:49:56.720662       1 logging.go:55] [core] [Channel #18 SubChannel #21]grpc: addrConn.createTransport failed to connect to {Addr: "10.0.3.203:2379", ServerName: "10.0.3.203:2379", BalancerAttributes: {"<%!p(pickfirstleaf.managedByPickfirstKeyType={})>": "<%!p(bool=true)>" }}. Err: connection error: desc = "transport: Error while dialing: dial tcp 10.0.3.203:2379: connect: connection refused"
2026-01-28T09:49:57.985625381Z W0128 09:49:57.985567       1 logging.go:55] [core] [Channel #1 SubChannel #8]grpc: addrConn.createTransport failed to connect to {Addr: "10.0.3.203:2379", ServerName: "10.0.3.203:2379", BalancerAttributes: {"<%!p(pickfirstleaf.managedByPickfirstKeyType={})>": "<%!p(bool=true)>" }}. Err: connection error: desc = "transport: Error while dialing: dial tcp 10.0.3.203:2379: connect: connection refused"
2026-01-28T09:49:58.251731419Z W0128 09:49:58.251697       1 logging.go:55] [core] [Channel #65 SubChannel #68]grpc: addrConn.createTransport failed to connect to {Addr: "10.0.3.203:2379", ServerName: "10.0.3.203:2379", BalancerAttributes: {"<%!p(pickfirstleaf.managedByPickfirstKeyType={})>": "<%!p(bool=true)>" }}. Err: connection error: desc = "transport: Error while dialing: dial tcp 10.0.3.203:2379: connect: connection refused"
2026-01-28T09:49:58.975017184Z W0128 09:49:58.974954       1 logging.go:55] [core] [Channel #71 SubChannel #74]grpc: addrConn.createTransport failed to connect to {Addr: "10.0.3.203:2379", ServerName: "10.0.3.203:2379", BalancerAttributes: {"<%!p(pickfirstleaf.managedByPickfirstKeyType={})>": "<%!p(bool=true)>" }}. Err: connection error: desc = "transport: Error while dialing: dial tcp 10.0.3.203:2379: connect: connection refused"
2026-01-28T09:49:59.559638202Z W0128 09:49:59.559593       1 logging.go:55] [core] [Channel #13 SubChannel #16]grpc: addrConn.createTransport failed to connect to {Addr: "10.0.3.203:2379", ServerName: "10.0.3.203:2379", BalancerAttributes: {"<%!p(pickfirstleaf.managedByPickfirstKeyType={})>": "<%!p(bool=true)>" }}. Err: connection error: desc = "transport: Error while dialing: dial tcp 10.0.3.203:2379: connect: connection refused"
2026-01-28T09:50:00.477079362Z W0128 09:50:00.477039       1 logging.go:55] [core] [Channel #208 SubChannel #209]grpc: addrConn.createTransport failed to connect to {Addr: "10.0.3.203:2379", ServerName: "10.0.3.203:2379", BalancerAttributes: {"<%!p(pickfirstleaf.managedByPickfirstKeyType={})>": "<%!p(bool=true)>" }}. Err: connection error: desc = "transport: Error while dialing: dial tcp 10.0.3.203:2379: connect: connection refused"
2026-01-28T09:50:01.126552215Z W0128 09:50:01.126514       1 logging.go:55] [core] [Channel #52 SubChannel #55]grpc: addrConn.createTransport failed to connect to {Addr: "10.0.3.203:2379", ServerName: "10.0.3.203:2379", BalancerAttributes: {"<%!p(pickfirstleaf.managedByPickfirstKeyType={})>": "<%!p(bool=true)>" }}. Err: connection error: desc = "transport: Error while dialing: dial tcp 10.0.3.203:2379: connect: connection refused"
2026-01-28T09:50:01.319442222Z W0128 09:50:01.319396       1 logging.go:55] [core] [Channel #89 SubChannel #92]grpc: addrConn.createTransport failed to connect to {Addr: "10.0.3.203:2379", ServerName: "10.0.3.203:2379", BalancerAttributes: {"<%!p(pickfirstleaf.managedByPickfirstKeyType={})>": "<%!p(bool=true)>" }}. Err: connection error: desc = "transport: Error while dialing: dial tcp 10.0.3.203:2379: connect: connection refused"
2026-01-28T09:50:01.477782143Z W0128 09:50:01.477743       1 logging.go:55] [core] [Channel #208 SubChannel #209]grpc: addrConn.createTransport failed to connect to {Addr: "10.0.3.203:2379", ServerName: "10.0.3.203:2379", BalancerAttributes: {"<%!p(pickfirstleaf.managedByPickfirstKeyType={})>": "<%!p(bool=true)>" }}. Err: connection error: desc = "transport: Error while dialing: dial tcp 10.0.3.203:2379: connect: connection refused"
2026-01-28T09:50:01.851602216Z W0128 09:50:01.851558       1 logging.go:55] [core] [Channel #82 SubChannel #85]grpc: addrConn.createTransport failed to connect to {Addr: "10.0.3.203:2379", ServerName: "10.0.3.203:2379", BalancerAttributes: {"<%!p(pickfirstleaf.managedByPickfirstKeyType={})>": "<%!p(bool=true)>" }}. Err: connection error: desc = "transport: Error while dialing: dial tcp 10.0.3.203:2379: connect: connection refused"
2026-01-28T09:50:01.935597044Z W0128 09:50:01.935559       1 logging.go:55] [core] [Channel #47 SubChannel #50]grpc: addrConn.createTransport failed to connect to {Addr: "10.0.3.203:2379", ServerName: "10.0.3.203:2379", BalancerAttributes: {"<%!p(pickfirstleaf.managedByPickfirstKeyType={})>": "<%!p(bool=true)>" }}. Err: connection error: desc = "transport: Error while dialing: dial tcp 10.0.3.203:2379: connect: connection refused"
2026-01-28T09:50:02.274565769Z W0128 09:50:02.274521       1 logging.go:55] [core] [Channel #2 SubChannel #5]grpc: addrConn.createTransport failed to connect to {Addr: "10.0.3.203:2379", ServerName: "10.0.3.203:2379", BalancerAttributes: {"<%!p(pickfirstleaf.managedByPickfirstKeyType={})>": "<%!p(bool=true)>" }}. Err: connection error: desc = "transport: Error while dialing: dial tcp 10.0.3.203:2379: connect: connection refused"
2026-01-28T09:50:03.040621147Z W0128 09:50:03.040585       1 logging.go:55] [core] [Channel #208 SubChannel #209]grpc: addrConn.createTransport failed to connect to {Addr: "10.0.3.203:2379", ServerName: "10.0.3.203:2379", BalancerAttributes: {"<%!p(pickfirstleaf.managedByPickfirstKeyType={})>": "<%!p(bool=true)>" }}. Err: connection error: desc = "transport: Error while dialing: dial tcp 10.0.3.203:2379: connect: connection refused"
2026-01-28T09:50:04.561049119Z W0128 09:50:04.561016       1 logging.go:55] [core] [Channel #210 SubChannel #213]grpc: addrConn.createTransport failed to connect to {Addr: "10.0.3.203:2379", ServerName: "10.0.3.203:2379", BalancerAttributes: {"<%!p(pickfirstleaf.managedByPickfirstKeyType={})>": "<%!p(bool=true)>" }}. Err: connection error: desc = "transport: Error while dialing: dial tcp 10.0.3.203:2379: connect: connection refused"
2026-01-28T09:50:04.567996410Z W0128 09:50:04.567965       1 logging.go:55] [core] [Channel #215 SubChannel #216]grpc: addrConn.createTransport failed to connect to {Addr: "10.0.3.203:2379", ServerName: "10.0.3.203:2379", BalancerAttributes: {"<%!p(pickfirstleaf.managedByPickfirstKeyType={})>": "<%!p(bool=true)>" }}. Err: connection error: desc = "transport: Error while dialing: dial tcp 10.0.3.203:2379: connect: connection refused"
2026-01-28T09:50:05.110934369Z W0128 09:50:05.110875       1 logging.go:55] [core] [Channel #77 SubChannel #80]grpc: addrConn.createTransport failed to connect to {Addr: "10.0.3.203:2379", ServerName: "10.0.3.203:2379", BalancerAttributes: {"<%!p(pickfirstleaf.managedByPickfirstKeyType={})>": "<%!p(bool=true)>" }}. Err: connection error: desc = "transport: Error while dialing: dial tcp 10.0.3.203:2379: connect: connection refused"
2026-01-28T09:50:05.562137333Z W0128 09:50:05.562088       1 logging.go:55] [core] [Channel #210 SubChannel #213]grpc: addrConn.createTransport failed to connect to {Addr: "10.0.3.203:2379", ServerName: "10.0.3.203:2379", BalancerAttributes: {"<%!p(pickfirstleaf.managedByPickfirstKeyType={})>": "<%!p(bool=true)>" }}. Err: connection error: desc = "transport: Error while dialing: dial tcp 10.0.3.203:2379: connect: connection refused"
2026-01-28T09:50:05.568490991Z W0128 09:50:05.568455       1 logging.go:55] [core] [Channel #215 SubChannel #216]grpc: addrConn.createTransport failed to connect to {Addr: "10.0.3.203:2379", ServerName: "10.0.3.203:2379", BalancerAttributes: {"<%!p(pickfirstleaf.managedByPickfirstKeyType={})>": "<%!p(bool=true)>" }}. Err: connection error: desc = "transport: Error while dialing: dial tcp 10.0.3.203:2379: connect: connection refused"
2026-01-28T09:50:05.659657353Z W0128 09:50:05.659616       1 logging.go:55] [core] [Channel #208 SubChannel #209]grpc: addrConn.createTransport failed to connect to {Addr: "10.0.3.203:2379", ServerName: "10.0.3.203:2379", BalancerAttributes: {"<%!p(pickfirstleaf.managedByPickfirstKeyType={})>": "<%!p(bool=true)>" }}. Err: connection error: desc = "transport: Error while dialing: dial tcp 10.0.3.203:2379: connect: connection refused"
2026-01-28T09:50:06.944159370Z W0128 09:50:06.944107       1 logging.go:55] [core] [Channel #215 SubChannel #216]grpc: addrConn.createTransport failed to connect to {Addr: "10.0.3.203:2379", ServerName: "10.0.3.203:2379", BalancerAttributes: {"<%!p(pickfirstleaf.managedByPickfirstKeyType={})>": "<%!p(bool=true)>" }}. Err: connection error: desc = "transport: Error while dialing: dial tcp 10.0.3.203:2379: connect: connection refused"
2026-01-28T09:50:07.453245307Z W0128 09:50:07.453203       1 logging.go:55] [core] [Channel #210 SubChannel #213]grpc: addrConn.createTransport failed to connect to {Addr: "10.0.3.203:2379", ServerName: "10.0.3.203:2379", BalancerAttributes: {"<%!p(pickfirstleaf.managedByPickfirstKeyType={})>": "<%!p(bool=true)>" }}. Err: connection error: desc = "transport: Error while dialing: dial tcp 10.0.3.203:2379: connect: connection refused"
2026-01-28T09:50:08.393967384Z W0128 09:50:08.393914       1 logging.go:55] [core] [Channel #28 SubChannel #35]grpc: addrConn.createTransport failed to connect to {Addr: "10.0.3.203:2379", ServerName: "10.0.3.203:2379", BalancerAttributes: {"<%!p(pickfirstleaf.managedByPickfirstKeyType={})>": "<%!p(bool=true)>" }}. Err: connection error: desc = "transport: Error while dialing: dial tcp 10.0.3.203:2379: connect: connection refused"
2026-01-28T09:50:08.903927000Z W0128 09:50:08.903858       1 logging.go:55] [core] [Channel #218 SubChannel #221]grpc: addrConn.createTransport failed to connect to {Addr: "10.0.3.203:2379", ServerName: "10.0.3.203:2379", BalancerAttributes: {"<%!p(pickfirstleaf.managedByPickfirstKeyType={})>": "<%!p(bool=true)>" }}. Err: connection error: desc = "transport: Error while dialing: dial tcp 10.0.3.203:2379: connect: connection refused"
2026-01-28T09:50:09.544503362Z W0128 09:50:09.544462       1 logging.go:55] [core] [Channel #208 SubChannel #209]grpc: addrConn.createTransport failed to connect to {Addr: "10.0.3.203:2379", ServerName: "10.0.3.203:2379", BalancerAttributes: {"<%!p(pickfirstleaf.managedByPickfirstKeyType={})>": "<%!p(bool=true)>" }}. Err: connection error: desc = "transport: Error while dialing: dial tcp 10.0.3.203:2379: connect: connection refused"
2026-01-28T09:50:09.579104381Z W0128 09:50:09.579066       1 logging.go:55] [core] [Channel #215 SubChannel #216]grpc: addrConn.createTransport failed to connect to {Addr: "10.0.3.203:2379", ServerName: "10.0.3.203:2379", BalancerAttributes: {"<%!p(pickfirstleaf.managedByPickfirstKeyType={})>": "<%!p(bool=true)>" }}. Err: connection error: desc = "transport: Error while dialing: dial tcp 10.0.3.203:2379: connect: connection refused"
2026-01-28T09:50:10.148979653Z W0128 09:50:10.148927       1 logging.go:55] [core] [Channel #210 SubChannel #213]grpc: addrConn.createTransport failed to connect to {Addr: "10.0.3.203:2379", ServerName: "10.0.3.203:2379", BalancerAttributes: {"<%!p(pickfirstleaf.managedByPickfirstKeyType={})>": "<%!p(bool=true)>" }}. Err: connection error: desc = "transport: Error while dialing: dial tcp 10.0.3.203:2379: connect: connection refused"
2026-01-28T09:50:13.817091841Z W0128 09:50:13.817048       1 logging.go:55] [core] [Channel #215 SubChannel #216]grpc: addrConn.createTransport failed to connect to {Addr: "10.0.3.203:2379", ServerName: "10.0.3.203:2379", BalancerAttributes: {"<%!p(pickfirstleaf.managedByPickfirstKeyType={})>": "<%!p(bool=true)>" }}. Err: connection error: desc = "transport: Error while dialing: dial tcp 10.0.3.203:2379: connect: connection refused"
2026-01-28T09:50:14.523758754Z W0128 09:50:14.523715       1 logging.go:55] [core] [Channel #210 SubChannel #213]grpc: addrConn.createTransport failed to connect to {Addr: "10.0.3.203:2379", ServerName: "10.0.3.203:2379", BalancerAttributes: {"<%!p(pickfirstleaf.managedByPickfirstKeyType={})>": "<%!p(bool=true)>" }}. Err: connection error: desc = "transport: Error while dialing: dial tcp 10.0.3.203:2379: connect: connection refused"
2026-01-28T09:50:15.714502172Z W0128 09:50:15.714463       1 logging.go:55] [core] [Channel #208 SubChannel #209]grpc: addrConn.createTransport failed to connect to {Addr: "10.0.3.203:2379", ServerName: "10.0.3.203:2379", BalancerAttributes: {"<%!p(pickfirstleaf.managedByPickfirstKeyType={})>": "<%!p(bool=true)>" }}. Err: connection error: desc = "transport: Error while dialing: dial tcp 10.0.3.203:2379: connect: connection refused"
2026-01-28T09:50:20.087365411Z W0128 09:50:20.087321       1 logging.go:55] [core] [Channel #215 SubChannel #216]grpc: addrConn.createTransport failed to connect to {Addr: "10.0.3.203:2379", ServerName: "10.0.3.203:2379", BalancerAttributes: {"<%!p(pickfirstleaf.managedByPickfirstKeyType={})>": "<%!p(bool=true)>" }}. Err: connection error: desc = "transport: Error while dialing: dial tcp 10.0.3.203:2379: connect: connection refused"
2026-01-28T09:50:24.568284690Z W0128 09:50:24.568206       1 logging.go:55] [core] [Channel #210 SubChannel #213]grpc: addrConn.createTransport failed to connect to {Addr: "10.0.3.203:2379", ServerName: "10.0.3.203:2379", BalancerAttributes: {"<%!p(pickfirstleaf.managedByPickfirstKeyType={})>": "<%!p(bool=true)>" }}. Err: connection error: desc = "transport: authentication handshake failed: context canceled"
2026-01-28T09:50:24.568355762Z I0128 09:50:24.568330       1 metrics.go:313] "Failed to get storage metrics" storage_cluster_id="etcd-0" err="failed to dial endpoint https://10.0.3.203:2379 with maintenance client: context deadline exceeded"
2026-01-28T09:50:24.568802831Z E0128 09:50:24.568771       1 timeout.go:140] "Post-timeout activity" timeElapsed="10.008977038s" method="GET" path="/metrics" result=null
2026-01-28T09:50:38.917003680Z W0128 09:50:38.916963       1 logging.go:55] [core] [Channel #241 SubChannel #244]grpc: addrConn.createTransport failed to connect to {Addr: "10.0.3.203:2379", ServerName: "10.0.3.203:2379", BalancerAttributes: {"<%!p(pickfirstleaf.managedByPickfirstKeyType={})>": "<%!p(bool=true)>" }}. Err: connection error: desc = "transport: authentication handshake failed: context canceled"
2026-01-28T09:50:49.633328309Z I0128 09:50:49.633273       1 controller.go:667] quota admission added evaluator for: routes.route.openshift.io
2026-01-28T09:50:49.633564825Z I0128 09:50:49.633540       1 controller.go:667] quota admission added evaluator for: routes.route.openshift.io
2026-01-28T09:50:50.671942976Z I0128 09:50:50.670133       1 metrics.go:313] "Failed to get storage metrics" storage_cluster_id="etcd-0" err="context deadline exceeded"
2026-01-28T09:50:50.671942976Z E0128 09:50:50.670668       1 timeout.go:140] "Post-timeout activity" timeElapsed="6.113469738s" method="GET" path="/metrics" result=null
2026-01-28T10:02:08.938468413Z W0128 10:02:08.938425       1 logging.go:55] [core] [Channel #877 SubChannel #878]grpc: addrConn.createTransport failed to connect to {Addr: "10.0.102.200:2379", ServerName: "10.0.102.200:2379", BalancerAttributes: {"<%!p(pickfirstleaf.managedByPickfirstKeyType={})>": "<%!p(bool=true)>" }}. Err: connection error: desc = "transport: authentication handshake failed: context canceled"
2026-01-28T10:07:50.718680689Z I0128 10:07:50.718621       1 policy_source.go:240] refreshing policies
2026-01-28T10:17:50.066616077Z I0128 10:17:50.066563       1 policy_source.go:240] refreshing policies
