2026-01-28T09:43:55.997611807Z Copying system trust bundle
2026-01-28T09:43:56.114603159Z W0128 09:43:56.114554       1 feature_gate.go:352] Setting GA feature gate ServiceAccountTokenNodeBinding=true. It will be removed in a future release.
2026-01-28T09:43:56.114603159Z W0128 09:43:56.114581       1 feature_gate.go:350] Setting deprecated feature gate KMSv1=true. It will be removed in a future release.
2026-01-28T09:43:56.114603159Z W0128 09:43:56.114587       1 feature_gate.go:352] Setting GA feature gate RouteExternalCertificate=true. It will be removed in a future release.
2026-01-28T09:43:56.114629620Z I0128 09:43:56.114608       1 feature_gate.go:385] feature gates: {map[DynamicResourceAllocation:false EventedPLEG:false ImageVolume:true KMSv1:true MaxUnavailableStatefulSet:false MutatingAdmissionPolicy:false NodeSwap:false ProcMountType:true RouteExternalCertificate:true SELinuxMount:false ServiceAccountTokenNodeBinding:true TranslateStreamCloseWebsocketRequests:false UserNamespacesPodSecurityStandards:true UserNamespacesSupport:true VolumeAttributesClass:false]}
2026-01-28T09:43:56.114661521Z W0128 09:43:56.114639       1 config.go:124] Ignoring unknown FeatureGate "NewOLMWebhookProviderOpenshiftServiceCA"
2026-01-28T09:43:56.114661521Z W0128 09:43:56.114650       1 config.go:124] Ignoring unknown FeatureGate "NoRegistryClusterOperations"
2026-01-28T09:43:56.114661521Z W0128 09:43:56.114653       1 config.go:124] Ignoring unknown FeatureGate "ConsolePluginContentSecurityPolicy"
2026-01-28T09:43:56.114661521Z W0128 09:43:56.114657       1 config.go:124] Ignoring unknown FeatureGate "ExternalOIDC"
2026-01-28T09:43:56.114674122Z W0128 09:43:56.114660       1 config.go:124] Ignoring unknown FeatureGate "MachineConfigNodes"
2026-01-28T09:43:56.114674122Z W0128 09:43:56.114663       1 config.go:124] Ignoring unknown FeatureGate "SetEIPForNLBIngressController"
2026-01-28T09:43:56.114674122Z W0128 09:43:56.114666       1 config.go:124] Ignoring unknown FeatureGate "GCPClusterHostedDNS"
2026-01-28T09:43:56.114674122Z W0128 09:43:56.114669       1 config.go:124] Ignoring unknown FeatureGate "InsightsOnDemandDataGather"
2026-01-28T09:43:56.114685152Z W0128 09:43:56.114672       1 config.go:124] Ignoring unknown FeatureGate "NutanixMultiSubnets"
2026-01-28T09:43:56.114685152Z W0128 09:43:56.114676       1 config.go:124] Ignoring unknown FeatureGate "CPMSMachineNamePrefix"
2026-01-28T09:43:56.114685152Z W0128 09:43:56.114679       1 config.go:124] Ignoring unknown FeatureGate "UpgradeStatus"
2026-01-28T09:43:56.114685152Z W0128 09:43:56.114682       1 config.go:124] Ignoring unknown FeatureGate "KMSEncryptionProvider"
2026-01-28T09:43:56.114695823Z W0128 09:43:56.114685       1 config.go:124] Ignoring unknown FeatureGate "PreconfiguredUDNAddresses"
2026-01-28T09:43:56.114695823Z W0128 09:43:56.114688       1 config.go:124] Ignoring unknown FeatureGate "ClusterAPIInstall"
2026-01-28T09:43:56.114695823Z W0128 09:43:56.114692       1 config.go:124] Ignoring unknown FeatureGate "EtcdBackendQuota"
2026-01-28T09:43:56.114707214Z W0128 09:43:56.114695       1 config.go:124] Ignoring unknown FeatureGate "GCPCustomAPIEndpointsInstall"
2026-01-28T09:43:56.114707214Z W0128 09:43:56.114698       1 config.go:124] Ignoring unknown FeatureGate "MachineAPIMigration"
2026-01-28T09:43:56.114707214Z W0128 09:43:56.114701       1 config.go:124] Ignoring unknown FeatureGate "ManagedBootImagesAzure"
2026-01-28T09:43:56.114707214Z W0128 09:43:56.114704       1 config.go:124] Ignoring unknown FeatureGate "VSphereConfigurableMaxAllowedBlockVolumesPerNode"
2026-01-28T09:43:56.114717594Z W0128 09:43:56.114708       1 config.go:124] Ignoring unknown FeatureGate "HighlyAvailableArbiter"
2026-01-28T09:43:56.114717594Z W0128 09:43:56.114711       1 config.go:124] Ignoring unknown FeatureGate "ManagedBootImagesAWS"
2026-01-28T09:43:56.114717594Z W0128 09:43:56.114714       1 config.go:124] Ignoring unknown FeatureGate "VSphereMultiNetworks"
2026-01-28T09:43:56.114752466Z W0128 09:43:56.114717       1 config.go:124] Ignoring unknown FeatureGate "NetworkLiveMigration"
2026-01-28T09:43:56.114752466Z W0128 09:43:56.114720       1 config.go:124] Ignoring unknown FeatureGate "AzureClusterHostedDNSInstall"
2026-01-28T09:43:56.114752466Z W0128 09:43:56.114723       1 config.go:124] Ignoring unknown FeatureGate "BootImageSkewEnforcement"
2026-01-28T09:43:56.114752466Z W0128 09:43:56.114727       1 config.go:124] Ignoring unknown FeatureGate "Example"
2026-01-28T09:43:56.114752466Z W0128 09:43:56.114730       1 config.go:124] Ignoring unknown FeatureGate "GCPCustomAPIEndpoints"
2026-01-28T09:43:56.114752466Z W0128 09:43:56.114733       1 config.go:124] Ignoring unknown FeatureGate "ExternalSnapshotMetadata"
2026-01-28T09:43:56.114752466Z W0128 09:43:56.114736       1 config.go:124] Ignoring unknown FeatureGate "GCPClusterHostedDNSInstall"
2026-01-28T09:43:56.114752466Z W0128 09:43:56.114739       1 config.go:124] Ignoring unknown FeatureGate "NewOLMOwnSingleNamespace"
2026-01-28T09:43:56.114752466Z W0128 09:43:56.114742       1 config.go:124] Ignoring unknown FeatureGate "GatewayAPI"
2026-01-28T09:43:56.114752466Z W0128 09:43:56.114745       1 config.go:124] Ignoring unknown FeatureGate "RouteAdvertisements"
2026-01-28T09:43:56.114752466Z W0128 09:43:56.114748       1 config.go:124] Ignoring unknown FeatureGate "AzureDedicatedHosts"
2026-01-28T09:43:56.114766656Z W0128 09:43:56.114751       1 config.go:124] Ignoring unknown FeatureGate "IrreconcilableMachineConfig"
2026-01-28T09:43:56.114766656Z W0128 09:43:56.114754       1 config.go:124] Ignoring unknown FeatureGate "MultiArchInstallAzure"
2026-01-28T09:43:56.114766656Z W0128 09:43:56.114758       1 config.go:124] Ignoring unknown FeatureGate "AzureWorkloadIdentity"
2026-01-28T09:43:56.114766656Z W0128 09:43:56.114761       1 config.go:124] Ignoring unknown FeatureGate "IngressControllerLBSubnetsAWS"
2026-01-28T09:43:56.114766656Z W0128 09:43:56.114764       1 config.go:124] Ignoring unknown FeatureGate "AWSClusterHostedDNS"
2026-01-28T09:43:56.114777977Z W0128 09:43:56.114767       1 config.go:124] Ignoring unknown FeatureGate "MinimumKubeletVersion"
2026-01-28T09:43:56.114777977Z W0128 09:43:56.114771       1 config.go:124] Ignoring unknown FeatureGate "SigstoreImageVerificationPKI"
2026-01-28T09:43:56.114777977Z W0128 09:43:56.114774       1 config.go:124] Ignoring unknown FeatureGate "AWSClusterHostedDNSInstall"
2026-01-28T09:43:56.114789008Z W0128 09:43:56.114777       1 config.go:124] Ignoring unknown FeatureGate "AutomatedEtcdBackup"
2026-01-28T09:43:56.114789008Z W0128 09:43:56.114780       1 config.go:124] Ignoring unknown FeatureGate "ClusterAPIInstallIBMCloud"
2026-01-28T09:43:56.114789008Z W0128 09:43:56.114783       1 config.go:124] Ignoring unknown FeatureGate "DNSNameResolver"
2026-01-28T09:43:56.114789008Z W0128 09:43:56.114786       1 config.go:124] Ignoring unknown FeatureGate "InsightsConfigAPI"
2026-01-28T09:43:56.114799628Z W0128 09:43:56.114790       1 config.go:124] Ignoring unknown FeatureGate "ManagedBootImagesvSphere"
2026-01-28T09:43:56.114799628Z W0128 09:43:56.114793       1 config.go:124] Ignoring unknown FeatureGate "NewOLMCatalogdAPIV1Metas"
2026-01-28T09:43:56.114799628Z W0128 09:43:56.114796       1 config.go:124] Ignoring unknown FeatureGate "AlibabaPlatform"
2026-01-28T09:43:56.114810059Z W0128 09:43:56.114799       1 config.go:124] Ignoring unknown FeatureGate "BuildCSIVolumes"
2026-01-28T09:43:56.114810059Z W0128 09:43:56.114802       1 config.go:124] Ignoring unknown FeatureGate "DyanmicServiceEndpointIBMCloud"
2026-01-28T09:43:56.114810059Z W0128 09:43:56.114805       1 config.go:124] Ignoring unknown FeatureGate "ShortCertRotation"
2026-01-28T09:43:56.114824930Z W0128 09:43:56.114808       1 config.go:124] Ignoring unknown FeatureGate "VolumeGroupSnapshot"
2026-01-28T09:43:56.114824930Z W0128 09:43:56.114811       1 config.go:124] Ignoring unknown FeatureGate "DualReplica"
2026-01-28T09:43:56.114824930Z W0128 09:43:56.114814       1 config.go:124] Ignoring unknown FeatureGate "AdditionalRoutingCapabilities"
2026-01-28T09:43:56.114824930Z W0128 09:43:56.114817       1 config.go:124] Ignoring unknown FeatureGate "MetricsCollectionProfiles"
2026-01-28T09:43:56.114824930Z W0128 09:43:56.114820       1 config.go:124] Ignoring unknown FeatureGate "NetworkDiagnosticsConfig"
2026-01-28T09:43:56.114835750Z W0128 09:43:56.114823       1 config.go:124] Ignoring unknown FeatureGate "PinnedImages"
2026-01-28T09:43:56.114835750Z W0128 09:43:56.114826       1 config.go:124] Ignoring unknown FeatureGate "SigstoreImageVerification"
2026-01-28T09:43:56.114835750Z W0128 09:43:56.114829       1 config.go:124] Ignoring unknown FeatureGate "AWSDedicatedHosts"
2026-01-28T09:43:56.114835750Z W0128 09:43:56.114832       1 config.go:124] Ignoring unknown FeatureGate "ClusterMonitoringConfig"
2026-01-28T09:43:56.114846280Z W0128 09:43:56.114835       1 config.go:124] Ignoring unknown FeatureGate "AzureMultiDisk"
2026-01-28T09:43:56.114846280Z W0128 09:43:56.114839       1 config.go:124] Ignoring unknown FeatureGate "BootcNodeManagement"
2026-01-28T09:43:56.114846280Z W0128 09:43:56.114842       1 config.go:124] Ignoring unknown FeatureGate "Example2"
2026-01-28T09:43:56.114856931Z W0128 09:43:56.114845       1 config.go:124] Ignoring unknown FeatureGate "ImageStreamImportMode"
2026-01-28T09:43:56.114856931Z W0128 09:43:56.114848       1 config.go:124] Ignoring unknown FeatureGate "InsightsConfig"
2026-01-28T09:43:56.114856931Z W0128 09:43:56.114851       1 config.go:124] Ignoring unknown FeatureGate "MachineAPIOperatorDisableMachineHealthCheckController"
2026-01-28T09:43:56.114867292Z W0128 09:43:56.114855       1 config.go:124] Ignoring unknown FeatureGate "GatewayAPIController"
2026-01-28T09:43:56.114867292Z W0128 09:43:56.114858       1 config.go:124] Ignoring unknown FeatureGate "NetworkSegmentation"
2026-01-28T09:43:56.114867292Z W0128 09:43:56.114861       1 config.go:124] Ignoring unknown FeatureGate "NewOLM"
2026-01-28T09:43:56.114867292Z W0128 09:43:56.114864       1 config.go:124] Ignoring unknown FeatureGate "VSphereMultiDisk"
2026-01-28T09:43:56.114877912Z W0128 09:43:56.114867       1 config.go:124] Ignoring unknown FeatureGate "AWSServiceLBNetworkSecurityGroup"
2026-01-28T09:43:56.114877912Z W0128 09:43:56.114871       1 config.go:124] Ignoring unknown FeatureGate "ClusterVersionOperatorConfiguration"
2026-01-28T09:43:56.114877912Z W0128 09:43:56.114874       1 config.go:124] Ignoring unknown FeatureGate "IngressControllerDynamicConfigurationManager"
2026-01-28T09:43:56.114888083Z W0128 09:43:56.114877       1 config.go:124] Ignoring unknown FeatureGate "ExternalOIDCWithUIDAndExtraClaimMappings"
2026-01-28T09:43:56.114888083Z W0128 09:43:56.114880       1 config.go:124] Ignoring unknown FeatureGate "ManagedBootImages"
2026-01-28T09:43:56.114888083Z W0128 09:43:56.114884       1 config.go:124] Ignoring unknown FeatureGate "OVNObservability"
2026-01-28T09:43:56.114898233Z W0128 09:43:56.114887       1 config.go:124] Ignoring unknown FeatureGate "OpenShiftPodSecurityAdmission"
2026-01-28T09:43:56.114898233Z W0128 09:43:56.114890       1 config.go:124] Ignoring unknown FeatureGate "SignatureStores"
2026-01-28T09:43:56.114898233Z W0128 09:43:56.114893       1 config.go:124] Ignoring unknown FeatureGate "VSphereHostVMGroupZonal"
2026-01-28T09:43:56.114912654Z W0128 09:43:56.114896       1 config.go:124] Ignoring unknown FeatureGate "VSphereMixedNodeEnv"
2026-01-28T09:43:56.114912654Z W0128 09:43:56.114900       1 config.go:124] Ignoring unknown FeatureGate "AdminNetworkPolicy"
2026-01-28T09:43:56.114912654Z W0128 09:43:56.114903       1 config.go:124] Ignoring unknown FeatureGate "StoragePerformantSecurityPolicy"
2026-01-28T09:43:56.114912654Z W0128 09:43:56.114906       1 config.go:124] Ignoring unknown FeatureGate "ImageModeStatusReporting"
2026-01-28T09:43:56.114912654Z W0128 09:43:56.114909       1 config.go:124] Ignoring unknown FeatureGate "MixedCPUsAllocation"
2026-01-28T09:43:56.114923474Z W0128 09:43:56.114912       1 config.go:124] Ignoring unknown FeatureGate "MultiDiskSetup"
2026-01-28T09:43:56.114923474Z W0128 09:43:56.114915       1 config.go:124] Ignoring unknown FeatureGate "NewOLMPreflightPermissionChecks"
2026-01-28T09:43:56.118147415Z I0128 09:43:56.118107       1 dynamic_serving_content.go:116] "Loaded a new cert/key pair" name="serving-cert::/var/run/secrets/serving-cert/tls.crt::/var/run/secrets/serving-cert/tls.key"
2026-01-28T09:43:56.485107308Z I0128 09:43:56.485049       1 requestheader_controller.go:255] Loaded a new request header values for RequestHeaderAuthRequestController
2026-01-28T09:43:56.487798622Z I0128 09:43:56.487769       1 audit.go:340] Using audit backend: ignoreErrors<log>
2026-01-28T09:43:56.488771281Z I0128 09:43:56.488738       1 plugins.go:83] "Registered admission plugin" plugin="NamespaceLifecycle"
2026-01-28T09:43:56.488771281Z I0128 09:43:56.488756       1 plugins.go:83] "Registered admission plugin" plugin="ValidatingAdmissionWebhook"
2026-01-28T09:43:56.488771281Z I0128 09:43:56.488763       1 plugins.go:83] "Registered admission plugin" plugin="MutatingAdmissionWebhook"
2026-01-28T09:43:56.488771281Z I0128 09:43:56.488768       1 plugins.go:83] "Registered admission plugin" plugin="ValidatingAdmissionPolicy"
2026-01-28T09:43:56.488797232Z I0128 09:43:56.488773       1 plugins.go:83] "Registered admission plugin" plugin="MutatingAdmissionPolicy"
2026-01-28T09:43:56.489142719Z I0128 09:43:56.489111       1 admission.go:48] Admission plugin "project.openshift.io/ProjectRequestLimit" is not configured so it will be disabled.
2026-01-28T09:43:56.495977920Z I0128 09:43:56.495934       1 shared_informer.go:350] "Waiting for caches to sync" controller="*generic.policySource[*k8s.io/api/admissionregistration/v1.ValidatingAdmissionPolicy,*k8s.io/api/admissionregistration/v1.ValidatingAdmissionPolicyBinding,k8s.io/apiserver/pkg/admission/plugin/policy/validating.Validator]"
2026-01-28T09:43:56.501602650Z I0128 09:43:56.501563       1 plugins.go:157] Loaded 6 mutating admission controller(s) successfully in the following order: NamespaceLifecycle,build.openshift.io/BuildConfigSecretInjector,image.openshift.io/ImageLimitRange,image.openshift.io/ImagePolicy,MutatingAdmissionPolicy,MutatingAdmissionWebhook.
2026-01-28T09:43:56.501602650Z I0128 09:43:56.501580       1 plugins.go:160] Loaded 10 validating admission controller(s) successfully in the following order: OwnerReferencesPermissionEnforcement,build.openshift.io/BuildConfigSecretInjector,build.openshift.io/BuildByStrategy,image.openshift.io/ImageLimitRange,image.openshift.io/ImagePolicy,quota.openshift.io/ClusterResourceQuota,route.openshift.io/RequiredRouteAnnotations,ValidatingAdmissionPolicy,ValidatingAdmissionWebhook,ResourceQuota.
2026-01-28T09:43:56.502059033Z I0128 09:43:56.502037       1 maxinflight.go:139] "Initialized nonMutatingChan" len=3000
2026-01-28T09:43:56.502117146Z I0128 09:43:56.502102       1 maxinflight.go:145] "Initialized mutatingChan" len=1500
2026-01-28T09:43:56.502174059Z I0128 09:43:56.502150       1 maxinflight.go:116] "Set denominator for readonly requests" limit=3000
2026-01-28T09:43:56.502174059Z I0128 09:43:56.502163       1 maxinflight.go:120] "Set denominator for mutating requests" limit=1500
2026-01-28T09:43:56.519845710Z I0128 09:43:56.519819       1 store.go:1663] "Monitoring resource count at path" resource="deploymentconfigs.apps.openshift.io" path="<storage-prefix>//deploymentconfigs"
2026-01-28T09:43:56.540324661Z I0128 09:43:56.540287       1 cacher.go:469] cacher (deploymentconfigs.apps.openshift.io): initialized
2026-01-28T09:43:56.540403674Z I0128 09:43:56.540387       1 reflector.go:430] "Caches populated" type="*apps.DeploymentConfig" reflector="storage/cacher.go:/deploymentconfigs"
2026-01-28T09:43:56.545563592Z I0128 09:43:56.545535       1 handler.go:288] Adding GroupVersion apps.openshift.io v1 to ResourceManager
2026-01-28T09:43:56.545781773Z I0128 09:43:56.545756       1 maxinflight.go:139] "Initialized nonMutatingChan" len=3000
2026-01-28T09:43:56.545835125Z I0128 09:43:56.545822       1 maxinflight.go:145] "Initialized mutatingChan" len=1500
2026-01-28T09:43:56.563922457Z I0128 09:43:56.563878       1 store.go:1663] "Monitoring resource count at path" resource="builds.build.openshift.io" path="<storage-prefix>//builds"
2026-01-28T09:43:56.565797840Z I0128 09:43:56.565776       1 cacher.go:469] cacher (builds.build.openshift.io): initialized
2026-01-28T09:43:56.565862123Z I0128 09:43:56.565847       1 reflector.go:430] "Caches populated" type="*build.Build" reflector="storage/cacher.go:/builds"
2026-01-28T09:43:56.571378979Z I0128 09:43:56.571352       1 store.go:1663] "Monitoring resource count at path" resource="buildconfigs.build.openshift.io" path="<storage-prefix>//buildconfigs"
2026-01-28T09:43:56.573849662Z I0128 09:43:56.573508       1 cacher.go:469] cacher (buildconfigs.build.openshift.io): initialized
2026-01-28T09:43:56.573849662Z I0128 09:43:56.573542       1 reflector.go:430] "Caches populated" type="*build.BuildConfig" reflector="storage/cacher.go:/buildconfigs"
2026-01-28T09:43:56.574776688Z I0128 09:43:56.574754       1 handler.go:288] Adding GroupVersion build.openshift.io v1 to ResourceManager
2026-01-28T09:43:56.574916835Z I0128 09:43:56.574901       1 maxinflight.go:139] "Initialized nonMutatingChan" len=3000
2026-01-28T09:43:56.574957957Z I0128 09:43:56.574946       1 maxinflight.go:145] "Initialized mutatingChan" len=1500
2026-01-28T09:43:56.591859850Z I0128 09:43:56.591836       1 apiserver.go:156] reading image import ca path: /var/run/configmaps/image-import-ca, incoming err: <nil>
2026-01-28T09:43:56.591912162Z I0128 09:43:56.591900       1 apiserver.go:161] skipping dir or symlink: /var/run/configmaps/image-import-ca
2026-01-28T09:43:56.591983646Z I0128 09:43:56.591970       1 apiserver.go:156] reading image import ca path: /var/run/configmaps/image-import-ca/..2026_01_28_09_43_54.1268993587, incoming err: <nil>
2026-01-28T09:43:56.592038639Z I0128 09:43:56.592010       1 apiserver.go:161] skipping dir or symlink: /var/run/configmaps/image-import-ca/..2026_01_28_09_43_54.1268993587
2026-01-28T09:43:56.592091891Z I0128 09:43:56.592077       1 apiserver.go:156] reading image import ca path: /var/run/configmaps/image-import-ca/..2026_01_28_09_43_54.1268993587/image-registry.openshift-image-registry.svc..5000, incoming err: <nil>
2026-01-28T09:43:56.592201587Z I0128 09:43:56.592187       1 apiserver.go:156] reading image import ca path: /var/run/configmaps/image-import-ca/..2026_01_28_09_43_54.1268993587/image-registry.openshift-image-registry.svc.cluster.local..5000, incoming err: <nil>
2026-01-28T09:43:56.592357044Z I0128 09:43:56.592310       1 apiserver.go:156] reading image import ca path: /var/run/configmaps/image-import-ca/..data, incoming err: <nil>
2026-01-28T09:43:56.592447979Z I0128 09:43:56.592406       1 apiserver.go:161] skipping dir or symlink: /var/run/configmaps/image-import-ca/..data
2026-01-28T09:43:56.592536423Z I0128 09:43:56.592500       1 apiserver.go:156] reading image import ca path: /var/run/configmaps/image-import-ca/image-registry.openshift-image-registry.svc..5000, incoming err: <nil>
2026-01-28T09:43:56.592598646Z I0128 09:43:56.592583       1 apiserver.go:161] skipping dir or symlink: /var/run/configmaps/image-import-ca/image-registry.openshift-image-registry.svc..5000
2026-01-28T09:43:56.592659390Z I0128 09:43:56.592645       1 apiserver.go:156] reading image import ca path: /var/run/configmaps/image-import-ca/image-registry.openshift-image-registry.svc.cluster.local..5000, incoming err: <nil>
2026-01-28T09:43:56.592690021Z I0128 09:43:56.592679       1 apiserver.go:161] skipping dir or symlink: /var/run/configmaps/image-import-ca/image-registry.openshift-image-registry.svc.cluster.local..5000
2026-01-28T09:43:56.601291710Z I0128 09:43:56.601260       1 store.go:1663] "Monitoring resource count at path" resource="images.image.openshift.io" path="<storage-prefix>//images"
2026-01-28T09:43:56.603289409Z I0128 09:43:56.603264       1 cacher.go:469] cacher (images.image.openshift.io): initialized
2026-01-28T09:43:56.603334922Z I0128 09:43:56.603292       1 reflector.go:430] "Caches populated" type="*image.Image" reflector="storage/cacher.go:/images"
2026-01-28T09:43:56.608011125Z I0128 09:43:56.607990       1 store.go:1663] "Monitoring resource count at path" resource="imagestreams.image.openshift.io" path="<storage-prefix>//imagestreams"
2026-01-28T09:43:56.612409354Z I0128 09:43:56.612386       1 handler.go:288] Adding GroupVersion image.openshift.io v1 to ResourceManager
2026-01-28T09:43:56.612468427Z W0128 09:43:56.612451       1 genericapiserver.go:792] Skipping API image.openshift.io/1.0 because it has no resources.
2026-01-28T09:43:56.612498419Z W0128 09:43:56.612487       1 genericapiserver.go:792] Skipping API image.openshift.io/pre012 because it has no resources.
2026-01-28T09:43:56.612783603Z I0128 09:43:56.612761       1 maxinflight.go:139] "Initialized nonMutatingChan" len=3000
2026-01-28T09:43:56.612847576Z I0128 09:43:56.612832       1 maxinflight.go:145] "Initialized mutatingChan" len=1500
2026-01-28T09:43:56.620662245Z I0128 09:43:56.620636       1 handler.go:288] Adding GroupVersion project.openshift.io v1 to ResourceManager
2026-01-28T09:43:56.620804913Z I0128 09:43:56.620788       1 maxinflight.go:139] "Initialized nonMutatingChan" len=3000
2026-01-28T09:43:56.620840364Z I0128 09:43:56.620829       1 maxinflight.go:145] "Initialized mutatingChan" len=1500
2026-01-28T09:43:56.624278656Z I0128 09:43:56.624253       1 cacher.go:469] cacher (imagestreams.image.openshift.io): initialized
2026-01-28T09:43:56.624347639Z I0128 09:43:56.624332       1 reflector.go:430] "Caches populated" type="*image.ImageStream" reflector="storage/cacher.go:/imagestreams"
2026-01-28T09:43:56.625657074Z I0128 09:43:56.625631       1 handler.go:288] Adding GroupVersion quota.openshift.io v1 to ResourceManager
2026-01-28T09:43:56.625782650Z I0128 09:43:56.625760       1 maxinflight.go:139] "Initialized nonMutatingChan" len=3000
2026-01-28T09:43:56.625782650Z I0128 09:43:56.625777       1 maxinflight.go:145] "Initialized mutatingChan" len=1500
2026-01-28T09:43:56.635915706Z I0128 09:43:56.635876       1 store.go:1663] "Monitoring resource count at path" resource="routes.route.openshift.io" path="<storage-prefix>//routes"
2026-01-28T09:43:56.637544707Z I0128 09:43:56.637519       1 handler.go:288] Adding GroupVersion route.openshift.io v1 to ResourceManager
2026-01-28T09:43:56.637674483Z I0128 09:43:56.637658       1 maxinflight.go:139] "Initialized nonMutatingChan" len=3000
2026-01-28T09:43:56.637710315Z I0128 09:43:56.637699       1 maxinflight.go:145] "Initialized mutatingChan" len=1500
2026-01-28T09:43:56.639475493Z I0128 09:43:56.639453       1 cacher.go:469] cacher (routes.route.openshift.io): initialized
2026-01-28T09:43:56.639795219Z I0128 09:43:56.639778       1 reflector.go:430] "Caches populated" type="*route.Route" reflector="storage/cacher.go:/routes"
2026-01-28T09:43:56.646417539Z I0128 09:43:56.646396       1 store.go:1663] "Monitoring resource count at path" resource="templates.template.openshift.io" path="<storage-prefix>//templates"
2026-01-28T09:43:56.652591567Z I0128 09:43:56.652569       1 store.go:1663] "Monitoring resource count at path" resource="templateinstances.template.openshift.io" path="<storage-prefix>//templateinstances"
2026-01-28T09:43:56.656392327Z I0128 09:43:56.656373       1 cacher.go:469] cacher (templateinstances.template.openshift.io): initialized
2026-01-28T09:43:56.656450479Z I0128 09:43:56.656437       1 reflector.go:430] "Caches populated" type="*template.TemplateInstance" reflector="storage/cacher.go:/templateinstances"
2026-01-28T09:43:56.657460750Z I0128 09:43:56.657441       1 cacher.go:469] cacher (templates.template.openshift.io): initialized
2026-01-28T09:43:56.659070500Z I0128 09:43:56.659052       1 reflector.go:430] "Caches populated" type="*template.Template" reflector="storage/cacher.go:/templates"
2026-01-28T09:43:56.661049159Z I0128 09:43:56.660991       1 store.go:1663] "Monitoring resource count at path" resource="brokertemplateinstances.template.openshift.io" path="<storage-prefix>//brokertemplateinstances"
2026-01-28T09:43:56.662652949Z I0128 09:43:56.662626       1 cacher.go:469] cacher (brokertemplateinstances.template.openshift.io): initialized
2026-01-28T09:43:56.662699021Z I0128 09:43:56.662677       1 reflector.go:430] "Caches populated" type="*template.BrokerTemplateInstance" reflector="storage/cacher.go:/brokertemplateinstances"
2026-01-28T09:43:56.662987555Z I0128 09:43:56.662967       1 handler.go:288] Adding GroupVersion template.openshift.io v1 to ResourceManager
2026-01-28T09:43:56.663158304Z I0128 09:43:56.663140       1 maxinflight.go:139] "Initialized nonMutatingChan" len=3000
2026-01-28T09:43:56.663202816Z I0128 09:43:56.663190       1 maxinflight.go:145] "Initialized mutatingChan" len=1500
2026-01-28T09:43:56.667855508Z I0128 09:43:56.667833       1 handler.go:288] Adding GroupVersion authorization.openshift.io v1 to ResourceManager
2026-01-28T09:43:56.667974314Z I0128 09:43:56.667959       1 maxinflight.go:139] "Initialized nonMutatingChan" len=3000
2026-01-28T09:43:56.668013496Z I0128 09:43:56.668002       1 maxinflight.go:145] "Initialized mutatingChan" len=1500
2026-01-28T09:43:56.675239086Z I0128 09:43:56.675218       1 store.go:1663] "Monitoring resource count at path" resource="rangeallocations.security.openshift.io" path="<storage-prefix>//rangeallocations"
2026-01-28T09:43:56.679971222Z I0128 09:43:56.679903       1 cacher.go:469] cacher (rangeallocations.security.openshift.io): initialized
2026-01-28T09:43:56.679971222Z I0128 09:43:56.679936       1 reflector.go:430] "Caches populated" type="*security.RangeAllocation" reflector="storage/cacher.go:/rangeallocations"
2026-01-28T09:43:56.680870687Z I0128 09:43:56.680827       1 handler.go:288] Adding GroupVersion security.openshift.io v1 to ResourceManager
2026-01-28T09:43:56.680953981Z I0128 09:43:56.680934       1 maxinflight.go:139] "Initialized nonMutatingChan" len=3000
2026-01-28T09:43:56.680986622Z I0128 09:43:56.680967       1 maxinflight.go:145] "Initialized mutatingChan" len=1500
2026-01-28T09:43:57.136688499Z I0128 09:43:57.136629       1 server.go:50] Starting master on 0.0.0.0:8443 (v0.0.0-master+$Format:%H$)
2026-01-28T09:43:57.136900710Z I0128 09:43:57.136884       1 genericapiserver.go:551] MuxAndDiscoveryComplete has all endpoints registered and discovery information is complete
2026-01-28T09:43:57.141127871Z I0128 09:43:57.141105       1 requestheader_controller.go:180] Starting RequestHeaderAuthRequestController
2026-01-28T09:43:57.141188294Z I0128 09:43:57.141172       1 shared_informer.go:350] "Waiting for caches to sync" controller="RequestHeaderAuthRequestController"
2026-01-28T09:43:57.141491018Z I0128 09:43:57.141209       1 configmap_cafile_content.go:205] "Starting controller" name="client-ca::kube-system::extension-apiserver-authentication::requestheader-client-ca-file"
2026-01-28T09:43:57.141491018Z I0128 09:43:57.141226       1 shared_informer.go:350] "Waiting for caches to sync" controller="client-ca::kube-system::extension-apiserver-authentication::requestheader-client-ca-file"
2026-01-28T09:43:57.141491018Z I0128 09:43:57.141184       1 configmap_cafile_content.go:205] "Starting controller" name="client-ca::kube-system::extension-apiserver-authentication::client-ca-file"
2026-01-28T09:43:57.141491018Z I0128 09:43:57.141305       1 shared_informer.go:350] "Waiting for caches to sync" controller="client-ca::kube-system::extension-apiserver-authentication::client-ca-file"
2026-01-28T09:43:57.141564592Z I0128 09:43:57.141541       1 tlsconfig.go:203] "Loaded serving cert" certName="serving-cert::/var/run/secrets/serving-cert/tls.crt::/var/run/secrets/serving-cert/tls.key" certDetail="\"api.openshift-apiserver.svc\" [serving] validServingFor=[api.openshift-apiserver.svc,api.openshift-apiserver.svc.cluster.local] issuer=\"openshift-service-serving-signer@1769592635\" (2026-01-28 09:30:39 +0000 UTC to 2028-01-28 09:30:40 +0000 UTC (now=2026-01-28 09:43:57.14151415 +0000 UTC))"
2026-01-28T09:43:57.141689319Z I0128 09:43:57.141581       1 dynamic_serving_content.go:135] "Starting controller" name="serving-cert::/var/run/secrets/serving-cert/tls.crt::/var/run/secrets/serving-cert/tls.key"
2026-01-28T09:43:57.141849536Z I0128 09:43:57.141832       1 named_certificates.go:53] "Loaded SNI cert" index=0 certName="self-signed loopback" certDetail="\"apiserver-loopback-client@1769593436\" [serving] validServingFor=[apiserver-loopback-client] issuer=\"apiserver-loopback-client-ca@1769593436\" (2026-01-28 08:43:56 +0000 UTC to 2029-01-28 08:43:56 +0000 UTC (now=2026-01-28 09:43:57.141810974 +0000 UTC))"
2026-01-28T09:43:57.141902529Z I0128 09:43:57.141889       1 secure_serving.go:211] Serving securely on [::]:8443
2026-01-28T09:43:57.141958032Z I0128 09:43:57.141947       1 genericapiserver.go:706] [graceful-termination] waiting for shutdown to be initiated
2026-01-28T09:43:57.141998784Z I0128 09:43:57.141987       1 tlsconfig.go:243] "Starting DynamicServingCertificateController"
2026-01-28T09:43:57.142400914Z I0128 09:43:57.142362       1 clusterquotamapping.go:127] Starting ClusterQuotaMappingController controller
2026-01-28T09:43:57.142400914Z I0128 09:43:57.142383       1 openshift_apiserver.go:603] Using default project node label selector: 
2026-01-28T09:43:57.144348731Z I0128 09:43:57.144324       1 reflector.go:430] "Caches populated" type="*v1.ConfigMap" reflector="k8s.io/client-go@v0.33.3/tools/cache/reflector.go:285"
2026-01-28T09:43:57.144700169Z I0128 09:43:57.144680       1 reflector.go:430] "Caches populated" type="*v1.ConfigMap" reflector="k8s.io/client-go@v0.33.3/tools/cache/reflector.go:285"
2026-01-28T09:43:57.147847066Z I0128 09:43:57.147824       1 reflector.go:430] "Caches populated" type="*v1.ConfigMap" reflector="k8s.io/client-go@v0.33.3/tools/cache/reflector.go:285"
2026-01-28T09:43:57.148953941Z I0128 09:43:57.148922       1 reflector.go:430] "Caches populated" type="*etcd.ImageLayers" reflector="k8s.io/client-go@v0.33.3/tools/cache/reflector.go:285"
2026-01-28T09:43:57.149558481Z I0128 09:43:57.149540       1 reflector.go:430] "Caches populated" type="*v1.Route" reflector="k8s.io/client-go@v0.33.3/tools/cache/reflector.go:285"
2026-01-28T09:43:57.150380372Z I0128 09:43:57.150356       1 reflector.go:430] "Caches populated" type="*v1.ValidatingWebhookConfiguration" reflector="k8s.io/client-go@v0.33.3/tools/cache/reflector.go:285"
2026-01-28T09:43:57.151178852Z I0128 09:43:57.151159       1 reflector.go:430] "Caches populated" type="*v1.ServiceAccount" reflector="k8s.io/client-go@v0.33.3/tools/cache/reflector.go:285"
2026-01-28T09:43:57.151505178Z I0128 09:43:57.151485       1 reflector.go:430] "Caches populated" type="*v1.LimitRange" reflector="k8s.io/client-go@v0.33.3/tools/cache/reflector.go:285"
2026-01-28T09:43:57.151547440Z I0128 09:43:57.151520       1 reflector.go:430] "Caches populated" type="*v1alpha1.ImageContentSourcePolicy" reflector="k8s.io/client-go@v0.33.3/tools/cache/reflector.go:285"
2026-01-28T09:43:57.156879716Z I0128 09:43:57.156856       1 reflector.go:430] "Caches populated" type="*v1.Ingress" reflector="k8s.io/client-go@v0.33.3/tools/cache/reflector.go:285"
2026-01-28T09:43:57.159994111Z I0128 09:43:57.159818       1 reflector.go:430] "Caches populated" type="*v1.RoleBinding" reflector="k8s.io/client-go@v0.33.3/tools/cache/reflector.go:285"
2026-01-28T09:43:57.163624292Z I0128 09:43:57.163598       1 reflector.go:430] "Caches populated" type="*v1.ImageTagMirrorSet" reflector="k8s.io/client-go@v0.33.3/tools/cache/reflector.go:285"
2026-01-28T09:43:57.165433102Z I0128 09:43:57.165406       1 reflector.go:430] "Caches populated" type="*v1.ImageDigestMirrorSet" reflector="k8s.io/client-go@v0.33.3/tools/cache/reflector.go:285"
2026-01-28T09:43:57.165608311Z I0128 09:43:57.165584       1 reflector.go:430] "Caches populated" type="*v1.ResourceQuota" reflector="k8s.io/client-go@v0.33.3/tools/cache/reflector.go:285"
2026-01-28T09:43:57.165915636Z I0128 09:43:57.165888       1 reflector.go:430] "Caches populated" type="*v1.ValidatingAdmissionPolicy" reflector="k8s.io/client-go@v0.33.3/tools/cache/reflector.go:285"
2026-01-28T09:43:57.168233832Z I0128 09:43:57.167793       1 reflector.go:430] "Caches populated" type="*v1.Namespace" reflector="k8s.io/client-go@v0.33.3/tools/cache/reflector.go:285"
2026-01-28T09:43:57.169402810Z I0128 09:43:57.169382       1 reflector.go:430] "Caches populated" type="*v1.ValidatingAdmissionPolicyBinding" reflector="k8s.io/client-go@v0.33.3/tools/cache/reflector.go:285"
2026-01-28T09:43:57.172321086Z I0128 09:43:57.169840       1 reflector.go:430] "Caches populated" type="*v1.Service" reflector="k8s.io/client-go@v0.33.3/tools/cache/reflector.go:285"
2026-01-28T09:43:57.173216790Z I0128 09:43:57.173195       1 reflector.go:430] "Caches populated" type="*v1.ClusterResourceQuota" reflector="k8s.io/client-go@v0.33.3/tools/cache/reflector.go:285"
2026-01-28T09:43:57.175648741Z I0128 09:43:57.175626       1 reflector.go:430] "Caches populated" type="*v1.ClusterRole" reflector="k8s.io/client-go@v0.33.3/tools/cache/reflector.go:285"
2026-01-28T09:43:57.178284913Z I0128 09:43:57.178258       1 reflector.go:430] "Caches populated" type="*v1.ClusterRoleBinding" reflector="k8s.io/client-go@v0.33.3/tools/cache/reflector.go:285"
2026-01-28T09:43:57.178933255Z I0128 09:43:57.178913       1 reflector.go:430] "Caches populated" type="*v1.Role" reflector="k8s.io/client-go@v0.33.3/tools/cache/reflector.go:285"
2026-01-28T09:43:57.181997888Z I0128 09:43:57.181970       1 reflector.go:430] "Caches populated" type="*v1.SecurityContextConstraints" reflector="k8s.io/client-go@v0.33.3/tools/cache/reflector.go:285"
2026-01-28T09:43:57.182375157Z I0128 09:43:57.182344       1 reflector.go:430] "Caches populated" type="*v1.MutatingWebhookConfiguration" reflector="k8s.io/client-go@v0.33.3/tools/cache/reflector.go:285"
2026-01-28T09:43:57.187347204Z I0128 09:43:57.187323       1 reflector.go:430] "Caches populated" type="*v1.ImageStream" reflector="k8s.io/client-go@v0.33.3/tools/cache/reflector.go:285"
2026-01-28T09:43:57.197273629Z I0128 09:43:57.197243       1 shared_informer.go:357] "Caches are synced" controller="*generic.policySource[*k8s.io/api/admissionregistration/v1.ValidatingAdmissionPolicy,*k8s.io/api/admissionregistration/v1.ValidatingAdmissionPolicyBinding,k8s.io/apiserver/pkg/admission/plugin/policy/validating.Validator]"
2026-01-28T09:43:57.197348893Z I0128 09:43:57.197335       1 policy_source.go:240] refreshing policies
2026-01-28T09:43:57.213594003Z I0128 09:43:57.213554       1 reflector.go:430] "Caches populated" type="*v1.Pod" reflector="k8s.io/client-go@v0.33.3/tools/cache/reflector.go:285"
2026-01-28T09:43:57.241291934Z I0128 09:43:57.241254       1 policy_source.go:435] informer started for config.openshift.io/v1, Kind=Infrastructure
2026-01-28T09:43:57.241335926Z I0128 09:43:57.241295       1 shared_informer.go:357] "Caches are synced" controller="RequestHeaderAuthRequestController"
2026-01-28T09:43:57.241397689Z I0128 09:43:57.241379       1 shared_informer.go:357] "Caches are synced" controller="client-ca::kube-system::extension-apiserver-authentication::client-ca-file"
2026-01-28T09:43:57.241985408Z I0128 09:43:57.241411       1 shared_informer.go:357] "Caches are synced" controller="client-ca::kube-system::extension-apiserver-authentication::requestheader-client-ca-file"
2026-01-28T09:43:57.241985408Z I0128 09:43:57.241595       1 tlsconfig.go:181] "Loaded client CA" index=0 certName="client-ca::kube-system::extension-apiserver-authentication::client-ca-file,client-ca::kube-system::extension-apiserver-authentication::requestheader-client-ca-file" certDetail="\"aggregator-signer\" [] issuer=\"<self>\" (2026-01-28 09:13:04 +0000 UTC to 2026-01-29 09:13:04 +0000 UTC (now=2026-01-28 09:43:57.241558877 +0000 UTC))"
2026-01-28T09:43:57.241985408Z I0128 09:43:57.241842       1 tlsconfig.go:203] "Loaded serving cert" certName="serving-cert::/var/run/secrets/serving-cert/tls.crt::/var/run/secrets/serving-cert/tls.key" certDetail="\"api.openshift-apiserver.svc\" [serving] validServingFor=[api.openshift-apiserver.svc,api.openshift-apiserver.svc.cluster.local] issuer=\"openshift-service-serving-signer@1769592635\" (2026-01-28 09:30:39 +0000 UTC to 2028-01-28 09:30:40 +0000 UTC (now=2026-01-28 09:43:57.24182619 +0000 UTC))"
2026-01-28T09:43:57.242088783Z I0128 09:43:57.242067       1 named_certificates.go:53] "Loaded SNI cert" index=0 certName="self-signed loopback" certDetail="\"apiserver-loopback-client@1769593436\" [serving] validServingFor=[apiserver-loopback-client] issuer=\"apiserver-loopback-client-ca@1769593436\" (2026-01-28 08:43:56 +0000 UTC to 2029-01-28 08:43:56 +0000 UTC (now=2026-01-28 09:43:57.242049942 +0000 UTC))"
2026-01-28T09:43:57.242238861Z I0128 09:43:57.242208       1 tlsconfig.go:181] "Loaded client CA" index=0 certName="client-ca::kube-system::extension-apiserver-authentication::client-ca-file,client-ca::kube-system::extension-apiserver-authentication::requestheader-client-ca-file" certDetail="\"admin-kubeconfig-signer\" [] issuer=\"<self>\" (2026-01-28 09:13:02 +0000 UTC to 2036-01-26 09:13:02 +0000 UTC (now=2026-01-28 09:43:57.242194729 +0000 UTC))"
2026-01-28T09:43:57.242238861Z I0128 09:43:57.242230       1 tlsconfig.go:181] "Loaded client CA" index=1 certName="client-ca::kube-system::extension-apiserver-authentication::client-ca-file,client-ca::kube-system::extension-apiserver-authentication::requestheader-client-ca-file" certDetail="\"kubelet-signer\" [] issuer=\"<self>\" (2026-01-28 09:13:06 +0000 UTC to 2026-01-29 09:13:06 +0000 UTC (now=2026-01-28 09:43:57.24221996 +0000 UTC))"
2026-01-28T09:43:57.242270322Z I0128 09:43:57.242246       1 tlsconfig.go:181] "Loaded client CA" index=2 certName="client-ca::kube-system::extension-apiserver-authentication::client-ca-file,client-ca::kube-system::extension-apiserver-authentication::requestheader-client-ca-file" certDetail="\"kube-control-plane-signer\" [] issuer=\"<self>\" (2026-01-28 09:13:06 +0000 UTC to 2027-01-28 09:13:06 +0000 UTC (now=2026-01-28 09:43:57.242236121 +0000 UTC))"
2026-01-28T09:43:57.242270322Z I0128 09:43:57.242261       1 tlsconfig.go:181] "Loaded client CA" index=3 certName="client-ca::kube-system::extension-apiserver-authentication::client-ca-file,client-ca::kube-system::extension-apiserver-authentication::requestheader-client-ca-file" certDetail="\"kube-apiserver-to-kubelet-signer\" [] issuer=\"<self>\" (2026-01-28 09:13:07 +0000 UTC to 2027-01-28 09:13:07 +0000 UTC (now=2026-01-28 09:43:57.242252121 +0000 UTC))"
2026-01-28T09:43:57.242283983Z I0128 09:43:57.242277       1 tlsconfig.go:181] "Loaded client CA" index=4 certName="client-ca::kube-system::extension-apiserver-authentication::client-ca-file,client-ca::kube-system::extension-apiserver-authentication::requestheader-client-ca-file" certDetail="\"kubelet-bootstrap-kubeconfig-signer\" [] issuer=\"<self>\" (2026-01-28 09:13:03 +0000 UTC to 2036-01-26 09:13:03 +0000 UTC (now=2026-01-28 09:43:57.242266332 +0000 UTC))"
2026-01-28T09:43:57.242311555Z I0128 09:43:57.242293       1 tlsconfig.go:181] "Loaded client CA" index=5 certName="client-ca::kube-system::extension-apiserver-authentication::client-ca-file,client-ca::kube-system::extension-apiserver-authentication::requestheader-client-ca-file" certDetail="\"kube-csr-signer_@1769592636\" [] issuer=\"kubelet-signer\" (2026-01-28 09:30:35 +0000 UTC to 2026-01-29 09:13:06 +0000 UTC (now=2026-01-28 09:43:57.242282663 +0000 UTC))"
2026-01-28T09:43:57.242362267Z I0128 09:43:57.242349       1 tlsconfig.go:181] "Loaded client CA" index=6 certName="client-ca::kube-system::extension-apiserver-authentication::client-ca-file,client-ca::kube-system::extension-apiserver-authentication::requestheader-client-ca-file" certDetail="\"openshift-kube-apiserver-operator_node-system-admin-signer@1769592635\" [] issuer=\"<self>\" (2026-01-28 09:30:35 +0000 UTC to 2029-01-27 09:30:36 +0000 UTC (now=2026-01-28 09:43:57.242336286 +0000 UTC))"
2026-01-28T09:43:57.242411369Z I0128 09:43:57.242399       1 tlsconfig.go:181] "Loaded client CA" index=7 certName="client-ca::kube-system::extension-apiserver-authentication::client-ca-file,client-ca::kube-system::extension-apiserver-authentication::requestheader-client-ca-file" certDetail="\"aggregator-signer\" [] issuer=\"<self>\" (2026-01-28 09:13:04 +0000 UTC to 2026-01-29 09:13:04 +0000 UTC (now=2026-01-28 09:43:57.242386258 +0000 UTC))"
2026-01-28T09:43:57.242632740Z I0128 09:43:57.242617       1 tlsconfig.go:203] "Loaded serving cert" certName="serving-cert::/var/run/secrets/serving-cert/tls.crt::/var/run/secrets/serving-cert/tls.key" certDetail="\"api.openshift-apiserver.svc\" [serving] validServingFor=[api.openshift-apiserver.svc,api.openshift-apiserver.svc.cluster.local] issuer=\"openshift-service-serving-signer@1769592635\" (2026-01-28 09:30:39 +0000 UTC to 2028-01-28 09:30:40 +0000 UTC (now=2026-01-28 09:43:57.242601359 +0000 UTC))"
2026-01-28T09:43:57.242853331Z I0128 09:43:57.242839       1 named_certificates.go:53] "Loaded SNI cert" index=0 certName="self-signed loopback" certDetail="\"apiserver-loopback-client@1769593436\" [serving] validServingFor=[apiserver-loopback-client] issuer=\"apiserver-loopback-client-ca@1769593436\" (2026-01-28 08:43:56 +0000 UTC to 2029-01-28 08:43:56 +0000 UTC (now=2026-01-28 09:43:57.24282291 +0000 UTC))"
2026-01-28T09:43:57.243570217Z I0128 09:43:57.243535       1 reflector.go:430] "Caches populated" type="config.openshift.io/v1, Resource=infrastructures" reflector="k8s.io/client-go@v0.33.3/tools/cache/reflector.go:285"
2026-01-28T09:43:57.255893832Z I0128 09:43:57.255848       1 policy_source.go:240] refreshing policies
2026-01-28T09:43:58.256196437Z I0128 09:43:58.256145       1 policy_source.go:240] refreshing policies
2026-01-28T09:44:05.974127566Z W0128 09:44:05.963941       1 logging.go:55] [core] [Channel #53 SubChannel #54]grpc: addrConn.createTransport failed to connect to {Addr: "10.0.102.200:2379", ServerName: "10.0.102.200:2379", BalancerAttributes: {"<%!p(pickfirstleaf.managedByPickfirstKeyType={})>": "<%!p(bool=true)>" }}. Err: connection error: desc = "transport: Error while dialing: dial tcp 10.0.102.200:2379: connect: connection refused"
2026-01-28T09:44:05.974127566Z W0128 09:44:05.966408       1 logging.go:55] [core] [Channel #75 SubChannel #76]grpc: addrConn.createTransport failed to connect to {Addr: "10.0.102.200:2379", ServerName: "10.0.102.200:2379", BalancerAttributes: {"<%!p(pickfirstleaf.managedByPickfirstKeyType={})>": "<%!p(bool=true)>" }}. Err: connection error: desc = "transport: Error while dialing: dial tcp 10.0.102.200:2379: connect: connection refused"
2026-01-28T09:44:05.974127566Z W0128 09:44:05.967252       1 logging.go:55] [core] [Channel #5 SubChannel #6]grpc: addrConn.createTransport failed to connect to {Addr: "10.0.102.200:2379", ServerName: "10.0.102.200:2379", BalancerAttributes: {"<%!p(pickfirstleaf.managedByPickfirstKeyType={})>": "<%!p(bool=true)>" }}. Err: connection error: desc = "transport: Error while dialing: dial tcp 10.0.102.200:2379: connect: connection refused"
2026-01-28T09:44:05.974127566Z W0128 09:44:05.967333       1 logging.go:55] [core] [Channel #82 SubChannel #83]grpc: addrConn.createTransport failed to connect to {Addr: "10.0.102.200:2379", ServerName: "10.0.102.200:2379", BalancerAttributes: {"<%!p(pickfirstleaf.managedByPickfirstKeyType={})>": "<%!p(bool=true)>" }}. Err: connection error: desc = "transport: Error while dialing: dial tcp 10.0.102.200:2379: connect: connection refused"
2026-01-28T09:44:05.974127566Z W0128 09:44:05.967436       1 logging.go:55] [core] [Channel #103 SubChannel #104]grpc: addrConn.createTransport failed to connect to {Addr: "10.0.102.200:2379", ServerName: "10.0.102.200:2379", BalancerAttributes: {"<%!p(pickfirstleaf.managedByPickfirstKeyType={})>": "<%!p(bool=true)>" }}. Err: connection error: desc = "transport: Error while dialing: dial tcp 10.0.102.200:2379: connect: connection refused"
2026-01-28T09:44:05.974127566Z W0128 09:44:05.967955       1 logging.go:55] [core] [Channel #22 SubChannel #23]grpc: addrConn.createTransport failed to connect to {Addr: "10.0.102.200:2379", ServerName: "10.0.102.200:2379", BalancerAttributes: {"<%!p(pickfirstleaf.managedByPickfirstKeyType={})>": "<%!p(bool=true)>" }}. Err: connection error: desc = "transport: Error while dialing: dial tcp 10.0.102.200:2379: connect: connection refused"
2026-01-28T09:44:05.982398688Z W0128 09:44:05.982319       1 logging.go:55] [core] [Channel #15 SubChannel #16]grpc: addrConn.createTransport failed to connect to {Addr: "10.0.102.200:2379", ServerName: "10.0.102.200:2379", BalancerAttributes: {"<%!p(pickfirstleaf.managedByPickfirstKeyType={})>": "<%!p(bool=true)>" }}. Err: connection error: desc = "transport: Error while dialing: dial tcp 10.0.102.200:2379: connect: connection refused"
2026-01-28T09:44:05.982685213Z W0128 09:44:05.982545       1 logging.go:55] [core] [Channel #61 SubChannel #62]grpc: addrConn.createTransport failed to connect to {Addr: "10.0.102.200:2379", ServerName: "10.0.102.200:2379", BalancerAttributes: {"<%!p(pickfirstleaf.managedByPickfirstKeyType={})>": "<%!p(bool=true)>" }}. Err: connection error: desc = "transport: Error while dialing: dial tcp 10.0.102.200:2379: connect: connection refused"
2026-01-28T09:44:05.982833870Z W0128 09:44:05.982781       1 logging.go:55] [core] [Channel #95 SubChannel #96]grpc: addrConn.createTransport failed to connect to {Addr: "10.0.102.200:2379", ServerName: "10.0.102.200:2379", BalancerAttributes: {"<%!p(pickfirstleaf.managedByPickfirstKeyType={})>": "<%!p(bool=true)>" }}. Err: connection error: desc = "transport: Error while dialing: dial tcp 10.0.102.200:2379: connect: connection refused"
2026-01-28T09:44:05.982997558Z W0128 09:44:05.982977       1 logging.go:55] [core] [Channel #87 SubChannel #88]grpc: addrConn.createTransport failed to connect to {Addr: "10.0.102.200:2379", ServerName: "10.0.102.200:2379", BalancerAttributes: {"<%!p(pickfirstleaf.managedByPickfirstKeyType={})>": "<%!p(bool=true)>" }}. Err: connection error: desc = "transport: Error while dialing: dial tcp 10.0.102.200:2379: connect: connection refused"
2026-01-28T09:44:05.983130745Z W0128 09:44:05.983111       1 logging.go:55] [core] [Channel #1 SubChannel #2]grpc: addrConn.createTransport failed to connect to {Addr: "10.0.102.200:2379", ServerName: "10.0.102.200:2379", BalancerAttributes: {"<%!p(pickfirstleaf.managedByPickfirstKeyType={})>": "<%!p(bool=true)>" }}. Err: connection error: desc = "transport: Error while dialing: dial tcp 10.0.102.200:2379: connect: connection refused"
2026-01-28T09:44:05.983388457Z W0128 09:44:05.983365       1 logging.go:55] [core] [Channel #47 SubChannel #48]grpc: addrConn.createTransport failed to connect to {Addr: "10.0.102.200:2379", ServerName: "10.0.102.200:2379", BalancerAttributes: {"<%!p(pickfirstleaf.managedByPickfirstKeyType={})>": "<%!p(bool=true)>" }}. Err: connection error: desc = "transport: Error while dialing: dial tcp 10.0.102.200:2379: connect: connection refused"
2026-01-28T09:44:05.984194598Z W0128 09:44:05.984174       1 logging.go:55] [core] [Channel #67 SubChannel #68]grpc: addrConn.createTransport failed to connect to {Addr: "10.0.102.200:2379", ServerName: "10.0.102.200:2379", BalancerAttributes: {"<%!p(pickfirstleaf.managedByPickfirstKeyType={})>": "<%!p(bool=true)>" }}. Err: connection error: desc = "transport: Error while dialing: dial tcp 10.0.102.200:2379: connect: connection refused"
2026-01-28T09:44:06.965213635Z W0128 09:44:06.965169       1 logging.go:55] [core] [Channel #53 SubChannel #54]grpc: addrConn.createTransport failed to connect to {Addr: "10.0.102.200:2379", ServerName: "10.0.102.200:2379", BalancerAttributes: {"<%!p(pickfirstleaf.managedByPickfirstKeyType={})>": "<%!p(bool=true)>" }}. Err: connection error: desc = "transport: Error while dialing: dial tcp 10.0.102.200:2379: connect: connection refused"
2026-01-28T09:44:06.967691429Z W0128 09:44:06.967665       1 logging.go:55] [core] [Channel #75 SubChannel #76]grpc: addrConn.createTransport failed to connect to {Addr: "10.0.102.200:2379", ServerName: "10.0.102.200:2379", BalancerAttributes: {"<%!p(pickfirstleaf.managedByPickfirstKeyType={})>": "<%!p(bool=true)>" }}. Err: connection error: desc = "transport: Error while dialing: dial tcp 10.0.102.200:2379: connect: connection refused"
2026-01-28T09:44:06.967799254Z W0128 09:44:06.967775       1 logging.go:55] [core] [Channel #82 SubChannel #83]grpc: addrConn.createTransport failed to connect to {Addr: "10.0.102.200:2379", ServerName: "10.0.102.200:2379", BalancerAttributes: {"<%!p(pickfirstleaf.managedByPickfirstKeyType={})>": "<%!p(bool=true)>" }}. Err: connection error: desc = "transport: Error while dialing: dial tcp 10.0.102.200:2379: connect: connection refused"
2026-01-28T09:44:06.967856897Z W0128 09:44:06.967836       1 logging.go:55] [core] [Channel #5 SubChannel #6]grpc: addrConn.createTransport failed to connect to {Addr: "10.0.102.200:2379", ServerName: "10.0.102.200:2379", BalancerAttributes: {"<%!p(pickfirstleaf.managedByPickfirstKeyType={})>": "<%!p(bool=true)>" }}. Err: connection error: desc = "transport: Error while dialing: dial tcp 10.0.102.200:2379: connect: connection refused"
2026-01-28T09:44:06.967913490Z W0128 09:44:06.967880       1 logging.go:55] [core] [Channel #103 SubChannel #104]grpc: addrConn.createTransport failed to connect to {Addr: "10.0.102.200:2379", ServerName: "10.0.102.200:2379", BalancerAttributes: {"<%!p(pickfirstleaf.managedByPickfirstKeyType={})>": "<%!p(bool=true)>" }}. Err: connection error: desc = "transport: Error while dialing: dial tcp 10.0.102.200:2379: connect: connection refused"
2026-01-28T09:44:06.969388753Z W0128 09:44:06.969367       1 logging.go:55] [core] [Channel #22 SubChannel #23]grpc: addrConn.createTransport failed to connect to {Addr: "10.0.102.200:2379", ServerName: "10.0.102.200:2379", BalancerAttributes: {"<%!p(pickfirstleaf.managedByPickfirstKeyType={})>": "<%!p(bool=true)>" }}. Err: connection error: desc = "transport: Error while dialing: dial tcp 10.0.102.200:2379: connect: connection refused"
2026-01-28T09:44:06.983164890Z W0128 09:44:06.983129       1 logging.go:55] [core] [Channel #15 SubChannel #16]grpc: addrConn.createTransport failed to connect to {Addr: "10.0.102.200:2379", ServerName: "10.0.102.200:2379", BalancerAttributes: {"<%!p(pickfirstleaf.managedByPickfirstKeyType={})>": "<%!p(bool=true)>" }}. Err: connection error: desc = "transport: Error while dialing: dial tcp 10.0.102.200:2379: connect: connection refused"
2026-01-28T09:44:06.983307067Z W0128 09:44:06.983272       1 logging.go:55] [core] [Channel #61 SubChannel #62]grpc: addrConn.createTransport failed to connect to {Addr: "10.0.102.200:2379", ServerName: "10.0.102.200:2379", BalancerAttributes: {"<%!p(pickfirstleaf.managedByPickfirstKeyType={})>": "<%!p(bool=true)>" }}. Err: connection error: desc = "transport: Error while dialing: dial tcp 10.0.102.200:2379: connect: connection refused"
2026-01-28T09:44:06.983446524Z W0128 09:44:06.983409       1 logging.go:55] [core] [Channel #95 SubChannel #96]grpc: addrConn.createTransport failed to connect to {Addr: "10.0.102.200:2379", ServerName: "10.0.102.200:2379", BalancerAttributes: {"<%!p(pickfirstleaf.managedByPickfirstKeyType={})>": "<%!p(bool=true)>" }}. Err: connection error: desc = "transport: Error while dialing: dial tcp 10.0.102.200:2379: connect: connection refused"
2026-01-28T09:44:06.983467415Z W0128 09:44:06.983449       1 logging.go:55] [core] [Channel #87 SubChannel #88]grpc: addrConn.createTransport failed to connect to {Addr: "10.0.102.200:2379", ServerName: "10.0.102.200:2379", BalancerAttributes: {"<%!p(pickfirstleaf.managedByPickfirstKeyType={})>": "<%!p(bool=true)>" }}. Err: connection error: desc = "transport: Error while dialing: dial tcp 10.0.102.200:2379: connect: connection refused"
2026-01-28T09:44:06.983555120Z W0128 09:44:06.983534       1 logging.go:55] [core] [Channel #1 SubChannel #2]grpc: addrConn.createTransport failed to connect to {Addr: "10.0.102.200:2379", ServerName: "10.0.102.200:2379", BalancerAttributes: {"<%!p(pickfirstleaf.managedByPickfirstKeyType={})>": "<%!p(bool=true)>" }}. Err: connection error: desc = "transport: Error while dialing: dial tcp 10.0.102.200:2379: connect: connection refused"
2026-01-28T09:44:06.983796312Z W0128 09:44:06.983757       1 logging.go:55] [core] [Channel #47 SubChannel #48]grpc: addrConn.createTransport failed to connect to {Addr: "10.0.102.200:2379", ServerName: "10.0.102.200:2379", BalancerAttributes: {"<%!p(pickfirstleaf.managedByPickfirstKeyType={})>": "<%!p(bool=true)>" }}. Err: connection error: desc = "transport: Error while dialing: dial tcp 10.0.102.200:2379: connect: connection refused"
2026-01-28T09:44:06.985436563Z W0128 09:44:06.985403       1 logging.go:55] [core] [Channel #67 SubChannel #68]grpc: addrConn.createTransport failed to connect to {Addr: "10.0.102.200:2379", ServerName: "10.0.102.200:2379", BalancerAttributes: {"<%!p(pickfirstleaf.managedByPickfirstKeyType={})>": "<%!p(bool=true)>" }}. Err: connection error: desc = "transport: Error while dialing: dial tcp 10.0.102.200:2379: connect: connection refused"
2026-01-28T09:44:08.260258371Z W0128 09:44:08.260198       1 logging.go:55] [core] [Channel #5 SubChannel #6]grpc: addrConn.createTransport failed to connect to {Addr: "10.0.102.200:2379", ServerName: "10.0.102.200:2379", BalancerAttributes: {"<%!p(pickfirstleaf.managedByPickfirstKeyType={})>": "<%!p(bool=true)>" }}. Err: connection error: desc = "transport: Error while dialing: dial tcp 10.0.102.200:2379: connect: connection refused"
2026-01-28T09:44:08.269834929Z W0128 09:44:08.269805       1 logging.go:55] [core] [Channel #82 SubChannel #83]grpc: addrConn.createTransport failed to connect to {Addr: "10.0.102.200:2379", ServerName: "10.0.102.200:2379", BalancerAttributes: {"<%!p(pickfirstleaf.managedByPickfirstKeyType={})>": "<%!p(bool=true)>" }}. Err: connection error: desc = "transport: Error while dialing: dial tcp 10.0.102.200:2379: connect: connection refused"
2026-01-28T09:44:08.295395103Z W0128 09:44:08.295355       1 logging.go:55] [core] [Channel #22 SubChannel #23]grpc: addrConn.createTransport failed to connect to {Addr: "10.0.102.200:2379", ServerName: "10.0.102.200:2379", BalancerAttributes: {"<%!p(pickfirstleaf.managedByPickfirstKeyType={})>": "<%!p(bool=true)>" }}. Err: connection error: desc = "transport: Error while dialing: dial tcp 10.0.102.200:2379: connect: connection refused"
2026-01-28T09:44:08.303931219Z W0128 09:44:08.303896       1 logging.go:55] [core] [Channel #95 SubChannel #96]grpc: addrConn.createTransport failed to connect to {Addr: "10.0.102.200:2379", ServerName: "10.0.102.200:2379", BalancerAttributes: {"<%!p(pickfirstleaf.managedByPickfirstKeyType={})>": "<%!p(bool=true)>" }}. Err: connection error: desc = "transport: Error while dialing: dial tcp 10.0.102.200:2379: connect: connection refused"
2026-01-28T09:44:08.334452291Z W0128 09:44:08.334420       1 logging.go:55] [core] [Channel #87 SubChannel #88]grpc: addrConn.createTransport failed to connect to {Addr: "10.0.102.200:2379", ServerName: "10.0.102.200:2379", BalancerAttributes: {"<%!p(pickfirstleaf.managedByPickfirstKeyType={})>": "<%!p(bool=true)>" }}. Err: connection error: desc = "transport: Error while dialing: dial tcp 10.0.102.200:2379: connect: connection refused"
2026-01-28T09:44:08.379102887Z W0128 09:44:08.379046       1 logging.go:55] [core] [Channel #67 SubChannel #68]grpc: addrConn.createTransport failed to connect to {Addr: "10.0.102.200:2379", ServerName: "10.0.102.200:2379", BalancerAttributes: {"<%!p(pickfirstleaf.managedByPickfirstKeyType={})>": "<%!p(bool=true)>" }}. Err: connection error: desc = "transport: Error while dialing: dial tcp 10.0.102.200:2379: connect: connection refused"
2026-01-28T09:44:08.432725751Z W0128 09:44:08.432668       1 logging.go:55] [core] [Channel #1 SubChannel #2]grpc: addrConn.createTransport failed to connect to {Addr: "10.0.102.200:2379", ServerName: "10.0.102.200:2379", BalancerAttributes: {"<%!p(pickfirstleaf.managedByPickfirstKeyType={})>": "<%!p(bool=true)>" }}. Err: connection error: desc = "transport: Error while dialing: dial tcp 10.0.102.200:2379: connect: connection refused"
2026-01-28T09:44:08.560745215Z W0128 09:44:08.560700       1 logging.go:55] [core] [Channel #53 SubChannel #54]grpc: addrConn.createTransport failed to connect to {Addr: "10.0.102.200:2379", ServerName: "10.0.102.200:2379", BalancerAttributes: {"<%!p(pickfirstleaf.managedByPickfirstKeyType={})>": "<%!p(bool=true)>" }}. Err: connection error: desc = "transport: Error while dialing: dial tcp 10.0.102.200:2379: connect: connection refused"
2026-01-28T09:44:08.630525754Z W0128 09:44:08.630485       1 logging.go:55] [core] [Channel #47 SubChannel #48]grpc: addrConn.createTransport failed to connect to {Addr: "10.0.102.200:2379", ServerName: "10.0.102.200:2379", BalancerAttributes: {"<%!p(pickfirstleaf.managedByPickfirstKeyType={})>": "<%!p(bool=true)>" }}. Err: connection error: desc = "transport: Error while dialing: dial tcp 10.0.102.200:2379: connect: connection refused"
2026-01-28T09:44:08.708641589Z W0128 09:44:08.708590       1 logging.go:55] [core] [Channel #15 SubChannel #16]grpc: addrConn.createTransport failed to connect to {Addr: "10.0.102.200:2379", ServerName: "10.0.102.200:2379", BalancerAttributes: {"<%!p(pickfirstleaf.managedByPickfirstKeyType={})>": "<%!p(bool=true)>" }}. Err: connection error: desc = "transport: Error while dialing: dial tcp 10.0.102.200:2379: connect: connection refused"
2026-01-28T09:44:08.733254397Z W0128 09:44:08.733212       1 logging.go:55] [core] [Channel #103 SubChannel #104]grpc: addrConn.createTransport failed to connect to {Addr: "10.0.102.200:2379", ServerName: "10.0.102.200:2379", BalancerAttributes: {"<%!p(pickfirstleaf.managedByPickfirstKeyType={})>": "<%!p(bool=true)>" }}. Err: connection error: desc = "transport: Error while dialing: dial tcp 10.0.102.200:2379: connect: connection refused"
2026-01-28T09:44:08.766903694Z W0128 09:44:08.766860       1 logging.go:55] [core] [Channel #61 SubChannel #62]grpc: addrConn.createTransport failed to connect to {Addr: "10.0.102.200:2379", ServerName: "10.0.102.200:2379", BalancerAttributes: {"<%!p(pickfirstleaf.managedByPickfirstKeyType={})>": "<%!p(bool=true)>" }}. Err: connection error: desc = "transport: Error while dialing: dial tcp 10.0.102.200:2379: connect: connection refused"
2026-01-28T09:44:08.876579814Z W0128 09:44:08.876528       1 logging.go:55] [core] [Channel #75 SubChannel #76]grpc: addrConn.createTransport failed to connect to {Addr: "10.0.102.200:2379", ServerName: "10.0.102.200:2379", BalancerAttributes: {"<%!p(pickfirstleaf.managedByPickfirstKeyType={})>": "<%!p(bool=true)>" }}. Err: connection error: desc = "transport: Error while dialing: dial tcp 10.0.102.200:2379: connect: connection refused"
2026-01-28T09:44:10.527615721Z W0128 09:44:10.527572       1 logging.go:55] [core] [Channel #5 SubChannel #6]grpc: addrConn.createTransport failed to connect to {Addr: "10.0.102.200:2379", ServerName: "10.0.102.200:2379", BalancerAttributes: {"<%!p(pickfirstleaf.managedByPickfirstKeyType={})>": "<%!p(bool=true)>" }}. Err: connection error: desc = "transport: Error while dialing: dial tcp 10.0.102.200:2379: connect: connection refused"
2026-01-28T09:44:10.818489614Z W0128 09:44:10.818447       1 logging.go:55] [core] [Channel #22 SubChannel #23]grpc: addrConn.createTransport failed to connect to {Addr: "10.0.102.200:2379", ServerName: "10.0.102.200:2379", BalancerAttributes: {"<%!p(pickfirstleaf.managedByPickfirstKeyType={})>": "<%!p(bool=true)>" }}. Err: connection error: desc = "transport: Error while dialing: dial tcp 10.0.102.200:2379: connect: connection refused"
2026-01-28T09:44:11.019156891Z W0128 09:44:11.019112       1 logging.go:55] [core] [Channel #87 SubChannel #88]grpc: addrConn.createTransport failed to connect to {Addr: "10.0.102.200:2379", ServerName: "10.0.102.200:2379", BalancerAttributes: {"<%!p(pickfirstleaf.managedByPickfirstKeyType={})>": "<%!p(bool=true)>" }}. Err: connection error: desc = "transport: Error while dialing: dial tcp 10.0.102.200:2379: connect: connection refused"
2026-01-28T09:44:11.040656003Z W0128 09:44:11.040621       1 logging.go:55] [core] [Channel #103 SubChannel #104]grpc: addrConn.createTransport failed to connect to {Addr: "10.0.102.200:2379", ServerName: "10.0.102.200:2379", BalancerAttributes: {"<%!p(pickfirstleaf.managedByPickfirstKeyType={})>": "<%!p(bool=true)>" }}. Err: connection error: desc = "transport: Error while dialing: dial tcp 10.0.102.200:2379: connect: connection refused"
2026-01-28T09:44:11.051152876Z W0128 09:44:11.051116       1 logging.go:55] [core] [Channel #67 SubChannel #68]grpc: addrConn.createTransport failed to connect to {Addr: "10.0.102.200:2379", ServerName: "10.0.102.200:2379", BalancerAttributes: {"<%!p(pickfirstleaf.managedByPickfirstKeyType={})>": "<%!p(bool=true)>" }}. Err: connection error: desc = "transport: Error while dialing: dial tcp 10.0.102.200:2379: connect: connection refused"
2026-01-28T09:44:11.199937945Z W0128 09:44:11.199894       1 logging.go:55] [core] [Channel #53 SubChannel #54]grpc: addrConn.createTransport failed to connect to {Addr: "10.0.102.200:2379", ServerName: "10.0.102.200:2379", BalancerAttributes: {"<%!p(pickfirstleaf.managedByPickfirstKeyType={})>": "<%!p(bool=true)>" }}. Err: connection error: desc = "transport: Error while dialing: dial tcp 10.0.102.200:2379: connect: connection refused"
2026-01-28T09:44:11.225609295Z W0128 09:44:11.225571       1 logging.go:55] [core] [Channel #47 SubChannel #48]grpc: addrConn.createTransport failed to connect to {Addr: "10.0.102.200:2379", ServerName: "10.0.102.200:2379", BalancerAttributes: {"<%!p(pickfirstleaf.managedByPickfirstKeyType={})>": "<%!p(bool=true)>" }}. Err: connection error: desc = "transport: Error while dialing: dial tcp 10.0.102.200:2379: connect: connection refused"
2026-01-28T09:44:11.246610342Z W0128 09:44:11.246566       1 logging.go:55] [core] [Channel #82 SubChannel #83]grpc: addrConn.createTransport failed to connect to {Addr: "10.0.102.200:2379", ServerName: "10.0.102.200:2379", BalancerAttributes: {"<%!p(pickfirstleaf.managedByPickfirstKeyType={})>": "<%!p(bool=true)>" }}. Err: connection error: desc = "transport: Error while dialing: dial tcp 10.0.102.200:2379: connect: connection refused"
2026-01-28T09:44:11.272763177Z W0128 09:44:11.272718       1 logging.go:55] [core] [Channel #95 SubChannel #96]grpc: addrConn.createTransport failed to connect to {Addr: "10.0.102.200:2379", ServerName: "10.0.102.200:2379", BalancerAttributes: {"<%!p(pickfirstleaf.managedByPickfirstKeyType={})>": "<%!p(bool=true)>" }}. Err: connection error: desc = "transport: Error while dialing: dial tcp 10.0.102.200:2379: connect: connection refused"
2026-01-28T09:44:11.318259985Z W0128 09:44:11.318216       1 logging.go:55] [core] [Channel #61 SubChannel #62]grpc: addrConn.createTransport failed to connect to {Addr: "10.0.102.200:2379", ServerName: "10.0.102.200:2379", BalancerAttributes: {"<%!p(pickfirstleaf.managedByPickfirstKeyType={})>": "<%!p(bool=true)>" }}. Err: connection error: desc = "transport: Error while dialing: dial tcp 10.0.102.200:2379: connect: connection refused"
2026-01-28T09:44:11.387995172Z W0128 09:44:11.387953       1 logging.go:55] [core] [Channel #15 SubChannel #16]grpc: addrConn.createTransport failed to connect to {Addr: "10.0.102.200:2379", ServerName: "10.0.102.200:2379", BalancerAttributes: {"<%!p(pickfirstleaf.managedByPickfirstKeyType={})>": "<%!p(bool=true)>" }}. Err: connection error: desc = "transport: Error while dialing: dial tcp 10.0.102.200:2379: connect: connection refused"
2026-01-28T09:44:11.494255011Z W0128 09:44:11.494211       1 logging.go:55] [core] [Channel #1 SubChannel #2]grpc: addrConn.createTransport failed to connect to {Addr: "10.0.102.200:2379", ServerName: "10.0.102.200:2379", BalancerAttributes: {"<%!p(pickfirstleaf.managedByPickfirstKeyType={})>": "<%!p(bool=true)>" }}. Err: connection error: desc = "transport: Error while dialing: dial tcp 10.0.102.200:2379: connect: connection refused"
2026-01-28T09:44:11.673833356Z W0128 09:44:11.672990       1 logging.go:55] [core] [Channel #75 SubChannel #76]grpc: addrConn.createTransport failed to connect to {Addr: "10.0.102.200:2379", ServerName: "10.0.102.200:2379", BalancerAttributes: {"<%!p(pickfirstleaf.managedByPickfirstKeyType={})>": "<%!p(bool=true)>" }}. Err: connection error: desc = "transport: Error while dialing: dial tcp 10.0.102.200:2379: connect: connection refused"
2026-01-28T09:44:12.716116328Z I0128 09:44:12.713540       1 controller.go:667] quota admission added evaluator for: routes.route.openshift.io
2026-01-28T09:44:12.716116328Z I0128 09:44:12.713734       1 controller.go:667] quota admission added evaluator for: routes.route.openshift.io
2026-01-28T09:44:13.825144858Z W0128 09:44:13.825105       1 logging.go:55] [core] [Channel #5 SubChannel #6]grpc: addrConn.createTransport failed to connect to {Addr: "10.0.102.200:2379", ServerName: "10.0.102.200:2379", BalancerAttributes: {"<%!p(pickfirstleaf.managedByPickfirstKeyType={})>": "<%!p(bool=true)>" }}. Err: connection error: desc = "transport: Error while dialing: dial tcp 10.0.102.200:2379: connect: connection refused"
2026-01-28T09:44:14.411563530Z W0128 09:44:14.411499       1 logging.go:55] [core] [Channel #103 SubChannel #104]grpc: addrConn.createTransport failed to connect to {Addr: "10.0.102.200:2379", ServerName: "10.0.102.200:2379", BalancerAttributes: {"<%!p(pickfirstleaf.managedByPickfirstKeyType={})>": "<%!p(bool=true)>" }}. Err: connection error: desc = "transport: Error while dialing: dial tcp 10.0.102.200:2379: connect: connection refused"
2026-01-28T09:44:14.414050263Z W0128 09:44:14.414006       1 logging.go:55] [core] [Channel #22 SubChannel #23]grpc: addrConn.createTransport failed to connect to {Addr: "10.0.102.200:2379", ServerName: "10.0.102.200:2379", BalancerAttributes: {"<%!p(pickfirstleaf.managedByPickfirstKeyType={})>": "<%!p(bool=true)>" }}. Err: connection error: desc = "transport: Error while dialing: dial tcp 10.0.102.200:2379: connect: connection refused"
2026-01-28T09:44:14.536389314Z W0128 09:44:14.536349       1 logging.go:55] [core] [Channel #47 SubChannel #48]grpc: addrConn.createTransport failed to connect to {Addr: "10.0.102.200:2379", ServerName: "10.0.102.200:2379", BalancerAttributes: {"<%!p(pickfirstleaf.managedByPickfirstKeyType={})>": "<%!p(bool=true)>" }}. Err: connection error: desc = "transport: Error while dialing: dial tcp 10.0.102.200:2379: connect: connection refused"
2026-01-28T09:44:14.938691214Z W0128 09:44:14.938643       1 logging.go:55] [core] [Channel #61 SubChannel #62]grpc: addrConn.createTransport failed to connect to {Addr: "10.0.102.200:2379", ServerName: "10.0.102.200:2379", BalancerAttributes: {"<%!p(pickfirstleaf.managedByPickfirstKeyType={})>": "<%!p(bool=true)>" }}. Err: connection error: desc = "transport: Error while dialing: dial tcp 10.0.102.200:2379: connect: connection refused"
2026-01-28T09:44:14.984682188Z W0128 09:44:14.984648       1 logging.go:55] [core] [Channel #67 SubChannel #68]grpc: addrConn.createTransport failed to connect to {Addr: "10.0.102.200:2379", ServerName: "10.0.102.200:2379", BalancerAttributes: {"<%!p(pickfirstleaf.managedByPickfirstKeyType={})>": "<%!p(bool=true)>" }}. Err: connection error: desc = "transport: Error while dialing: dial tcp 10.0.102.200:2379: connect: connection refused"
2026-01-28T09:44:15.186511261Z W0128 09:44:15.186474       1 logging.go:55] [core] [Channel #53 SubChannel #54]grpc: addrConn.createTransport failed to connect to {Addr: "10.0.102.200:2379", ServerName: "10.0.102.200:2379", BalancerAttributes: {"<%!p(pickfirstleaf.managedByPickfirstKeyType={})>": "<%!p(bool=true)>" }}. Err: connection error: desc = "transport: Error while dialing: dial tcp 10.0.102.200:2379: connect: connection refused"
2026-01-28T09:44:15.280384232Z W0128 09:44:15.280342       1 logging.go:55] [core] [Channel #15 SubChannel #16]grpc: addrConn.createTransport failed to connect to {Addr: "10.0.102.200:2379", ServerName: "10.0.102.200:2379", BalancerAttributes: {"<%!p(pickfirstleaf.managedByPickfirstKeyType={})>": "<%!p(bool=true)>" }}. Err: connection error: desc = "transport: Error while dialing: dial tcp 10.0.102.200:2379: connect: connection refused"
2026-01-28T09:44:15.368366849Z W0128 09:44:15.368326       1 logging.go:55] [core] [Channel #95 SubChannel #96]grpc: addrConn.createTransport failed to connect to {Addr: "10.0.102.200:2379", ServerName: "10.0.102.200:2379", BalancerAttributes: {"<%!p(pickfirstleaf.managedByPickfirstKeyType={})>": "<%!p(bool=true)>" }}. Err: connection error: desc = "transport: Error while dialing: dial tcp 10.0.102.200:2379: connect: connection refused"
2026-01-28T09:44:15.521679604Z W0128 09:44:15.521634       1 logging.go:55] [core] [Channel #82 SubChannel #83]grpc: addrConn.createTransport failed to connect to {Addr: "10.0.102.200:2379", ServerName: "10.0.102.200:2379", BalancerAttributes: {"<%!p(pickfirstleaf.managedByPickfirstKeyType={})>": "<%!p(bool=true)>" }}. Err: connection error: desc = "transport: Error while dialing: dial tcp 10.0.102.200:2379: connect: connection refused"
2026-01-28T09:44:15.880334818Z W0128 09:44:15.880283       1 logging.go:55] [core] [Channel #87 SubChannel #88]grpc: addrConn.createTransport failed to connect to {Addr: "10.0.102.200:2379", ServerName: "10.0.102.200:2379", BalancerAttributes: {"<%!p(pickfirstleaf.managedByPickfirstKeyType={})>": "<%!p(bool=true)>" }}. Err: connection error: desc = "transport: Error while dialing: dial tcp 10.0.102.200:2379: connect: connection refused"
2026-01-28T09:44:16.192521825Z W0128 09:44:16.192482       1 logging.go:55] [core] [Channel #75 SubChannel #76]grpc: addrConn.createTransport failed to connect to {Addr: "10.0.102.200:2379", ServerName: "10.0.102.200:2379", BalancerAttributes: {"<%!p(pickfirstleaf.managedByPickfirstKeyType={})>": "<%!p(bool=true)>" }}. Err: connection error: desc = "transport: Error while dialing: dial tcp 10.0.102.200:2379: connect: connection refused"
2026-01-28T09:44:16.398759549Z W0128 09:44:16.398715       1 logging.go:55] [core] [Channel #1 SubChannel #2]grpc: addrConn.createTransport failed to connect to {Addr: "10.0.102.200:2379", ServerName: "10.0.102.200:2379", BalancerAttributes: {"<%!p(pickfirstleaf.managedByPickfirstKeyType={})>": "<%!p(bool=true)>" }}. Err: connection error: desc = "transport: Error while dialing: dial tcp 10.0.102.200:2379: connect: connection refused"
2026-01-28T09:44:19.902691288Z W0128 09:44:19.902632       1 logging.go:55] [core] [Channel #47 SubChannel #48]grpc: addrConn.createTransport failed to connect to {Addr: "10.0.102.200:2379", ServerName: "10.0.102.200:2379", BalancerAttributes: {"<%!p(pickfirstleaf.managedByPickfirstKeyType={})>": "<%!p(bool=true)>" }}. Err: connection error: desc = "transport: Error while dialing: dial tcp 10.0.102.200:2379: connect: connection refused"
2026-01-28T09:44:20.358457545Z W0128 09:44:20.358411       1 logging.go:55] [core] [Channel #103 SubChannel #104]grpc: addrConn.createTransport failed to connect to {Addr: "10.0.102.200:2379", ServerName: "10.0.102.200:2379", BalancerAttributes: {"<%!p(pickfirstleaf.managedByPickfirstKeyType={})>": "<%!p(bool=true)>" }}. Err: connection error: desc = "transport: Error while dialing: dial tcp 10.0.102.200:2379: connect: connection refused"
2026-01-28T09:44:20.730797521Z W0128 09:44:20.730760       1 logging.go:55] [core] [Channel #5 SubChannel #6]grpc: addrConn.createTransport failed to connect to {Addr: "10.0.102.200:2379", ServerName: "10.0.102.200:2379", BalancerAttributes: {"<%!p(pickfirstleaf.managedByPickfirstKeyType={})>": "<%!p(bool=true)>" }}. Err: connection error: desc = "transport: Error while dialing: dial tcp 10.0.102.200:2379: connect: connection refused"
2026-01-28T09:44:20.771248098Z W0128 09:44:20.771210       1 logging.go:55] [core] [Channel #120 SubChannel #121]grpc: addrConn.createTransport failed to connect to {Addr: "10.0.102.200:2379", ServerName: "10.0.102.200:2379", BalancerAttributes: {"<%!p(pickfirstleaf.managedByPickfirstKeyType={})>": "<%!p(bool=true)>" }}. Err: connection error: desc = "transport: Error while dialing: dial tcp 10.0.102.200:2379: connect: connection refused"
2026-01-28T09:44:21.035055653Z W0128 09:44:21.035002       1 logging.go:55] [core] [Channel #61 SubChannel #62]grpc: addrConn.createTransport failed to connect to {Addr: "10.0.102.200:2379", ServerName: "10.0.102.200:2379", BalancerAttributes: {"<%!p(pickfirstleaf.managedByPickfirstKeyType={})>": "<%!p(bool=true)>" }}. Err: connection error: desc = "transport: Error while dialing: dial tcp 10.0.102.200:2379: connect: connection refused"
2026-01-28T09:44:21.330877084Z W0128 09:44:21.330833       1 logging.go:55] [core] [Channel #87 SubChannel #88]grpc: addrConn.createTransport failed to connect to {Addr: "10.0.102.200:2379", ServerName: "10.0.102.200:2379", BalancerAttributes: {"<%!p(pickfirstleaf.managedByPickfirstKeyType={})>": "<%!p(bool=true)>" }}. Err: connection error: desc = "transport: Error while dialing: dial tcp 10.0.102.200:2379: connect: connection refused"
2026-01-28T09:44:21.390550409Z W0128 09:44:21.390501       1 logging.go:55] [core] [Channel #22 SubChannel #23]grpc: addrConn.createTransport failed to connect to {Addr: "10.0.102.200:2379", ServerName: "10.0.102.200:2379", BalancerAttributes: {"<%!p(pickfirstleaf.managedByPickfirstKeyType={})>": "<%!p(bool=true)>" }}. Err: connection error: desc = "transport: Error while dialing: dial tcp 10.0.102.200:2379: connect: connection refused"
2026-01-28T09:44:21.845176294Z W0128 09:44:21.841950       1 logging.go:55] [core] [Channel #67 SubChannel #68]grpc: addrConn.createTransport failed to connect to {Addr: "10.0.102.200:2379", ServerName: "10.0.102.200:2379", BalancerAttributes: {"<%!p(pickfirstleaf.managedByPickfirstKeyType={})>": "<%!p(bool=true)>" }}. Err: connection error: desc = "transport: Error while dialing: dial tcp 10.0.102.200:2379: connect: connection refused"
2026-01-28T09:44:21.849807655Z W0128 09:44:21.849774       1 logging.go:55] [core] [Channel #75 SubChannel #76]grpc: addrConn.createTransport failed to connect to {Addr: "10.0.102.200:2379", ServerName: "10.0.102.200:2379", BalancerAttributes: {"<%!p(pickfirstleaf.managedByPickfirstKeyType={})>": "<%!p(bool=true)>" }}. Err: connection error: desc = "transport: Error while dialing: dial tcp 10.0.102.200:2379: connect: connection refused"
2026-01-28T09:44:22.342955612Z W0128 09:44:22.342919       1 logging.go:55] [core] [Channel #53 SubChannel #54]grpc: addrConn.createTransport failed to connect to {Addr: "10.0.102.200:2379", ServerName: "10.0.102.200:2379", BalancerAttributes: {"<%!p(pickfirstleaf.managedByPickfirstKeyType={})>": "<%!p(bool=true)>" }}. Err: connection error: desc = "transport: Error while dialing: dial tcp 10.0.102.200:2379: connect: connection refused"
2026-01-28T09:44:22.418686110Z W0128 09:44:22.418643       1 logging.go:55] [core] [Channel #15 SubChannel #16]grpc: addrConn.createTransport failed to connect to {Addr: "10.0.102.200:2379", ServerName: "10.0.102.200:2379", BalancerAttributes: {"<%!p(pickfirstleaf.managedByPickfirstKeyType={})>": "<%!p(bool=true)>" }}. Err: connection error: desc = "transport: Error while dialing: dial tcp 10.0.102.200:2379: connect: connection refused"
2026-01-28T09:44:22.757446617Z W0128 09:44:22.757409       1 logging.go:55] [core] [Channel #82 SubChannel #83]grpc: addrConn.createTransport failed to connect to {Addr: "10.0.102.200:2379", ServerName: "10.0.102.200:2379", BalancerAttributes: {"<%!p(pickfirstleaf.managedByPickfirstKeyType={})>": "<%!p(bool=true)>" }}. Err: connection error: desc = "transport: Error while dialing: dial tcp 10.0.102.200:2379: connect: connection refused"
2026-01-28T09:44:23.068376275Z W0128 09:44:23.068337       1 logging.go:55] [core] [Channel #95 SubChannel #96]grpc: addrConn.createTransport failed to connect to {Addr: "10.0.102.200:2379", ServerName: "10.0.102.200:2379", BalancerAttributes: {"<%!p(pickfirstleaf.managedByPickfirstKeyType={})>": "<%!p(bool=true)>" }}. Err: connection error: desc = "transport: Error while dialing: dial tcp 10.0.102.200:2379: connect: connection refused"
2026-01-28T09:44:23.851434463Z W0128 09:44:23.850884       1 logging.go:55] [core] [Channel #1 SubChannel #2]grpc: addrConn.createTransport failed to connect to {Addr: "10.0.102.200:2379", ServerName: "10.0.102.200:2379", BalancerAttributes: {"<%!p(pickfirstleaf.managedByPickfirstKeyType={})>": "<%!p(bool=true)>" }}. Err: connection error: desc = "transport: Error while dialing: dial tcp 10.0.102.200:2379: connect: connection refused"
2026-01-28T09:44:30.334713310Z W0128 09:44:30.334666       1 logging.go:55] [core] [Channel #87 SubChannel #88]grpc: addrConn.createTransport failed to connect to {Addr: "10.0.102.200:2379", ServerName: "10.0.102.200:2379", BalancerAttributes: {"<%!p(pickfirstleaf.managedByPickfirstKeyType={})>": "<%!p(bool=true)>" }}. Err: connection error: desc = "transport: Error while dialing: dial tcp 10.0.102.200:2379: connect: connection refused"
2026-01-28T09:44:30.784481594Z W0128 09:44:30.784433       1 logging.go:55] [core] [Channel #47 SubChannel #48]grpc: addrConn.createTransport failed to connect to {Addr: "10.0.102.200:2379", ServerName: "10.0.102.200:2379", BalancerAttributes: {"<%!p(pickfirstleaf.managedByPickfirstKeyType={})>": "<%!p(bool=true)>" }}. Err: connection error: desc = "transport: Error while dialing: dial tcp 10.0.102.200:2379: connect: connection refused"
2026-01-28T09:44:30.824377834Z W0128 09:44:30.824321       1 logging.go:55] [core] [Channel #5 SubChannel #6]grpc: addrConn.createTransport failed to connect to {Addr: "10.0.102.200:2379", ServerName: "10.0.102.200:2379", BalancerAttributes: {"<%!p(pickfirstleaf.managedByPickfirstKeyType={})>": "<%!p(bool=true)>" }}. Err: connection error: desc = "transport: Error while dialing: dial tcp 10.0.102.200:2379: connect: connection refused"
2026-01-28T09:44:30.873112215Z W0128 09:44:30.873081       1 logging.go:55] [core] [Channel #53 SubChannel #54]grpc: addrConn.createTransport failed to connect to {Addr: "10.0.102.200:2379", ServerName: "10.0.102.200:2379", BalancerAttributes: {"<%!p(pickfirstleaf.managedByPickfirstKeyType={})>": "<%!p(bool=true)>" }}. Err: connection error: desc = "transport: Error while dialing: dial tcp 10.0.102.200:2379: connect: connection refused"
2026-01-28T09:44:31.029389110Z W0128 09:44:31.029336       1 logging.go:55] [core] [Channel #67 SubChannel #68]grpc: addrConn.createTransport failed to connect to {Addr: "10.0.102.200:2379", ServerName: "10.0.102.200:2379", BalancerAttributes: {"<%!p(pickfirstleaf.managedByPickfirstKeyType={})>": "<%!p(bool=true)>" }}. Err: connection error: desc = "transport: Error while dialing: dial tcp 10.0.102.200:2379: connect: connection refused"
2026-01-28T09:44:31.241616115Z W0128 09:44:31.241552       1 logging.go:55] [core] [Channel #61 SubChannel #62]grpc: addrConn.createTransport failed to connect to {Addr: "10.0.102.200:2379", ServerName: "10.0.102.200:2379", BalancerAttributes: {"<%!p(pickfirstleaf.managedByPickfirstKeyType={})>": "<%!p(bool=true)>" }}. Err: connection error: desc = "transport: Error while dialing: dial tcp 10.0.102.200:2379: connect: connection refused"
2026-01-28T09:44:31.499049266Z W0128 09:44:31.498979       1 logging.go:55] [core] [Channel #75 SubChannel #76]grpc: addrConn.createTransport failed to connect to {Addr: "10.0.102.200:2379", ServerName: "10.0.102.200:2379", BalancerAttributes: {"<%!p(pickfirstleaf.managedByPickfirstKeyType={})>": "<%!p(bool=true)>" }}. Err: connection error: desc = "transport: Error while dialing: dial tcp 10.0.102.200:2379: connect: connection refused"
2026-01-28T09:44:31.815184304Z W0128 09:44:31.815142       1 logging.go:55] [core] [Channel #22 SubChannel #23]grpc: addrConn.createTransport failed to connect to {Addr: "10.0.102.200:2379", ServerName: "10.0.102.200:2379", BalancerAttributes: {"<%!p(pickfirstleaf.managedByPickfirstKeyType={})>": "<%!p(bool=true)>" }}. Err: connection error: desc = "transport: Error while dialing: dial tcp 10.0.102.200:2379: connect: connection refused"
2026-01-28T09:44:32.343570329Z W0128 09:44:32.343533       1 logging.go:55] [core] [Channel #103 SubChannel #104]grpc: addrConn.createTransport failed to connect to {Addr: "10.0.102.200:2379", ServerName: "10.0.102.200:2379", BalancerAttributes: {"<%!p(pickfirstleaf.managedByPickfirstKeyType={})>": "<%!p(bool=true)>" }}. Err: connection error: desc = "transport: Error while dialing: dial tcp 10.0.102.200:2379: connect: connection refused"
2026-01-28T09:44:33.001957749Z W0128 09:44:33.001916       1 logging.go:55] [core] [Channel #95 SubChannel #96]grpc: addrConn.createTransport failed to connect to {Addr: "10.0.102.200:2379", ServerName: "10.0.102.200:2379", BalancerAttributes: {"<%!p(pickfirstleaf.managedByPickfirstKeyType={})>": "<%!p(bool=true)>" }}. Err: connection error: desc = "transport: Error while dialing: dial tcp 10.0.102.200:2379: connect: connection refused"
2026-01-28T09:44:33.441306423Z W0128 09:44:33.441265       1 logging.go:55] [core] [Channel #1 SubChannel #2]grpc: addrConn.createTransport failed to connect to {Addr: "10.0.102.200:2379", ServerName: "10.0.102.200:2379", BalancerAttributes: {"<%!p(pickfirstleaf.managedByPickfirstKeyType={})>": "<%!p(bool=true)>" }}. Err: connection error: desc = "transport: Error while dialing: dial tcp 10.0.102.200:2379: connect: connection refused"
2026-01-28T09:44:34.381092468Z W0128 09:44:34.381057       1 logging.go:55] [core] [Channel #15 SubChannel #16]grpc: addrConn.createTransport failed to connect to {Addr: "10.0.102.200:2379", ServerName: "10.0.102.200:2379", BalancerAttributes: {"<%!p(pickfirstleaf.managedByPickfirstKeyType={})>": "<%!p(bool=true)>" }}. Err: connection error: desc = "transport: Error while dialing: dial tcp 10.0.102.200:2379: connect: connection refused"
2026-01-28T09:44:34.399538398Z W0128 09:44:34.399509       1 logging.go:55] [core] [Channel #82 SubChannel #83]grpc: addrConn.createTransport failed to connect to {Addr: "10.0.102.200:2379", ServerName: "10.0.102.200:2379", BalancerAttributes: {"<%!p(pickfirstleaf.managedByPickfirstKeyType={})>": "<%!p(bool=true)>" }}. Err: connection error: desc = "transport: Error while dialing: dial tcp 10.0.102.200:2379: connect: connection refused"
2026-01-28T09:44:35.925782785Z W0128 09:44:35.925711       1 logging.go:55] [core] [Channel #135 SubChannel #136]grpc: addrConn.createTransport failed to connect to {Addr: "10.0.102.200:2379", ServerName: "10.0.102.200:2379", BalancerAttributes: {"<%!p(pickfirstleaf.managedByPickfirstKeyType={})>": "<%!p(bool=true)>" }}. Err: connection error: desc = "transport: Error while dialing: dial tcp 10.0.102.200:2379: connect: connection refused"
2026-01-28T09:44:39.924170068Z W0128 09:44:39.924120       1 logging.go:55] [core] [Channel #144 SubChannel #145]grpc: addrConn.createTransport failed to connect to {Addr: "10.0.102.200:2379", ServerName: "10.0.102.200:2379", BalancerAttributes: {"<%!p(pickfirstleaf.managedByPickfirstKeyType={})>": "<%!p(bool=true)>" }}. Err: connection error: desc = "transport: Error while dialing: dial tcp 10.0.102.200:2379: connect: connection refused"
2026-01-28T09:44:40.924923184Z W0128 09:44:40.924861       1 logging.go:55] [core] [Channel #144 SubChannel #145]grpc: addrConn.createTransport failed to connect to {Addr: "10.0.102.200:2379", ServerName: "10.0.102.200:2379", BalancerAttributes: {"<%!p(pickfirstleaf.managedByPickfirstKeyType={})>": "<%!p(bool=true)>" }}. Err: connection error: desc = "transport: Error while dialing: dial tcp 10.0.102.200:2379: connect: connection refused"
2026-01-28T09:44:42.415661650Z W0128 09:44:42.415604       1 logging.go:55] [core] [Channel #144 SubChannel #145]grpc: addrConn.createTransport failed to connect to {Addr: "10.0.102.200:2379", ServerName: "10.0.102.200:2379", BalancerAttributes: {"<%!p(pickfirstleaf.managedByPickfirstKeyType={})>": "<%!p(bool=true)>" }}. Err: connection error: desc = "transport: Error while dialing: dial tcp 10.0.102.200:2379: connect: connection refused"
2026-01-28T09:44:44.917430945Z W0128 09:44:44.917380       1 logging.go:55] [core] [Channel #144 SubChannel #145]grpc: addrConn.createTransport failed to connect to {Addr: "10.0.102.200:2379", ServerName: "10.0.102.200:2379", BalancerAttributes: {"<%!p(pickfirstleaf.managedByPickfirstKeyType={})>": "<%!p(bool=true)>" }}. Err: connection error: desc = "transport: Error while dialing: dial tcp 10.0.102.200:2379: connect: connection refused"
2026-01-28T09:44:46.445742014Z W0128 09:44:46.445686       1 logging.go:55] [core] [Channel #87 SubChannel #88]grpc: addrConn.createTransport failed to connect to {Addr: "10.0.102.200:2379", ServerName: "10.0.102.200:2379", BalancerAttributes: {"<%!p(pickfirstleaf.managedByPickfirstKeyType={})>": "<%!p(bool=true)>" }}. Err: connection error: desc = "transport: Error while dialing: dial tcp 10.0.102.200:2379: connect: connection refused"
2026-01-28T09:44:47.742792447Z W0128 09:44:47.742752       1 logging.go:55] [core] [Channel #95 SubChannel #96]grpc: addrConn.createTransport failed to connect to {Addr: "10.0.102.200:2379", ServerName: "10.0.102.200:2379", BalancerAttributes: {"<%!p(pickfirstleaf.managedByPickfirstKeyType={})>": "<%!p(bool=true)>" }}. Err: connection error: desc = "transport: Error while dialing: dial tcp 10.0.102.200:2379: connect: connection refused"
2026-01-28T09:44:47.910949228Z W0128 09:44:47.910909       1 logging.go:55] [core] [Channel #75 SubChannel #76]grpc: addrConn.createTransport failed to connect to {Addr: "10.0.102.200:2379", ServerName: "10.0.102.200:2379", BalancerAttributes: {"<%!p(pickfirstleaf.managedByPickfirstKeyType={})>": "<%!p(bool=true)>" }}. Err: connection error: desc = "transport: Error while dialing: dial tcp 10.0.102.200:2379: connect: connection refused"
2026-01-28T09:44:48.251428687Z W0128 09:44:48.251387       1 logging.go:55] [core] [Channel #67 SubChannel #68]grpc: addrConn.createTransport failed to connect to {Addr: "10.0.102.200:2379", ServerName: "10.0.102.200:2379", BalancerAttributes: {"<%!p(pickfirstleaf.managedByPickfirstKeyType={})>": "<%!p(bool=true)>" }}. Err: connection error: desc = "transport: Error while dialing: dial tcp 10.0.102.200:2379: connect: connection refused"
2026-01-28T09:44:49.141808223Z W0128 09:44:49.141769       1 logging.go:55] [core] [Channel #144 SubChannel #145]grpc: addrConn.createTransport failed to connect to {Addr: "10.0.102.200:2379", ServerName: "10.0.102.200:2379", BalancerAttributes: {"<%!p(pickfirstleaf.managedByPickfirstKeyType={})>": "<%!p(bool=true)>" }}. Err: connection error: desc = "transport: Error while dialing: dial tcp 10.0.102.200:2379: connect: connection refused"
2026-01-28T09:44:49.149430582Z W0128 09:44:49.149267       1 logging.go:55] [core] [Channel #15 SubChannel #16]grpc: addrConn.createTransport failed to connect to {Addr: "10.0.102.200:2379", ServerName: "10.0.102.200:2379", BalancerAttributes: {"<%!p(pickfirstleaf.managedByPickfirstKeyType={})>": "<%!p(bool=true)>" }}. Err: connection error: desc = "transport: Error while dialing: dial tcp 10.0.102.200:2379: connect: connection refused"
2026-01-28T09:44:49.483530133Z W0128 09:44:49.483477       1 logging.go:55] [core] [Channel #47 SubChannel #48]grpc: addrConn.createTransport failed to connect to {Addr: "10.0.102.200:2379", ServerName: "10.0.102.200:2379", BalancerAttributes: {"<%!p(pickfirstleaf.managedByPickfirstKeyType={})>": "<%!p(bool=true)>" }}. Err: connection error: desc = "transport: Error while dialing: dial tcp 10.0.102.200:2379: connect: connection refused"
2026-01-28T09:44:49.593722445Z W0128 09:44:49.593673       1 logging.go:55] [core] [Channel #1 SubChannel #2]grpc: addrConn.createTransport failed to connect to {Addr: "10.0.102.200:2379", ServerName: "10.0.102.200:2379", BalancerAttributes: {"<%!p(pickfirstleaf.managedByPickfirstKeyType={})>": "<%!p(bool=true)>" }}. Err: connection error: desc = "transport: Error while dialing: dial tcp 10.0.102.200:2379: connect: connection refused"
2026-01-28T09:44:49.730424868Z W0128 09:44:49.730382       1 logging.go:55] [core] [Channel #61 SubChannel #62]grpc: addrConn.createTransport failed to connect to {Addr: "10.0.102.200:2379", ServerName: "10.0.102.200:2379", BalancerAttributes: {"<%!p(pickfirstleaf.managedByPickfirstKeyType={})>": "<%!p(bool=true)>" }}. Err: connection error: desc = "transport: Error while dialing: dial tcp 10.0.102.200:2379: connect: connection refused"
2026-01-28T09:44:50.212763147Z W0128 09:44:50.212712       1 logging.go:55] [core] [Channel #5 SubChannel #6]grpc: addrConn.createTransport failed to connect to {Addr: "10.0.102.200:2379", ServerName: "10.0.102.200:2379", BalancerAttributes: {"<%!p(pickfirstleaf.managedByPickfirstKeyType={})>": "<%!p(bool=true)>" }}. Err: connection error: desc = "transport: Error while dialing: dial tcp 10.0.102.200:2379: connect: connection refused"
2026-01-28T09:44:50.707728886Z W0128 09:44:50.707676       1 logging.go:55] [core] [Channel #53 SubChannel #54]grpc: addrConn.createTransport failed to connect to {Addr: "10.0.102.200:2379", ServerName: "10.0.102.200:2379", BalancerAttributes: {"<%!p(pickfirstleaf.managedByPickfirstKeyType={})>": "<%!p(bool=true)>" }}. Err: connection error: desc = "transport: Error while dialing: dial tcp 10.0.102.200:2379: connect: connection refused"
2026-01-28T09:44:50.768529656Z W0128 09:44:50.768428       1 logging.go:55] [core] [Channel #146 SubChannel #147]grpc: addrConn.createTransport failed to connect to {Addr: "10.0.102.200:2379", ServerName: "10.0.102.200:2379", BalancerAttributes: {"<%!p(pickfirstleaf.managedByPickfirstKeyType={})>": "<%!p(bool=true)>" }}. Err: connection error: desc = "transport: Error while dialing: dial tcp 10.0.102.200:2379: connect: connection refused"
2026-01-28T09:44:50.775247291Z W0128 09:44:50.775222       1 logging.go:55] [core] [Channel #152 SubChannel #153]grpc: addrConn.createTransport failed to connect to {Addr: "10.0.102.200:2379", ServerName: "10.0.102.200:2379", BalancerAttributes: {"<%!p(pickfirstleaf.managedByPickfirstKeyType={})>": "<%!p(bool=true)>" }}. Err: connection error: desc = "transport: Error while dialing: dial tcp 10.0.102.200:2379: connect: connection refused"
2026-01-28T09:44:51.243410793Z W0128 09:44:51.243360       1 logging.go:55] [core] [Channel #103 SubChannel #104]grpc: addrConn.createTransport failed to connect to {Addr: "10.0.102.200:2379", ServerName: "10.0.102.200:2379", BalancerAttributes: {"<%!p(pickfirstleaf.managedByPickfirstKeyType={})>": "<%!p(bool=true)>" }}. Err: connection error: desc = "transport: Error while dialing: dial tcp 10.0.102.200:2379: connect: connection refused"
2026-01-28T09:44:51.770176377Z W0128 09:44:51.770135       1 logging.go:55] [core] [Channel #146 SubChannel #147]grpc: addrConn.createTransport failed to connect to {Addr: "10.0.102.200:2379", ServerName: "10.0.102.200:2379", BalancerAttributes: {"<%!p(pickfirstleaf.managedByPickfirstKeyType={})>": "<%!p(bool=true)>" }}. Err: connection error: desc = "transport: Error while dialing: dial tcp 10.0.102.200:2379: connect: connection refused"
2026-01-28T09:44:51.776606817Z W0128 09:44:51.776578       1 logging.go:55] [core] [Channel #152 SubChannel #153]grpc: addrConn.createTransport failed to connect to {Addr: "10.0.102.200:2379", ServerName: "10.0.102.200:2379", BalancerAttributes: {"<%!p(pickfirstleaf.managedByPickfirstKeyType={})>": "<%!p(bool=true)>" }}. Err: connection error: desc = "transport: Error while dialing: dial tcp 10.0.102.200:2379: connect: connection refused"
2026-01-28T09:44:51.796053226Z W0128 09:44:51.796004       1 logging.go:55] [core] [Channel #22 SubChannel #23]grpc: addrConn.createTransport failed to connect to {Addr: "10.0.102.200:2379", ServerName: "10.0.102.200:2379", BalancerAttributes: {"<%!p(pickfirstleaf.managedByPickfirstKeyType={})>": "<%!p(bool=true)>" }}. Err: connection error: desc = "transport: Error while dialing: dial tcp 10.0.102.200:2379: connect: connection refused"
2026-01-28T09:44:53.070875302Z W0128 09:44:53.070797       1 logging.go:55] [core] [Channel #146 SubChannel #147]grpc: addrConn.createTransport failed to connect to {Addr: "10.0.102.200:2379", ServerName: "10.0.102.200:2379", BalancerAttributes: {"<%!p(pickfirstleaf.managedByPickfirstKeyType={})>": "<%!p(bool=true)>" }}. Err: connection error: desc = "transport: Error while dialing: dial tcp 10.0.102.200:2379: connect: connection refused"
2026-01-28T09:44:53.553115166Z W0128 09:44:53.552999       1 logging.go:55] [core] [Channel #152 SubChannel #153]grpc: addrConn.createTransport failed to connect to {Addr: "10.0.102.200:2379", ServerName: "10.0.102.200:2379", BalancerAttributes: {"<%!p(pickfirstleaf.managedByPickfirstKeyType={})>": "<%!p(bool=true)>" }}. Err: connection error: desc = "transport: Error while dialing: dial tcp 10.0.102.200:2379: connect: connection refused"
2026-01-28T09:44:54.449063498Z W0128 09:44:54.448979       1 logging.go:55] [core] [Channel #82 SubChannel #83]grpc: addrConn.createTransport failed to connect to {Addr: "10.0.102.200:2379", ServerName: "10.0.102.200:2379", BalancerAttributes: {"<%!p(pickfirstleaf.managedByPickfirstKeyType={})>": "<%!p(bool=true)>" }}. Err: connection error: desc = "transport: Error while dialing: dial tcp 10.0.102.200:2379: connect: connection refused"
2026-01-28T09:44:54.984212440Z W0128 09:44:54.984165       1 logging.go:55] [core] [Channel #144 SubChannel #145]grpc: addrConn.createTransport failed to connect to {Addr: "10.0.102.200:2379", ServerName: "10.0.102.200:2379", BalancerAttributes: {"<%!p(pickfirstleaf.managedByPickfirstKeyType={})>": "<%!p(bool=true)>" }}. Err: connection error: desc = "transport: Error while dialing: dial tcp 10.0.102.200:2379: connect: connection refused"
2026-01-28T09:44:55.755271350Z W0128 09:44:55.755219       1 logging.go:55] [core] [Channel #152 SubChannel #153]grpc: addrConn.createTransport failed to connect to {Addr: "10.0.102.200:2379", ServerName: "10.0.102.200:2379", BalancerAttributes: {"<%!p(pickfirstleaf.managedByPickfirstKeyType={})>": "<%!p(bool=true)>" }}. Err: connection error: desc = "transport: Error while dialing: dial tcp 10.0.102.200:2379: connect: connection refused"
2026-01-28T09:44:56.003511792Z W0128 09:44:56.003462       1 logging.go:55] [core] [Channel #146 SubChannel #147]grpc: addrConn.createTransport failed to connect to {Addr: "10.0.102.200:2379", ServerName: "10.0.102.200:2379", BalancerAttributes: {"<%!p(pickfirstleaf.managedByPickfirstKeyType={})>": "<%!p(bool=true)>" }}. Err: connection error: desc = "transport: Error while dialing: dial tcp 10.0.102.200:2379: connect: connection refused"
2026-01-28T09:45:00.369252933Z W0128 09:45:00.369194       1 logging.go:55] [core] [Channel #152 SubChannel #153]grpc: addrConn.createTransport failed to connect to {Addr: "10.0.102.200:2379", ServerName: "10.0.102.200:2379", BalancerAttributes: {"<%!p(pickfirstleaf.managedByPickfirstKeyType={})>": "<%!p(bool=true)>" }}. Err: connection error: desc = "transport: Error while dialing: dial tcp 10.0.102.200:2379: connect: connection refused"
2026-01-28T09:45:00.837045252Z W0128 09:45:00.836985       1 logging.go:55] [core] [Channel #146 SubChannel #147]grpc: addrConn.createTransport failed to connect to {Addr: "10.0.102.200:2379", ServerName: "10.0.102.200:2379", BalancerAttributes: {"<%!p(pickfirstleaf.managedByPickfirstKeyType={})>": "<%!p(bool=true)>" }}. Err: connection error: desc = "transport: Error while dialing: dial tcp 10.0.102.200:2379: connect: connection refused"
2026-01-28T09:45:05.926052319Z W0128 09:45:05.925980       1 logging.go:55] [core] [Channel #160 SubChannel #161]grpc: addrConn.createTransport failed to connect to {Addr: "10.0.102.200:2379", ServerName: "10.0.102.200:2379", BalancerAttributes: {"<%!p(pickfirstleaf.managedByPickfirstKeyType={})>": "<%!p(bool=true)>" }}. Err: connection error: desc = "transport: Error while dialing: dial tcp 10.0.102.200:2379: connect: connection refused"
2026-01-28T09:45:07.380039757Z W0128 09:45:07.379972       1 logging.go:55] [core] [Channel #152 SubChannel #153]grpc: addrConn.createTransport failed to connect to {Addr: "10.0.102.200:2379", ServerName: "10.0.102.200:2379", BalancerAttributes: {"<%!p(pickfirstleaf.managedByPickfirstKeyType={})>": "<%!p(bool=true)>" }}. Err: connection error: desc = "transport: Error while dialing: dial tcp 10.0.102.200:2379: connect: connection refused"
2026-01-28T09:45:07.956754027Z W0128 09:45:07.956698       1 logging.go:55] [core] [Channel #87 SubChannel #88]grpc: addrConn.createTransport failed to connect to {Addr: "10.0.102.200:2379", ServerName: "10.0.102.200:2379", BalancerAttributes: {"<%!p(pickfirstleaf.managedByPickfirstKeyType={})>": "<%!p(bool=true)>" }}. Err: connection error: desc = "transport: Error while dialing: dial tcp 10.0.102.200:2379: connect: connection refused"
2026-01-28T09:45:10.776273743Z I0128 09:45:10.776212       1 metrics.go:313] "Failed to get storage metrics" storage_cluster_id="etcd-0" err="failed to dial endpoint https://10.0.102.200:2379 with maintenance client: context deadline exceeded"
2026-01-28T09:45:10.776400469Z W0128 09:45:10.776345       1 logging.go:55] [core] [Channel #146 SubChannel #147]grpc: addrConn.createTransport failed to connect to {Addr: "10.0.102.200:2379", ServerName: "10.0.102.200:2379", BalancerAttributes: {"<%!p(pickfirstleaf.managedByPickfirstKeyType={})>": "<%!p(bool=true)>" }}. Err: connection error: desc = "transport: authentication handshake failed: context canceled"
2026-01-28T09:45:10.776841571Z E0128 09:45:10.776793       1 timeout.go:140] "Post-timeout activity" timeElapsed="10.017191944s" method="GET" path="/metrics" result=null
2026-01-28T09:45:38.262009541Z I0128 09:45:38.261968       1 metrics.go:313] "Failed to get storage metrics" storage_cluster_id="etcd-0" err="context deadline exceeded"
2026-01-28T09:45:38.262693735Z E0128 09:45:38.262666       1 timeout.go:140] "Post-timeout activity" timeElapsed="7.50238454s" method="GET" path="/metrics" result=null
2026-01-28T09:46:26.034627480Z W0128 09:46:26.034592       1 logging.go:55] [core] [Channel #82 SubChannel #84]grpc: addrConn.createTransport failed to connect to {Addr: "10.0.108.54:2379", ServerName: "10.0.108.54:2379", BalancerAttributes: {"<%!p(pickfirstleaf.managedByPickfirstKeyType={})>": "<%!p(bool=true)>" }}. Err: connection error: desc = "transport: Error while dialing: dial tcp 10.0.108.54:2379: connect: connection refused"
2026-01-28T09:46:26.034697443Z W0128 09:46:26.034646       1 logging.go:55] [core] [Channel #53 SubChannel #55]grpc: addrConn.createTransport failed to connect to {Addr: "10.0.108.54:2379", ServerName: "10.0.108.54:2379", BalancerAttributes: {"<%!p(pickfirstleaf.managedByPickfirstKeyType={})>": "<%!p(bool=true)>" }}. Err: connection error: desc = "transport: Error while dialing: dial tcp 10.0.108.54:2379: connect: connection refused"
2026-01-28T09:46:26.046277668Z W0128 09:46:26.046243       1 logging.go:55] [core] [Channel #75 SubChannel #77]grpc: addrConn.createTransport failed to connect to {Addr: "10.0.108.54:2379", ServerName: "10.0.108.54:2379", BalancerAttributes: {"<%!p(pickfirstleaf.managedByPickfirstKeyType={})>": "<%!p(bool=true)>" }}. Err: connection error: desc = "transport: Error while dialing: dial tcp 10.0.108.54:2379: connect: connection refused"
2026-01-28T09:46:26.058218260Z W0128 09:46:26.058191       1 logging.go:55] [core] [Channel #1 SubChannel #3]grpc: addrConn.createTransport failed to connect to {Addr: "10.0.108.54:2379", ServerName: "10.0.108.54:2379", BalancerAttributes: {"<%!p(pickfirstleaf.managedByPickfirstKeyType={})>": "<%!p(bool=true)>" }}. Err: connection error: desc = "transport: Error while dialing: dial tcp 10.0.108.54:2379: connect: connection refused"
2026-01-28T09:46:26.058452552Z W0128 09:46:26.058429       1 logging.go:55] [core] [Channel #61 SubChannel #63]grpc: addrConn.createTransport failed to connect to {Addr: "10.0.108.54:2379", ServerName: "10.0.108.54:2379", BalancerAttributes: {"<%!p(pickfirstleaf.managedByPickfirstKeyType={})>": "<%!p(bool=true)>" }}. Err: connection error: desc = "transport: Error while dialing: dial tcp 10.0.108.54:2379: connect: connection refused"
2026-01-28T09:46:26.058578388Z W0128 09:46:26.058545       1 logging.go:55] [core] [Channel #67 SubChannel #69]grpc: addrConn.createTransport failed to connect to {Addr: "10.0.108.54:2379", ServerName: "10.0.108.54:2379", BalancerAttributes: {"<%!p(pickfirstleaf.managedByPickfirstKeyType={})>": "<%!p(bool=true)>" }}. Err: connection error: desc = "transport: Error while dialing: dial tcp 10.0.108.54:2379: connect: connection refused"
2026-01-28T09:46:26.058701404Z W0128 09:46:26.058670       1 logging.go:55] [core] [Channel #103 SubChannel #105]grpc: addrConn.createTransport failed to connect to {Addr: "10.0.108.54:2379", ServerName: "10.0.108.54:2379", BalancerAttributes: {"<%!p(pickfirstleaf.managedByPickfirstKeyType={})>": "<%!p(bool=true)>" }}. Err: connection error: desc = "transport: Error while dialing: dial tcp 10.0.108.54:2379: connect: connection refused"
2026-01-28T09:46:26.058833040Z W0128 09:46:26.058814       1 logging.go:55] [core] [Channel #87 SubChannel #89]grpc: addrConn.createTransport failed to connect to {Addr: "10.0.108.54:2379", ServerName: "10.0.108.54:2379", BalancerAttributes: {"<%!p(pickfirstleaf.managedByPickfirstKeyType={})>": "<%!p(bool=true)>" }}. Err: connection error: desc = "transport: Error while dialing: dial tcp 10.0.108.54:2379: connect: connection refused"
2026-01-28T09:46:26.058923525Z W0128 09:46:26.058901       1 logging.go:55] [core] [Channel #95 SubChannel #97]grpc: addrConn.createTransport failed to connect to {Addr: "10.0.108.54:2379", ServerName: "10.0.108.54:2379", BalancerAttributes: {"<%!p(pickfirstleaf.managedByPickfirstKeyType={})>": "<%!p(bool=true)>" }}. Err: connection error: desc = "transport: Error while dialing: dial tcp 10.0.108.54:2379: connect: connection refused"
2026-01-28T09:46:26.058977178Z W0128 09:46:26.058963       1 logging.go:55] [core] [Channel #15 SubChannel #17]grpc: addrConn.createTransport failed to connect to {Addr: "10.0.108.54:2379", ServerName: "10.0.108.54:2379", BalancerAttributes: {"<%!p(pickfirstleaf.managedByPickfirstKeyType={})>": "<%!p(bool=true)>" }}. Err: connection error: desc = "transport: Error while dialing: dial tcp 10.0.108.54:2379: connect: connection refused"
2026-01-28T09:46:26.059100453Z W0128 09:46:26.058970       1 logging.go:55] [core] [Channel #5 SubChannel #7]grpc: addrConn.createTransport failed to connect to {Addr: "10.0.108.54:2379", ServerName: "10.0.108.54:2379", BalancerAttributes: {"<%!p(pickfirstleaf.managedByPickfirstKeyType={})>": "<%!p(bool=true)>" }}. Err: connection error: desc = "transport: Error while dialing: dial tcp 10.0.108.54:2379: connect: connection refused"
2026-01-28T09:46:26.059158876Z W0128 09:46:26.059011       1 logging.go:55] [core] [Channel #22 SubChannel #24]grpc: addrConn.createTransport failed to connect to {Addr: "10.0.108.54:2379", ServerName: "10.0.108.54:2379", BalancerAttributes: {"<%!p(pickfirstleaf.managedByPickfirstKeyType={})>": "<%!p(bool=true)>" }}. Err: connection error: desc = "transport: Error while dialing: dial tcp 10.0.108.54:2379: connect: connection refused"
2026-01-28T09:46:26.061124314Z W0128 09:46:26.059347       1 logging.go:55] [core] [Channel #47 SubChannel #49]grpc: addrConn.createTransport failed to connect to {Addr: "10.0.108.54:2379", ServerName: "10.0.108.54:2379", BalancerAttributes: {"<%!p(pickfirstleaf.managedByPickfirstKeyType={})>": "<%!p(bool=true)>" }}. Err: connection error: desc = "transport: Error while dialing: dial tcp 10.0.108.54:2379: connect: connection refused"
2026-01-28T09:46:27.035830866Z W0128 09:46:27.035789       1 logging.go:55] [core] [Channel #53 SubChannel #55]grpc: addrConn.createTransport failed to connect to {Addr: "10.0.108.54:2379", ServerName: "10.0.108.54:2379", BalancerAttributes: {"<%!p(pickfirstleaf.managedByPickfirstKeyType={})>": "<%!p(bool=true)>" }}. Err: connection error: desc = "transport: Error while dialing: dial tcp 10.0.108.54:2379: connect: connection refused"
2026-01-28T09:46:27.035830866Z W0128 09:46:27.035801       1 logging.go:55] [core] [Channel #82 SubChannel #84]grpc: addrConn.createTransport failed to connect to {Addr: "10.0.108.54:2379", ServerName: "10.0.108.54:2379", BalancerAttributes: {"<%!p(pickfirstleaf.managedByPickfirstKeyType={})>": "<%!p(bool=true)>" }}. Err: connection error: desc = "transport: Error while dialing: dial tcp 10.0.108.54:2379: connect: connection refused"
2026-01-28T09:46:27.047225671Z W0128 09:46:27.047191       1 logging.go:55] [core] [Channel #75 SubChannel #77]grpc: addrConn.createTransport failed to connect to {Addr: "10.0.108.54:2379", ServerName: "10.0.108.54:2379", BalancerAttributes: {"<%!p(pickfirstleaf.managedByPickfirstKeyType={})>": "<%!p(bool=true)>" }}. Err: connection error: desc = "transport: Error while dialing: dial tcp 10.0.108.54:2379: connect: connection refused"
2026-01-28T09:46:27.058710740Z W0128 09:46:27.058639       1 logging.go:55] [core] [Channel #1 SubChannel #3]grpc: addrConn.createTransport failed to connect to {Addr: "10.0.108.54:2379", ServerName: "10.0.108.54:2379", BalancerAttributes: {"<%!p(pickfirstleaf.managedByPickfirstKeyType={})>": "<%!p(bool=true)>" }}. Err: connection error: desc = "transport: Error while dialing: dial tcp 10.0.108.54:2379: connect: connection refused"
2026-01-28T09:46:27.059083119Z W0128 09:46:27.059059       1 logging.go:55] [core] [Channel #67 SubChannel #69]grpc: addrConn.createTransport failed to connect to {Addr: "10.0.108.54:2379", ServerName: "10.0.108.54:2379", BalancerAttributes: {"<%!p(pickfirstleaf.managedByPickfirstKeyType={})>": "<%!p(bool=true)>" }}. Err: connection error: desc = "transport: Error while dialing: dial tcp 10.0.108.54:2379: connect: connection refused"
2026-01-28T09:46:27.059617316Z W0128 09:46:27.059245       1 logging.go:55] [core] [Channel #95 SubChannel #97]grpc: addrConn.createTransport failed to connect to {Addr: "10.0.108.54:2379", ServerName: "10.0.108.54:2379", BalancerAttributes: {"<%!p(pickfirstleaf.managedByPickfirstKeyType={})>": "<%!p(bool=true)>" }}. Err: connection error: desc = "transport: Error while dialing: dial tcp 10.0.108.54:2379: connect: connection refused"
2026-01-28T09:46:27.059712600Z W0128 09:46:27.059371       1 logging.go:55] [core] [Channel #103 SubChannel #105]grpc: addrConn.createTransport failed to connect to {Addr: "10.0.108.54:2379", ServerName: "10.0.108.54:2379", BalancerAttributes: {"<%!p(pickfirstleaf.managedByPickfirstKeyType={})>": "<%!p(bool=true)>" }}. Err: connection error: desc = "transport: Error while dialing: dial tcp 10.0.108.54:2379: connect: connection refused"
2026-01-28T09:46:27.059712600Z W0128 09:46:27.059376       1 logging.go:55] [core] [Channel #87 SubChannel #89]grpc: addrConn.createTransport failed to connect to {Addr: "10.0.108.54:2379", ServerName: "10.0.108.54:2379", BalancerAttributes: {"<%!p(pickfirstleaf.managedByPickfirstKeyType={})>": "<%!p(bool=true)>" }}. Err: connection error: desc = "transport: Error while dialing: dial tcp 10.0.108.54:2379: connect: connection refused"
2026-01-28T09:46:27.059730851Z W0128 09:46:27.059516       1 logging.go:55] [core] [Channel #5 SubChannel #7]grpc: addrConn.createTransport failed to connect to {Addr: "10.0.108.54:2379", ServerName: "10.0.108.54:2379", BalancerAttributes: {"<%!p(pickfirstleaf.managedByPickfirstKeyType={})>": "<%!p(bool=true)>" }}. Err: connection error: desc = "transport: Error while dialing: dial tcp 10.0.108.54:2379: connect: connection refused"
2026-01-28T09:46:27.059743752Z W0128 09:46:27.059561       1 logging.go:55] [core] [Channel #47 SubChannel #49]grpc: addrConn.createTransport failed to connect to {Addr: "10.0.108.54:2379", ServerName: "10.0.108.54:2379", BalancerAttributes: {"<%!p(pickfirstleaf.managedByPickfirstKeyType={})>": "<%!p(bool=true)>" }}. Err: connection error: desc = "transport: Error while dialing: dial tcp 10.0.108.54:2379: connect: connection refused"
2026-01-28T09:46:27.059757583Z W0128 09:46:27.059563       1 logging.go:55] [core] [Channel #61 SubChannel #63]grpc: addrConn.createTransport failed to connect to {Addr: "10.0.108.54:2379", ServerName: "10.0.108.54:2379", BalancerAttributes: {"<%!p(pickfirstleaf.managedByPickfirstKeyType={})>": "<%!p(bool=true)>" }}. Err: connection error: desc = "transport: Error while dialing: dial tcp 10.0.108.54:2379: connect: connection refused"
2026-01-28T09:46:27.059775453Z W0128 09:46:27.059601       1 logging.go:55] [core] [Channel #22 SubChannel #24]grpc: addrConn.createTransport failed to connect to {Addr: "10.0.108.54:2379", ServerName: "10.0.108.54:2379", BalancerAttributes: {"<%!p(pickfirstleaf.managedByPickfirstKeyType={})>": "<%!p(bool=true)>" }}. Err: connection error: desc = "transport: Error while dialing: dial tcp 10.0.108.54:2379: connect: connection refused"
2026-01-28T09:46:27.059891889Z W0128 09:46:27.059859       1 logging.go:55] [core] [Channel #15 SubChannel #17]grpc: addrConn.createTransport failed to connect to {Addr: "10.0.108.54:2379", ServerName: "10.0.108.54:2379", BalancerAttributes: {"<%!p(pickfirstleaf.managedByPickfirstKeyType={})>": "<%!p(bool=true)>" }}. Err: connection error: desc = "transport: Error while dialing: dial tcp 10.0.108.54:2379: connect: connection refused"
2026-01-28T09:46:28.426397889Z W0128 09:46:28.426360       1 logging.go:55] [core] [Channel #1 SubChannel #3]grpc: addrConn.createTransport failed to connect to {Addr: "10.0.108.54:2379", ServerName: "10.0.108.54:2379", BalancerAttributes: {"<%!p(pickfirstleaf.managedByPickfirstKeyType={})>": "<%!p(bool=true)>" }}. Err: connection error: desc = "transport: Error while dialing: dial tcp 10.0.108.54:2379: connect: connection refused"
2026-01-28T09:46:28.467825224Z W0128 09:46:28.467796       1 logging.go:55] [core] [Channel #22 SubChannel #24]grpc: addrConn.createTransport failed to connect to {Addr: "10.0.108.54:2379", ServerName: "10.0.108.54:2379", BalancerAttributes: {"<%!p(pickfirstleaf.managedByPickfirstKeyType={})>": "<%!p(bool=true)>" }}. Err: connection error: desc = "transport: Error while dialing: dial tcp 10.0.108.54:2379: connect: connection refused"
2026-01-28T09:46:28.498444452Z W0128 09:46:28.498418       1 logging.go:55] [core] [Channel #87 SubChannel #89]grpc: addrConn.createTransport failed to connect to {Addr: "10.0.108.54:2379", ServerName: "10.0.108.54:2379", BalancerAttributes: {"<%!p(pickfirstleaf.managedByPickfirstKeyType={})>": "<%!p(bool=true)>" }}. Err: connection error: desc = "transport: Error while dialing: dial tcp 10.0.108.54:2379: connect: connection refused"
2026-01-28T09:46:28.499779788Z W0128 09:46:28.499741       1 logging.go:55] [core] [Channel #75 SubChannel #77]grpc: addrConn.createTransport failed to connect to {Addr: "10.0.108.54:2379", ServerName: "10.0.108.54:2379", BalancerAttributes: {"<%!p(pickfirstleaf.managedByPickfirstKeyType={})>": "<%!p(bool=true)>" }}. Err: connection error: desc = "transport: Error while dialing: dial tcp 10.0.108.54:2379: connect: connection refused"
2026-01-28T09:46:28.509197705Z W0128 09:46:28.509172       1 logging.go:55] [core] [Channel #61 SubChannel #63]grpc: addrConn.createTransport failed to connect to {Addr: "10.0.108.54:2379", ServerName: "10.0.108.54:2379", BalancerAttributes: {"<%!p(pickfirstleaf.managedByPickfirstKeyType={})>": "<%!p(bool=true)>" }}. Err: connection error: desc = "transport: Error while dialing: dial tcp 10.0.108.54:2379: connect: connection refused"
2026-01-28T09:46:28.543715787Z W0128 09:46:28.543680       1 logging.go:55] [core] [Channel #103 SubChannel #105]grpc: addrConn.createTransport failed to connect to {Addr: "10.0.108.54:2379", ServerName: "10.0.108.54:2379", BalancerAttributes: {"<%!p(pickfirstleaf.managedByPickfirstKeyType={})>": "<%!p(bool=true)>" }}. Err: connection error: desc = "transport: Error while dialing: dial tcp 10.0.108.54:2379: connect: connection refused"
2026-01-28T09:46:28.546351667Z W0128 09:46:28.546288       1 logging.go:55] [core] [Channel #95 SubChannel #97]grpc: addrConn.createTransport failed to connect to {Addr: "10.0.108.54:2379", ServerName: "10.0.108.54:2379", BalancerAttributes: {"<%!p(pickfirstleaf.managedByPickfirstKeyType={})>": "<%!p(bool=true)>" }}. Err: connection error: desc = "transport: Error while dialing: dial tcp 10.0.108.54:2379: connect: connection refused"
2026-01-28T09:46:28.564692547Z W0128 09:46:28.564668       1 logging.go:55] [core] [Channel #53 SubChannel #55]grpc: addrConn.createTransport failed to connect to {Addr: "10.0.108.54:2379", ServerName: "10.0.108.54:2379", BalancerAttributes: {"<%!p(pickfirstleaf.managedByPickfirstKeyType={})>": "<%!p(bool=true)>" }}. Err: connection error: desc = "transport: Error while dialing: dial tcp 10.0.108.54:2379: connect: connection refused"
2026-01-28T09:46:28.670730015Z W0128 09:46:28.670691       1 logging.go:55] [core] [Channel #47 SubChannel #49]grpc: addrConn.createTransport failed to connect to {Addr: "10.0.108.54:2379", ServerName: "10.0.108.54:2379", BalancerAttributes: {"<%!p(pickfirstleaf.managedByPickfirstKeyType={})>": "<%!p(bool=true)>" }}. Err: connection error: desc = "transport: Error while dialing: dial tcp 10.0.108.54:2379: connect: connection refused"
2026-01-28T09:46:28.691078764Z W0128 09:46:28.691016       1 logging.go:55] [core] [Channel #15 SubChannel #17]grpc: addrConn.createTransport failed to connect to {Addr: "10.0.108.54:2379", ServerName: "10.0.108.54:2379", BalancerAttributes: {"<%!p(pickfirstleaf.managedByPickfirstKeyType={})>": "<%!p(bool=true)>" }}. Err: connection error: desc = "transport: Error while dialing: dial tcp 10.0.108.54:2379: connect: connection refused"
2026-01-28T09:46:28.713805021Z W0128 09:46:28.713756       1 logging.go:55] [core] [Channel #67 SubChannel #69]grpc: addrConn.createTransport failed to connect to {Addr: "10.0.108.54:2379", ServerName: "10.0.108.54:2379", BalancerAttributes: {"<%!p(pickfirstleaf.managedByPickfirstKeyType={})>": "<%!p(bool=true)>" }}. Err: connection error: desc = "transport: Error while dialing: dial tcp 10.0.108.54:2379: connect: connection refused"
2026-01-28T09:46:28.757279946Z W0128 09:46:28.757244       1 logging.go:55] [core] [Channel #82 SubChannel #84]grpc: addrConn.createTransport failed to connect to {Addr: "10.0.108.54:2379", ServerName: "10.0.108.54:2379", BalancerAttributes: {"<%!p(pickfirstleaf.managedByPickfirstKeyType={})>": "<%!p(bool=true)>" }}. Err: connection error: desc = "transport: Error while dialing: dial tcp 10.0.108.54:2379: connect: connection refused"
2026-01-28T09:46:28.830121718Z W0128 09:46:28.830081       1 logging.go:55] [core] [Channel #5 SubChannel #7]grpc: addrConn.createTransport failed to connect to {Addr: "10.0.108.54:2379", ServerName: "10.0.108.54:2379", BalancerAttributes: {"<%!p(pickfirstleaf.managedByPickfirstKeyType={})>": "<%!p(bool=true)>" }}. Err: connection error: desc = "transport: Error while dialing: dial tcp 10.0.108.54:2379: connect: connection refused"
2026-01-28T09:46:30.638939311Z W0128 09:46:30.638849       1 logging.go:55] [core] [Channel #95 SubChannel #97]grpc: addrConn.createTransport failed to connect to {Addr: "10.0.108.54:2379", ServerName: "10.0.108.54:2379", BalancerAttributes: {"<%!p(pickfirstleaf.managedByPickfirstKeyType={})>": "<%!p(bool=true)>" }}. Err: connection error: desc = "transport: Error while dialing: dial tcp 10.0.108.54:2379: connect: connection refused"
2026-01-28T09:46:31.000852931Z W0128 09:46:31.000810       1 logging.go:55] [core] [Channel #1 SubChannel #3]grpc: addrConn.createTransport failed to connect to {Addr: "10.0.108.54:2379", ServerName: "10.0.108.54:2379", BalancerAttributes: {"<%!p(pickfirstleaf.managedByPickfirstKeyType={})>": "<%!p(bool=true)>" }}. Err: connection error: desc = "transport: Error while dialing: dial tcp 10.0.108.54:2379: connect: connection refused"
2026-01-28T09:46:31.025395501Z W0128 09:46:31.025369       1 logging.go:55] [core] [Channel #53 SubChannel #55]grpc: addrConn.createTransport failed to connect to {Addr: "10.0.108.54:2379", ServerName: "10.0.108.54:2379", BalancerAttributes: {"<%!p(pickfirstleaf.managedByPickfirstKeyType={})>": "<%!p(bool=true)>" }}. Err: connection error: desc = "transport: Error while dialing: dial tcp 10.0.108.54:2379: connect: connection refused"
2026-01-28T09:46:31.217161415Z W0128 09:46:31.217101       1 logging.go:55] [core] [Channel #47 SubChannel #49]grpc: addrConn.createTransport failed to connect to {Addr: "10.0.108.54:2379", ServerName: "10.0.108.54:2379", BalancerAttributes: {"<%!p(pickfirstleaf.managedByPickfirstKeyType={})>": "<%!p(bool=true)>" }}. Err: connection error: desc = "transport: Error while dialing: dial tcp 10.0.108.54:2379: connect: connection refused"
2026-01-28T09:46:31.282880903Z W0128 09:46:31.282806       1 logging.go:55] [core] [Channel #87 SubChannel #89]grpc: addrConn.createTransport failed to connect to {Addr: "10.0.108.54:2379", ServerName: "10.0.108.54:2379", BalancerAttributes: {"<%!p(pickfirstleaf.managedByPickfirstKeyType={})>": "<%!p(bool=true)>" }}. Err: connection error: desc = "transport: Error while dialing: dial tcp 10.0.108.54:2379: connect: connection refused"
2026-01-28T09:46:31.341223433Z W0128 09:46:31.341166       1 logging.go:55] [core] [Channel #82 SubChannel #84]grpc: addrConn.createTransport failed to connect to {Addr: "10.0.108.54:2379", ServerName: "10.0.108.54:2379", BalancerAttributes: {"<%!p(pickfirstleaf.managedByPickfirstKeyType={})>": "<%!p(bool=true)>" }}. Err: connection error: desc = "transport: Error while dialing: dial tcp 10.0.108.54:2379: connect: connection refused"
2026-01-28T09:46:31.384260833Z W0128 09:46:31.384221       1 logging.go:55] [core] [Channel #5 SubChannel #7]grpc: addrConn.createTransport failed to connect to {Addr: "10.0.108.54:2379", ServerName: "10.0.108.54:2379", BalancerAttributes: {"<%!p(pickfirstleaf.managedByPickfirstKeyType={})>": "<%!p(bool=true)>" }}. Err: connection error: desc = "transport: Error while dialing: dial tcp 10.0.108.54:2379: connect: connection refused"
2026-01-28T09:46:31.468766174Z W0128 09:46:31.468727       1 logging.go:55] [core] [Channel #61 SubChannel #63]grpc: addrConn.createTransport failed to connect to {Addr: "10.0.108.54:2379", ServerName: "10.0.108.54:2379", BalancerAttributes: {"<%!p(pickfirstleaf.managedByPickfirstKeyType={})>": "<%!p(bool=true)>" }}. Err: connection error: desc = "transport: Error while dialing: dial tcp 10.0.108.54:2379: connect: connection refused"
2026-01-28T09:46:31.473261598Z W0128 09:46:31.473237       1 logging.go:55] [core] [Channel #22 SubChannel #24]grpc: addrConn.createTransport failed to connect to {Addr: "10.0.108.54:2379", ServerName: "10.0.108.54:2379", BalancerAttributes: {"<%!p(pickfirstleaf.managedByPickfirstKeyType={})>": "<%!p(bool=true)>" }}. Err: connection error: desc = "transport: Error while dialing: dial tcp 10.0.108.54:2379: connect: connection refused"
2026-01-28T09:46:31.532361386Z W0128 09:46:31.532326       1 logging.go:55] [core] [Channel #75 SubChannel #77]grpc: addrConn.createTransport failed to connect to {Addr: "10.0.108.54:2379", ServerName: "10.0.108.54:2379", BalancerAttributes: {"<%!p(pickfirstleaf.managedByPickfirstKeyType={})>": "<%!p(bool=true)>" }}. Err: connection error: desc = "transport: Error while dialing: dial tcp 10.0.108.54:2379: connect: connection refused"
2026-01-28T09:46:31.547570362Z W0128 09:46:31.547506       1 logging.go:55] [core] [Channel #15 SubChannel #17]grpc: addrConn.createTransport failed to connect to {Addr: "10.0.108.54:2379", ServerName: "10.0.108.54:2379", BalancerAttributes: {"<%!p(pickfirstleaf.managedByPickfirstKeyType={})>": "<%!p(bool=true)>" }}. Err: connection error: desc = "transport: Error while dialing: dial tcp 10.0.108.54:2379: connect: connection refused"
2026-01-28T09:46:31.551784822Z W0128 09:46:31.551757       1 logging.go:55] [core] [Channel #103 SubChannel #105]grpc: addrConn.createTransport failed to connect to {Addr: "10.0.108.54:2379", ServerName: "10.0.108.54:2379", BalancerAttributes: {"<%!p(pickfirstleaf.managedByPickfirstKeyType={})>": "<%!p(bool=true)>" }}. Err: connection error: desc = "transport: Error while dialing: dial tcp 10.0.108.54:2379: connect: connection refused"
2026-01-28T09:46:31.780948835Z W0128 09:46:31.780909       1 logging.go:55] [core] [Channel #67 SubChannel #69]grpc: addrConn.createTransport failed to connect to {Addr: "10.0.108.54:2379", ServerName: "10.0.108.54:2379", BalancerAttributes: {"<%!p(pickfirstleaf.managedByPickfirstKeyType={})>": "<%!p(bool=true)>" }}. Err: connection error: desc = "transport: Error while dialing: dial tcp 10.0.108.54:2379: connect: connection refused"
2026-01-28T09:46:34.747141547Z W0128 09:46:34.747094       1 logging.go:55] [core] [Channel #5 SubChannel #7]grpc: addrConn.createTransport failed to connect to {Addr: "10.0.108.54:2379", ServerName: "10.0.108.54:2379", BalancerAttributes: {"<%!p(pickfirstleaf.managedByPickfirstKeyType={})>": "<%!p(bool=true)>" }}. Err: connection error: desc = "transport: Error while dialing: dial tcp 10.0.108.54:2379: connect: connection refused"
2026-01-28T09:46:34.981059286Z W0128 09:46:34.980969       1 logging.go:55] [core] [Channel #61 SubChannel #63]grpc: addrConn.createTransport failed to connect to {Addr: "10.0.108.54:2379", ServerName: "10.0.108.54:2379", BalancerAttributes: {"<%!p(pickfirstleaf.managedByPickfirstKeyType={})>": "<%!p(bool=true)>" }}. Err: connection error: desc = "transport: Error while dialing: dial tcp 10.0.108.54:2379: connect: connection refused"
2026-01-28T09:46:35.089212973Z W0128 09:46:35.089172       1 logging.go:55] [core] [Channel #47 SubChannel #49]grpc: addrConn.createTransport failed to connect to {Addr: "10.0.108.54:2379", ServerName: "10.0.108.54:2379", BalancerAttributes: {"<%!p(pickfirstleaf.managedByPickfirstKeyType={})>": "<%!p(bool=true)>" }}. Err: connection error: desc = "transport: Error while dialing: dial tcp 10.0.108.54:2379: connect: connection refused"
2026-01-28T09:46:35.094493266Z W0128 09:46:35.094465       1 logging.go:55] [core] [Channel #95 SubChannel #97]grpc: addrConn.createTransport failed to connect to {Addr: "10.0.108.54:2379", ServerName: "10.0.108.54:2379", BalancerAttributes: {"<%!p(pickfirstleaf.managedByPickfirstKeyType={})>": "<%!p(bool=true)>" }}. Err: connection error: desc = "transport: Error while dialing: dial tcp 10.0.108.54:2379: connect: connection refused"
2026-01-28T09:46:35.157393663Z W0128 09:46:35.157369       1 logging.go:55] [core] [Channel #82 SubChannel #84]grpc: addrConn.createTransport failed to connect to {Addr: "10.0.108.54:2379", ServerName: "10.0.108.54:2379", BalancerAttributes: {"<%!p(pickfirstleaf.managedByPickfirstKeyType={})>": "<%!p(bool=true)>" }}. Err: connection error: desc = "transport: Error while dialing: dial tcp 10.0.108.54:2379: connect: connection refused"
2026-01-28T09:46:35.429509822Z W0128 09:46:35.429457       1 logging.go:55] [core] [Channel #67 SubChannel #69]grpc: addrConn.createTransport failed to connect to {Addr: "10.0.108.54:2379", ServerName: "10.0.108.54:2379", BalancerAttributes: {"<%!p(pickfirstleaf.managedByPickfirstKeyType={})>": "<%!p(bool=true)>" }}. Err: connection error: desc = "transport: Error while dialing: dial tcp 10.0.108.54:2379: connect: connection refused"
2026-01-28T09:46:35.513273556Z W0128 09:46:35.513228       1 logging.go:55] [core] [Channel #1 SubChannel #3]grpc: addrConn.createTransport failed to connect to {Addr: "10.0.108.54:2379", ServerName: "10.0.108.54:2379", BalancerAttributes: {"<%!p(pickfirstleaf.managedByPickfirstKeyType={})>": "<%!p(bool=true)>" }}. Err: connection error: desc = "transport: Error while dialing: dial tcp 10.0.108.54:2379: connect: connection refused"
2026-01-28T09:46:35.558842332Z W0128 09:46:35.558789       1 logging.go:55] [core] [Channel #75 SubChannel #77]grpc: addrConn.createTransport failed to connect to {Addr: "10.0.108.54:2379", ServerName: "10.0.108.54:2379", BalancerAttributes: {"<%!p(pickfirstleaf.managedByPickfirstKeyType={})>": "<%!p(bool=true)>" }}. Err: connection error: desc = "transport: Error while dialing: dial tcp 10.0.108.54:2379: connect: connection refused"
2026-01-28T09:46:35.823094060Z W0128 09:46:35.823051       1 logging.go:55] [core] [Channel #53 SubChannel #55]grpc: addrConn.createTransport failed to connect to {Addr: "10.0.108.54:2379", ServerName: "10.0.108.54:2379", BalancerAttributes: {"<%!p(pickfirstleaf.managedByPickfirstKeyType={})>": "<%!p(bool=true)>" }}. Err: connection error: desc = "transport: Error while dialing: dial tcp 10.0.108.54:2379: connect: connection refused"
2026-01-28T09:46:35.898130810Z W0128 09:46:35.898089       1 logging.go:55] [core] [Channel #87 SubChannel #89]grpc: addrConn.createTransport failed to connect to {Addr: "10.0.108.54:2379", ServerName: "10.0.108.54:2379", BalancerAttributes: {"<%!p(pickfirstleaf.managedByPickfirstKeyType={})>": "<%!p(bool=true)>" }}. Err: connection error: desc = "transport: Error while dialing: dial tcp 10.0.108.54:2379: connect: connection refused"
2026-01-28T09:46:35.926503291Z W0128 09:46:35.926471       1 logging.go:55] [core] [Channel #240 SubChannel #242]grpc: addrConn.createTransport failed to connect to {Addr: "10.0.108.54:2379", ServerName: "10.0.108.54:2379", BalancerAttributes: {"<%!p(pickfirstleaf.managedByPickfirstKeyType={})>": "<%!p(bool=true)>" }}. Err: connection error: desc = "transport: Error while dialing: dial tcp 10.0.108.54:2379: connect: connection refused"
2026-01-28T09:46:35.931761683Z W0128 09:46:35.931736       1 logging.go:55] [core] [Channel #245 SubChannel #246]grpc: addrConn.createTransport failed to connect to {Addr: "10.0.108.54:2379", ServerName: "10.0.108.54:2379", BalancerAttributes: {"<%!p(pickfirstleaf.managedByPickfirstKeyType={})>": "<%!p(bool=true)>" }}. Err: connection error: desc = "transport: Error while dialing: dial tcp 10.0.108.54:2379: connect: connection refused"
2026-01-28T09:46:36.040430675Z W0128 09:46:36.040396       1 logging.go:55] [core] [Channel #22 SubChannel #24]grpc: addrConn.createTransport failed to connect to {Addr: "10.0.108.54:2379", ServerName: "10.0.108.54:2379", BalancerAttributes: {"<%!p(pickfirstleaf.managedByPickfirstKeyType={})>": "<%!p(bool=true)>" }}. Err: connection error: desc = "transport: Error while dialing: dial tcp 10.0.108.54:2379: connect: connection refused"
2026-01-28T09:46:36.209546003Z W0128 09:46:36.209502       1 logging.go:55] [core] [Channel #103 SubChannel #105]grpc: addrConn.createTransport failed to connect to {Addr: "10.0.108.54:2379", ServerName: "10.0.108.54:2379", BalancerAttributes: {"<%!p(pickfirstleaf.managedByPickfirstKeyType={})>": "<%!p(bool=true)>" }}. Err: connection error: desc = "transport: Error while dialing: dial tcp 10.0.108.54:2379: connect: connection refused"
2026-01-28T09:46:36.313496871Z W0128 09:46:36.313452       1 logging.go:55] [core] [Channel #15 SubChannel #17]grpc: addrConn.createTransport failed to connect to {Addr: "10.0.108.54:2379", ServerName: "10.0.108.54:2379", BalancerAttributes: {"<%!p(pickfirstleaf.managedByPickfirstKeyType={})>": "<%!p(bool=true)>" }}. Err: connection error: desc = "transport: Error while dialing: dial tcp 10.0.108.54:2379: connect: connection refused"
2026-01-28T09:46:36.927631734Z W0128 09:46:36.927585       1 logging.go:55] [core] [Channel #240 SubChannel #242]grpc: addrConn.createTransport failed to connect to {Addr: "10.0.108.54:2379", ServerName: "10.0.108.54:2379", BalancerAttributes: {"<%!p(pickfirstleaf.managedByPickfirstKeyType={})>": "<%!p(bool=true)>" }}. Err: connection error: desc = "transport: Error while dialing: dial tcp 10.0.108.54:2379: connect: connection refused"
2026-01-28T09:46:36.932961890Z W0128 09:46:36.932926       1 logging.go:55] [core] [Channel #245 SubChannel #246]grpc: addrConn.createTransport failed to connect to {Addr: "10.0.108.54:2379", ServerName: "10.0.108.54:2379", BalancerAttributes: {"<%!p(pickfirstleaf.managedByPickfirstKeyType={})>": "<%!p(bool=true)>" }}. Err: connection error: desc = "transport: Error while dialing: dial tcp 10.0.108.54:2379: connect: connection refused"
2026-01-28T09:46:38.220274031Z W0128 09:46:38.220221       1 logging.go:55] [core] [Channel #240 SubChannel #242]grpc: addrConn.createTransport failed to connect to {Addr: "10.0.108.54:2379", ServerName: "10.0.108.54:2379", BalancerAttributes: {"<%!p(pickfirstleaf.managedByPickfirstKeyType={})>": "<%!p(bool=true)>" }}. Err: connection error: desc = "transport: Error while dialing: dial tcp 10.0.108.54:2379: connect: connection refused"
2026-01-28T09:46:38.604865152Z W0128 09:46:38.604812       1 logging.go:55] [core] [Channel #245 SubChannel #246]grpc: addrConn.createTransport failed to connect to {Addr: "10.0.108.54:2379", ServerName: "10.0.108.54:2379", BalancerAttributes: {"<%!p(pickfirstleaf.managedByPickfirstKeyType={})>": "<%!p(bool=true)>" }}. Err: connection error: desc = "transport: Error while dialing: dial tcp 10.0.108.54:2379: connect: connection refused"
2026-01-28T09:46:40.099410226Z W0128 09:46:40.099362       1 logging.go:55] [core] [Channel #5 SubChannel #7]grpc: addrConn.createTransport failed to connect to {Addr: "10.0.108.54:2379", ServerName: "10.0.108.54:2379", BalancerAttributes: {"<%!p(pickfirstleaf.managedByPickfirstKeyType={})>": "<%!p(bool=true)>" }}. Err: connection error: desc = "transport: Error while dialing: dial tcp 10.0.108.54:2379: connect: connection refused"
2026-01-28T09:46:40.521319262Z W0128 09:46:40.521277       1 logging.go:55] [core] [Channel #240 SubChannel #242]grpc: addrConn.createTransport failed to connect to {Addr: "10.0.108.54:2379", ServerName: "10.0.108.54:2379", BalancerAttributes: {"<%!p(pickfirstleaf.managedByPickfirstKeyType={})>": "<%!p(bool=true)>" }}. Err: connection error: desc = "transport: Error while dialing: dial tcp 10.0.108.54:2379: connect: connection refused"
2026-01-28T09:46:40.732329543Z W0128 09:46:40.732285       1 logging.go:55] [core] [Channel #245 SubChannel #246]grpc: addrConn.createTransport failed to connect to {Addr: "10.0.108.54:2379", ServerName: "10.0.108.54:2379", BalancerAttributes: {"<%!p(pickfirstleaf.managedByPickfirstKeyType={})>": "<%!p(bool=true)>" }}. Err: connection error: desc = "transport: Error while dialing: dial tcp 10.0.108.54:2379: connect: connection refused"
2026-01-28T09:46:41.145473264Z W0128 09:46:41.145425       1 logging.go:55] [core] [Channel #1 SubChannel #3]grpc: addrConn.createTransport failed to connect to {Addr: "10.0.108.54:2379", ServerName: "10.0.108.54:2379", BalancerAttributes: {"<%!p(pickfirstleaf.managedByPickfirstKeyType={})>": "<%!p(bool=true)>" }}. Err: connection error: desc = "transport: Error while dialing: dial tcp 10.0.108.54:2379: connect: connection refused"
2026-01-28T09:46:41.270546172Z W0128 09:46:41.270482       1 logging.go:55] [core] [Channel #61 SubChannel #63]grpc: addrConn.createTransport failed to connect to {Addr: "10.0.108.54:2379", ServerName: "10.0.108.54:2379", BalancerAttributes: {"<%!p(pickfirstleaf.managedByPickfirstKeyType={})>": "<%!p(bool=true)>" }}. Err: connection error: desc = "transport: Error while dialing: dial tcp 10.0.108.54:2379: connect: connection refused"
2026-01-28T09:46:41.483917170Z W0128 09:46:41.483877       1 logging.go:55] [core] [Channel #22 SubChannel #24]grpc: addrConn.createTransport failed to connect to {Addr: "10.0.108.54:2379", ServerName: "10.0.108.54:2379", BalancerAttributes: {"<%!p(pickfirstleaf.managedByPickfirstKeyType={})>": "<%!p(bool=true)>" }}. Err: connection error: desc = "transport: Error while dialing: dial tcp 10.0.108.54:2379: connect: connection refused"
2026-01-28T09:46:41.593527720Z W0128 09:46:41.593489       1 logging.go:55] [core] [Channel #53 SubChannel #55]grpc: addrConn.createTransport failed to connect to {Addr: "10.0.108.54:2379", ServerName: "10.0.108.54:2379", BalancerAttributes: {"<%!p(pickfirstleaf.managedByPickfirstKeyType={})>": "<%!p(bool=true)>" }}. Err: connection error: desc = "transport: Error while dialing: dial tcp 10.0.108.54:2379: connect: connection refused"
2026-01-28T09:46:41.646281263Z W0128 09:46:41.646225       1 logging.go:55] [core] [Channel #47 SubChannel #49]grpc: addrConn.createTransport failed to connect to {Addr: "10.0.108.54:2379", ServerName: "10.0.108.54:2379", BalancerAttributes: {"<%!p(pickfirstleaf.managedByPickfirstKeyType={})>": "<%!p(bool=true)>" }}. Err: connection error: desc = "transport: Error while dialing: dial tcp 10.0.108.54:2379: connect: connection refused"
2026-01-28T09:46:41.676002530Z W0128 09:46:41.675961       1 logging.go:55] [core] [Channel #82 SubChannel #84]grpc: addrConn.createTransport failed to connect to {Addr: "10.0.108.54:2379", ServerName: "10.0.108.54:2379", BalancerAttributes: {"<%!p(pickfirstleaf.managedByPickfirstKeyType={})>": "<%!p(bool=true)>" }}. Err: connection error: desc = "transport: Error while dialing: dial tcp 10.0.108.54:2379: connect: connection refused"
2026-01-28T09:46:42.023172210Z W0128 09:46:42.023115       1 logging.go:55] [core] [Channel #95 SubChannel #97]grpc: addrConn.createTransport failed to connect to {Addr: "10.0.108.54:2379", ServerName: "10.0.108.54:2379", BalancerAttributes: {"<%!p(pickfirstleaf.managedByPickfirstKeyType={})>": "<%!p(bool=true)>" }}. Err: connection error: desc = "transport: Error while dialing: dial tcp 10.0.108.54:2379: connect: connection refused"
2026-01-28T09:46:42.059435733Z W0128 09:46:42.059409       1 logging.go:55] [core] [Channel #103 SubChannel #105]grpc: addrConn.createTransport failed to connect to {Addr: "10.0.108.54:2379", ServerName: "10.0.108.54:2379", BalancerAttributes: {"<%!p(pickfirstleaf.managedByPickfirstKeyType={})>": "<%!p(bool=true)>" }}. Err: connection error: desc = "transport: Error while dialing: dial tcp 10.0.108.54:2379: connect: connection refused"
2026-01-28T09:46:42.113215807Z W0128 09:46:42.113181       1 logging.go:55] [core] [Channel #67 SubChannel #69]grpc: addrConn.createTransport failed to connect to {Addr: "10.0.108.54:2379", ServerName: "10.0.108.54:2379", BalancerAttributes: {"<%!p(pickfirstleaf.managedByPickfirstKeyType={})>": "<%!p(bool=true)>" }}. Err: connection error: desc = "transport: Error while dialing: dial tcp 10.0.108.54:2379: connect: connection refused"
2026-01-28T09:46:42.443722869Z W0128 09:46:42.443673       1 logging.go:55] [core] [Channel #75 SubChannel #77]grpc: addrConn.createTransport failed to connect to {Addr: "10.0.108.54:2379", ServerName: "10.0.108.54:2379", BalancerAttributes: {"<%!p(pickfirstleaf.managedByPickfirstKeyType={})>": "<%!p(bool=true)>" }}. Err: connection error: desc = "transport: Error while dialing: dial tcp 10.0.108.54:2379: connect: connection refused"
2026-01-28T09:46:42.456795919Z W0128 09:46:42.456765       1 logging.go:55] [core] [Channel #15 SubChannel #17]grpc: addrConn.createTransport failed to connect to {Addr: "10.0.108.54:2379", ServerName: "10.0.108.54:2379", BalancerAttributes: {"<%!p(pickfirstleaf.managedByPickfirstKeyType={})>": "<%!p(bool=true)>" }}. Err: connection error: desc = "transport: Error while dialing: dial tcp 10.0.108.54:2379: connect: connection refused"
2026-01-28T09:46:42.881182478Z W0128 09:46:42.881137       1 logging.go:55] [core] [Channel #87 SubChannel #89]grpc: addrConn.createTransport failed to connect to {Addr: "10.0.108.54:2379", ServerName: "10.0.108.54:2379", BalancerAttributes: {"<%!p(pickfirstleaf.managedByPickfirstKeyType={})>": "<%!p(bool=true)>" }}. Err: connection error: desc = "transport: Error while dialing: dial tcp 10.0.108.54:2379: connect: connection refused"
2026-01-28T09:46:44.620850110Z W0128 09:46:44.620800       1 logging.go:55] [core] [Channel #240 SubChannel #242]grpc: addrConn.createTransport failed to connect to {Addr: "10.0.108.54:2379", ServerName: "10.0.108.54:2379", BalancerAttributes: {"<%!p(pickfirstleaf.managedByPickfirstKeyType={})>": "<%!p(bool=true)>" }}. Err: connection error: desc = "transport: Error while dialing: dial tcp 10.0.108.54:2379: connect: connection refused"
2026-01-28T09:46:44.849749730Z W0128 09:46:44.849703       1 logging.go:55] [core] [Channel #245 SubChannel #246]grpc: addrConn.createTransport failed to connect to {Addr: "10.0.108.54:2379", ServerName: "10.0.108.54:2379", BalancerAttributes: {"<%!p(pickfirstleaf.managedByPickfirstKeyType={})>": "<%!p(bool=true)>" }}. Err: connection error: desc = "transport: Error while dialing: dial tcp 10.0.108.54:2379: connect: connection refused"
2026-01-28T09:46:49.765442312Z W0128 09:46:49.765390       1 logging.go:55] [core] [Channel #61 SubChannel #63]grpc: addrConn.createTransport failed to connect to {Addr: "10.0.108.54:2379", ServerName: "10.0.108.54:2379", BalancerAttributes: {"<%!p(pickfirstleaf.managedByPickfirstKeyType={})>": "<%!p(bool=true)>" }}. Err: connection error: desc = "transport: Error while dialing: dial tcp 10.0.108.54:2379: connect: connection refused"
2026-01-28T09:46:50.577490330Z W0128 09:46:50.577442       1 logging.go:55] [core] [Channel #240 SubChannel #242]grpc: addrConn.createTransport failed to connect to {Addr: "10.0.108.54:2379", ServerName: "10.0.108.54:2379", BalancerAttributes: {"<%!p(pickfirstleaf.managedByPickfirstKeyType={})>": "<%!p(bool=true)>" }}. Err: connection error: desc = "transport: Error while dialing: dial tcp 10.0.108.54:2379: connect: connection refused"
2026-01-28T09:46:50.764473472Z W0128 09:46:50.764440       1 logging.go:55] [core] [Channel #248 SubChannel #250]grpc: addrConn.createTransport failed to connect to {Addr: "10.0.108.54:2379", ServerName: "10.0.108.54:2379", BalancerAttributes: {"<%!p(pickfirstleaf.managedByPickfirstKeyType={})>": "<%!p(bool=true)>" }}. Err: connection error: desc = "transport: Error while dialing: dial tcp 10.0.108.54:2379: connect: connection refused"
2026-01-28T09:46:50.799208550Z W0128 09:46:50.799177       1 logging.go:55] [core] [Channel #67 SubChannel #69]grpc: addrConn.createTransport failed to connect to {Addr: "10.0.108.54:2379", ServerName: "10.0.108.54:2379", BalancerAttributes: {"<%!p(pickfirstleaf.managedByPickfirstKeyType={})>": "<%!p(bool=true)>" }}. Err: connection error: desc = "transport: Error while dialing: dial tcp 10.0.108.54:2379: connect: connection refused"
2026-01-28T09:46:50.820508949Z W0128 09:46:50.820486       1 logging.go:55] [core] [Channel #82 SubChannel #84]grpc: addrConn.createTransport failed to connect to {Addr: "10.0.108.54:2379", ServerName: "10.0.108.54:2379", BalancerAttributes: {"<%!p(pickfirstleaf.managedByPickfirstKeyType={})>": "<%!p(bool=true)>" }}. Err: connection error: desc = "transport: Error while dialing: dial tcp 10.0.108.54:2379: connect: connection refused"
2026-01-28T09:46:51.002442240Z W0128 09:46:51.002404       1 logging.go:55] [core] [Channel #47 SubChannel #49]grpc: addrConn.createTransport failed to connect to {Addr: "10.0.108.54:2379", ServerName: "10.0.108.54:2379", BalancerAttributes: {"<%!p(pickfirstleaf.managedByPickfirstKeyType={})>": "<%!p(bool=true)>" }}. Err: connection error: desc = "transport: Error while dialing: dial tcp 10.0.108.54:2379: connect: connection refused"
2026-01-28T09:46:51.056157862Z W0128 09:46:51.056133       1 logging.go:55] [core] [Channel #15 SubChannel #17]grpc: addrConn.createTransport failed to connect to {Addr: "10.0.108.54:2379", ServerName: "10.0.108.54:2379", BalancerAttributes: {"<%!p(pickfirstleaf.managedByPickfirstKeyType={})>": "<%!p(bool=true)>" }}. Err: connection error: desc = "transport: Error while dialing: dial tcp 10.0.108.54:2379: connect: connection refused"
2026-01-28T09:46:51.572783743Z W0128 09:46:51.572746       1 logging.go:55] [core] [Channel #103 SubChannel #105]grpc: addrConn.createTransport failed to connect to {Addr: "10.0.108.54:2379", ServerName: "10.0.108.54:2379", BalancerAttributes: {"<%!p(pickfirstleaf.managedByPickfirstKeyType={})>": "<%!p(bool=true)>" }}. Err: connection error: desc = "transport: Error while dialing: dial tcp 10.0.108.54:2379: connect: connection refused"
2026-01-28T09:46:51.937273486Z W0128 09:46:51.937232       1 logging.go:55] [core] [Channel #95 SubChannel #97]grpc: addrConn.createTransport failed to connect to {Addr: "10.0.108.54:2379", ServerName: "10.0.108.54:2379", BalancerAttributes: {"<%!p(pickfirstleaf.managedByPickfirstKeyType={})>": "<%!p(bool=true)>" }}. Err: connection error: desc = "transport: Error while dialing: dial tcp 10.0.108.54:2379: connect: connection refused"
2026-01-28T09:46:52.274334714Z W0128 09:46:52.274292       1 logging.go:55] [core] [Channel #22 SubChannel #24]grpc: addrConn.createTransport failed to connect to {Addr: "10.0.108.54:2379", ServerName: "10.0.108.54:2379", BalancerAttributes: {"<%!p(pickfirstleaf.managedByPickfirstKeyType={})>": "<%!p(bool=true)>" }}. Err: connection error: desc = "transport: Error while dialing: dial tcp 10.0.108.54:2379: connect: connection refused"
2026-01-28T09:46:52.413668816Z W0128 09:46:52.413625       1 logging.go:55] [core] [Channel #245 SubChannel #246]grpc: addrConn.createTransport failed to connect to {Addr: "10.0.108.54:2379", ServerName: "10.0.108.54:2379", BalancerAttributes: {"<%!p(pickfirstleaf.managedByPickfirstKeyType={})>": "<%!p(bool=true)>" }}. Err: connection error: desc = "transport: Error while dialing: dial tcp 10.0.108.54:2379: connect: connection refused"
2026-01-28T09:46:52.456170590Z W0128 09:46:52.456142       1 logging.go:55] [core] [Channel #75 SubChannel #77]grpc: addrConn.createTransport failed to connect to {Addr: "10.0.108.54:2379", ServerName: "10.0.108.54:2379", BalancerAttributes: {"<%!p(pickfirstleaf.managedByPickfirstKeyType={})>": "<%!p(bool=true)>" }}. Err: connection error: desc = "transport: Error while dialing: dial tcp 10.0.108.54:2379: connect: connection refused"
2026-01-28T09:46:52.610444394Z W0128 09:46:52.610405       1 logging.go:55] [core] [Channel #1 SubChannel #3]grpc: addrConn.createTransport failed to connect to {Addr: "10.0.108.54:2379", ServerName: "10.0.108.54:2379", BalancerAttributes: {"<%!p(pickfirstleaf.managedByPickfirstKeyType={})>": "<%!p(bool=true)>" }}. Err: connection error: desc = "transport: Error while dialing: dial tcp 10.0.108.54:2379: connect: connection refused"
2026-01-28T09:46:52.646333700Z W0128 09:46:52.646294       1 logging.go:55] [core] [Channel #5 SubChannel #7]grpc: addrConn.createTransport failed to connect to {Addr: "10.0.108.54:2379", ServerName: "10.0.108.54:2379", BalancerAttributes: {"<%!p(pickfirstleaf.managedByPickfirstKeyType={})>": "<%!p(bool=true)>" }}. Err: connection error: desc = "transport: Error while dialing: dial tcp 10.0.108.54:2379: connect: connection refused"
2026-01-28T09:46:52.687649135Z W0128 09:46:52.687609       1 logging.go:55] [core] [Channel #87 SubChannel #89]grpc: addrConn.createTransport failed to connect to {Addr: "10.0.108.54:2379", ServerName: "10.0.108.54:2379", BalancerAttributes: {"<%!p(pickfirstleaf.managedByPickfirstKeyType={})>": "<%!p(bool=true)>" }}. Err: connection error: desc = "transport: Error while dialing: dial tcp 10.0.108.54:2379: connect: connection refused"
2026-01-28T09:46:53.429106111Z W0128 09:46:53.429065       1 logging.go:55] [core] [Channel #53 SubChannel #55]grpc: addrConn.createTransport failed to connect to {Addr: "10.0.108.54:2379", ServerName: "10.0.108.54:2379", BalancerAttributes: {"<%!p(pickfirstleaf.managedByPickfirstKeyType={})>": "<%!p(bool=true)>" }}. Err: connection error: desc = "transport: Error while dialing: dial tcp 10.0.108.54:2379: connect: connection refused"
2026-01-28T09:46:55.932342892Z I0128 09:46:55.932256       1 metrics.go:313] "Failed to get storage metrics" storage_cluster_id="etcd-0" err="failed to dial endpoint https://10.0.108.54:2379 with maintenance client: context deadline exceeded"
2026-01-28T09:46:55.932836576Z E0128 09:46:55.932797       1 timeout.go:140] "Post-timeout activity" timeElapsed="10.011282819s" method="GET" path="/metrics" result=null
2026-01-28T09:47:03.274967934Z W0128 09:47:03.274914       1 logging.go:55] [core] [Channel #61 SubChannel #63]grpc: addrConn.createTransport failed to connect to {Addr: "10.0.108.54:2379", ServerName: "10.0.108.54:2379", BalancerAttributes: {"<%!p(pickfirstleaf.managedByPickfirstKeyType={})>": "<%!p(bool=true)>" }}. Err: connection error: desc = "transport: Error while dialing: dial tcp 10.0.108.54:2379: connect: connection refused"
2026-01-28T09:47:05.928272672Z W0128 09:47:05.928226       1 logging.go:55] [core] [Channel #263 SubChannel #265]grpc: addrConn.createTransport failed to connect to {Addr: "10.0.108.54:2379", ServerName: "10.0.108.54:2379", BalancerAttributes: {"<%!p(pickfirstleaf.managedByPickfirstKeyType={})>": "<%!p(bool=true)>" }}. Err: connection error: desc = "transport: Error while dialing: dial tcp 10.0.108.54:2379: connect: connection refused"
2026-01-28T09:47:06.314673533Z W0128 09:47:06.314631       1 logging.go:55] [core] [Channel #103 SubChannel #105]grpc: addrConn.createTransport failed to connect to {Addr: "10.0.108.54:2379", ServerName: "10.0.108.54:2379", BalancerAttributes: {"<%!p(pickfirstleaf.managedByPickfirstKeyType={})>": "<%!p(bool=true)>" }}. Err: connection error: desc = "transport: Error while dialing: dial tcp 10.0.108.54:2379: connect: connection refused"
2026-01-28T09:47:06.644663397Z W0128 09:47:06.644611       1 logging.go:55] [core] [Channel #95 SubChannel #97]grpc: addrConn.createTransport failed to connect to {Addr: "10.0.108.54:2379", ServerName: "10.0.108.54:2379", BalancerAttributes: {"<%!p(pickfirstleaf.managedByPickfirstKeyType={})>": "<%!p(bool=true)>" }}. Err: connection error: desc = "transport: Error while dialing: dial tcp 10.0.108.54:2379: connect: connection refused"
2026-01-28T09:47:06.802136605Z W0128 09:47:06.802077       1 logging.go:55] [core] [Channel #272 SubChannel #273]grpc: addrConn.createTransport failed to connect to {Addr: "10.0.108.54:2379", ServerName: "10.0.108.54:2379", BalancerAttributes: {"<%!p(pickfirstleaf.managedByPickfirstKeyType={})>": "<%!p(bool=true)>" }}. Err: connection error: desc = "transport: Error while dialing: dial tcp 10.0.108.54:2379: connect: connection refused"
2026-01-28T09:47:06.925251392Z W0128 09:47:06.925214       1 logging.go:55] [core] [Channel #87 SubChannel #89]grpc: addrConn.createTransport failed to connect to {Addr: "10.0.108.54:2379", ServerName: "10.0.108.54:2379", BalancerAttributes: {"<%!p(pickfirstleaf.managedByPickfirstKeyType={})>": "<%!p(bool=true)>" }}. Err: connection error: desc = "transport: Error while dialing: dial tcp 10.0.108.54:2379: connect: connection refused"
2026-01-28T09:47:07.240527874Z W0128 09:47:07.240385       1 logging.go:55] [core] [Channel #1 SubChannel #3]grpc: addrConn.createTransport failed to connect to {Addr: "10.0.108.54:2379", ServerName: "10.0.108.54:2379", BalancerAttributes: {"<%!p(pickfirstleaf.managedByPickfirstKeyType={})>": "<%!p(bool=true)>" }}. Err: connection error: desc = "transport: Error while dialing: dial tcp 10.0.108.54:2379: connect: connection refused"
2026-01-28T09:47:07.803009919Z W0128 09:47:07.802970       1 logging.go:55] [core] [Channel #272 SubChannel #273]grpc: addrConn.createTransport failed to connect to {Addr: "10.0.108.54:2379", ServerName: "10.0.108.54:2379", BalancerAttributes: {"<%!p(pickfirstleaf.managedByPickfirstKeyType={})>": "<%!p(bool=true)>" }}. Err: connection error: desc = "transport: Error while dialing: dial tcp 10.0.108.54:2379: connect: connection refused"
2026-01-28T09:47:08.246203417Z W0128 09:47:08.246139       1 logging.go:55] [core] [Channel #53 SubChannel #55]grpc: addrConn.createTransport failed to connect to {Addr: "10.0.108.54:2379", ServerName: "10.0.108.54:2379", BalancerAttributes: {"<%!p(pickfirstleaf.managedByPickfirstKeyType={})>": "<%!p(bool=true)>" }}. Err: connection error: desc = "transport: Error while dialing: dial tcp 10.0.108.54:2379: connect: connection refused"
2026-01-28T09:47:08.588178287Z W0128 09:47:08.588135       1 logging.go:55] [core] [Channel #15 SubChannel #17]grpc: addrConn.createTransport failed to connect to {Addr: "10.0.108.54:2379", ServerName: "10.0.108.54:2379", BalancerAttributes: {"<%!p(pickfirstleaf.managedByPickfirstKeyType={})>": "<%!p(bool=true)>" }}. Err: connection error: desc = "transport: Error while dialing: dial tcp 10.0.108.54:2379: connect: connection refused"
2026-01-28T09:47:09.134808484Z W0128 09:47:09.134763       1 logging.go:55] [core] [Channel #272 SubChannel #273]grpc: addrConn.createTransport failed to connect to {Addr: "10.0.108.54:2379", ServerName: "10.0.108.54:2379", BalancerAttributes: {"<%!p(pickfirstleaf.managedByPickfirstKeyType={})>": "<%!p(bool=true)>" }}. Err: connection error: desc = "transport: Error while dialing: dial tcp 10.0.108.54:2379: connect: connection refused"
2026-01-28T09:47:09.396187363Z W0128 09:47:09.396145       1 logging.go:55] [core] [Channel #67 SubChannel #69]grpc: addrConn.createTransport failed to connect to {Addr: "10.0.108.54:2379", ServerName: "10.0.108.54:2379", BalancerAttributes: {"<%!p(pickfirstleaf.managedByPickfirstKeyType={})>": "<%!p(bool=true)>" }}. Err: connection error: desc = "transport: Error while dialing: dial tcp 10.0.108.54:2379: connect: connection refused"
2026-01-28T09:47:09.734547283Z W0128 09:47:09.734506       1 logging.go:55] [core] [Channel #82 SubChannel #84]grpc: addrConn.createTransport failed to connect to {Addr: "10.0.108.54:2379", ServerName: "10.0.108.54:2379", BalancerAttributes: {"<%!p(pickfirstleaf.managedByPickfirstKeyType={})>": "<%!p(bool=true)>" }}. Err: connection error: desc = "transport: Error while dialing: dial tcp 10.0.108.54:2379: connect: connection refused"
2026-01-28T09:47:09.824097670Z W0128 09:47:09.824037       1 logging.go:55] [core] [Channel #47 SubChannel #49]grpc: addrConn.createTransport failed to connect to {Addr: "10.0.108.54:2379", ServerName: "10.0.108.54:2379", BalancerAttributes: {"<%!p(pickfirstleaf.managedByPickfirstKeyType={})>": "<%!p(bool=true)>" }}. Err: connection error: desc = "transport: Error while dialing: dial tcp 10.0.108.54:2379: connect: connection refused"
2026-01-28T09:47:09.968723418Z W0128 09:47:09.968680       1 logging.go:55] [core] [Channel #75 SubChannel #77]grpc: addrConn.createTransport failed to connect to {Addr: "10.0.108.54:2379", ServerName: "10.0.108.54:2379", BalancerAttributes: {"<%!p(pickfirstleaf.managedByPickfirstKeyType={})>": "<%!p(bool=true)>" }}. Err: connection error: desc = "transport: Error while dialing: dial tcp 10.0.108.54:2379: connect: connection refused"
2026-01-28T09:47:10.784616506Z W0128 09:47:10.784555       1 logging.go:55] [core] [Channel #22 SubChannel #24]grpc: addrConn.createTransport failed to connect to {Addr: "10.0.108.54:2379", ServerName: "10.0.108.54:2379", BalancerAttributes: {"<%!p(pickfirstleaf.managedByPickfirstKeyType={})>": "<%!p(bool=true)>" }}. Err: connection error: desc = "transport: Error while dialing: dial tcp 10.0.108.54:2379: connect: connection refused"
2026-01-28T09:47:11.249706524Z W0128 09:47:11.249654       1 logging.go:55] [core] [Channel #272 SubChannel #273]grpc: addrConn.createTransport failed to connect to {Addr: "10.0.108.54:2379", ServerName: "10.0.108.54:2379", BalancerAttributes: {"<%!p(pickfirstleaf.managedByPickfirstKeyType={})>": "<%!p(bool=true)>" }}. Err: connection error: desc = "transport: Error while dialing: dial tcp 10.0.108.54:2379: connect: connection refused"
2026-01-28T09:47:11.817982337Z W0128 09:47:11.817944       1 logging.go:55] [core] [Channel #5 SubChannel #7]grpc: addrConn.createTransport failed to connect to {Addr: "10.0.108.54:2379", ServerName: "10.0.108.54:2379", BalancerAttributes: {"<%!p(pickfirstleaf.managedByPickfirstKeyType={})>": "<%!p(bool=true)>" }}. Err: connection error: desc = "transport: Error while dialing: dial tcp 10.0.108.54:2379: connect: connection refused"
2026-01-28T09:47:15.991497226Z W0128 09:47:15.991460       1 logging.go:55] [core] [Channel #272 SubChannel #273]grpc: addrConn.createTransport failed to connect to {Addr: "10.0.108.54:2379", ServerName: "10.0.108.54:2379", BalancerAttributes: {"<%!p(pickfirstleaf.managedByPickfirstKeyType={})>": "<%!p(bool=true)>" }}. Err: connection error: desc = "transport: Error while dialing: dial tcp 10.0.108.54:2379: connect: connection refused"
2026-01-28T09:47:20.764797792Z W0128 09:47:20.764758       1 logging.go:55] [core] [Channel #274 SubChannel #276]grpc: addrConn.createTransport failed to connect to {Addr: "10.0.108.54:2379", ServerName: "10.0.108.54:2379", BalancerAttributes: {"<%!p(pickfirstleaf.managedByPickfirstKeyType={})>": "<%!p(bool=true)>" }}. Err: connection error: desc = "transport: Error while dialing: dial tcp 10.0.108.54:2379: connect: connection refused"
2026-01-28T09:47:20.771312526Z W0128 09:47:20.771277       1 logging.go:55] [core] [Channel #280 SubChannel #281]grpc: addrConn.createTransport failed to connect to {Addr: "10.0.108.54:2379", ServerName: "10.0.108.54:2379", BalancerAttributes: {"<%!p(pickfirstleaf.managedByPickfirstKeyType={})>": "<%!p(bool=true)>" }}. Err: connection error: desc = "transport: Error while dialing: dial tcp 10.0.108.54:2379: connect: connection refused"
2026-01-28T09:47:21.765622535Z W0128 09:47:21.765567       1 logging.go:55] [core] [Channel #274 SubChannel #276]grpc: addrConn.createTransport failed to connect to {Addr: "10.0.108.54:2379", ServerName: "10.0.108.54:2379", BalancerAttributes: {"<%!p(pickfirstleaf.managedByPickfirstKeyType={})>": "<%!p(bool=true)>" }}. Err: connection error: desc = "transport: Error while dialing: dial tcp 10.0.108.54:2379: connect: connection refused"
2026-01-28T09:47:21.771928428Z W0128 09:47:21.771893       1 logging.go:55] [core] [Channel #280 SubChannel #281]grpc: addrConn.createTransport failed to connect to {Addr: "10.0.108.54:2379", ServerName: "10.0.108.54:2379", BalancerAttributes: {"<%!p(pickfirstleaf.managedByPickfirstKeyType={})>": "<%!p(bool=true)>" }}. Err: connection error: desc = "transport: Error while dialing: dial tcp 10.0.108.54:2379: connect: connection refused"
2026-01-28T09:47:21.986779218Z W0128 09:47:21.986739       1 logging.go:55] [core] [Channel #272 SubChannel #273]grpc: addrConn.createTransport failed to connect to {Addr: "10.0.108.54:2379", ServerName: "10.0.108.54:2379", BalancerAttributes: {"<%!p(pickfirstleaf.managedByPickfirstKeyType={})>": "<%!p(bool=true)>" }}. Err: connection error: desc = "transport: Error while dialing: dial tcp 10.0.108.54:2379: connect: connection refused"
2026-01-28T09:47:23.350375379Z W0128 09:47:23.350327       1 logging.go:55] [core] [Channel #280 SubChannel #281]grpc: addrConn.createTransport failed to connect to {Addr: "10.0.108.54:2379", ServerName: "10.0.108.54:2379", BalancerAttributes: {"<%!p(pickfirstleaf.managedByPickfirstKeyType={})>": "<%!p(bool=true)>" }}. Err: connection error: desc = "transport: Error while dialing: dial tcp 10.0.108.54:2379: connect: connection refused"
2026-01-28T09:47:23.604059840Z W0128 09:47:23.601820       1 logging.go:55] [core] [Channel #274 SubChannel #276]grpc: addrConn.createTransport failed to connect to {Addr: "10.0.108.54:2379", ServerName: "10.0.108.54:2379", BalancerAttributes: {"<%!p(pickfirstleaf.managedByPickfirstKeyType={})>": "<%!p(bool=true)>" }}. Err: connection error: desc = "transport: Error while dialing: dial tcp 10.0.108.54:2379: connect: connection refused"
2026-01-28T09:47:26.314834876Z W0128 09:47:26.314758       1 logging.go:55] [core] [Channel #274 SubChannel #276]grpc: addrConn.createTransport failed to connect to {Addr: "10.0.108.54:2379", ServerName: "10.0.108.54:2379", BalancerAttributes: {"<%!p(pickfirstleaf.managedByPickfirstKeyType={})>": "<%!p(bool=true)>" }}. Err: connection error: desc = "transport: Error while dialing: dial tcp 10.0.108.54:2379: connect: connection refused"
2026-01-28T09:47:26.392371493Z W0128 09:47:26.392330       1 logging.go:55] [core] [Channel #280 SubChannel #281]grpc: addrConn.createTransport failed to connect to {Addr: "10.0.108.54:2379", ServerName: "10.0.108.54:2379", BalancerAttributes: {"<%!p(pickfirstleaf.managedByPickfirstKeyType={})>": "<%!p(bool=true)>" }}. Err: connection error: desc = "transport: Error while dialing: dial tcp 10.0.108.54:2379: connect: connection refused"
2026-01-28T09:47:27.112834768Z W0128 09:47:27.112792       1 logging.go:55] [core] [Channel #61 SubChannel #63]grpc: addrConn.createTransport failed to connect to {Addr: "10.0.108.54:2379", ServerName: "10.0.108.54:2379", BalancerAttributes: {"<%!p(pickfirstleaf.managedByPickfirstKeyType={})>": "<%!p(bool=true)>" }}. Err: connection error: desc = "transport: Error while dialing: dial tcp 10.0.108.54:2379: connect: connection refused"
2026-01-28T09:47:29.690746844Z W0128 09:47:29.690692       1 logging.go:55] [core] [Channel #280 SubChannel #281]grpc: addrConn.createTransport failed to connect to {Addr: "10.0.108.54:2379", ServerName: "10.0.108.54:2379", BalancerAttributes: {"<%!p(pickfirstleaf.managedByPickfirstKeyType={})>": "<%!p(bool=true)>" }}. Err: connection error: desc = "transport: Error while dialing: dial tcp 10.0.108.54:2379: connect: connection refused"
2026-01-28T09:47:35.937524716Z W0128 09:47:35.937464       1 logging.go:55] [core] [Channel #282 SubChannel #284]grpc: addrConn.createTransport failed to connect to {Addr: "10.0.108.54:2379", ServerName: "10.0.108.54:2379", BalancerAttributes: {"<%!p(pickfirstleaf.managedByPickfirstKeyType={})>": "<%!p(bool=true)>" }}. Err: connection error: desc = "transport: authentication handshake failed: context canceled"
2026-01-28T09:47:40.772275781Z W0128 09:47:40.772225       1 logging.go:55] [core] [Channel #280 SubChannel #281]grpc: addrConn.createTransport failed to connect to {Addr: "10.0.108.54:2379", ServerName: "10.0.108.54:2379", BalancerAttributes: {"<%!p(pickfirstleaf.managedByPickfirstKeyType={})>": "<%!p(bool=true)>" }}. Err: connection error: desc = "transport: authentication handshake failed: context canceled"
2026-01-28T09:47:40.772375056Z W0128 09:47:40.772298       1 logging.go:55] [core] [Channel #274 SubChannel #276]grpc: addrConn.createTransport failed to connect to {Addr: "10.0.108.54:2379", ServerName: "10.0.108.54:2379", BalancerAttributes: {"<%!p(pickfirstleaf.managedByPickfirstKeyType={})>": "<%!p(bool=true)>" }}. Err: connection error: desc = "transport: authentication handshake failed: context canceled"
2026-01-28T09:47:40.772560815Z I0128 09:47:40.772406       1 metrics.go:313] "Failed to get storage metrics" storage_cluster_id="etcd-0" err="failed to dial endpoint https://10.0.108.54:2379 with maintenance client: context deadline exceeded"
2026-01-28T09:47:40.773145824Z E0128 09:47:40.773127       1 timeout.go:140] "Post-timeout activity" timeElapsed="10.009891591s" method="GET" path="/metrics" result=null
2026-01-28T09:47:50.774824791Z W0128 09:47:50.774769       1 logging.go:55] [core] [Channel #297 SubChannel #299]grpc: addrConn.createTransport failed to connect to {Addr: "10.0.108.54:2379", ServerName: "10.0.108.54:2379", BalancerAttributes: {"<%!p(pickfirstleaf.managedByPickfirstKeyType={})>": "<%!p(bool=true)>" }}. Err: connection error: desc = "transport: authentication handshake failed: context canceled"
2026-01-28T09:48:51.126815279Z W0128 09:48:51.126773       1 logging.go:55] [core] [Channel #82 SubChannel #85]grpc: addrConn.createTransport failed to connect to {Addr: "10.0.3.203:2379", ServerName: "10.0.3.203:2379", BalancerAttributes: {"<%!p(pickfirstleaf.managedByPickfirstKeyType={})>": "<%!p(bool=true)>" }}. Err: connection error: desc = "transport: Error while dialing: dial tcp 10.0.3.203:2379: connect: connection refused"
2026-01-28T09:48:51.126960666Z W0128 09:48:51.126893       1 logging.go:55] [core] [Channel #22 SubChannel #25]grpc: addrConn.createTransport failed to connect to {Addr: "10.0.3.203:2379", ServerName: "10.0.3.203:2379", BalancerAttributes: {"<%!p(pickfirstleaf.managedByPickfirstKeyType={})>": "<%!p(bool=true)>" }}. Err: connection error: desc = "transport: Error while dialing: dial tcp 10.0.3.203:2379: connect: connection refused"
2026-01-28T09:48:51.127174617Z W0128 09:48:51.127154       1 logging.go:55] [core] [Channel #15 SubChannel #18]grpc: addrConn.createTransport failed to connect to {Addr: "10.0.3.203:2379", ServerName: "10.0.3.203:2379", BalancerAttributes: {"<%!p(pickfirstleaf.managedByPickfirstKeyType={})>": "<%!p(bool=true)>" }}. Err: connection error: desc = "transport: Error while dialing: dial tcp 10.0.3.203:2379: connect: connection refused"
2026-01-28T09:48:51.136877989Z W0128 09:48:51.136852       1 logging.go:55] [core] [Channel #61 SubChannel #64]grpc: addrConn.createTransport failed to connect to {Addr: "10.0.3.203:2379", ServerName: "10.0.3.203:2379", BalancerAttributes: {"<%!p(pickfirstleaf.managedByPickfirstKeyType={})>": "<%!p(bool=true)>" }}. Err: connection error: desc = "transport: Error while dialing: dial tcp 10.0.3.203:2379: connect: connection refused"
2026-01-28T09:48:51.137353452Z W0128 09:48:51.137067       1 logging.go:55] [core] [Channel #103 SubChannel #106]grpc: addrConn.createTransport failed to connect to {Addr: "10.0.3.203:2379", ServerName: "10.0.3.203:2379", BalancerAttributes: {"<%!p(pickfirstleaf.managedByPickfirstKeyType={})>": "<%!p(bool=true)>" }}. Err: connection error: desc = "transport: Error while dialing: dial tcp 10.0.3.203:2379: connect: connection refused"
2026-01-28T09:48:51.138146182Z W0128 09:48:51.138117       1 logging.go:55] [core] [Channel #95 SubChannel #98]grpc: addrConn.createTransport failed to connect to {Addr: "10.0.3.203:2379", ServerName: "10.0.3.203:2379", BalancerAttributes: {"<%!p(pickfirstleaf.managedByPickfirstKeyType={})>": "<%!p(bool=true)>" }}. Err: connection error: desc = "transport: Error while dialing: dial tcp 10.0.3.203:2379: connect: connection refused"
2026-01-28T09:48:51.141733430Z W0128 09:48:51.141690       1 logging.go:55] [core] [Channel #75 SubChannel #78]grpc: addrConn.createTransport failed to connect to {Addr: "10.0.3.203:2379", ServerName: "10.0.3.203:2379", BalancerAttributes: {"<%!p(pickfirstleaf.managedByPickfirstKeyType={})>": "<%!p(bool=true)>" }}. Err: connection error: desc = "transport: Error while dialing: dial tcp 10.0.3.203:2379: connect: connection refused"
2026-01-28T09:48:51.141979932Z W0128 09:48:51.141891       1 logging.go:55] [core] [Channel #5 SubChannel #8]grpc: addrConn.createTransport failed to connect to {Addr: "10.0.3.203:2379", ServerName: "10.0.3.203:2379", BalancerAttributes: {"<%!p(pickfirstleaf.managedByPickfirstKeyType={})>": "<%!p(bool=true)>" }}. Err: connection error: desc = "transport: Error while dialing: dial tcp 10.0.3.203:2379: connect: connection refused"
2026-01-28T09:48:51.145329248Z W0128 09:48:51.145297       1 logging.go:55] [core] [Channel #53 SubChannel #56]grpc: addrConn.createTransport failed to connect to {Addr: "10.0.3.203:2379", ServerName: "10.0.3.203:2379", BalancerAttributes: {"<%!p(pickfirstleaf.managedByPickfirstKeyType={})>": "<%!p(bool=true)>" }}. Err: connection error: desc = "transport: Error while dialing: dial tcp 10.0.3.203:2379: connect: connection refused"
2026-01-28T09:48:51.151178199Z W0128 09:48:51.149744       1 logging.go:55] [core] [Channel #1 SubChannel #4]grpc: addrConn.createTransport failed to connect to {Addr: "10.0.3.203:2379", ServerName: "10.0.3.203:2379", BalancerAttributes: {"<%!p(pickfirstleaf.managedByPickfirstKeyType={})>": "<%!p(bool=true)>" }}. Err: connection error: desc = "transport: Error while dialing: dial tcp 10.0.3.203:2379: connect: connection refused"
2026-01-28T09:48:51.151874414Z W0128 09:48:51.151728       1 logging.go:55] [core] [Channel #47 SubChannel #50]grpc: addrConn.createTransport failed to connect to {Addr: "10.0.3.203:2379", ServerName: "10.0.3.203:2379", BalancerAttributes: {"<%!p(pickfirstleaf.managedByPickfirstKeyType={})>": "<%!p(bool=true)>" }}. Err: connection error: desc = "transport: Error while dialing: dial tcp 10.0.3.203:2379: connect: connection refused"
2026-01-28T09:48:51.151874414Z W0128 09:48:51.151736       1 logging.go:55] [core] [Channel #87 SubChannel #90]grpc: addrConn.createTransport failed to connect to {Addr: "10.0.3.203:2379", ServerName: "10.0.3.203:2379", BalancerAttributes: {"<%!p(pickfirstleaf.managedByPickfirstKeyType={})>": "<%!p(bool=true)>" }}. Err: connection error: desc = "transport: Error while dialing: dial tcp 10.0.3.203:2379: connect: connection refused"
2026-01-28T09:48:51.166133312Z W0128 09:48:51.166097       1 logging.go:55] [core] [Channel #67 SubChannel #70]grpc: addrConn.createTransport failed to connect to {Addr: "10.0.3.203:2379", ServerName: "10.0.3.203:2379", BalancerAttributes: {"<%!p(pickfirstleaf.managedByPickfirstKeyType={})>": "<%!p(bool=true)>" }}. Err: connection error: desc = "transport: Error while dialing: dial tcp 10.0.3.203:2379: connect: connection refused"
2026-01-28T09:48:52.128431538Z W0128 09:48:52.128388       1 logging.go:55] [core] [Channel #15 SubChannel #18]grpc: addrConn.createTransport failed to connect to {Addr: "10.0.3.203:2379", ServerName: "10.0.3.203:2379", BalancerAttributes: {"<%!p(pickfirstleaf.managedByPickfirstKeyType={})>": "<%!p(bool=true)>" }}. Err: connection error: desc = "transport: Error while dialing: dial tcp 10.0.3.203:2379: connect: connection refused"
2026-01-28T09:48:52.128736674Z W0128 09:48:52.128700       1 logging.go:55] [core] [Channel #82 SubChannel #85]grpc: addrConn.createTransport failed to connect to {Addr: "10.0.3.203:2379", ServerName: "10.0.3.203:2379", BalancerAttributes: {"<%!p(pickfirstleaf.managedByPickfirstKeyType={})>": "<%!p(bool=true)>" }}. Err: connection error: desc = "transport: Error while dialing: dial tcp 10.0.3.203:2379: connect: connection refused"
2026-01-28T09:48:52.128736674Z W0128 09:48:52.128706       1 logging.go:55] [core] [Channel #22 SubChannel #25]grpc: addrConn.createTransport failed to connect to {Addr: "10.0.3.203:2379", ServerName: "10.0.3.203:2379", BalancerAttributes: {"<%!p(pickfirstleaf.managedByPickfirstKeyType={})>": "<%!p(bool=true)>" }}. Err: connection error: desc = "transport: Error while dialing: dial tcp 10.0.3.203:2379: connect: connection refused"
2026-01-28T09:48:52.138968071Z W0128 09:48:52.138937       1 logging.go:55] [core] [Channel #61 SubChannel #64]grpc: addrConn.createTransport failed to connect to {Addr: "10.0.3.203:2379", ServerName: "10.0.3.203:2379", BalancerAttributes: {"<%!p(pickfirstleaf.managedByPickfirstKeyType={})>": "<%!p(bool=true)>" }}. Err: connection error: desc = "transport: Error while dialing: dial tcp 10.0.3.203:2379: connect: connection refused"
2026-01-28T09:48:52.138998173Z W0128 09:48:52.138938       1 logging.go:55] [core] [Channel #103 SubChannel #106]grpc: addrConn.createTransport failed to connect to {Addr: "10.0.3.203:2379", ServerName: "10.0.3.203:2379", BalancerAttributes: {"<%!p(pickfirstleaf.managedByPickfirstKeyType={})>": "<%!p(bool=true)>" }}. Err: connection error: desc = "transport: Error while dialing: dial tcp 10.0.3.203:2379: connect: connection refused"
2026-01-28T09:48:52.139768421Z W0128 09:48:52.139750       1 logging.go:55] [core] [Channel #95 SubChannel #98]grpc: addrConn.createTransport failed to connect to {Addr: "10.0.3.203:2379", ServerName: "10.0.3.203:2379", BalancerAttributes: {"<%!p(pickfirstleaf.managedByPickfirstKeyType={})>": "<%!p(bool=true)>" }}. Err: connection error: desc = "transport: Error while dialing: dial tcp 10.0.3.203:2379: connect: connection refused"
2026-01-28T09:48:52.149843271Z W0128 09:48:52.149425       1 logging.go:55] [core] [Channel #5 SubChannel #8]grpc: addrConn.createTransport failed to connect to {Addr: "10.0.3.203:2379", ServerName: "10.0.3.203:2379", BalancerAttributes: {"<%!p(pickfirstleaf.managedByPickfirstKeyType={})>": "<%!p(bool=true)>" }}. Err: connection error: desc = "transport: Error while dialing: dial tcp 10.0.3.203:2379: connect: connection refused"
2026-01-28T09:48:52.149843271Z W0128 09:48:52.149534       1 logging.go:55] [core] [Channel #53 SubChannel #56]grpc: addrConn.createTransport failed to connect to {Addr: "10.0.3.203:2379", ServerName: "10.0.3.203:2379", BalancerAttributes: {"<%!p(pickfirstleaf.managedByPickfirstKeyType={})>": "<%!p(bool=true)>" }}. Err: connection error: desc = "transport: Error while dialing: dial tcp 10.0.3.203:2379: connect: connection refused"
2026-01-28T09:48:52.149843271Z W0128 09:48:52.149567       1 logging.go:55] [core] [Channel #75 SubChannel #78]grpc: addrConn.createTransport failed to connect to {Addr: "10.0.3.203:2379", ServerName: "10.0.3.203:2379", BalancerAttributes: {"<%!p(pickfirstleaf.managedByPickfirstKeyType={})>": "<%!p(bool=true)>" }}. Err: connection error: desc = "transport: Error while dialing: dial tcp 10.0.3.203:2379: connect: connection refused"
2026-01-28T09:48:52.151556316Z W0128 09:48:52.151535       1 logging.go:55] [core] [Channel #1 SubChannel #4]grpc: addrConn.createTransport failed to connect to {Addr: "10.0.3.203:2379", ServerName: "10.0.3.203:2379", BalancerAttributes: {"<%!p(pickfirstleaf.managedByPickfirstKeyType={})>": "<%!p(bool=true)>" }}. Err: connection error: desc = "transport: Error while dialing: dial tcp 10.0.3.203:2379: connect: connection refused"
2026-01-28T09:48:52.153727084Z W0128 09:48:52.153692       1 logging.go:55] [core] [Channel #87 SubChannel #90]grpc: addrConn.createTransport failed to connect to {Addr: "10.0.3.203:2379", ServerName: "10.0.3.203:2379", BalancerAttributes: {"<%!p(pickfirstleaf.managedByPickfirstKeyType={})>": "<%!p(bool=true)>" }}. Err: connection error: desc = "transport: Error while dialing: dial tcp 10.0.3.203:2379: connect: connection refused"
2026-01-28T09:48:52.153825519Z W0128 09:48:52.153791       1 logging.go:55] [core] [Channel #47 SubChannel #50]grpc: addrConn.createTransport failed to connect to {Addr: "10.0.3.203:2379", ServerName: "10.0.3.203:2379", BalancerAttributes: {"<%!p(pickfirstleaf.managedByPickfirstKeyType={})>": "<%!p(bool=true)>" }}. Err: connection error: desc = "transport: Error while dialing: dial tcp 10.0.3.203:2379: connect: connection refused"
2026-01-28T09:48:52.168359321Z W0128 09:48:52.168064       1 logging.go:55] [core] [Channel #67 SubChannel #70]grpc: addrConn.createTransport failed to connect to {Addr: "10.0.3.203:2379", ServerName: "10.0.3.203:2379", BalancerAttributes: {"<%!p(pickfirstleaf.managedByPickfirstKeyType={})>": "<%!p(bool=true)>" }}. Err: connection error: desc = "transport: Error while dialing: dial tcp 10.0.3.203:2379: connect: connection refused"
2026-01-28T09:48:53.459157550Z W0128 09:48:53.459109       1 logging.go:55] [core] [Channel #5 SubChannel #8]grpc: addrConn.createTransport failed to connect to {Addr: "10.0.3.203:2379", ServerName: "10.0.3.203:2379", BalancerAttributes: {"<%!p(pickfirstleaf.managedByPickfirstKeyType={})>": "<%!p(bool=true)>" }}. Err: connection error: desc = "transport: Error while dialing: dial tcp 10.0.3.203:2379: connect: connection refused"
2026-01-28T09:48:53.469188328Z W0128 09:48:53.469152       1 logging.go:55] [core] [Channel #95 SubChannel #98]grpc: addrConn.createTransport failed to connect to {Addr: "10.0.3.203:2379", ServerName: "10.0.3.203:2379", BalancerAttributes: {"<%!p(pickfirstleaf.managedByPickfirstKeyType={})>": "<%!p(bool=true)>" }}. Err: connection error: desc = "transport: Error while dialing: dial tcp 10.0.3.203:2379: connect: connection refused"
2026-01-28T09:48:53.486351711Z W0128 09:48:53.486326       1 logging.go:55] [core] [Channel #53 SubChannel #56]grpc: addrConn.createTransport failed to connect to {Addr: "10.0.3.203:2379", ServerName: "10.0.3.203:2379", BalancerAttributes: {"<%!p(pickfirstleaf.managedByPickfirstKeyType={})>": "<%!p(bool=true)>" }}. Err: connection error: desc = "transport: Error while dialing: dial tcp 10.0.3.203:2379: connect: connection refused"
2026-01-28T09:48:53.570912340Z W0128 09:48:53.570877       1 logging.go:55] [core] [Channel #75 SubChannel #78]grpc: addrConn.createTransport failed to connect to {Addr: "10.0.3.203:2379", ServerName: "10.0.3.203:2379", BalancerAttributes: {"<%!p(pickfirstleaf.managedByPickfirstKeyType={})>": "<%!p(bool=true)>" }}. Err: connection error: desc = "transport: Error while dialing: dial tcp 10.0.3.203:2379: connect: connection refused"
2026-01-28T09:48:53.644522655Z W0128 09:48:53.644461       1 logging.go:55] [core] [Channel #67 SubChannel #70]grpc: addrConn.createTransport failed to connect to {Addr: "10.0.3.203:2379", ServerName: "10.0.3.203:2379", BalancerAttributes: {"<%!p(pickfirstleaf.managedByPickfirstKeyType={})>": "<%!p(bool=true)>" }}. Err: connection error: desc = "transport: Error while dialing: dial tcp 10.0.3.203:2379: connect: connection refused"
2026-01-28T09:48:53.647526004Z W0128 09:48:53.647464       1 logging.go:55] [core] [Channel #82 SubChannel #85]grpc: addrConn.createTransport failed to connect to {Addr: "10.0.3.203:2379", ServerName: "10.0.3.203:2379", BalancerAttributes: {"<%!p(pickfirstleaf.managedByPickfirstKeyType={})>": "<%!p(bool=true)>" }}. Err: connection error: desc = "transport: Error while dialing: dial tcp 10.0.3.203:2379: connect: connection refused"
2026-01-28T09:48:53.665551319Z W0128 09:48:53.665502       1 logging.go:55] [core] [Channel #22 SubChannel #25]grpc: addrConn.createTransport failed to connect to {Addr: "10.0.3.203:2379", ServerName: "10.0.3.203:2379", BalancerAttributes: {"<%!p(pickfirstleaf.managedByPickfirstKeyType={})>": "<%!p(bool=true)>" }}. Err: connection error: desc = "transport: Error while dialing: dial tcp 10.0.3.203:2379: connect: connection refused"
2026-01-28T09:48:53.721851105Z W0128 09:48:53.721799       1 logging.go:55] [core] [Channel #87 SubChannel #90]grpc: addrConn.createTransport failed to connect to {Addr: "10.0.3.203:2379", ServerName: "10.0.3.203:2379", BalancerAttributes: {"<%!p(pickfirstleaf.managedByPickfirstKeyType={})>": "<%!p(bool=true)>" }}. Err: connection error: desc = "transport: Error while dialing: dial tcp 10.0.3.203:2379: connect: connection refused"
2026-01-28T09:48:53.905259643Z W0128 09:48:53.905211       1 logging.go:55] [core] [Channel #61 SubChannel #64]grpc: addrConn.createTransport failed to connect to {Addr: "10.0.3.203:2379", ServerName: "10.0.3.203:2379", BalancerAttributes: {"<%!p(pickfirstleaf.managedByPickfirstKeyType={})>": "<%!p(bool=true)>" }}. Err: connection error: desc = "transport: Error while dialing: dial tcp 10.0.3.203:2379: connect: connection refused"
2026-01-28T09:48:53.969359006Z W0128 09:48:53.969321       1 logging.go:55] [core] [Channel #15 SubChannel #18]grpc: addrConn.createTransport failed to connect to {Addr: "10.0.3.203:2379", ServerName: "10.0.3.203:2379", BalancerAttributes: {"<%!p(pickfirstleaf.managedByPickfirstKeyType={})>": "<%!p(bool=true)>" }}. Err: connection error: desc = "transport: Error while dialing: dial tcp 10.0.3.203:2379: connect: connection refused"
2026-01-28T09:48:53.977372924Z W0128 09:48:53.977349       1 logging.go:55] [core] [Channel #47 SubChannel #50]grpc: addrConn.createTransport failed to connect to {Addr: "10.0.3.203:2379", ServerName: "10.0.3.203:2379", BalancerAttributes: {"<%!p(pickfirstleaf.managedByPickfirstKeyType={})>": "<%!p(bool=true)>" }}. Err: connection error: desc = "transport: Error while dialing: dial tcp 10.0.3.203:2379: connect: connection refused"
2026-01-28T09:48:54.051711426Z W0128 09:48:54.051647       1 logging.go:55] [core] [Channel #103 SubChannel #106]grpc: addrConn.createTransport failed to connect to {Addr: "10.0.3.203:2379", ServerName: "10.0.3.203:2379", BalancerAttributes: {"<%!p(pickfirstleaf.managedByPickfirstKeyType={})>": "<%!p(bool=true)>" }}. Err: connection error: desc = "transport: Error while dialing: dial tcp 10.0.3.203:2379: connect: connection refused"
2026-01-28T09:48:54.065362893Z W0128 09:48:54.065313       1 logging.go:55] [core] [Channel #1 SubChannel #4]grpc: addrConn.createTransport failed to connect to {Addr: "10.0.3.203:2379", ServerName: "10.0.3.203:2379", BalancerAttributes: {"<%!p(pickfirstleaf.managedByPickfirstKeyType={})>": "<%!p(bool=true)>" }}. Err: connection error: desc = "transport: Error while dialing: dial tcp 10.0.3.203:2379: connect: connection refused"
2026-01-28T09:48:55.605129516Z W0128 09:48:55.605087       1 logging.go:55] [core] [Channel #5 SubChannel #8]grpc: addrConn.createTransport failed to connect to {Addr: "10.0.3.203:2379", ServerName: "10.0.3.203:2379", BalancerAttributes: {"<%!p(pickfirstleaf.managedByPickfirstKeyType={})>": "<%!p(bool=true)>" }}. Err: connection error: desc = "transport: Error while dialing: dial tcp 10.0.3.203:2379: connect: connection refused"
2026-01-28T09:48:55.670138184Z W0128 09:48:55.670100       1 logging.go:55] [core] [Channel #75 SubChannel #78]grpc: addrConn.createTransport failed to connect to {Addr: "10.0.3.203:2379", ServerName: "10.0.3.203:2379", BalancerAttributes: {"<%!p(pickfirstleaf.managedByPickfirstKeyType={})>": "<%!p(bool=true)>" }}. Err: connection error: desc = "transport: Error while dialing: dial tcp 10.0.3.203:2379: connect: connection refused"
2026-01-28T09:48:56.062528410Z W0128 09:48:56.062493       1 logging.go:55] [core] [Channel #87 SubChannel #90]grpc: addrConn.createTransport failed to connect to {Addr: "10.0.3.203:2379", ServerName: "10.0.3.203:2379", BalancerAttributes: {"<%!p(pickfirstleaf.managedByPickfirstKeyType={})>": "<%!p(bool=true)>" }}. Err: connection error: desc = "transport: Error while dialing: dial tcp 10.0.3.203:2379: connect: connection refused"
2026-01-28T09:48:56.088780814Z W0128 09:48:56.088749       1 logging.go:55] [core] [Channel #22 SubChannel #25]grpc: addrConn.createTransport failed to connect to {Addr: "10.0.3.203:2379", ServerName: "10.0.3.203:2379", BalancerAttributes: {"<%!p(pickfirstleaf.managedByPickfirstKeyType={})>": "<%!p(bool=true)>" }}. Err: connection error: desc = "transport: Error while dialing: dial tcp 10.0.3.203:2379: connect: connection refused"
2026-01-28T09:48:56.100817321Z W0128 09:48:56.100793       1 logging.go:55] [core] [Channel #95 SubChannel #98]grpc: addrConn.createTransport failed to connect to {Addr: "10.0.3.203:2379", ServerName: "10.0.3.203:2379", BalancerAttributes: {"<%!p(pickfirstleaf.managedByPickfirstKeyType={})>": "<%!p(bool=true)>" }}. Err: connection error: desc = "transport: Error while dialing: dial tcp 10.0.3.203:2379: connect: connection refused"
2026-01-28T09:48:56.257582456Z W0128 09:48:56.257542       1 logging.go:55] [core] [Channel #103 SubChannel #106]grpc: addrConn.createTransport failed to connect to {Addr: "10.0.3.203:2379", ServerName: "10.0.3.203:2379", BalancerAttributes: {"<%!p(pickfirstleaf.managedByPickfirstKeyType={})>": "<%!p(bool=true)>" }}. Err: connection error: desc = "transport: Error while dialing: dial tcp 10.0.3.203:2379: connect: connection refused"
2026-01-28T09:48:56.327770112Z W0128 09:48:56.327736       1 logging.go:55] [core] [Channel #53 SubChannel #56]grpc: addrConn.createTransport failed to connect to {Addr: "10.0.3.203:2379", ServerName: "10.0.3.203:2379", BalancerAttributes: {"<%!p(pickfirstleaf.managedByPickfirstKeyType={})>": "<%!p(bool=true)>" }}. Err: connection error: desc = "transport: Error while dialing: dial tcp 10.0.3.203:2379: connect: connection refused"
2026-01-28T09:48:56.389255265Z W0128 09:48:56.389214       1 logging.go:55] [core] [Channel #47 SubChannel #50]grpc: addrConn.createTransport failed to connect to {Addr: "10.0.3.203:2379", ServerName: "10.0.3.203:2379", BalancerAttributes: {"<%!p(pickfirstleaf.managedByPickfirstKeyType={})>": "<%!p(bool=true)>" }}. Err: connection error: desc = "transport: Error while dialing: dial tcp 10.0.3.203:2379: connect: connection refused"
2026-01-28T09:48:56.453685477Z W0128 09:48:56.453636       1 logging.go:55] [core] [Channel #67 SubChannel #70]grpc: addrConn.createTransport failed to connect to {Addr: "10.0.3.203:2379", ServerName: "10.0.3.203:2379", BalancerAttributes: {"<%!p(pickfirstleaf.managedByPickfirstKeyType={})>": "<%!p(bool=true)>" }}. Err: connection error: desc = "transport: Error while dialing: dial tcp 10.0.3.203:2379: connect: connection refused"
2026-01-28T09:48:56.569090165Z W0128 09:48:56.569008       1 logging.go:55] [core] [Channel #61 SubChannel #64]grpc: addrConn.createTransport failed to connect to {Addr: "10.0.3.203:2379", ServerName: "10.0.3.203:2379", BalancerAttributes: {"<%!p(pickfirstleaf.managedByPickfirstKeyType={})>": "<%!p(bool=true)>" }}. Err: connection error: desc = "transport: Error while dialing: dial tcp 10.0.3.203:2379: connect: connection refused"
2026-01-28T09:48:56.574113426Z W0128 09:48:56.574075       1 logging.go:55] [core] [Channel #15 SubChannel #18]grpc: addrConn.createTransport failed to connect to {Addr: "10.0.3.203:2379", ServerName: "10.0.3.203:2379", BalancerAttributes: {"<%!p(pickfirstleaf.managedByPickfirstKeyType={})>": "<%!p(bool=true)>" }}. Err: connection error: desc = "transport: Error while dialing: dial tcp 10.0.3.203:2379: connect: connection refused"
2026-01-28T09:48:56.711840039Z W0128 09:48:56.711802       1 logging.go:55] [core] [Channel #82 SubChannel #85]grpc: addrConn.createTransport failed to connect to {Addr: "10.0.3.203:2379", ServerName: "10.0.3.203:2379", BalancerAttributes: {"<%!p(pickfirstleaf.managedByPickfirstKeyType={})>": "<%!p(bool=true)>" }}. Err: connection error: desc = "transport: Error while dialing: dial tcp 10.0.3.203:2379: connect: connection refused"
2026-01-28T09:48:57.054799914Z W0128 09:48:57.054759       1 logging.go:55] [core] [Channel #1 SubChannel #4]grpc: addrConn.createTransport failed to connect to {Addr: "10.0.3.203:2379", ServerName: "10.0.3.203:2379", BalancerAttributes: {"<%!p(pickfirstleaf.managedByPickfirstKeyType={})>": "<%!p(bool=true)>" }}. Err: connection error: desc = "transport: Error while dialing: dial tcp 10.0.3.203:2379: connect: connection refused"
2026-01-28T09:48:59.607120421Z W0128 09:48:59.606871       1 logging.go:55] [core] [Channel #87 SubChannel #90]grpc: addrConn.createTransport failed to connect to {Addr: "10.0.3.203:2379", ServerName: "10.0.3.203:2379", BalancerAttributes: {"<%!p(pickfirstleaf.managedByPickfirstKeyType={})>": "<%!p(bool=true)>" }}. Err: connection error: desc = "transport: Error while dialing: dial tcp 10.0.3.203:2379: connect: connection refused"
2026-01-28T09:48:59.801595016Z W0128 09:48:59.801556       1 logging.go:55] [core] [Channel #5 SubChannel #8]grpc: addrConn.createTransport failed to connect to {Addr: "10.0.3.203:2379", ServerName: "10.0.3.203:2379", BalancerAttributes: {"<%!p(pickfirstleaf.managedByPickfirstKeyType={})>": "<%!p(bool=true)>" }}. Err: connection error: desc = "transport: Error while dialing: dial tcp 10.0.3.203:2379: connect: connection refused"
2026-01-28T09:48:59.820677165Z W0128 09:48:59.820646       1 logging.go:55] [core] [Channel #103 SubChannel #106]grpc: addrConn.createTransport failed to connect to {Addr: "10.0.3.203:2379", ServerName: "10.0.3.203:2379", BalancerAttributes: {"<%!p(pickfirstleaf.managedByPickfirstKeyType={})>": "<%!p(bool=true)>" }}. Err: connection error: desc = "transport: Error while dialing: dial tcp 10.0.3.203:2379: connect: connection refused"
2026-01-28T09:49:00.296415504Z W0128 09:49:00.296370       1 logging.go:55] [core] [Channel #82 SubChannel #85]grpc: addrConn.createTransport failed to connect to {Addr: "10.0.3.203:2379", ServerName: "10.0.3.203:2379", BalancerAttributes: {"<%!p(pickfirstleaf.managedByPickfirstKeyType={})>": "<%!p(bool=true)>" }}. Err: connection error: desc = "transport: Error while dialing: dial tcp 10.0.3.203:2379: connect: connection refused"
2026-01-28T09:49:00.386843179Z W0128 09:49:00.386807       1 logging.go:55] [core] [Channel #75 SubChannel #78]grpc: addrConn.createTransport failed to connect to {Addr: "10.0.3.203:2379", ServerName: "10.0.3.203:2379", BalancerAttributes: {"<%!p(pickfirstleaf.managedByPickfirstKeyType={})>": "<%!p(bool=true)>" }}. Err: connection error: desc = "transport: Error while dialing: dial tcp 10.0.3.203:2379: connect: connection refused"
2026-01-28T09:49:00.468138284Z W0128 09:49:00.468105       1 logging.go:55] [core] [Channel #1 SubChannel #4]grpc: addrConn.createTransport failed to connect to {Addr: "10.0.3.203:2379", ServerName: "10.0.3.203:2379", BalancerAttributes: {"<%!p(pickfirstleaf.managedByPickfirstKeyType={})>": "<%!p(bool=true)>" }}. Err: connection error: desc = "transport: Error while dialing: dial tcp 10.0.3.203:2379: connect: connection refused"
2026-01-28T09:49:00.506598016Z W0128 09:49:00.506572       1 logging.go:55] [core] [Channel #53 SubChannel #56]grpc: addrConn.createTransport failed to connect to {Addr: "10.0.3.203:2379", ServerName: "10.0.3.203:2379", BalancerAttributes: {"<%!p(pickfirstleaf.managedByPickfirstKeyType={})>": "<%!p(bool=true)>" }}. Err: connection error: desc = "transport: Error while dialing: dial tcp 10.0.3.203:2379: connect: connection refused"
2026-01-28T09:49:00.519764390Z W0128 09:49:00.519742       1 logging.go:55] [core] [Channel #22 SubChannel #25]grpc: addrConn.createTransport failed to connect to {Addr: "10.0.3.203:2379", ServerName: "10.0.3.203:2379", BalancerAttributes: {"<%!p(pickfirstleaf.managedByPickfirstKeyType={})>": "<%!p(bool=true)>" }}. Err: connection error: desc = "transport: Error while dialing: dial tcp 10.0.3.203:2379: connect: connection refused"
2026-01-28T09:49:00.926220303Z W0128 09:49:00.926179       1 logging.go:55] [core] [Channel #95 SubChannel #98]grpc: addrConn.createTransport failed to connect to {Addr: "10.0.3.203:2379", ServerName: "10.0.3.203:2379", BalancerAttributes: {"<%!p(pickfirstleaf.managedByPickfirstKeyType={})>": "<%!p(bool=true)>" }}. Err: connection error: desc = "transport: Error while dialing: dial tcp 10.0.3.203:2379: connect: connection refused"
2026-01-28T09:49:01.061148760Z W0128 09:49:01.061101       1 logging.go:55] [core] [Channel #15 SubChannel #18]grpc: addrConn.createTransport failed to connect to {Addr: "10.0.3.203:2379", ServerName: "10.0.3.203:2379", BalancerAttributes: {"<%!p(pickfirstleaf.managedByPickfirstKeyType={})>": "<%!p(bool=true)>" }}. Err: connection error: desc = "transport: Error while dialing: dial tcp 10.0.3.203:2379: connect: connection refused"
2026-01-28T09:49:01.248131824Z W0128 09:49:01.248091       1 logging.go:55] [core] [Channel #61 SubChannel #64]grpc: addrConn.createTransport failed to connect to {Addr: "10.0.3.203:2379", ServerName: "10.0.3.203:2379", BalancerAttributes: {"<%!p(pickfirstleaf.managedByPickfirstKeyType={})>": "<%!p(bool=true)>" }}. Err: connection error: desc = "transport: Error while dialing: dial tcp 10.0.3.203:2379: connect: connection refused"
2026-01-28T09:49:01.267098648Z W0128 09:49:01.267071       1 logging.go:55] [core] [Channel #47 SubChannel #50]grpc: addrConn.createTransport failed to connect to {Addr: "10.0.3.203:2379", ServerName: "10.0.3.203:2379", BalancerAttributes: {"<%!p(pickfirstleaf.managedByPickfirstKeyType={})>": "<%!p(bool=true)>" }}. Err: connection error: desc = "transport: Error while dialing: dial tcp 10.0.3.203:2379: connect: connection refused"
2026-01-28T09:49:01.352489740Z W0128 09:49:01.352452       1 logging.go:55] [core] [Channel #67 SubChannel #70]grpc: addrConn.createTransport failed to connect to {Addr: "10.0.3.203:2379", ServerName: "10.0.3.203:2379", BalancerAttributes: {"<%!p(pickfirstleaf.managedByPickfirstKeyType={})>": "<%!p(bool=true)>" }}. Err: connection error: desc = "transport: Error while dialing: dial tcp 10.0.3.203:2379: connect: connection refused"
2026-01-28T09:49:05.154432693Z W0128 09:49:05.154360       1 logging.go:55] [core] [Channel #103 SubChannel #106]grpc: addrConn.createTransport failed to connect to {Addr: "10.0.3.203:2379", ServerName: "10.0.3.203:2379", BalancerAttributes: {"<%!p(pickfirstleaf.managedByPickfirstKeyType={})>": "<%!p(bool=true)>" }}. Err: connection error: desc = "transport: Error while dialing: dial tcp 10.0.3.203:2379: connect: connection refused"
2026-01-28T09:49:05.567477043Z W0128 09:49:05.567429       1 logging.go:55] [core] [Channel #374 SubChannel #375]grpc: addrConn.createTransport failed to connect to {Addr: "10.0.3.203:2379", ServerName: "10.0.3.203:2379", BalancerAttributes: {"<%!p(pickfirstleaf.managedByPickfirstKeyType={})>": "<%!p(bool=true)>" }}. Err: connection error: desc = "transport: Error while dialing: dial tcp 10.0.3.203:2379: connect: connection refused"
2026-01-28T09:49:05.926743954Z W0128 09:49:05.926688       1 logging.go:55] [core] [Channel #376 SubChannel #379]grpc: addrConn.createTransport failed to connect to {Addr: "10.0.3.203:2379", ServerName: "10.0.3.203:2379", BalancerAttributes: {"<%!p(pickfirstleaf.managedByPickfirstKeyType={})>": "<%!p(bool=true)>" }}. Err: connection error: desc = "transport: Error while dialing: dial tcp 10.0.3.203:2379: connect: connection refused"
2026-01-28T09:49:06.189444204Z W0128 09:49:06.189398       1 logging.go:55] [core] [Channel #53 SubChannel #56]grpc: addrConn.createTransport failed to connect to {Addr: "10.0.3.203:2379", ServerName: "10.0.3.203:2379", BalancerAttributes: {"<%!p(pickfirstleaf.managedByPickfirstKeyType={})>": "<%!p(bool=true)>" }}. Err: connection error: desc = "transport: Error while dialing: dial tcp 10.0.3.203:2379: connect: connection refused"
2026-01-28T09:49:06.213676631Z W0128 09:49:06.213625       1 logging.go:55] [core] [Channel #82 SubChannel #85]grpc: addrConn.createTransport failed to connect to {Addr: "10.0.3.203:2379", ServerName: "10.0.3.203:2379", BalancerAttributes: {"<%!p(pickfirstleaf.managedByPickfirstKeyType={})>": "<%!p(bool=true)>" }}. Err: connection error: desc = "transport: Error while dialing: dial tcp 10.0.3.203:2379: connect: connection refused"
2026-01-28T09:49:06.318971782Z W0128 09:49:06.318922       1 logging.go:55] [core] [Channel #15 SubChannel #18]grpc: addrConn.createTransport failed to connect to {Addr: "10.0.3.203:2379", ServerName: "10.0.3.203:2379", BalancerAttributes: {"<%!p(pickfirstleaf.managedByPickfirstKeyType={})>": "<%!p(bool=true)>" }}. Err: connection error: desc = "transport: Error while dialing: dial tcp 10.0.3.203:2379: connect: connection refused"
2026-01-28T09:49:06.399399765Z W0128 09:49:06.399306       1 logging.go:55] [core] [Channel #5 SubChannel #8]grpc: addrConn.createTransport failed to connect to {Addr: "10.0.3.203:2379", ServerName: "10.0.3.203:2379", BalancerAttributes: {"<%!p(pickfirstleaf.managedByPickfirstKeyType={})>": "<%!p(bool=true)>" }}. Err: connection error: desc = "transport: Error while dialing: dial tcp 10.0.3.203:2379: connect: connection refused"
2026-01-28T09:49:06.569176290Z W0128 09:49:06.569137       1 logging.go:55] [core] [Channel #374 SubChannel #375]grpc: addrConn.createTransport failed to connect to {Addr: "10.0.3.203:2379", ServerName: "10.0.3.203:2379", BalancerAttributes: {"<%!p(pickfirstleaf.managedByPickfirstKeyType={})>": "<%!p(bool=true)>" }}. Err: connection error: desc = "transport: Error while dialing: dial tcp 10.0.3.203:2379: connect: connection refused"
2026-01-28T09:49:06.687798242Z W0128 09:49:06.687758       1 logging.go:55] [core] [Channel #1 SubChannel #4]grpc: addrConn.createTransport failed to connect to {Addr: "10.0.3.203:2379", ServerName: "10.0.3.203:2379", BalancerAttributes: {"<%!p(pickfirstleaf.managedByPickfirstKeyType={})>": "<%!p(bool=true)>" }}. Err: connection error: desc = "transport: Error while dialing: dial tcp 10.0.3.203:2379: connect: connection refused"
2026-01-28T09:49:07.034294638Z W0128 09:49:07.034252       1 logging.go:55] [core] [Channel #87 SubChannel #90]grpc: addrConn.createTransport failed to connect to {Addr: "10.0.3.203:2379", ServerName: "10.0.3.203:2379", BalancerAttributes: {"<%!p(pickfirstleaf.managedByPickfirstKeyType={})>": "<%!p(bool=true)>" }}. Err: connection error: desc = "transport: Error while dialing: dial tcp 10.0.3.203:2379: connect: connection refused"
2026-01-28T09:49:07.263041574Z W0128 09:49:07.262987       1 logging.go:55] [core] [Channel #67 SubChannel #70]grpc: addrConn.createTransport failed to connect to {Addr: "10.0.3.203:2379", ServerName: "10.0.3.203:2379", BalancerAttributes: {"<%!p(pickfirstleaf.managedByPickfirstKeyType={})>": "<%!p(bool=true)>" }}. Err: connection error: desc = "transport: Error while dialing: dial tcp 10.0.3.203:2379: connect: connection refused"
2026-01-28T09:49:07.337312400Z W0128 09:49:07.337269       1 logging.go:55] [core] [Channel #95 SubChannel #98]grpc: addrConn.createTransport failed to connect to {Addr: "10.0.3.203:2379", ServerName: "10.0.3.203:2379", BalancerAttributes: {"<%!p(pickfirstleaf.managedByPickfirstKeyType={})>": "<%!p(bool=true)>" }}. Err: connection error: desc = "transport: Error while dialing: dial tcp 10.0.3.203:2379: connect: connection refused"
2026-01-28T09:49:07.456900459Z W0128 09:49:07.456848       1 logging.go:55] [core] [Channel #75 SubChannel #78]grpc: addrConn.createTransport failed to connect to {Addr: "10.0.3.203:2379", ServerName: "10.0.3.203:2379", BalancerAttributes: {"<%!p(pickfirstleaf.managedByPickfirstKeyType={})>": "<%!p(bool=true)>" }}. Err: connection error: desc = "transport: Error while dialing: dial tcp 10.0.3.203:2379: connect: connection refused"
2026-01-28T09:49:07.925732825Z W0128 09:49:07.925637       1 logging.go:55] [core] [Channel #47 SubChannel #50]grpc: addrConn.createTransport failed to connect to {Addr: "10.0.3.203:2379", ServerName: "10.0.3.203:2379", BalancerAttributes: {"<%!p(pickfirstleaf.managedByPickfirstKeyType={})>": "<%!p(bool=true)>" }}. Err: connection error: desc = "transport: Error while dialing: dial tcp 10.0.3.203:2379: connect: connection refused"
2026-01-28T09:49:07.985294654Z W0128 09:49:07.985221       1 logging.go:55] [core] [Channel #374 SubChannel #375]grpc: addrConn.createTransport failed to connect to {Addr: "10.0.3.203:2379", ServerName: "10.0.3.203:2379", BalancerAttributes: {"<%!p(pickfirstleaf.managedByPickfirstKeyType={})>": "<%!p(bool=true)>" }}. Err: connection error: desc = "transport: Error while dialing: dial tcp 10.0.3.203:2379: connect: connection refused"
2026-01-28T09:49:08.319226814Z W0128 09:49:08.319172       1 logging.go:55] [core] [Channel #22 SubChannel #25]grpc: addrConn.createTransport failed to connect to {Addr: "10.0.3.203:2379", ServerName: "10.0.3.203:2379", BalancerAttributes: {"<%!p(pickfirstleaf.managedByPickfirstKeyType={})>": "<%!p(bool=true)>" }}. Err: connection error: desc = "transport: Error while dialing: dial tcp 10.0.3.203:2379: connect: connection refused"
2026-01-28T09:49:08.702009497Z W0128 09:49:08.701955       1 logging.go:55] [core] [Channel #61 SubChannel #64]grpc: addrConn.createTransport failed to connect to {Addr: "10.0.3.203:2379", ServerName: "10.0.3.203:2379", BalancerAttributes: {"<%!p(pickfirstleaf.managedByPickfirstKeyType={})>": "<%!p(bool=true)>" }}. Err: connection error: desc = "transport: Error while dialing: dial tcp 10.0.3.203:2379: connect: connection refused"
2026-01-28T09:49:10.356417985Z W0128 09:49:10.356353       1 logging.go:55] [core] [Channel #374 SubChannel #375]grpc: addrConn.createTransport failed to connect to {Addr: "10.0.3.203:2379", ServerName: "10.0.3.203:2379", BalancerAttributes: {"<%!p(pickfirstleaf.managedByPickfirstKeyType={})>": "<%!p(bool=true)>" }}. Err: connection error: desc = "transport: Error while dialing: dial tcp 10.0.3.203:2379: connect: connection refused"
2026-01-28T09:49:14.018549491Z W0128 09:49:14.018499       1 logging.go:55] [core] [Channel #374 SubChannel #375]grpc: addrConn.createTransport failed to connect to {Addr: "10.0.3.203:2379", ServerName: "10.0.3.203:2379", BalancerAttributes: {"<%!p(pickfirstleaf.managedByPickfirstKeyType={})>": "<%!p(bool=true)>" }}. Err: connection error: desc = "transport: Error while dialing: dial tcp 10.0.3.203:2379: connect: connection refused"
2026-01-28T09:49:14.809606907Z W0128 09:49:14.809567       1 logging.go:55] [core] [Channel #15 SubChannel #18]grpc: addrConn.createTransport failed to connect to {Addr: "10.0.3.203:2379", ServerName: "10.0.3.203:2379", BalancerAttributes: {"<%!p(pickfirstleaf.managedByPickfirstKeyType={})>": "<%!p(bool=true)>" }}. Err: connection error: desc = "transport: Error while dialing: dial tcp 10.0.3.203:2379: connect: connection refused"
2026-01-28T09:49:15.098789191Z W0128 09:49:15.098748       1 logging.go:55] [core] [Channel #1 SubChannel #4]grpc: addrConn.createTransport failed to connect to {Addr: "10.0.3.203:2379", ServerName: "10.0.3.203:2379", BalancerAttributes: {"<%!p(pickfirstleaf.managedByPickfirstKeyType={})>": "<%!p(bool=true)>" }}. Err: connection error: desc = "transport: Error while dialing: dial tcp 10.0.3.203:2379: connect: connection refused"
2026-01-28T09:49:15.352986125Z W0128 09:49:15.352943       1 logging.go:55] [core] [Channel #5 SubChannel #8]grpc: addrConn.createTransport failed to connect to {Addr: "10.0.3.203:2379", ServerName: "10.0.3.203:2379", BalancerAttributes: {"<%!p(pickfirstleaf.managedByPickfirstKeyType={})>": "<%!p(bool=true)>" }}. Err: connection error: desc = "transport: Error while dialing: dial tcp 10.0.3.203:2379: connect: connection refused"
2026-01-28T09:49:15.886198476Z W0128 09:49:15.886158       1 logging.go:55] [core] [Channel #87 SubChannel #90]grpc: addrConn.createTransport failed to connect to {Addr: "10.0.3.203:2379", ServerName: "10.0.3.203:2379", BalancerAttributes: {"<%!p(pickfirstleaf.managedByPickfirstKeyType={})>": "<%!p(bool=true)>" }}. Err: connection error: desc = "transport: Error while dialing: dial tcp 10.0.3.203:2379: connect: connection refused"
2026-01-28T09:49:16.043310351Z W0128 09:49:16.043268       1 logging.go:55] [core] [Channel #103 SubChannel #106]grpc: addrConn.createTransport failed to connect to {Addr: "10.0.3.203:2379", ServerName: "10.0.3.203:2379", BalancerAttributes: {"<%!p(pickfirstleaf.managedByPickfirstKeyType={})>": "<%!p(bool=true)>" }}. Err: connection error: desc = "transport: Error while dialing: dial tcp 10.0.3.203:2379: connect: connection refused"
2026-01-28T09:49:16.390733181Z W0128 09:49:16.390674       1 logging.go:55] [core] [Channel #82 SubChannel #85]grpc: addrConn.createTransport failed to connect to {Addr: "10.0.3.203:2379", ServerName: "10.0.3.203:2379", BalancerAttributes: {"<%!p(pickfirstleaf.managedByPickfirstKeyType={})>": "<%!p(bool=true)>" }}. Err: connection error: desc = "transport: Error while dialing: dial tcp 10.0.3.203:2379: connect: connection refused"
2026-01-28T09:49:18.052121007Z W0128 09:49:18.052071       1 logging.go:55] [core] [Channel #53 SubChannel #56]grpc: addrConn.createTransport failed to connect to {Addr: "10.0.3.203:2379", ServerName: "10.0.3.203:2379", BalancerAttributes: {"<%!p(pickfirstleaf.managedByPickfirstKeyType={})>": "<%!p(bool=true)>" }}. Err: connection error: desc = "transport: Error while dialing: dial tcp 10.0.3.203:2379: connect: connection refused"
2026-01-28T09:49:18.727236447Z W0128 09:49:18.727198       1 logging.go:55] [core] [Channel #47 SubChannel #50]grpc: addrConn.createTransport failed to connect to {Addr: "10.0.3.203:2379", ServerName: "10.0.3.203:2379", BalancerAttributes: {"<%!p(pickfirstleaf.managedByPickfirstKeyType={})>": "<%!p(bool=true)>" }}. Err: connection error: desc = "transport: Error while dialing: dial tcp 10.0.3.203:2379: connect: connection refused"
2026-01-28T09:49:18.826468102Z W0128 09:49:18.826413       1 logging.go:55] [core] [Channel #67 SubChannel #70]grpc: addrConn.createTransport failed to connect to {Addr: "10.0.3.203:2379", ServerName: "10.0.3.203:2379", BalancerAttributes: {"<%!p(pickfirstleaf.managedByPickfirstKeyType={})>": "<%!p(bool=true)>" }}. Err: connection error: desc = "transport: Error while dialing: dial tcp 10.0.3.203:2379: connect: connection refused"
2026-01-28T09:49:19.380920380Z W0128 09:49:19.380872       1 logging.go:55] [core] [Channel #22 SubChannel #25]grpc: addrConn.createTransport failed to connect to {Addr: "10.0.3.203:2379", ServerName: "10.0.3.203:2379", BalancerAttributes: {"<%!p(pickfirstleaf.managedByPickfirstKeyType={})>": "<%!p(bool=true)>" }}. Err: connection error: desc = "transport: Error while dialing: dial tcp 10.0.3.203:2379: connect: connection refused"
2026-01-28T09:49:19.557040700Z W0128 09:49:19.556974       1 logging.go:55] [core] [Channel #75 SubChannel #78]grpc: addrConn.createTransport failed to connect to {Addr: "10.0.3.203:2379", ServerName: "10.0.3.203:2379", BalancerAttributes: {"<%!p(pickfirstleaf.managedByPickfirstKeyType={})>": "<%!p(bool=true)>" }}. Err: connection error: desc = "transport: Error while dialing: dial tcp 10.0.3.203:2379: connect: connection refused"
2026-01-28T09:49:19.872857109Z W0128 09:49:19.872819       1 logging.go:55] [core] [Channel #95 SubChannel #98]grpc: addrConn.createTransport failed to connect to {Addr: "10.0.3.203:2379", ServerName: "10.0.3.203:2379", BalancerAttributes: {"<%!p(pickfirstleaf.managedByPickfirstKeyType={})>": "<%!p(bool=true)>" }}. Err: connection error: desc = "transport: Error while dialing: dial tcp 10.0.3.203:2379: connect: connection refused"
2026-01-28T09:49:20.766639705Z W0128 09:49:20.766589       1 logging.go:55] [core] [Channel #385 SubChannel #388]grpc: addrConn.createTransport failed to connect to {Addr: "10.0.3.203:2379", ServerName: "10.0.3.203:2379", BalancerAttributes: {"<%!p(pickfirstleaf.managedByPickfirstKeyType={})>": "<%!p(bool=true)>" }}. Err: connection error: desc = "transport: Error while dialing: dial tcp 10.0.3.203:2379: connect: connection refused"
2026-01-28T09:49:20.870551153Z W0128 09:49:20.870505       1 logging.go:55] [core] [Channel #61 SubChannel #64]grpc: addrConn.createTransport failed to connect to {Addr: "10.0.3.203:2379", ServerName: "10.0.3.203:2379", BalancerAttributes: {"<%!p(pickfirstleaf.managedByPickfirstKeyType={})>": "<%!p(bool=true)>" }}. Err: connection error: desc = "transport: Error while dialing: dial tcp 10.0.3.203:2379: connect: connection refused"
2026-01-28T09:49:21.077656514Z W0128 09:49:21.077610       1 logging.go:55] [core] [Channel #374 SubChannel #375]grpc: addrConn.createTransport failed to connect to {Addr: "10.0.3.203:2379", ServerName: "10.0.3.203:2379", BalancerAttributes: {"<%!p(pickfirstleaf.managedByPickfirstKeyType={})>": "<%!p(bool=true)>" }}. Err: connection error: desc = "transport: Error while dialing: dial tcp 10.0.3.203:2379: connect: connection refused"
2026-01-28T09:49:29.805115984Z W0128 09:49:29.805063       1 logging.go:55] [core] [Channel #5 SubChannel #8]grpc: addrConn.createTransport failed to connect to {Addr: "10.0.3.203:2379", ServerName: "10.0.3.203:2379", BalancerAttributes: {"<%!p(pickfirstleaf.managedByPickfirstKeyType={})>": "<%!p(bool=true)>" }}. Err: connection error: desc = "transport: Error while dialing: dial tcp 10.0.3.203:2379: connect: connection refused"
2026-01-28T09:49:30.274165313Z W0128 09:49:30.274107       1 logging.go:55] [core] [Channel #82 SubChannel #85]grpc: addrConn.createTransport failed to connect to {Addr: "10.0.3.203:2379", ServerName: "10.0.3.203:2379", BalancerAttributes: {"<%!p(pickfirstleaf.managedByPickfirstKeyType={})>": "<%!p(bool=true)>" }}. Err: connection error: desc = "transport: Error while dialing: dial tcp 10.0.3.203:2379: connect: connection refused"
2026-01-28T09:49:31.162591231Z W0128 09:49:31.162516       1 logging.go:55] [core] [Channel #103 SubChannel #106]grpc: addrConn.createTransport failed to connect to {Addr: "10.0.3.203:2379", ServerName: "10.0.3.203:2379", BalancerAttributes: {"<%!p(pickfirstleaf.managedByPickfirstKeyType={})>": "<%!p(bool=true)>" }}. Err: connection error: desc = "transport: Error while dialing: dial tcp 10.0.3.203:2379: connect: connection refused"
2026-01-28T09:49:32.891746622Z W0128 09:49:32.891693       1 logging.go:55] [core] [Channel #47 SubChannel #50]grpc: addrConn.createTransport failed to connect to {Addr: "10.0.3.203:2379", ServerName: "10.0.3.203:2379", BalancerAttributes: {"<%!p(pickfirstleaf.managedByPickfirstKeyType={})>": "<%!p(bool=true)>" }}. Err: connection error: desc = "transport: Error while dialing: dial tcp 10.0.3.203:2379: connect: connection refused"
2026-01-28T09:49:33.294989301Z W0128 09:49:33.294950       1 logging.go:55] [core] [Channel #22 SubChannel #25]grpc: addrConn.createTransport failed to connect to {Addr: "10.0.3.203:2379", ServerName: "10.0.3.203:2379", BalancerAttributes: {"<%!p(pickfirstleaf.managedByPickfirstKeyType={})>": "<%!p(bool=true)>" }}. Err: connection error: desc = "transport: Error while dialing: dial tcp 10.0.3.203:2379: connect: connection refused"
2026-01-28T09:49:33.438501754Z W0128 09:49:33.438455       1 logging.go:55] [core] [Channel #87 SubChannel #90]grpc: addrConn.createTransport failed to connect to {Addr: "10.0.3.203:2379", ServerName: "10.0.3.203:2379", BalancerAttributes: {"<%!p(pickfirstleaf.managedByPickfirstKeyType={})>": "<%!p(bool=true)>" }}. Err: connection error: desc = "transport: Error while dialing: dial tcp 10.0.3.203:2379: connect: connection refused"
2026-01-28T09:49:34.223767308Z W0128 09:49:34.223675       1 logging.go:55] [core] [Channel #15 SubChannel #18]grpc: addrConn.createTransport failed to connect to {Addr: "10.0.3.203:2379", ServerName: "10.0.3.203:2379", BalancerAttributes: {"<%!p(pickfirstleaf.managedByPickfirstKeyType={})>": "<%!p(bool=true)>" }}. Err: connection error: desc = "transport: Error while dialing: dial tcp 10.0.3.203:2379: connect: connection refused"
2026-01-28T09:49:34.689150947Z W0128 09:49:34.689112       1 logging.go:55] [core] [Channel #53 SubChannel #56]grpc: addrConn.createTransport failed to connect to {Addr: "10.0.3.203:2379", ServerName: "10.0.3.203:2379", BalancerAttributes: {"<%!p(pickfirstleaf.managedByPickfirstKeyType={})>": "<%!p(bool=true)>" }}. Err: connection error: desc = "transport: Error while dialing: dial tcp 10.0.3.203:2379: connect: connection refused"
2026-01-28T09:49:34.964907256Z W0128 09:49:34.964861       1 logging.go:55] [core] [Channel #1 SubChannel #4]grpc: addrConn.createTransport failed to connect to {Addr: "10.0.3.203:2379", ServerName: "10.0.3.203:2379", BalancerAttributes: {"<%!p(pickfirstleaf.managedByPickfirstKeyType={})>": "<%!p(bool=true)>" }}. Err: connection error: desc = "transport: Error while dialing: dial tcp 10.0.3.203:2379: connect: connection refused"
2026-01-28T09:49:35.928706499Z W0128 09:49:35.928658       1 logging.go:55] [core] [Channel #397 SubChannel #400]grpc: addrConn.createTransport failed to connect to {Addr: "10.0.3.203:2379", ServerName: "10.0.3.203:2379", BalancerAttributes: {"<%!p(pickfirstleaf.managedByPickfirstKeyType={})>": "<%!p(bool=true)>" }}. Err: connection error: desc = "transport: Error while dialing: dial tcp 10.0.3.203:2379: connect: connection refused"
2026-01-28T09:49:36.787133490Z W0128 09:49:36.787081       1 logging.go:55] [core] [Channel #61 SubChannel #64]grpc: addrConn.createTransport failed to connect to {Addr: "10.0.3.203:2379", ServerName: "10.0.3.203:2379", BalancerAttributes: {"<%!p(pickfirstleaf.managedByPickfirstKeyType={})>": "<%!p(bool=true)>" }}. Err: connection error: desc = "transport: Error while dialing: dial tcp 10.0.3.203:2379: connect: connection refused"
2026-01-28T09:49:37.144274063Z W0128 09:49:37.144230       1 logging.go:55] [core] [Channel #67 SubChannel #70]grpc: addrConn.createTransport failed to connect to {Addr: "10.0.3.203:2379", ServerName: "10.0.3.203:2379", BalancerAttributes: {"<%!p(pickfirstleaf.managedByPickfirstKeyType={})>": "<%!p(bool=true)>" }}. Err: connection error: desc = "transport: Error while dialing: dial tcp 10.0.3.203:2379: connect: connection refused"
2026-01-28T09:49:37.409554643Z W0128 09:49:37.409512       1 logging.go:55] [core] [Channel #95 SubChannel #98]grpc: addrConn.createTransport failed to connect to {Addr: "10.0.3.203:2379", ServerName: "10.0.3.203:2379", BalancerAttributes: {"<%!p(pickfirstleaf.managedByPickfirstKeyType={})>": "<%!p(bool=true)>" }}. Err: connection error: desc = "transport: Error while dialing: dial tcp 10.0.3.203:2379: connect: connection refused"
2026-01-28T09:49:38.350087283Z W0128 09:49:38.350015       1 logging.go:55] [core] [Channel #75 SubChannel #78]grpc: addrConn.createTransport failed to connect to {Addr: "10.0.3.203:2379", ServerName: "10.0.3.203:2379", BalancerAttributes: {"<%!p(pickfirstleaf.managedByPickfirstKeyType={})>": "<%!p(bool=true)>" }}. Err: connection error: desc = "transport: Error while dialing: dial tcp 10.0.3.203:2379: connect: connection refused"
2026-01-28T09:49:50.774836243Z W0128 09:49:50.774788       1 logging.go:55] [core] [Channel #409 SubChannel #412]grpc: addrConn.createTransport failed to connect to {Addr: "10.0.3.203:2379", ServerName: "10.0.3.203:2379", BalancerAttributes: {"<%!p(pickfirstleaf.managedByPickfirstKeyType={})>": "<%!p(bool=true)>" }}. Err: connection error: desc = "transport: Error while dialing: dial tcp 10.0.3.203:2379: connect: connection refused"
2026-01-28T09:49:56.318299957Z W0128 09:49:56.318252       1 logging.go:55] [core] [Channel #87 SubChannel #90]grpc: addrConn.createTransport failed to connect to {Addr: "10.0.3.203:2379", ServerName: "10.0.3.203:2379", BalancerAttributes: {"<%!p(pickfirstleaf.managedByPickfirstKeyType={})>": "<%!p(bool=true)>" }}. Err: connection error: desc = "transport: Error while dialing: dial tcp 10.0.3.203:2379: connect: connection refused"
2026-01-28T09:49:58.022926736Z W0128 09:49:58.022873       1 logging.go:55] [core] [Channel #5 SubChannel #8]grpc: addrConn.createTransport failed to connect to {Addr: "10.0.3.203:2379", ServerName: "10.0.3.203:2379", BalancerAttributes: {"<%!p(pickfirstleaf.managedByPickfirstKeyType={})>": "<%!p(bool=true)>" }}. Err: connection error: desc = "transport: Error while dialing: dial tcp 10.0.3.203:2379: connect: connection refused"
2026-01-28T09:49:59.300543746Z W0128 09:49:59.300501       1 logging.go:55] [core] [Channel #22 SubChannel #25]grpc: addrConn.createTransport failed to connect to {Addr: "10.0.3.203:2379", ServerName: "10.0.3.203:2379", BalancerAttributes: {"<%!p(pickfirstleaf.managedByPickfirstKeyType={})>": "<%!p(bool=true)>" }}. Err: connection error: desc = "transport: Error while dialing: dial tcp 10.0.3.203:2379: connect: connection refused"
2026-01-28T09:49:59.532491394Z W0128 09:49:59.532435       1 logging.go:55] [core] [Channel #95 SubChannel #98]grpc: addrConn.createTransport failed to connect to {Addr: "10.0.3.203:2379", ServerName: "10.0.3.203:2379", BalancerAttributes: {"<%!p(pickfirstleaf.managedByPickfirstKeyType={})>": "<%!p(bool=true)>" }}. Err: connection error: desc = "transport: Error while dialing: dial tcp 10.0.3.203:2379: connect: connection refused"
2026-01-28T09:49:59.625969865Z W0128 09:49:59.625921       1 logging.go:55] [core] [Channel #82 SubChannel #85]grpc: addrConn.createTransport failed to connect to {Addr: "10.0.3.203:2379", ServerName: "10.0.3.203:2379", BalancerAttributes: {"<%!p(pickfirstleaf.managedByPickfirstKeyType={})>": "<%!p(bool=true)>" }}. Err: connection error: desc = "transport: Error while dialing: dial tcp 10.0.3.203:2379: connect: connection refused"
2026-01-28T09:49:59.650235980Z W0128 09:49:59.650188       1 logging.go:55] [core] [Channel #47 SubChannel #50]grpc: addrConn.createTransport failed to connect to {Addr: "10.0.3.203:2379", ServerName: "10.0.3.203:2379", BalancerAttributes: {"<%!p(pickfirstleaf.managedByPickfirstKeyType={})>": "<%!p(bool=true)>" }}. Err: connection error: desc = "transport: Error while dialing: dial tcp 10.0.3.203:2379: connect: connection refused"
2026-01-28T09:49:59.693717210Z W0128 09:49:59.693664       1 logging.go:55] [core] [Channel #15 SubChannel #18]grpc: addrConn.createTransport failed to connect to {Addr: "10.0.3.203:2379", ServerName: "10.0.3.203:2379", BalancerAttributes: {"<%!p(pickfirstleaf.managedByPickfirstKeyType={})>": "<%!p(bool=true)>" }}. Err: connection error: desc = "transport: Error while dialing: dial tcp 10.0.3.203:2379: connect: connection refused"
2026-01-28T09:49:59.925334181Z W0128 09:49:59.925284       1 logging.go:55] [core] [Channel #1 SubChannel #4]grpc: addrConn.createTransport failed to connect to {Addr: "10.0.3.203:2379", ServerName: "10.0.3.203:2379", BalancerAttributes: {"<%!p(pickfirstleaf.managedByPickfirstKeyType={})>": "<%!p(bool=true)>" }}. Err: connection error: desc = "transport: Error while dialing: dial tcp 10.0.3.203:2379: connect: connection refused"
2026-01-28T09:50:00.393409662Z W0128 09:50:00.393369       1 logging.go:55] [core] [Channel #61 SubChannel #64]grpc: addrConn.createTransport failed to connect to {Addr: "10.0.3.203:2379", ServerName: "10.0.3.203:2379", BalancerAttributes: {"<%!p(pickfirstleaf.managedByPickfirstKeyType={})>": "<%!p(bool=true)>" }}. Err: connection error: desc = "transport: Error while dialing: dial tcp 10.0.3.203:2379: connect: connection refused"
2026-01-28T09:50:02.071719115Z W0128 09:50:02.071680       1 logging.go:55] [core] [Channel #53 SubChannel #56]grpc: addrConn.createTransport failed to connect to {Addr: "10.0.3.203:2379", ServerName: "10.0.3.203:2379", BalancerAttributes: {"<%!p(pickfirstleaf.managedByPickfirstKeyType={})>": "<%!p(bool=true)>" }}. Err: connection error: desc = "transport: Error while dialing: dial tcp 10.0.3.203:2379: connect: connection refused"
2026-01-28T09:50:02.692274326Z W0128 09:50:02.692227       1 logging.go:55] [core] [Channel #103 SubChannel #106]grpc: addrConn.createTransport failed to connect to {Addr: "10.0.3.203:2379", ServerName: "10.0.3.203:2379", BalancerAttributes: {"<%!p(pickfirstleaf.managedByPickfirstKeyType={})>": "<%!p(bool=true)>" }}. Err: connection error: desc = "transport: Error while dialing: dial tcp 10.0.3.203:2379: connect: connection refused"
2026-01-28T09:50:05.926287596Z W0128 09:50:05.926102       1 logging.go:55] [core] [Channel #421 SubChannel #424]grpc: addrConn.createTransport failed to connect to {Addr: "10.0.3.203:2379", ServerName: "10.0.3.203:2379", BalancerAttributes: {"<%!p(pickfirstleaf.managedByPickfirstKeyType={})>": "<%!p(bool=true)>" }}. Err: connection error: desc = "transport: Error while dialing: dial tcp 10.0.3.203:2379: connect: connection refused"
2026-01-28T09:50:06.826636772Z W0128 09:50:06.826427       1 logging.go:55] [core] [Channel #75 SubChannel #78]grpc: addrConn.createTransport failed to connect to {Addr: "10.0.3.203:2379", ServerName: "10.0.3.203:2379", BalancerAttributes: {"<%!p(pickfirstleaf.managedByPickfirstKeyType={})>": "<%!p(bool=true)>" }}. Err: connection error: desc = "transport: Error while dialing: dial tcp 10.0.3.203:2379: connect: connection refused"
2026-01-28T09:50:07.844256271Z W0128 09:50:07.844198       1 logging.go:55] [core] [Channel #430 SubChannel #431]grpc: addrConn.createTransport failed to connect to {Addr: "10.0.3.203:2379", ServerName: "10.0.3.203:2379", BalancerAttributes: {"<%!p(pickfirstleaf.managedByPickfirstKeyType={})>": "<%!p(bool=true)>" }}. Err: connection error: desc = "transport: Error while dialing: dial tcp 10.0.3.203:2379: connect: connection refused"
2026-01-28T09:50:08.089618055Z W0128 09:50:08.089540       1 logging.go:55] [core] [Channel #67 SubChannel #70]grpc: addrConn.createTransport failed to connect to {Addr: "10.0.3.203:2379", ServerName: "10.0.3.203:2379", BalancerAttributes: {"<%!p(pickfirstleaf.managedByPickfirstKeyType={})>": "<%!p(bool=true)>" }}. Err: connection error: desc = "transport: Error while dialing: dial tcp 10.0.3.203:2379: connect: connection refused"
2026-01-28T09:50:08.845566296Z W0128 09:50:08.845518       1 logging.go:55] [core] [Channel #430 SubChannel #431]grpc: addrConn.createTransport failed to connect to {Addr: "10.0.3.203:2379", ServerName: "10.0.3.203:2379", BalancerAttributes: {"<%!p(pickfirstleaf.managedByPickfirstKeyType={})>": "<%!p(bool=true)>" }}. Err: connection error: desc = "transport: Error while dialing: dial tcp 10.0.3.203:2379: connect: connection refused"
2026-01-28T09:50:10.321906240Z W0128 09:50:10.321854       1 logging.go:55] [core] [Channel #430 SubChannel #431]grpc: addrConn.createTransport failed to connect to {Addr: "10.0.3.203:2379", ServerName: "10.0.3.203:2379", BalancerAttributes: {"<%!p(pickfirstleaf.managedByPickfirstKeyType={})>": "<%!p(bool=true)>" }}. Err: connection error: desc = "transport: Error while dialing: dial tcp 10.0.3.203:2379: connect: connection refused"
2026-01-28T09:50:12.530581078Z W0128 09:50:12.530526       1 logging.go:55] [core] [Channel #430 SubChannel #431]grpc: addrConn.createTransport failed to connect to {Addr: "10.0.3.203:2379", ServerName: "10.0.3.203:2379", BalancerAttributes: {"<%!p(pickfirstleaf.managedByPickfirstKeyType={})>": "<%!p(bool=true)>" }}. Err: connection error: desc = "transport: Error while dialing: dial tcp 10.0.3.203:2379: connect: connection refused"
2026-01-28T09:50:16.776999401Z W0128 09:50:16.776944       1 logging.go:55] [core] [Channel #430 SubChannel #431]grpc: addrConn.createTransport failed to connect to {Addr: "10.0.3.203:2379", ServerName: "10.0.3.203:2379", BalancerAttributes: {"<%!p(pickfirstleaf.managedByPickfirstKeyType={})>": "<%!p(bool=true)>" }}. Err: connection error: desc = "transport: Error while dialing: dial tcp 10.0.3.203:2379: connect: connection refused"
2026-01-28T09:50:20.774768657Z W0128 09:50:20.774717       1 logging.go:55] [core] [Channel #435 SubChannel #438]grpc: addrConn.createTransport failed to connect to {Addr: "10.0.3.203:2379", ServerName: "10.0.3.203:2379", BalancerAttributes: {"<%!p(pickfirstleaf.managedByPickfirstKeyType={})>": "<%!p(bool=true)>" }}. Err: connection error: desc = "transport: authentication handshake failed: context canceled"
2026-01-28T09:50:27.844982656Z W0128 09:50:27.844581       1 logging.go:55] [core] [Channel #430 SubChannel #431]grpc: addrConn.createTransport failed to connect to {Addr: "10.0.3.203:2379", ServerName: "10.0.3.203:2379", BalancerAttributes: {"<%!p(pickfirstleaf.managedByPickfirstKeyType={})>": "<%!p(bool=true)>" }}. Err: connection error: desc = "transport: authentication handshake failed: context canceled"
2026-01-28T09:50:35.937137377Z W0128 09:50:35.937079       1 logging.go:55] [core] [Channel #444 SubChannel #447]grpc: addrConn.createTransport failed to connect to {Addr: "10.0.3.203:2379", ServerName: "10.0.3.203:2379", BalancerAttributes: {"<%!p(pickfirstleaf.managedByPickfirstKeyType={})>": "<%!p(bool=true)>" }}. Err: connection error: desc = "transport: authentication handshake failed: context canceled"
2026-01-28T09:50:50.852820384Z W0128 09:50:50.852769       1 logging.go:55] [core] [Channel #463 SubChannel #466]grpc: addrConn.createTransport failed to connect to {Addr: "10.0.3.203:2379", ServerName: "10.0.3.203:2379", BalancerAttributes: {"<%!p(pickfirstleaf.managedByPickfirstKeyType={})>": "<%!p(bool=true)>" }}. Err: connection error: desc = "error reading server preface: read tcp 10.130.0.76:41354->10.0.3.203:2379: use of closed network connection"
2026-01-28T09:54:24.692129599Z I0128 09:54:24.692078       1 reflector.go:430] "Caches populated" type="*v1.ImageTagMirrorSet" reflector="k8s.io/client-go@v0.33.3/tools/cache/reflector.go:285"
2026-01-28T09:54:24.727578621Z I0128 09:54:24.727515       1 reflector.go:430] "Caches populated" type="*v1.Ingress" reflector="k8s.io/client-go@v0.33.3/tools/cache/reflector.go:285"
2026-01-28T09:54:24.747241542Z I0128 09:54:24.747210       1 reflector.go:430] "Caches populated" type="*v1alpha1.ImageContentSourcePolicy" reflector="k8s.io/client-go@v0.33.3/tools/cache/reflector.go:285"
2026-01-28T09:59:05.936435005Z W0128 09:59:05.936365       1 logging.go:55] [core] [Channel #916 SubChannel #919]grpc: addrConn.createTransport failed to connect to {Addr: "10.0.3.203:2379", ServerName: "10.0.3.203:2379", BalancerAttributes: {"<%!p(pickfirstleaf.managedByPickfirstKeyType={})>": "<%!p(bool=true)>" }}. Err: connection error: desc = "transport: authentication handshake failed: context canceled"
2026-01-28T10:03:58.006539405Z I0128 10:03:58.006483       1 policy_source.go:240] refreshing policies
2026-01-28T10:13:57.378102645Z I0128 10:13:57.378010       1 policy_source.go:240] refreshing policies
2026-01-28T10:23:57.739372704Z I0128 10:23:57.739297       1 policy_source.go:240] refreshing policies
