2026-01-28T09:32:03.881599758Z I0128 09:32:03.881449       1 cmd.go:253] Using service-serving-cert provided certificates
2026-01-28T09:32:03.881744655Z I0128 09:32:03.881721       1 leaderelection.go:121] The leader election gives 4 retries and allows for 30s of clock skew. The kube-apiserver downtime tolerance is 78s. Worst non-graceful lease acquisition is 2m43s. Worst graceful lease acquisition is {26s}.
2026-01-28T09:32:03.883674381Z I0128 09:32:03.883654       1 observer_polling.go:159] Starting file observer
2026-01-28T09:32:03.896734207Z I0128 09:32:03.896695       1 builder.go:304] kube-apiserver-operator version 4.20.0-202601161812.p2.g974542a.assembly.stream.el9-974542a-974542ae2ef86a631546b3a48fd0da3c2e3b74dd
2026-01-28T09:32:04.340780059Z I0128 09:32:04.340737       1 secure_serving.go:57] Forcing use of http/1.1 only
2026-01-28T09:32:04.340845082Z W0128 09:32:04.340832       1 secure_serving.go:69] Use of insecure cipher 'TLS_ECDHE_ECDSA_WITH_AES_128_CBC_SHA256' detected.
2026-01-28T09:32:04.340873443Z W0128 09:32:04.340863       1 secure_serving.go:69] Use of insecure cipher 'TLS_ECDHE_RSA_WITH_AES_128_CBC_SHA256' detected.
2026-01-28T09:32:04.340923336Z W0128 09:32:04.340911       1 secure_serving.go:69] Use of insecure cipher 'TLS_RSA_WITH_AES_128_GCM_SHA256' detected.
2026-01-28T09:32:04.340951287Z W0128 09:32:04.340941       1 secure_serving.go:69] Use of insecure cipher 'TLS_RSA_WITH_AES_256_GCM_SHA384' detected.
2026-01-28T09:32:04.340986359Z W0128 09:32:04.340966       1 secure_serving.go:69] Use of insecure cipher 'TLS_RSA_WITH_AES_128_CBC_SHA' detected.
2026-01-28T09:32:04.341017450Z W0128 09:32:04.341007       1 secure_serving.go:69] Use of insecure cipher 'TLS_RSA_WITH_AES_256_CBC_SHA' detected.
2026-01-28T09:32:04.359861063Z I0128 09:32:04.359817       1 requestheader_controller.go:180] Starting RequestHeaderAuthRequestController
2026-01-28T09:32:04.359941487Z I0128 09:32:04.359924       1 shared_informer.go:350] "Waiting for caches to sync" controller="RequestHeaderAuthRequestController"
2026-01-28T09:32:04.359995420Z I0128 09:32:04.359984       1 configmap_cafile_content.go:205] "Starting controller" name="client-ca::kube-system::extension-apiserver-authentication::client-ca-file"
2026-01-28T09:32:04.360084204Z I0128 09:32:04.360013       1 shared_informer.go:350] "Waiting for caches to sync" controller="client-ca::kube-system::extension-apiserver-authentication::client-ca-file"
2026-01-28T09:32:04.360129726Z I0128 09:32:04.360119       1 configmap_cafile_content.go:205] "Starting controller" name="client-ca::kube-system::extension-apiserver-authentication::requestheader-client-ca-file"
2026-01-28T09:32:04.360157128Z I0128 09:32:04.360147       1 shared_informer.go:350] "Waiting for caches to sync" controller="client-ca::kube-system::extension-apiserver-authentication::requestheader-client-ca-file"
2026-01-28T09:32:04.364225439Z I0128 09:32:04.364203       1 leaderelection.go:257] attempting to acquire leader lease openshift-kube-apiserver-operator/kube-apiserver-operator-lock...
2026-01-28T09:32:04.372045016Z I0128 09:32:04.371277       1 leaderelection.go:271] successfully acquired lease openshift-kube-apiserver-operator/kube-apiserver-operator-lock
2026-01-28T09:32:04.372045016Z I0128 09:32:04.371555       1 event.go:377] Event(v1.ObjectReference{Kind:"Lease", Namespace:"openshift-kube-apiserver-operator", Name:"kube-apiserver-operator-lock", UID:"856a4d80-ae44-49ba-9652-48cc2e7678fd", APIVersion:"coordination.k8s.io/v1", ResourceVersion:"10999", FieldPath:""}): type: 'Normal' reason: 'LeaderElection' kube-apiserver-operator-766b8bd8b7-6fdbx_502f1484-512c-4b4a-a9be-519532293b54 became leader
2026-01-28T09:32:04.383393767Z I0128 09:32:04.383349       1 dynamic_serving_content.go:135] "Starting controller" name="serving-cert::/var/run/secrets/serving-cert/tls.crt::/var/run/secrets/serving-cert/tls.key"
2026-01-28T09:32:04.407760523Z I0128 09:32:04.387387       1 secure_serving.go:211] Serving securely on [::]:8443
2026-01-28T09:32:04.407760523Z I0128 09:32:04.387403       1 tlsconfig.go:243] "Starting DynamicServingCertificateController"
2026-01-28T09:32:04.408007035Z I0128 09:32:04.407968       1 simple_featuregate_reader.go:171] Starting feature-gate-detector
2026-01-28T09:32:04.419776878Z I0128 09:32:04.419720       1 starter.go:164] FeatureGates initialized: knownFeatureGates=[AdditionalRoutingCapabilities AdminNetworkPolicy AlibabaPlatform AzureWorkloadIdentity BuildCSIVolumes CPMSMachineNamePrefix ConsolePluginContentSecurityPolicy ExternalOIDC ExternalOIDCWithUIDAndExtraClaimMappings GatewayAPI GatewayAPIController HighlyAvailableArbiter ImageVolume IngressControllerLBSubnetsAWS KMSv1 MachineConfigNodes ManagedBootImages ManagedBootImagesAWS MetricsCollectionProfiles NetworkDiagnosticsConfig NetworkLiveMigration NetworkSegmentation NewOLM PinnedImages PreconfiguredUDNAddresses ProcMountType RouteAdvertisements RouteExternalCertificate ServiceAccountTokenNodeBinding SetEIPForNLBIngressController SigstoreImageVerification StoragePerformantSecurityPolicy UpgradeStatus UserNamespacesPodSecurityStandards UserNamespacesSupport VSphereMultiDisk VSphereMultiNetworks AWSClusterHostedDNS AWSClusterHostedDNSInstall AWSDedicatedHosts AWSServiceLBNetworkSecurityGroup AutomatedEtcdBackup AzureClusterHostedDNSInstall AzureDedicatedHosts AzureMultiDisk BootImageSkewEnforcement BootcNodeManagement ClusterAPIInstall ClusterAPIInstallIBMCloud ClusterMonitoringConfig ClusterVersionOperatorConfiguration DNSNameResolver DualReplica DyanmicServiceEndpointIBMCloud DynamicResourceAllocation EtcdBackendQuota EventedPLEG Example Example2 ExternalSnapshotMetadata GCPClusterHostedDNS GCPClusterHostedDNSInstall GCPCustomAPIEndpoints GCPCustomAPIEndpointsInstall ImageModeStatusReporting ImageStreamImportMode IngressControllerDynamicConfigurationManager InsightsConfig InsightsConfigAPI InsightsOnDemandDataGather IrreconcilableMachineConfig KMSEncryptionProvider MachineAPIMigration MachineAPIOperatorDisableMachineHealthCheckController ManagedBootImagesAzure ManagedBootImagesvSphere MaxUnavailableStatefulSet MinimumKubeletVersion MixedCPUsAllocation MultiArchInstallAzure MultiDiskSetup MutatingAdmissionPolicy NewOLMCatalogdAPIV1Metas NewOLMOwnSingleNamespace NewOLMPreflightPermissionChecks NewOLMWebhookProviderOpenshiftServiceCA NoRegistryClusterOperations NodeSwap NutanixMultiSubnets OVNObservability OpenShiftPodSecurityAdmission SELinuxMount ShortCertRotation SignatureStores SigstoreImageVerificationPKI TranslateStreamCloseWebsocketRequests VSphereConfigurableMaxAllowedBlockVolumesPerNode VSphereHostVMGroupZonal VSphereMixedNodeEnv VolumeAttributesClass VolumeGroupSnapshot]
2026-01-28T09:32:04.420814279Z I0128 09:32:04.420779       1 event.go:377] Event(v1.ObjectReference{Kind:"Deployment", Namespace:"openshift-kube-apiserver-operator", Name:"kube-apiserver-operator", UID:"0f90e131-ac50-4cb2-87c5-ad12ae1902a5", APIVersion:"apps/v1", ResourceVersion:"", FieldPath:""}): type: 'Normal' reason: 'FeatureGatesInitialized' FeatureGates updated to featuregates.Features{Enabled:[]v1.FeatureGateName{"AdditionalRoutingCapabilities", "AdminNetworkPolicy", "AlibabaPlatform", "AzureWorkloadIdentity", "BuildCSIVolumes", "CPMSMachineNamePrefix", "ConsolePluginContentSecurityPolicy", "ExternalOIDC", "ExternalOIDCWithUIDAndExtraClaimMappings", "GatewayAPI", "GatewayAPIController", "HighlyAvailableArbiter", "ImageVolume", "IngressControllerLBSubnetsAWS", "KMSv1", "MachineConfigNodes", "ManagedBootImages", "ManagedBootImagesAWS", "MetricsCollectionProfiles", "NetworkDiagnosticsConfig", "NetworkLiveMigration", "NetworkSegmentation", "NewOLM", "PinnedImages", "PreconfiguredUDNAddresses", "ProcMountType", "RouteAdvertisements", "RouteExternalCertificate", "ServiceAccountTokenNodeBinding", "SetEIPForNLBIngressController", "SigstoreImageVerification", "StoragePerformantSecurityPolicy", "UpgradeStatus", "UserNamespacesPodSecurityStandards", "UserNamespacesSupport", "VSphereMultiDisk", "VSphereMultiNetworks"}, Disabled:[]v1.FeatureGateName{"AWSClusterHostedDNS", "AWSClusterHostedDNSInstall", "AWSDedicatedHosts", "AWSServiceLBNetworkSecurityGroup", "AutomatedEtcdBackup", "AzureClusterHostedDNSInstall", "AzureDedicatedHosts", "AzureMultiDisk", "BootImageSkewEnforcement", "BootcNodeManagement", "ClusterAPIInstall", "ClusterAPIInstallIBMCloud", "ClusterMonitoringConfig", "ClusterVersionOperatorConfiguration", "DNSNameResolver", "DualReplica", "DyanmicServiceEndpointIBMCloud", "DynamicResourceAllocation", "EtcdBackendQuota", "EventedPLEG", "Example", "Example2", "ExternalSnapshotMetadata", "GCPClusterHostedDNS", "GCPClusterHostedDNSInstall", "GCPCustomAPIEndpoints", "GCPCustomAPIEndpointsInstall", "ImageModeStatusReporting", "ImageStreamImportMode", "IngressControllerDynamicConfigurationManager", "InsightsConfig", "InsightsConfigAPI", "InsightsOnDemandDataGather", "IrreconcilableMachineConfig", "KMSEncryptionProvider", "MachineAPIMigration", "MachineAPIOperatorDisableMachineHealthCheckController", "ManagedBootImagesAzure", "ManagedBootImagesvSphere", "MaxUnavailableStatefulSet", "MinimumKubeletVersion", "MixedCPUsAllocation", "MultiArchInstallAzure", "MultiDiskSetup", "MutatingAdmissionPolicy", "NewOLMCatalogdAPIV1Metas", "NewOLMOwnSingleNamespace", "NewOLMPreflightPermissionChecks", "NewOLMWebhookProviderOpenshiftServiceCA", "NoRegistryClusterOperations", "NodeSwap", "NutanixMultiSubnets", "OVNObservability", "OpenShiftPodSecurityAdmission", "SELinuxMount", "ShortCertRotation", "SignatureStores", "SigstoreImageVerificationPKI", "TranslateStreamCloseWebsocketRequests", "VSphereConfigurableMaxAllowedBlockVolumesPerNode", "VSphereHostVMGroupZonal", "VSphereMixedNodeEnv", "VolumeAttributesClass", "VolumeGroupSnapshot"}}
2026-01-28T09:32:04.425974474Z E0128 09:32:04.425943       1 static_resource_controller.go:221] "Unhandled Error" err="missing informer for namespace \"\"; no dynamic wiring added, time-based only."
2026-01-28T09:32:04.431477026Z E0128 09:32:04.430736       1 static_resource_controller.go:221] "Unhandled Error" err="missing informer for namespace \"\"; no dynamic wiring added, time-based only."
2026-01-28T09:32:04.436740287Z E0128 09:32:04.436718       1 static_resource_controller.go:221] "Unhandled Error" err="missing informer for namespace \"\"; no dynamic wiring added, time-based only."
2026-01-28T09:32:04.441925594Z E0128 09:32:04.438113       1 static_resource_controller.go:221] "Unhandled Error" err="missing informer for namespace \"\"; no dynamic wiring added, time-based only."
2026-01-28T09:32:04.445009616Z E0128 09:32:04.444789       1 static_resource_controller.go:221] "Unhandled Error" err="missing informer for namespace \"\"; no dynamic wiring added, time-based only."
2026-01-28T09:32:04.446967363Z E0128 09:32:04.446946       1 static_resource_controller.go:221] "Unhandled Error" err="missing informer for namespace \"\"; no dynamic wiring added, time-based only."
2026-01-28T09:32:04.453411612Z E0128 09:32:04.453278       1 static_resource_controller.go:221] "Unhandled Error" err="missing informer for namespace \"\"; no dynamic wiring added, time-based only."
2026-01-28T09:32:04.461403277Z E0128 09:32:04.461253       1 static_resource_controller.go:221] "Unhandled Error" err="missing informer for namespace \"\"; no dynamic wiring added, time-based only."
2026-01-28T09:32:04.461531464Z I0128 09:32:04.461468       1 shared_informer.go:357] "Caches are synced" controller="client-ca::kube-system::extension-apiserver-authentication::requestheader-client-ca-file"
2026-01-28T09:32:04.461587376Z I0128 09:32:04.461484       1 shared_informer.go:357] "Caches are synced" controller="RequestHeaderAuthRequestController"
2026-01-28T09:32:04.462287291Z I0128 09:32:04.461494       1 shared_informer.go:357] "Caches are synced" controller="client-ca::kube-system::extension-apiserver-authentication::client-ca-file"
2026-01-28T09:32:04.463291201Z E0128 09:32:04.463271       1 static_resource_controller.go:221] "Unhandled Error" err="missing informer for namespace \"\"; no dynamic wiring added, time-based only."
2026-01-28T09:32:04.464561383Z E0128 09:32:04.464540       1 static_resource_controller.go:221] "Unhandled Error" err="missing informer for namespace \"\"; no dynamic wiring added, time-based only."
2026-01-28T09:32:04.465975444Z E0128 09:32:04.465956       1 static_resource_controller.go:221] "Unhandled Error" err="missing informer for namespace \"\"; no dynamic wiring added, time-based only."
2026-01-28T09:32:04.469076857Z E0128 09:32:04.469057       1 static_resource_controller.go:221] "Unhandled Error" err="missing informer for namespace \"\"; no dynamic wiring added, time-based only."
2026-01-28T09:32:04.513655183Z E0128 09:32:04.513615       1 static_resource_controller.go:221] "Unhandled Error" err="missing informer for namespace \"\"; no dynamic wiring added, time-based only."
2026-01-28T09:32:04.515274453Z I0128 09:32:04.515252       1 certrotationcontroller.go:148] Setting monthPeriod to 720h0m0s, yearPeriod to 8760h0m0s, tenMonthPeriod to 7008h0m0s
2026-01-28T09:32:04.560304251Z I0128 09:32:04.560265       1 base_controller.go:76] Waiting for caches to sync for SCCReconcileController
2026-01-28T09:32:04.568149789Z I0128 09:32:04.568098       1 base_controller.go:76] Waiting for caches to sync for NodeKubeconfigController
2026-01-28T09:32:04.579092171Z I0128 09:32:04.576799       1 base_controller.go:76] Waiting for caches to sync for KubeAPIServerStaticResources-StaticResources
2026-01-28T09:32:04.579932632Z I0128 09:32:04.579915       1 base_controller.go:76] Waiting for caches to sync for MissingStaticPodController
2026-01-28T09:32:04.581603595Z I0128 09:32:04.580257       1 base_controller.go:76] Waiting for caches to sync for Installer
2026-01-28T09:32:04.581659377Z I0128 09:32:04.580327       1 base_controller.go:76] Waiting for caches to sync for kube-apiserver
2026-01-28T09:32:04.581690899Z I0128 09:32:04.580343       1 base_controller.go:76] Waiting for caches to sync for BoundSATokenSignerController
2026-01-28T09:32:04.581719431Z I0128 09:32:04.580350       1 base_controller.go:76] Waiting for caches to sync for TargetConfigController
2026-01-28T09:32:04.581745922Z I0128 09:32:04.580566       1 base_controller.go:76] Waiting for caches to sync for RevisionController
2026-01-28T09:32:04.581769403Z I0128 09:32:04.580808       1 base_controller.go:76] Waiting for caches to sync for auditPolicyController
2026-01-28T09:32:04.581803395Z I0128 09:32:04.580815       1 base_controller.go:76] Waiting for caches to sync for ConfigObserver
2026-01-28T09:32:04.582564892Z I0128 09:32:04.581010       1 certrotationcontroller.go:919] Starting CertRotation
2026-01-28T09:32:04.582603414Z I0128 09:32:04.582593       1 certrotationcontroller.go:884] Waiting for CertRotation
2026-01-28T09:32:04.582628656Z I0128 09:32:04.581825       1 base_controller.go:76] Waiting for caches to sync for openshift-kube-apiserver-EncryptionCondition
2026-01-28T09:32:04.582652237Z I0128 09:32:04.581832       1 base_controller.go:76] Waiting for caches to sync for kube-apiserver-InstallerState
2026-01-28T09:32:04.582676178Z I0128 09:32:04.581837       1 base_controller.go:76] Waiting for caches to sync for kube-apiserver-StaticPodState
2026-01-28T09:32:04.582699269Z I0128 09:32:04.581841       1 base_controller.go:76] Waiting for caches to sync for PruneController
2026-01-28T09:32:04.582722150Z I0128 09:32:04.581844       1 base_controller.go:76] Waiting for caches to sync for kube-apiserver-StartupMonitorPodCondition
2026-01-28T09:32:04.582753012Z I0128 09:32:04.581847       1 base_controller.go:76] Waiting for caches to sync for kube-apiserver-StaticPodStateFallback
2026-01-28T09:32:04.582785383Z I0128 09:32:04.581850       1 base_controller.go:76] Waiting for caches to sync for kube-apiserver-Node
2026-01-28T09:32:04.582825485Z I0128 09:32:04.581855       1 base_controller.go:76] Waiting for caches to sync for BackingResourceController-StaticResources
2026-01-28T09:32:04.582848896Z I0128 09:32:04.581858       1 base_controller.go:76] Waiting for caches to sync for cluster-kube-apiserver-operator-UnsupportedConfigOverrides
2026-01-28T09:32:04.582877718Z I0128 09:32:04.581862       1 base_controller.go:76] Waiting for caches to sync for LoggingSyncer
2026-01-28T09:32:04.582902869Z I0128 09:32:04.581865       1 base_controller.go:76] Waiting for caches to sync for GuardController
2026-01-28T09:32:04.582934791Z I0128 09:32:04.581891       1 base_controller.go:76] Waiting for caches to sync for openshift-kube-apiserver-EncryptionKey
2026-01-28T09:32:04.582957932Z I0128 09:32:04.581895       1 base_controller.go:76] Waiting for caches to sync for CertRotationTimeUpgradeableController
2026-01-28T09:32:04.583004324Z I0128 09:32:04.581905       1 termination_observer.go:145] Starting TerminationObserver
2026-01-28T09:32:04.583047306Z I0128 09:32:04.581912       1 base_controller.go:76] Waiting for caches to sync for EventWatchController
2026-01-28T09:32:04.583078468Z I0128 09:32:04.581916       1 base_controller.go:76] Waiting for caches to sync for PodSecurityReadinessController
2026-01-28T09:32:04.583105949Z I0128 09:32:04.583095       1 base_controller.go:82] Caches are synced for PodSecurityReadinessController 
2026-01-28T09:32:04.583132601Z I0128 09:32:04.583122       1 base_controller.go:119] Starting #1 worker of PodSecurityReadinessController controller ...
2026-01-28T09:32:04.583173812Z I0128 09:32:04.581920       1 base_controller.go:76] Waiting for caches to sync for WorkerLatencyProfile
2026-01-28T09:32:04.583313979Z I0128 09:32:04.581925       1 base_controller.go:76] Waiting for caches to sync for kube-apiserver-RemoveStaleConditions
2026-01-28T09:32:04.583346111Z I0128 09:32:04.581929       1 base_controller.go:76] Waiting for caches to sync for ConnectivityCheckController
2026-01-28T09:32:04.583369492Z I0128 09:32:04.581939       1 base_controller.go:76] Waiting for caches to sync for KubeletVersionSkewController
2026-01-28T09:32:04.583392583Z I0128 09:32:04.581943       1 base_controller.go:76] Waiting for caches to sync for ServiceAccountIssuerController
2026-01-28T09:32:04.583413464Z I0128 09:32:04.581946       1 base_controller.go:76] Waiting for caches to sync for webhookSupportabilityController
2026-01-28T09:32:04.583436236Z I0128 09:32:04.582075       1 base_controller.go:76] Waiting for caches to sync for openshift-kube-apiserver-EncryptionState
2026-01-28T09:32:04.583460217Z I0128 09:32:04.582083       1 base_controller.go:76] Waiting for caches to sync for openshift-kube-apiserver-EncryptionPrune
2026-01-28T09:32:04.583492158Z I0128 09:32:04.582090       1 base_controller.go:76] Waiting for caches to sync for openshift-kube-apiserver-EncryptionMigration
2026-01-28T09:32:04.583516300Z I0128 09:32:04.582095       1 base_controller.go:76] Waiting for caches to sync for highCPUUsageAlertController
2026-01-28T09:32:04.583942261Z I0128 09:32:04.583925       1 base_controller.go:76] Waiting for caches to sync for StatusSyncer_kube-apiserver
2026-01-28T09:32:04.684225823Z I0128 09:32:04.684178       1 base_controller.go:82] Caches are synced for SCCReconcileController 
2026-01-28T09:32:04.686170729Z I0128 09:32:04.686145       1 base_controller.go:119] Starting #1 worker of SCCReconcileController controller ...
2026-01-28T09:32:04.715267759Z I0128 09:32:04.715222       1 base_controller.go:82] Caches are synced for KubeAPIServerStaticResources-StaticResources 
2026-01-28T09:32:04.715326711Z I0128 09:32:04.715314       1 base_controller.go:119] Starting #1 worker of KubeAPIServerStaticResources-StaticResources controller ...
2026-01-28T09:32:04.715458358Z I0128 09:32:04.715447       1 base_controller.go:82] Caches are synced for MissingStaticPodController 
2026-01-28T09:32:04.715484739Z I0128 09:32:04.715475       1 base_controller.go:119] Starting #1 worker of MissingStaticPodController controller ...
2026-01-28T09:32:04.715593185Z I0128 09:32:04.715581       1 base_controller.go:82] Caches are synced for Installer 
2026-01-28T09:32:04.715620206Z I0128 09:32:04.715611       1 base_controller.go:119] Starting #1 worker of Installer controller ...
2026-01-28T09:32:04.743664784Z I0128 09:32:04.743614       1 event.go:377] Event(v1.ObjectReference{Kind:"Deployment", Namespace:"openshift-kube-apiserver-operator", Name:"kube-apiserver-operator", UID:"0f90e131-ac50-4cb2-87c5-ad12ae1902a5", APIVersion:"apps/v1", ResourceVersion:"", FieldPath:""}): type: 'Warning' reason: 'RequiredInstallerResourcesMissing' configmaps: bound-sa-token-signing-certs-0,config-0,etcd-serving-ca-0,kube-apiserver-audit-policies-0,kube-apiserver-cert-syncer-kubeconfig-0,kube-apiserver-pod-0,kubelet-serving-ca-0,sa-token-signing-certs-0, secrets: etcd-client-0,localhost-recovery-client-token-0,localhost-recovery-serving-certkey-0
2026-01-28T09:32:04.743762589Z I0128 09:32:04.743749       1 base_controller.go:82] Caches are synced for RevisionController 
2026-01-28T09:32:04.743794460Z I0128 09:32:04.743784       1 base_controller.go:119] Starting #1 worker of RevisionController controller ...
2026-01-28T09:32:04.754347832Z I0128 09:32:04.754321       1 base_controller.go:82] Caches are synced for auditPolicyController 
2026-01-28T09:32:04.754393115Z I0128 09:32:04.754382       1 base_controller.go:119] Starting #1 worker of auditPolicyController controller ...
2026-01-28T09:32:04.754481489Z I0128 09:32:04.754467       1 certrotationcontroller.go:902] Finished waiting for CertRotation
2026-01-28T09:32:04.754543202Z I0128 09:32:04.754530       1 base_controller.go:76] Waiting for caches to sync for CertRotationController
2026-01-28T09:32:04.755303620Z I0128 09:32:04.755286       1 base_controller.go:82] Caches are synced for openshift-kube-apiserver-EncryptionCondition 
2026-01-28T09:32:04.755341851Z I0128 09:32:04.755330       1 base_controller.go:119] Starting #1 worker of openshift-kube-apiserver-EncryptionCondition controller ...
2026-01-28T09:32:04.755435906Z I0128 09:32:04.755423       1 base_controller.go:76] Waiting for caches to sync for CertRotationController
2026-01-28T09:32:04.755474388Z I0128 09:32:04.755464       1 base_controller.go:76] Waiting for caches to sync for CertRotationController
2026-01-28T09:32:04.755522330Z I0128 09:32:04.755511       1 base_controller.go:76] Waiting for caches to sync for CertRotationController
2026-01-28T09:32:04.755558842Z I0128 09:32:04.755549       1 base_controller.go:76] Waiting for caches to sync for CertRotationController
2026-01-28T09:32:04.755592114Z I0128 09:32:04.755582       1 base_controller.go:76] Waiting for caches to sync for CertRotationController
2026-01-28T09:32:04.755623925Z I0128 09:32:04.755615       1 base_controller.go:76] Waiting for caches to sync for CertRotationController
2026-01-28T09:32:04.755656957Z I0128 09:32:04.755647       1 base_controller.go:76] Waiting for caches to sync for CertRotationController
2026-01-28T09:32:04.755690569Z I0128 09:32:04.755681       1 base_controller.go:76] Waiting for caches to sync for CertRotationController
2026-01-28T09:32:04.755735201Z I0128 09:32:04.755725       1 base_controller.go:76] Waiting for caches to sync for CertRotationController
2026-01-28T09:32:04.755767503Z I0128 09:32:04.755758       1 base_controller.go:76] Waiting for caches to sync for CertRotationController
2026-01-28T09:32:04.755799424Z I0128 09:32:04.755790       1 base_controller.go:76] Waiting for caches to sync for CertRotationController
2026-01-28T09:32:04.755826346Z I0128 09:32:04.755817       1 base_controller.go:82] Caches are synced for kube-apiserver-InstallerState 
2026-01-28T09:32:04.755851727Z I0128 09:32:04.755843       1 base_controller.go:119] Starting #1 worker of kube-apiserver-InstallerState controller ...
2026-01-28T09:32:04.756680508Z I0128 09:32:04.756665       1 base_controller.go:82] Caches are synced for kube-apiserver-StaticPodState 
2026-01-28T09:32:04.756716230Z I0128 09:32:04.756706       1 base_controller.go:119] Starting #1 worker of kube-apiserver-StaticPodState controller ...
2026-01-28T09:32:04.756813284Z I0128 09:32:04.756802       1 base_controller.go:82] Caches are synced for PruneController 
2026-01-28T09:32:04.756840146Z I0128 09:32:04.756831       1 base_controller.go:119] Starting #1 worker of PruneController controller ...
2026-01-28T09:32:04.757432835Z I0128 09:32:04.757419       1 base_controller.go:82] Caches are synced for kube-apiserver-StartupMonitorPodCondition 
2026-01-28T09:32:04.759062836Z I0128 09:32:04.759044       1 base_controller.go:119] Starting #1 worker of kube-apiserver-StartupMonitorPodCondition controller ...
2026-01-28T09:32:04.759105028Z I0128 09:32:04.757824       1 base_controller.go:82] Caches are synced for kube-apiserver-StaticPodStateFallback 
2026-01-28T09:32:04.759131819Z I0128 09:32:04.759122       1 base_controller.go:119] Starting #1 worker of kube-apiserver-StaticPodStateFallback controller ...
2026-01-28T09:32:04.759881666Z I0128 09:32:04.757829       1 base_controller.go:82] Caches are synced for BackingResourceController-StaticResources 
2026-01-28T09:32:04.804416260Z I0128 09:32:04.804320       1 base_controller.go:119] Starting #1 worker of BackingResourceController-StaticResources controller ...
2026-01-28T09:32:04.804561237Z I0128 09:32:04.757833       1 base_controller.go:82] Caches are synced for cluster-kube-apiserver-operator-UnsupportedConfigOverrides 
2026-01-28T09:32:04.804622580Z I0128 09:32:04.804603       1 base_controller.go:119] Starting #1 worker of cluster-kube-apiserver-operator-UnsupportedConfigOverrides controller ...
2026-01-28T09:32:04.819930557Z I0128 09:32:04.757837       1 base_controller.go:82] Caches are synced for LoggingSyncer 
2026-01-28T09:32:04.822088624Z I0128 09:32:04.822066       1 base_controller.go:119] Starting #1 worker of LoggingSyncer controller ...
2026-01-28T09:32:04.822395280Z I0128 09:32:04.757841       1 base_controller.go:82] Caches are synced for openshift-kube-apiserver-EncryptionKey 
2026-01-28T09:32:04.827076631Z I0128 09:32:04.827056       1 base_controller.go:119] Starting #1 worker of openshift-kube-apiserver-EncryptionKey controller ...
2026-01-28T09:32:04.827129794Z I0128 09:32:04.757851       1 base_controller.go:82] Caches are synced for EventWatchController 
2026-01-28T09:32:04.827163075Z I0128 09:32:04.827151       1 base_controller.go:119] Starting #1 worker of EventWatchController controller ...
2026-01-28T09:32:04.827947404Z I0128 09:32:04.757854       1 base_controller.go:82] Caches are synced for WorkerLatencyProfile 
2026-01-28T09:32:04.832262288Z I0128 09:32:04.832237       1 base_controller.go:119] Starting #1 worker of WorkerLatencyProfile controller ...
2026-01-28T09:32:04.832339161Z I0128 09:32:04.757857       1 base_controller.go:82] Caches are synced for kube-apiserver-RemoveStaleConditions 
2026-01-28T09:32:04.832380183Z I0128 09:32:04.832368       1 base_controller.go:119] Starting #1 worker of kube-apiserver-RemoveStaleConditions controller ...
2026-01-28T09:32:04.835235035Z I0128 09:32:04.757861       1 base_controller.go:82] Caches are synced for openshift-kube-apiserver-EncryptionState 
2026-01-28T09:32:04.839348428Z I0128 09:32:04.839316       1 base_controller.go:119] Starting #1 worker of openshift-kube-apiserver-EncryptionState controller ...
2026-01-28T09:32:04.858098166Z I0128 09:32:04.757864       1 base_controller.go:82] Caches are synced for openshift-kube-apiserver-EncryptionPrune 
2026-01-28T09:32:04.858164599Z I0128 09:32:04.858148       1 base_controller.go:119] Starting #1 worker of openshift-kube-apiserver-EncryptionPrune controller ...
2026-01-28T09:32:04.872907889Z I0128 09:32:04.757867       1 base_controller.go:82] Caches are synced for openshift-kube-apiserver-EncryptionMigration 
2026-01-28T09:32:04.875084316Z I0128 09:32:04.875055       1 base_controller.go:119] Starting #1 worker of openshift-kube-apiserver-EncryptionMigration controller ...
2026-01-28T09:32:04.876129118Z I0128 09:32:04.757870       1 base_controller.go:82] Caches are synced for highCPUUsageAlertController 
2026-01-28T09:32:04.876182061Z I0128 09:32:04.876167       1 base_controller.go:119] Starting #1 worker of highCPUUsageAlertController controller ...
2026-01-28T09:32:04.877098906Z I0128 09:32:04.757873       1 base_controller.go:82] Caches are synced for ServiceAccountIssuerController 
2026-01-28T09:32:04.921612639Z I0128 09:32:04.917525       1 base_controller.go:119] Starting #1 worker of ServiceAccountIssuerController controller ...
2026-01-28T09:32:04.921612639Z I0128 09:32:04.835868       1 reflector.go:430] "Caches populated" type="*v1.ConfigMap" reflector="k8s.io/client-go@v0.33.2/tools/cache/reflector.go:285"
2026-01-28T09:32:04.957998979Z I0128 09:32:04.957948       1 reflector.go:430] "Caches populated" type="*v1.ClusterOperator" reflector="k8s.io/client-go@v0.33.2/tools/cache/reflector.go:285"
2026-01-28T09:32:04.958614700Z I0128 09:32:04.958590       1 base_controller.go:82] Caches are synced for StatusSyncer_kube-apiserver 
2026-01-28T09:32:04.958614700Z I0128 09:32:04.958610       1 base_controller.go:119] Starting #1 worker of StatusSyncer_kube-apiserver controller ...
2026-01-28T09:32:05.035491753Z I0128 09:32:05.035419       1 reflector.go:430] "Caches populated" type="*v1.Secret" reflector="k8s.io/client-go@v0.33.2/tools/cache/reflector.go:285"
2026-01-28T09:32:05.055150546Z I0128 09:32:05.055106       1 base_controller.go:82] Caches are synced for CertRotationController 
2026-01-28T09:32:05.055205459Z I0128 09:32:05.055193       1 base_controller.go:119] Starting #1 worker of CertRotationController controller ...
2026-01-28T09:32:05.055365547Z I0128 09:32:05.055351       1 base_controller.go:82] Caches are synced for NodeKubeconfigController 
2026-01-28T09:32:05.055397349Z I0128 09:32:05.055386       1 base_controller.go:119] Starting #1 worker of NodeKubeconfigController controller ...
2026-01-28T09:32:05.055559266Z I0128 09:32:05.055546       1 base_controller.go:82] Caches are synced for BoundSATokenSignerController 
2026-01-28T09:32:05.055586088Z I0128 09:32:05.055576       1 base_controller.go:119] Starting #1 worker of BoundSATokenSignerController controller ...
2026-01-28T09:32:05.075666461Z E0128 09:32:05.075623       1 base_controller.go:279] "Unhandled Error" err="CertRotationController reconciliation failed: KubeAPIServer.operator.openshift.io \"cluster\" is invalid: [status.nodeStatuses[0].currentRevision: Invalid value: \"object\": cannot be unset once set, status.nodeStatuses[1].currentRevision: Invalid value: \"object\": cannot be unset once set, status.nodeStatuses[2].currentRevision: Invalid value: \"object\": cannot be unset once set]"
2026-01-28T09:32:05.075715804Z I0128 09:32:05.075670       1 base_controller.go:82] Caches are synced for CertRotationController 
2026-01-28T09:32:05.075715804Z I0128 09:32:05.075688       1 base_controller.go:119] Starting #1 worker of CertRotationController controller ...
2026-01-28T09:32:05.075727684Z I0128 09:32:05.075715       1 base_controller.go:82] Caches are synced for CertRotationController 
2026-01-28T09:32:05.075727684Z I0128 09:32:05.075721       1 base_controller.go:119] Starting #1 worker of CertRotationController controller ...
2026-01-28T09:32:05.075740275Z I0128 09:32:05.075734       1 base_controller.go:82] Caches are synced for CertRotationController 
2026-01-28T09:32:05.075752026Z I0128 09:32:05.075745       1 base_controller.go:119] Starting #1 worker of CertRotationController controller ...
2026-01-28T09:32:05.075792508Z I0128 09:32:05.075775       1 base_controller.go:82] Caches are synced for CertRotationController 
2026-01-28T09:32:05.075792508Z I0128 09:32:05.075786       1 base_controller.go:119] Starting #1 worker of CertRotationController controller ...
2026-01-28T09:32:05.075992718Z I0128 09:32:05.075973       1 base_controller.go:82] Caches are synced for CertRotationController 
2026-01-28T09:32:05.076035510Z I0128 09:32:05.076001       1 base_controller.go:119] Starting #1 worker of CertRotationController controller ...
2026-01-28T09:32:05.082454247Z I0128 09:32:05.082431       1 base_controller.go:82] Caches are synced for CertRotationController 
2026-01-28T09:32:05.082511250Z I0128 09:32:05.082500       1 base_controller.go:119] Starting #1 worker of CertRotationController controller ...
2026-01-28T09:32:05.082563373Z I0128 09:32:05.082545       1 base_controller.go:82] Caches are synced for CertRotationController 
2026-01-28T09:32:05.082590764Z I0128 09:32:05.082581       1 base_controller.go:119] Starting #1 worker of CertRotationController controller ...
2026-01-28T09:32:05.082627146Z I0128 09:32:05.082617       1 base_controller.go:82] Caches are synced for CertRotationController 
2026-01-28T09:32:05.082652347Z I0128 09:32:05.082643       1 base_controller.go:119] Starting #1 worker of CertRotationController controller ...
2026-01-28T09:32:05.083801114Z I0128 09:32:05.083773       1 reflector.go:430] "Caches populated" type="*v1.Proxy" reflector="k8s.io/client-go@v0.33.2/tools/cache/reflector.go:285"
2026-01-28T09:32:05.094067212Z I0128 09:32:05.086078       1 base_controller.go:82] Caches are synced for CertRotationController 
2026-01-28T09:32:05.094067212Z I0128 09:32:05.086091       1 base_controller.go:119] Starting #1 worker of CertRotationController controller ...
2026-01-28T09:32:05.094067212Z I0128 09:32:05.086118       1 base_controller.go:82] Caches are synced for CertRotationController 
2026-01-28T09:32:05.094067212Z I0128 09:32:05.086125       1 base_controller.go:119] Starting #1 worker of CertRotationController controller ...
2026-01-28T09:32:05.094067212Z I0128 09:32:05.086151       1 base_controller.go:82] Caches are synced for CertRotationController 
2026-01-28T09:32:05.094067212Z I0128 09:32:05.086157       1 base_controller.go:119] Starting #1 worker of CertRotationController controller ...
2026-01-28T09:32:05.108771319Z E0128 09:32:05.108731       1 base_controller.go:279] "Unhandled Error" err="Installer reconciliation failed: missing required resources: [configmaps: bound-sa-token-signing-certs-0,config-0,etcd-serving-ca-0,kube-apiserver-audit-policies-0,kube-apiserver-cert-syncer-kubeconfig-0,kube-apiserver-pod-0,kubelet-serving-ca-0,sa-token-signing-certs-0, secrets: etcd-client-0,localhost-recovery-client-token-0,localhost-recovery-serving-certkey-0]"
2026-01-28T09:32:05.110190740Z E0128 09:32:05.110166       1 base_controller.go:279] "Unhandled Error" err="NodeKubeconfigController reconciliation failed: \"secret/node-kubeconfigs\": configmap \"kube-apiserver-server-ca\" not found"
2026-01-28T09:32:05.135413828Z E0128 09:32:05.126952       1 base_controller.go:279] "Unhandled Error" err="NodeKubeconfigController reconciliation failed: \"secret/node-kubeconfigs\": configmap \"kube-apiserver-server-ca\" not found"
2026-01-28T09:32:05.171065562Z E0128 09:32:05.143052       1 base_controller.go:279] "Unhandled Error" err="RevisionController reconciliation failed: configmap \"kube-apiserver-pod\" not found"
2026-01-28T09:32:05.171065562Z E0128 09:32:05.169955       1 base_controller.go:279] "Unhandled Error" err="CertRotationController reconciliation failed: KubeAPIServer.operator.openshift.io \"cluster\" is invalid: [status.nodeStatuses[0].currentRevision: Invalid value: \"object\": cannot be unset once set, status.nodeStatuses[1].currentRevision: Invalid value: \"object\": cannot be unset once set, status.nodeStatuses[2].currentRevision: Invalid value: \"object\": cannot be unset once set]"
2026-01-28T09:32:05.171065562Z E0128 09:32:05.170135       1 base_controller.go:279] "Unhandled Error" err="CertRotationController reconciliation failed: KubeAPIServer.operator.openshift.io \"cluster\" is invalid: [status.nodeStatuses[0].currentRevision: Invalid value: \"object\": cannot be unset once set, status.nodeStatuses[1].currentRevision: Invalid value: \"object\": cannot be unset once set, status.nodeStatuses[2].currentRevision: Invalid value: \"object\": cannot be unset once set]"
2026-01-28T09:32:05.171065562Z E0128 09:32:05.170201       1 base_controller.go:279] "Unhandled Error" err="CertRotationController reconciliation failed: KubeAPIServer.operator.openshift.io \"cluster\" is invalid: [status.nodeStatuses[0].currentRevision: Invalid value: \"object\": cannot be unset once set, status.nodeStatuses[1].currentRevision: Invalid value: \"object\": cannot be unset once set, status.nodeStatuses[2].currentRevision: Invalid value: \"object\": cannot be unset once set]"
2026-01-28T09:32:05.178241757Z E0128 09:32:05.178209       1 base_controller.go:279] "Unhandled Error" err="Installer reconciliation failed: missing required resources: [configmaps: bound-sa-token-signing-certs-0,config-0,etcd-serving-ca-0,kube-apiserver-audit-policies-0,kube-apiserver-cert-syncer-kubeconfig-0,kube-apiserver-pod-0,kubelet-serving-ca-0,sa-token-signing-certs-0, secrets: etcd-client-0,localhost-recovery-client-token-0,localhost-recovery-serving-certkey-0]"
2026-01-28T09:32:05.207288874Z I0128 09:32:05.195299       1 reflector.go:430] "Caches populated" type="*v1.ConfigMap" reflector="k8s.io/client-go@v0.33.2/tools/cache/reflector.go:285"
2026-01-28T09:32:05.207288874Z E0128 09:32:05.195628       1 base_controller.go:279] "Unhandled Error" err="CertRotationController reconciliation failed: KubeAPIServer.operator.openshift.io \"cluster\" is invalid: [status.nodeStatuses[0].currentRevision: Invalid value: \"object\": cannot be unset once set, status.nodeStatuses[1].currentRevision: Invalid value: \"object\": cannot be unset once set, status.nodeStatuses[2].currentRevision: Invalid value: \"object\": cannot be unset once set]"
2026-01-28T09:32:05.207288874Z E0128 09:32:05.195723       1 base_controller.go:279] "Unhandled Error" err="CertRotationController reconciliation failed: KubeAPIServer.operator.openshift.io \"cluster\" is invalid: [status.nodeStatuses[0].currentRevision: Invalid value: \"object\": cannot be unset once set, status.nodeStatuses[1].currentRevision: Invalid value: \"object\": cannot be unset once set, status.nodeStatuses[2].currentRevision: Invalid value: \"object\": cannot be unset once set]"
2026-01-28T09:32:05.207288874Z E0128 09:32:05.195817       1 base_controller.go:279] "Unhandled Error" err="CertRotationController reconciliation failed: KubeAPIServer.operator.openshift.io \"cluster\" is invalid: [status.nodeStatuses[0].currentRevision: Invalid value: \"object\": cannot be unset once set, status.nodeStatuses[1].currentRevision: Invalid value: \"object\": cannot be unset once set, status.nodeStatuses[2].currentRevision: Invalid value: \"object\": cannot be unset once set]"
2026-01-28T09:32:05.207288874Z E0128 09:32:05.195930       1 base_controller.go:279] "Unhandled Error" err="CertRotationController reconciliation failed: KubeAPIServer.operator.openshift.io \"cluster\" is invalid: [status.nodeStatuses[0].currentRevision: Invalid value: \"object\": cannot be unset once set, status.nodeStatuses[1].currentRevision: Invalid value: \"object\": cannot be unset once set, status.nodeStatuses[2].currentRevision: Invalid value: \"object\": cannot be unset once set]"
2026-01-28T09:32:05.207288874Z I0128 09:32:05.198285       1 event.go:377] Event(v1.ObjectReference{Kind:"Deployment", Namespace:"openshift-kube-apiserver-operator", Name:"kube-apiserver-operator", UID:"0f90e131-ac50-4cb2-87c5-ad12ae1902a5", APIVersion:"apps/v1", ResourceVersion:"", FieldPath:""}): type: 'Warning' reason: 'RequiredInstallerResourcesMissing' configmaps: bound-sa-token-signing-certs-0,config-0,etcd-serving-ca-0,kube-apiserver-audit-policies-0,kube-apiserver-cert-syncer-kubeconfig-0,kube-apiserver-pod-0,kubelet-serving-ca-0,sa-token-signing-certs-0, secrets: etcd-client-0,localhost-recovery-client-token-0,localhost-recovery-serving-certkey-0
2026-01-28T09:32:05.207288874Z E0128 09:32:05.199183       1 base_controller.go:279] "Unhandled Error" err="CertRotationController reconciliation failed: KubeAPIServer.operator.openshift.io \"cluster\" is invalid: [status.nodeStatuses[0].currentRevision: Invalid value: \"object\": cannot be unset once set, status.nodeStatuses[1].currentRevision: Invalid value: \"object\": cannot be unset once set, status.nodeStatuses[2].currentRevision: Invalid value: \"object\": cannot be unset once set]"
2026-01-28T09:32:05.218566962Z E0128 09:32:05.218528       1 base_controller.go:279] "Unhandled Error" err="NodeKubeconfigController reconciliation failed: \"secret/node-kubeconfigs\": configmap \"kube-apiserver-server-ca\" not found"
2026-01-28T09:32:05.231145214Z I0128 09:32:05.231102       1 reflector.go:430] "Caches populated" type="*v1.Scheduler" reflector="k8s.io/client-go@v0.33.2/tools/cache/reflector.go:285"
2026-01-28T09:32:05.239299888Z E0128 09:32:05.238953       1 base_controller.go:279] "Unhandled Error" err="RevisionController reconciliation failed: configmap \"kube-apiserver-pod\" not found"
2026-01-28T09:32:05.262530907Z E0128 09:32:05.262495       1 base_controller.go:279] "Unhandled Error" err="NodeKubeconfigController reconciliation failed: \"secret/node-kubeconfigs\": configmap \"kube-apiserver-server-ca\" not found"
2026-01-28T09:32:05.284213951Z E0128 09:32:05.276479       1 base_controller.go:279] "Unhandled Error" err="RevisionController reconciliation failed: configmap \"kube-apiserver-pod\" not found"
2026-01-28T09:32:05.284271083Z E0128 09:32:05.278390       1 base_controller.go:279] "Unhandled Error" err="CertRotationController reconciliation failed: KubeAPIServer.operator.openshift.io \"cluster\" is invalid: [status.nodeStatuses[0].currentRevision: Invalid value: \"object\": cannot be unset once set, status.nodeStatuses[1].currentRevision: Invalid value: \"object\": cannot be unset once set, status.nodeStatuses[2].currentRevision: Invalid value: \"object\": cannot be unset once set]"
2026-01-28T09:32:05.299715658Z I0128 09:32:05.299677       1 reflector.go:430] "Caches populated" type="*v1.CustomResourceDefinition" reflector="k8s.io/client-go@v0.33.2/tools/cache/reflector.go:285"
2026-01-28T09:32:05.315546771Z E0128 09:32:05.315500       1 base_controller.go:279] "Unhandled Error" err="RevisionController reconciliation failed: configmap \"kube-apiserver-pod\" not found"
2026-01-28T09:32:05.341085995Z E0128 09:32:05.341052       1 base_controller.go:279] "Unhandled Error" err="NodeKubeconfigController reconciliation failed: \"secret/node-kubeconfigs\": configmap \"kube-apiserver-server-ca\" not found"
2026-01-28T09:32:05.362578718Z I0128 09:32:05.362542       1 reflector.go:430] "Caches populated" type="*v1.ConfigMap" reflector="k8s.io/client-go@v0.33.2/tools/cache/reflector.go:285"
2026-01-28T09:32:05.400156587Z I0128 09:32:05.400111       1 base_controller.go:82] Caches are synced for TargetConfigController 
2026-01-28T09:32:05.400205430Z I0128 09:32:05.400193       1 base_controller.go:119] Starting #1 worker of TargetConfigController controller ...
2026-01-28T09:32:05.400261733Z I0128 09:32:05.400251       1 base_controller.go:82] Caches are synced for CertRotationTimeUpgradeableController 
2026-01-28T09:32:05.400287114Z I0128 09:32:05.400277       1 base_controller.go:119] Starting #1 worker of CertRotationTimeUpgradeableController controller ...
2026-01-28T09:32:05.401121495Z E0128 09:32:05.400722       1 base_controller.go:279] "Unhandled Error" err="TargetConfigController reconciliation failed: configmap \"etcd-endpoints\" not found"
2026-01-28T09:32:05.406446599Z E0128 09:32:05.402353       1 base_controller.go:279] "Unhandled Error" err="RevisionController reconciliation failed: configmap \"kube-apiserver-pod\" not found"
2026-01-28T09:32:05.406481701Z I0128 09:32:05.402723       1 event.go:377] Event(v1.ObjectReference{Kind:"Deployment", Namespace:"openshift-kube-apiserver-operator", Name:"kube-apiserver-operator", UID:"0f90e131-ac50-4cb2-87c5-ad12ae1902a5", APIVersion:"apps/v1", ResourceVersion:"", FieldPath:""}): type: 'Warning' reason: 'ConfigMissing' configmap "etcd-endpoints" not found
2026-01-28T09:32:05.428259128Z E0128 09:32:05.428221       1 base_controller.go:279] "Unhandled Error" err="TargetConfigController reconciliation failed: configmap \"etcd-endpoints\" not found"
2026-01-28T09:32:05.428689929Z I0128 09:32:05.428617       1 event.go:377] Event(v1.ObjectReference{Kind:"Deployment", Namespace:"openshift-kube-apiserver-operator", Name:"kube-apiserver-operator", UID:"0f90e131-ac50-4cb2-87c5-ad12ae1902a5", APIVersion:"apps/v1", ResourceVersion:"", FieldPath:""}): type: 'Warning' reason: 'ConfigMissing' configmap "etcd-endpoints" not found
2026-01-28T09:32:05.432115619Z E0128 09:32:05.432086       1 base_controller.go:279] "Unhandled Error" err="NodeKubeconfigController reconciliation failed: \"secret/node-kubeconfigs\": configmap \"kube-apiserver-server-ca\" not found"
2026-01-28T09:32:05.448287139Z E0128 09:32:05.444528       1 base_controller.go:279] "Unhandled Error" err="TargetConfigController reconciliation failed: configmap \"etcd-endpoints\" not found"
2026-01-28T09:32:05.448717010Z I0128 09:32:05.448692       1 event.go:377] Event(v1.ObjectReference{Kind:"Deployment", Namespace:"openshift-kube-apiserver-operator", Name:"kube-apiserver-operator", UID:"0f90e131-ac50-4cb2-87c5-ad12ae1902a5", APIVersion:"apps/v1", ResourceVersion:"", FieldPath:""}): type: 'Warning' reason: 'ConfigMissing' configmap "etcd-endpoints" not found
2026-01-28T09:32:05.465152884Z E0128 09:32:05.465116       1 podsecurityreadinesscontroller.go:88] "namespace:" err="unable to determine if the namespace is violating because no appropriate labels or annotations were found" kube-node-lease="(MISSING)"
2026-01-28T09:32:05.465272729Z E0128 09:32:05.465240       1 podsecurityreadinesscontroller.go:88] "namespace:" err="unable to determine if the namespace is violating because no appropriate labels or annotations were found" openshift="(MISSING)"
2026-01-28T09:32:05.465414866Z E0128 09:32:05.465399       1 podsecurityreadinesscontroller.go:88] "namespace:" err="unable to determine if the namespace is violating because no appropriate labels or annotations were found" openshift-apiserver-operator="(MISSING)"
2026-01-28T09:32:05.465562074Z E0128 09:32:05.465537       1 podsecurityreadinesscontroller.go:88] "namespace:" err="unable to determine if the namespace is violating because no appropriate labels or annotations were found" openshift-cloud-credential-operator="(MISSING)"
2026-01-28T09:32:05.465675289Z E0128 09:32:05.465660       1 podsecurityreadinesscontroller.go:88] "namespace:" err="unable to determine if the namespace is violating because no appropriate labels or annotations were found" openshift-cloud-network-config-controller="(MISSING)"
2026-01-28T09:32:05.465774884Z E0128 09:32:05.465761       1 podsecurityreadinesscontroller.go:88] "namespace:" err="unable to determine if the namespace is violating because no appropriate labels or annotations were found" openshift-cluster-olm-operator="(MISSING)"
2026-01-28T09:32:05.465891360Z E0128 09:32:05.465875       1 podsecurityreadinesscontroller.go:88] "namespace:" err="unable to determine if the namespace is violating because no appropriate labels or annotations were found" openshift-cluster-samples-operator="(MISSING)"
2026-01-28T09:32:05.466010576Z E0128 09:32:05.465995       1 podsecurityreadinesscontroller.go:88] "namespace:" err="unable to determine if the namespace is violating because no appropriate labels or annotations were found" openshift-cluster-storage-operator="(MISSING)"
2026-01-28T09:32:05.466132562Z E0128 09:32:05.466117       1 podsecurityreadinesscontroller.go:88] "namespace:" err="unable to determine if the namespace is violating because no appropriate labels or annotations were found" openshift-config-managed="(MISSING)"
2026-01-28T09:32:05.466248728Z E0128 09:32:05.466235       1 podsecurityreadinesscontroller.go:88] "namespace:" err="unable to determine if the namespace is violating because no appropriate labels or annotations were found" openshift-config-operator="(MISSING)"
2026-01-28T09:32:05.466364393Z E0128 09:32:05.466350       1 podsecurityreadinesscontroller.go:88] "namespace:" err="unable to determine if the namespace is violating because no appropriate labels or annotations were found" openshift-console="(MISSING)"
2026-01-28T09:32:05.466476929Z E0128 09:32:05.466463       1 podsecurityreadinesscontroller.go:88] "namespace:" err="unable to determine if the namespace is violating because no appropriate labels or annotations were found" openshift-console-operator="(MISSING)"
2026-01-28T09:32:05.466579104Z E0128 09:32:05.466564       1 podsecurityreadinesscontroller.go:88] "namespace:" err="unable to determine if the namespace is violating because no appropriate labels or annotations were found" openshift-console-user-settings="(MISSING)"
2026-01-28T09:32:05.466704360Z E0128 09:32:05.466689       1 podsecurityreadinesscontroller.go:88] "namespace:" err="unable to determine if the namespace is violating because no appropriate labels or annotations were found" openshift-controller-manager-operator="(MISSING)"
2026-01-28T09:32:05.466815496Z E0128 09:32:05.466801       1 podsecurityreadinesscontroller.go:88] "namespace:" err="unable to determine if the namespace is violating because no appropriate labels or annotations were found" openshift-dns-operator="(MISSING)"
2026-01-28T09:32:05.466901490Z E0128 09:32:05.466888       1 podsecurityreadinesscontroller.go:88] "namespace:" err="unable to determine if the namespace is violating because no appropriate labels or annotations were found" openshift-host-network="(MISSING)"
2026-01-28T09:32:05.467049727Z E0128 09:32:05.467017       1 podsecurityreadinesscontroller.go:88] "namespace:" err="unable to determine if the namespace is violating because no appropriate labels or annotations were found" openshift-ingress-operator="(MISSING)"
2026-01-28T09:32:05.467177334Z E0128 09:32:05.467163       1 podsecurityreadinesscontroller.go:88] "namespace:" err="unable to determine if the namespace is violating because no appropriate labels or annotations were found" openshift-kube-controller-manager-operator="(MISSING)"
2026-01-28T09:32:05.467286599Z E0128 09:32:05.467272       1 podsecurityreadinesscontroller.go:88] "namespace:" err="unable to determine if the namespace is violating because no appropriate labels or annotations were found" openshift-kube-storage-version-migrator="(MISSING)"
2026-01-28T09:32:05.467397175Z E0128 09:32:05.467383       1 podsecurityreadinesscontroller.go:88] "namespace:" err="unable to determine if the namespace is violating because no appropriate labels or annotations were found" openshift-kube-storage-version-migrator-operator="(MISSING)"
2026-01-28T09:32:05.467496500Z E0128 09:32:05.467482       1 podsecurityreadinesscontroller.go:88] "namespace:" err="unable to determine if the namespace is violating because no appropriate labels or annotations were found" openshift-network-console="(MISSING)"
2026-01-28T09:32:05.467595344Z E0128 09:32:05.467581       1 podsecurityreadinesscontroller.go:88] "namespace:" err="unable to determine if the namespace is violating because no appropriate labels or annotations were found" openshift-network-diagnostics="(MISSING)"
2026-01-28T09:32:05.467674258Z E0128 09:32:05.467660       1 podsecurityreadinesscontroller.go:88] "namespace:" err="unable to determine if the namespace is violating because no appropriate labels or annotations were found" openshift-node="(MISSING)"
2026-01-28T09:32:05.467756512Z E0128 09:32:05.467743       1 podsecurityreadinesscontroller.go:88] "namespace:" err="unable to determine if the namespace is violating because no appropriate labels or annotations were found" openshift-service-ca="(MISSING)"
2026-01-28T09:32:05.467868508Z E0128 09:32:05.467855       1 podsecurityreadinesscontroller.go:88] "namespace:" err="unable to determine if the namespace is violating because no appropriate labels or annotations were found" openshift-service-ca-operator="(MISSING)"
2026-01-28T09:32:05.467982833Z E0128 09:32:05.467969       1 podsecurityreadinesscontroller.go:88] "namespace:" err="unable to determine if the namespace is violating because no appropriate labels or annotations were found" openshift-user-workload-monitoring="(MISSING)"
2026-01-28T09:32:05.479188048Z E0128 09:32:05.471478       1 base_controller.go:279] "Unhandled Error" err="TargetConfigController reconciliation failed: configmap \"etcd-endpoints\" not found"
2026-01-28T09:32:05.479188048Z I0128 09:32:05.471758       1 event.go:377] Event(v1.ObjectReference{Kind:"Deployment", Namespace:"openshift-kube-apiserver-operator", Name:"kube-apiserver-operator", UID:"0f90e131-ac50-4cb2-87c5-ad12ae1902a5", APIVersion:"apps/v1", ResourceVersion:"", FieldPath:""}): type: 'Warning' reason: 'ConfigMissing' configmap "etcd-endpoints" not found
2026-01-28T09:32:05.479188048Z E0128 09:32:05.475609       1 base_controller.go:279] "Unhandled Error" err="CertRotationController reconciliation failed: KubeAPIServer.operator.openshift.io \"cluster\" is invalid: [status.nodeStatuses[0].currentRevision: Invalid value: \"object\": cannot be unset once set, status.nodeStatuses[1].currentRevision: Invalid value: \"object\": cannot be unset once set, status.nodeStatuses[2].currentRevision: Invalid value: \"object\": cannot be unset once set]"
2026-01-28T09:32:05.512478925Z E0128 09:32:05.512432       1 base_controller.go:279] "Unhandled Error" err="RevisionController reconciliation failed: configmap \"kube-apiserver-pod\" not found"
2026-01-28T09:32:05.517288883Z E0128 09:32:05.517257       1 base_controller.go:279] "Unhandled Error" err="TargetConfigController reconciliation failed: configmap \"etcd-endpoints\" not found"
2026-01-28T09:32:05.517847911Z I0128 09:32:05.517742       1 event.go:377] Event(v1.ObjectReference{Kind:"Deployment", Namespace:"openshift-kube-apiserver-operator", Name:"kube-apiserver-operator", UID:"0f90e131-ac50-4cb2-87c5-ad12ae1902a5", APIVersion:"apps/v1", ResourceVersion:"", FieldPath:""}): type: 'Warning' reason: 'ConfigMissing' configmap "etcd-endpoints" not found
2026-01-28T09:32:05.566465737Z I0128 09:32:05.566428       1 reflector.go:430] "Caches populated" type="*v1.Secret" reflector="k8s.io/client-go@v0.33.2/tools/cache/reflector.go:285"
2026-01-28T09:32:05.598703082Z E0128 09:32:05.598662       1 base_controller.go:279] "Unhandled Error" err="NodeKubeconfigController reconciliation failed: \"secret/node-kubeconfigs\": configmap \"kube-apiserver-server-ca\" not found"
2026-01-28T09:32:05.610413211Z E0128 09:32:05.610378       1 base_controller.go:279] "Unhandled Error" err="TargetConfigController reconciliation failed: configmap \"etcd-endpoints\" not found"
2026-01-28T09:32:05.610841012Z I0128 09:32:05.610813       1 event.go:377] Event(v1.ObjectReference{Kind:"Deployment", Namespace:"openshift-kube-apiserver-operator", Name:"kube-apiserver-operator", UID:"0f90e131-ac50-4cb2-87c5-ad12ae1902a5", APIVersion:"apps/v1", ResourceVersion:"", FieldPath:""}): type: 'Warning' reason: 'ConfigMissing' configmap "etcd-endpoints" not found
2026-01-28T09:32:05.675229388Z E0128 09:32:05.674993       1 base_controller.go:279] "Unhandled Error" err="CertRotationController reconciliation failed: KubeAPIServer.operator.openshift.io \"cluster\" is invalid: [status.nodeStatuses[0].currentRevision: Invalid value: \"object\": cannot be unset once set, status.nodeStatuses[1].currentRevision: Invalid value: \"object\": cannot be unset once set, status.nodeStatuses[2].currentRevision: Invalid value: \"object\": cannot be unset once set]"
2026-01-28T09:32:05.682048956Z E0128 09:32:05.681965       1 base_controller.go:279] "Unhandled Error" err="RevisionController reconciliation failed: configmap \"kube-apiserver-pod\" not found"
2026-01-28T09:32:05.762597511Z I0128 09:32:05.762327       1 request.go:752] "Waited before sending request" delay="1.195062003s" reason="client-side throttling, not priority and fairness" verb="GET" URL="https://172.30.0.1:443/api/v1/namespaces/openshift-etcd/endpoints?limit=500&resourceVersion=0"
2026-01-28T09:32:05.767745226Z I0128 09:32:05.767698       1 warnings.go:110] "Warning: v1 Endpoints is deprecated in v1.33+; use discovery.k8s.io/v1 EndpointSlice"
2026-01-28T09:32:05.768092083Z I0128 09:32:05.768075       1 reflector.go:430] "Caches populated" type="*v1.Endpoints" reflector="k8s.io/client-go@v0.33.2/tools/cache/reflector.go:285"
2026-01-28T09:32:05.769186317Z I0128 09:32:05.769169       1 warnings.go:110] "Warning: v1 Endpoints is deprecated in v1.33+; use discovery.k8s.io/v1 EndpointSlice"
2026-01-28T09:32:05.773189525Z E0128 09:32:05.773161       1 base_controller.go:279] "Unhandled Error" err="TargetConfigController reconciliation failed: configmap \"etcd-endpoints\" not found"
2026-01-28T09:32:05.773576954Z I0128 09:32:05.773546       1 event.go:377] Event(v1.ObjectReference{Kind:"Deployment", Namespace:"openshift-kube-apiserver-operator", Name:"kube-apiserver-operator", UID:"0f90e131-ac50-4cb2-87c5-ad12ae1902a5", APIVersion:"apps/v1", ResourceVersion:"", FieldPath:""}): type: 'Warning' reason: 'ConfigMissing' configmap "etcd-endpoints" not found
2026-01-28T09:32:05.873537661Z E0128 09:32:05.873498       1 base_controller.go:279] "Unhandled Error" err="CertRotationController reconciliation failed: KubeAPIServer.operator.openshift.io \"cluster\" is invalid: [status.nodeStatuses[0].currentRevision: Invalid value: \"object\": cannot be unset once set, status.nodeStatuses[1].currentRevision: Invalid value: \"object\": cannot be unset once set, status.nodeStatuses[2].currentRevision: Invalid value: \"object\": cannot be unset once set]"
2026-01-28T09:32:05.922866172Z E0128 09:32:05.922809       1 base_controller.go:279] "Unhandled Error" err="NodeKubeconfigController reconciliation failed: \"secret/node-kubeconfigs\": configmap \"kube-apiserver-server-ca\" not found"
2026-01-28T09:32:05.963215008Z I0128 09:32:05.963168       1 reflector.go:430] "Caches populated" type="*v1.ConfigMap" reflector="k8s.io/client-go@v0.33.2/tools/cache/reflector.go:285"
2026-01-28T09:32:06.019344635Z E0128 09:32:06.008931       1 base_controller.go:279] "Unhandled Error" err="RevisionController reconciliation failed: configmap \"kube-apiserver-pod\" not found"
2026-01-28T09:32:06.077058181Z E0128 09:32:06.076989       1 base_controller.go:279] "Unhandled Error" err="CertRotationController reconciliation failed: KubeAPIServer.operator.openshift.io \"cluster\" is invalid: [status.nodeStatuses[0].currentRevision: Invalid value: \"object\": cannot be unset once set, status.nodeStatuses[1].currentRevision: Invalid value: \"object\": cannot be unset once set, status.nodeStatuses[2].currentRevision: Invalid value: \"object\": cannot be unset once set]"
2026-01-28T09:32:06.095627480Z E0128 09:32:06.095582       1 base_controller.go:279] "Unhandled Error" err="TargetConfigController reconciliation failed: apiServerArguments.etcd-servers has less than two live etcd endpoints: []"
2026-01-28T09:32:06.095931775Z I0128 09:32:06.095906       1 event.go:377] Event(v1.ObjectReference{Kind:"Deployment", Namespace:"openshift-kube-apiserver-operator", Name:"kube-apiserver-operator", UID:"0f90e131-ac50-4cb2-87c5-ad12ae1902a5", APIVersion:"apps/v1", ResourceVersion:"", FieldPath:""}): type: 'Warning' reason: 'ConfigMissing' apiServerArguments.etcd-servers has less than two live etcd endpoints: []
2026-01-28T09:32:06.162956881Z I0128 09:32:06.162890       1 warnings.go:110] "Warning: v1 Endpoints is deprecated in v1.33+; use discovery.k8s.io/v1 EndpointSlice"
2026-01-28T09:32:06.163081367Z I0128 09:32:06.163061       1 reflector.go:430] "Caches populated" type="*v1.Endpoints" reflector="k8s.io/client-go@v0.33.2/tools/cache/reflector.go:285"
2026-01-28T09:32:06.164138620Z I0128 09:32:06.164120       1 warnings.go:110] "Warning: v1 Endpoints is deprecated in v1.33+; use discovery.k8s.io/v1 EndpointSlice"
2026-01-28T09:32:06.276400585Z E0128 09:32:06.276356       1 base_controller.go:279] "Unhandled Error" err="CertRotationController reconciliation failed: KubeAPIServer.operator.openshift.io \"cluster\" is invalid: [status.nodeStatuses[0].currentRevision: Invalid value: \"object\": cannot be unset once set, status.nodeStatuses[1].currentRevision: Invalid value: \"object\": cannot be unset once set, status.nodeStatuses[2].currentRevision: Invalid value: \"object\": cannot be unset once set]"
2026-01-28T09:32:06.364526465Z I0128 09:32:06.364478       1 reflector.go:430] "Caches populated" type="*v1.Service" reflector="k8s.io/client-go@v0.33.2/tools/cache/reflector.go:285"
2026-01-28T09:32:06.384181248Z I0128 09:32:06.384127       1 base_controller.go:82] Caches are synced for ConnectivityCheckController 
2026-01-28T09:32:06.384249971Z I0128 09:32:06.384236       1 base_controller.go:119] Starting #1 worker of ConnectivityCheckController controller ...
2026-01-28T09:32:06.384840230Z I0128 09:32:06.384809       1 connectivity_check_controller.go:172] ConnectivityCheckController is waiting for transition to desired version (4.20.0-0-2026-01-28-090915-test-ci-ln-vjb5l1t-latest) to be completed.
2026-01-28T09:32:06.474883686Z E0128 09:32:06.474836       1 base_controller.go:279] "Unhandled Error" err="CertRotationController reconciliation failed: KubeAPIServer.operator.openshift.io \"cluster\" is invalid: [status.nodeStatuses[0].currentRevision: Invalid value: \"object\": cannot be unset once set, status.nodeStatuses[1].currentRevision: Invalid value: \"object\": cannot be unset once set, status.nodeStatuses[2].currentRevision: Invalid value: \"object\": cannot be unset once set]"
2026-01-28T09:32:06.568644095Z I0128 09:32:06.568582       1 reflector.go:430] "Caches populated" type="*v1.ConfigMap" reflector="k8s.io/client-go@v0.33.2/tools/cache/reflector.go:285"
2026-01-28T09:32:06.571430193Z E0128 09:32:06.571395       1 base_controller.go:279] "Unhandled Error" err="NodeKubeconfigController reconciliation failed: \"secret/node-kubeconfigs\": configmap \"kube-apiserver-server-ca\" not found"
2026-01-28T09:32:06.667885276Z E0128 09:32:06.667779       1 base_controller.go:279] "Unhandled Error" err="RevisionController reconciliation failed: configmap \"kube-apiserver-pod\" not found"
2026-01-28T09:32:06.674468851Z E0128 09:32:06.674442       1 base_controller.go:279] "Unhandled Error" err="Installer reconciliation failed: missing required resources: [configmaps: bound-sa-token-signing-certs-0,config-0,etcd-serving-ca-0,kube-apiserver-audit-policies-0,kube-apiserver-cert-syncer-kubeconfig-0,kube-apiserver-pod-0,kubelet-serving-ca-0,sa-token-signing-certs-0, secrets: etcd-client-0,localhost-recovery-client-token-0,localhost-recovery-serving-certkey-0]"
2026-01-28T09:32:06.674544405Z I0128 09:32:06.674517       1 event.go:377] Event(v1.ObjectReference{Kind:"Deployment", Namespace:"openshift-kube-apiserver-operator", Name:"kube-apiserver-operator", UID:"0f90e131-ac50-4cb2-87c5-ad12ae1902a5", APIVersion:"apps/v1", ResourceVersion:"", FieldPath:""}): type: 'Warning' reason: 'RequiredInstallerResourcesMissing' configmaps: bound-sa-token-signing-certs-0,config-0,etcd-serving-ca-0,kube-apiserver-audit-policies-0,kube-apiserver-cert-syncer-kubeconfig-0,kube-apiserver-pod-0,kubelet-serving-ca-0,sa-token-signing-certs-0, secrets: etcd-client-0,localhost-recovery-client-token-0,localhost-recovery-serving-certkey-0
2026-01-28T09:32:06.738475048Z E0128 09:32:06.738433       1 base_controller.go:279] "Unhandled Error" err="TargetConfigController reconciliation failed: apiServerArguments.etcd-servers has less than two live etcd endpoints: []"
2026-01-28T09:32:06.738924621Z I0128 09:32:06.738889       1 event.go:377] Event(v1.ObjectReference{Kind:"Deployment", Namespace:"openshift-kube-apiserver-operator", Name:"kube-apiserver-operator", UID:"0f90e131-ac50-4cb2-87c5-ad12ae1902a5", APIVersion:"apps/v1", ResourceVersion:"", FieldPath:""}): type: 'Warning' reason: 'ConfigMissing' apiServerArguments.etcd-servers has less than two live etcd endpoints: []
2026-01-28T09:32:06.767120906Z I0128 09:32:06.767071       1 request.go:752] "Waited before sending request" delay="2.199460291s" reason="client-side throttling, not priority and fairness" verb="GET" URL="https://172.30.0.1:443/api/v1/namespaces/openshift-apiserver/secrets?limit=500&resourceVersion=0"
2026-01-28T09:32:06.768828320Z I0128 09:32:06.768808       1 reflector.go:430] "Caches populated" type="*v1.Secret" reflector="k8s.io/client-go@v0.33.2/tools/cache/reflector.go:285"
2026-01-28T09:32:06.879056794Z E0128 09:32:06.878094       1 base_controller.go:279] "Unhandled Error" err="CertRotationController reconciliation failed: KubeAPIServer.operator.openshift.io \"cluster\" is invalid: [status.nodeStatuses[0].currentRevision: Invalid value: \"object\": cannot be unset once set, status.nodeStatuses[1].currentRevision: Invalid value: \"object\": cannot be unset once set, status.nodeStatuses[2].currentRevision: Invalid value: \"object\": cannot be unset once set]"
2026-01-28T09:32:06.961918065Z I0128 09:32:06.961816       1 reflector.go:430] "Caches populated" type="*v1.Secret" reflector="k8s.io/client-go@v0.33.2/tools/cache/reflector.go:285"
2026-01-28T09:32:06.993268666Z I0128 09:32:06.987761       1 base_controller.go:82] Caches are synced for ConfigObserver 
2026-01-28T09:32:06.993268666Z I0128 09:32:06.987786       1 base_controller.go:119] Starting #1 worker of ConfigObserver controller ...
2026-01-28T09:32:06.993268666Z I0128 09:32:06.987709       1 base_controller.go:82] Caches are synced for kube-apiserver 
2026-01-28T09:32:06.993268666Z I0128 09:32:06.988226       1 base_controller.go:119] Starting #1 worker of kube-apiserver controller ...
2026-01-28T09:32:07.075074873Z E0128 09:32:07.075017       1 base_controller.go:279] "Unhandled Error" err="CertRotationController reconciliation failed: KubeAPIServer.operator.openshift.io \"cluster\" is invalid: [status.nodeStatuses[0].currentRevision: Invalid value: \"object\": cannot be unset once set, status.nodeStatuses[1].currentRevision: Invalid value: \"object\": cannot be unset once set, status.nodeStatuses[2].currentRevision: Invalid value: \"object\": cannot be unset once set]"
2026-01-28T09:32:07.162449037Z I0128 09:32:07.162404       1 reflector.go:430] "Caches populated" type="*v1.Node" reflector="k8s.io/client-go@v0.33.2/tools/cache/reflector.go:285"
2026-01-28T09:32:07.183145871Z I0128 09:32:07.183102       1 base_controller.go:82] Caches are synced for GuardController 
2026-01-28T09:32:07.183212614Z I0128 09:32:07.183199       1 base_controller.go:119] Starting #1 worker of GuardController controller ...
2026-01-28T09:32:07.183297639Z I0128 09:32:07.183136       1 base_controller.go:82] Caches are synced for kube-apiserver-Node 
2026-01-28T09:32:07.183338381Z I0128 09:32:07.183325       1 base_controller.go:119] Starting #1 worker of kube-apiserver-Node controller ...
2026-01-28T09:32:07.183735230Z E0128 09:32:07.183707       1 guard_controller.go:310] Missing operand on node ip-10-0-102-200.us-west-1.compute.internal
2026-01-28T09:32:07.183735230Z E0128 09:32:07.183727       1 guard_controller.go:310] Missing operand on node ip-10-0-108-54.us-west-1.compute.internal
2026-01-28T09:32:07.183749291Z E0128 09:32:07.183734       1 guard_controller.go:310] Missing operand on node ip-10-0-3-203.us-west-1.compute.internal
2026-01-28T09:32:07.185627754Z I0128 09:32:07.185610       1 base_controller.go:82] Caches are synced for KubeletVersionSkewController 
2026-01-28T09:32:07.185688957Z I0128 09:32:07.185677       1 base_controller.go:119] Starting #1 worker of KubeletVersionSkewController controller ...
2026-01-28T09:32:07.188912126Z E0128 09:32:07.188888       1 base_controller.go:279] "Unhandled Error" err="GuardController reconciliation failed: [Missing operand on node ip-10-0-102-200.us-west-1.compute.internal, Missing operand on node ip-10-0-108-54.us-west-1.compute.internal, Missing operand on node ip-10-0-3-203.us-west-1.compute.internal]"
2026-01-28T09:32:07.198528852Z E0128 09:32:07.198497       1 guard_controller.go:310] Missing operand on node ip-10-0-102-200.us-west-1.compute.internal
2026-01-28T09:32:07.198587755Z E0128 09:32:07.198576       1 guard_controller.go:310] Missing operand on node ip-10-0-108-54.us-west-1.compute.internal
2026-01-28T09:32:07.198618627Z E0128 09:32:07.198609       1 guard_controller.go:310] Missing operand on node ip-10-0-3-203.us-west-1.compute.internal
2026-01-28T09:32:07.200516891Z E0128 09:32:07.200490       1 base_controller.go:279] "Unhandled Error" err="GuardController reconciliation failed: [Missing operand on node ip-10-0-102-200.us-west-1.compute.internal, Missing operand on node ip-10-0-108-54.us-west-1.compute.internal, Missing operand on node ip-10-0-3-203.us-west-1.compute.internal]"
2026-01-28T09:32:07.214316883Z E0128 09:32:07.214277       1 guard_controller.go:310] Missing operand on node ip-10-0-102-200.us-west-1.compute.internal
2026-01-28T09:32:07.214372906Z E0128 09:32:07.214360       1 guard_controller.go:310] Missing operand on node ip-10-0-108-54.us-west-1.compute.internal
2026-01-28T09:32:07.214404198Z E0128 09:32:07.214393       1 guard_controller.go:310] Missing operand on node ip-10-0-3-203.us-west-1.compute.internal
2026-01-28T09:32:07.216642409Z E0128 09:32:07.216618       1 base_controller.go:279] "Unhandled Error" err="GuardController reconciliation failed: [Missing operand on node ip-10-0-102-200.us-west-1.compute.internal, Missing operand on node ip-10-0-108-54.us-west-1.compute.internal, Missing operand on node ip-10-0-3-203.us-west-1.compute.internal]"
2026-01-28T09:32:07.239295499Z E0128 09:32:07.239252       1 guard_controller.go:310] Missing operand on node ip-10-0-102-200.us-west-1.compute.internal
2026-01-28T09:32:07.239363953Z E0128 09:32:07.239352       1 guard_controller.go:310] Missing operand on node ip-10-0-108-54.us-west-1.compute.internal
2026-01-28T09:32:07.239390594Z E0128 09:32:07.239380       1 guard_controller.go:310] Missing operand on node ip-10-0-3-203.us-west-1.compute.internal
2026-01-28T09:32:07.241646906Z E0128 09:32:07.241623       1 base_controller.go:279] "Unhandled Error" err="GuardController reconciliation failed: [Missing operand on node ip-10-0-102-200.us-west-1.compute.internal, Missing operand on node ip-10-0-108-54.us-west-1.compute.internal, Missing operand on node ip-10-0-3-203.us-west-1.compute.internal]"
2026-01-28T09:32:07.275130572Z E0128 09:32:07.275076       1 base_controller.go:279] "Unhandled Error" err="CertRotationController reconciliation failed: KubeAPIServer.operator.openshift.io \"cluster\" is invalid: [status.nodeStatuses[0].currentRevision: Invalid value: \"object\": cannot be unset once set, status.nodeStatuses[1].currentRevision: Invalid value: \"object\": cannot be unset once set, status.nodeStatuses[2].currentRevision: Invalid value: \"object\": cannot be unset once set]"
2026-01-28T09:32:07.284004382Z E0128 09:32:07.283966       1 guard_controller.go:310] Missing operand on node ip-10-0-102-200.us-west-1.compute.internal
2026-01-28T09:32:07.284004382Z E0128 09:32:07.283994       1 guard_controller.go:310] Missing operand on node ip-10-0-108-54.us-west-1.compute.internal
2026-01-28T09:32:07.284046364Z E0128 09:32:07.284002       1 guard_controller.go:310] Missing operand on node ip-10-0-3-203.us-west-1.compute.internal
2026-01-28T09:32:07.285616171Z E0128 09:32:07.285592       1 base_controller.go:279] "Unhandled Error" err="GuardController reconciliation failed: [Missing operand on node ip-10-0-102-200.us-west-1.compute.internal, Missing operand on node ip-10-0-108-54.us-west-1.compute.internal, Missing operand on node ip-10-0-3-203.us-west-1.compute.internal]"
2026-01-28T09:32:07.364603900Z I0128 09:32:07.364560       1 reflector.go:430] "Caches populated" type="*v1.Service" reflector="k8s.io/client-go@v0.33.2/tools/cache/reflector.go:285"
2026-01-28T09:32:07.368180907Z E0128 09:32:07.368159       1 guard_controller.go:310] Missing operand on node ip-10-0-102-200.us-west-1.compute.internal
2026-01-28T09:32:07.368234519Z E0128 09:32:07.368222       1 guard_controller.go:310] Missing operand on node ip-10-0-108-54.us-west-1.compute.internal
2026-01-28T09:32:07.368266841Z E0128 09:32:07.368255       1 guard_controller.go:310] Missing operand on node ip-10-0-3-203.us-west-1.compute.internal
2026-01-28T09:32:07.370347744Z E0128 09:32:07.370326       1 base_controller.go:279] "Unhandled Error" err="GuardController reconciliation failed: [Missing operand on node ip-10-0-102-200.us-west-1.compute.internal, Missing operand on node ip-10-0-108-54.us-west-1.compute.internal, Missing operand on node ip-10-0-3-203.us-west-1.compute.internal]"
2026-01-28T09:32:07.384357227Z I0128 09:32:07.384326       1 base_controller.go:82] Caches are synced for webhookSupportabilityController 
2026-01-28T09:32:07.384399569Z I0128 09:32:07.384389       1 base_controller.go:119] Starting #1 worker of webhookSupportabilityController controller ...
2026-01-28T09:32:07.390292081Z W0128 09:32:07.390259       1 degraded_webhook.go:147] failed to connect to webhook "inject-metadata-name.olm.operatorframework.io" via service "catalogd-service.openshift-catalogd.svc:9443": dial tcp: lookup catalogd-service.openshift-catalogd.svc on 172.30.0.10:53: read udp 10.130.0.25:56176->172.30.0.10:53: read: connection refused
2026-01-28T09:32:07.476373380Z E0128 09:32:07.476309       1 base_controller.go:279] "Unhandled Error" err="CertRotationController reconciliation failed: KubeAPIServer.operator.openshift.io \"cluster\" is invalid: [status.nodeStatuses[0].currentRevision: Invalid value: \"object\": cannot be unset once set, status.nodeStatuses[1].currentRevision: Invalid value: \"object\": cannot be unset once set, status.nodeStatuses[2].currentRevision: Invalid value: \"object\": cannot be unset once set]"
2026-01-28T09:32:07.533154860Z E0128 09:32:07.533121       1 guard_controller.go:310] Missing operand on node ip-10-0-102-200.us-west-1.compute.internal
2026-01-28T09:32:07.533235684Z E0128 09:32:07.533215       1 guard_controller.go:310] Missing operand on node ip-10-0-108-54.us-west-1.compute.internal
2026-01-28T09:32:07.533235684Z E0128 09:32:07.533225       1 guard_controller.go:310] Missing operand on node ip-10-0-3-203.us-west-1.compute.internal
2026-01-28T09:32:07.534848503Z E0128 09:32:07.534828       1 base_controller.go:279] "Unhandled Error" err="GuardController reconciliation failed: [Missing operand on node ip-10-0-102-200.us-west-1.compute.internal, Missing operand on node ip-10-0-108-54.us-west-1.compute.internal, Missing operand on node ip-10-0-3-203.us-west-1.compute.internal]"
2026-01-28T09:32:07.677442049Z E0128 09:32:07.677400       1 base_controller.go:279] "Unhandled Error" err="CertRotationController reconciliation failed: KubeAPIServer.operator.openshift.io \"cluster\" is invalid: [status.nodeStatuses[0].currentRevision: Invalid value: \"object\": cannot be unset once set, status.nodeStatuses[1].currentRevision: Invalid value: \"object\": cannot be unset once set, status.nodeStatuses[2].currentRevision: Invalid value: \"object\": cannot be unset once set]"
2026-01-28T09:32:07.856206285Z E0128 09:32:07.856132       1 base_controller.go:279] "Unhandled Error" err="NodeKubeconfigController reconciliation failed: \"secret/node-kubeconfigs\": configmap \"kube-apiserver-server-ca\" not found"
2026-01-28T09:32:07.856439156Z E0128 09:32:07.856422       1 guard_controller.go:310] Missing operand on node ip-10-0-102-200.us-west-1.compute.internal
2026-01-28T09:32:07.856491789Z E0128 09:32:07.856479       1 guard_controller.go:310] Missing operand on node ip-10-0-108-54.us-west-1.compute.internal
2026-01-28T09:32:07.856525640Z E0128 09:32:07.856514       1 guard_controller.go:310] Missing operand on node ip-10-0-3-203.us-west-1.compute.internal
2026-01-28T09:32:07.858595873Z E0128 09:32:07.858573       1 base_controller.go:279] "Unhandled Error" err="GuardController reconciliation failed: [Missing operand on node ip-10-0-102-200.us-west-1.compute.internal, Missing operand on node ip-10-0-108-54.us-west-1.compute.internal, Missing operand on node ip-10-0-3-203.us-west-1.compute.internal]"
2026-01-28T09:32:07.861962329Z I0128 09:32:07.861934       1 request.go:752] "Waited before sending request" delay="2.563051602s" reason="client-side throttling, not priority and fairness" verb="PUT" URL="https://172.30.0.1:443/apis/operator.openshift.io/v1/kubeapiservers/cluster/status"
2026-01-28T09:32:07.875825055Z E0128 09:32:07.875798       1 base_controller.go:279] "Unhandled Error" err="CertRotationController reconciliation failed: KubeAPIServer.operator.openshift.io \"cluster\" is invalid: [status.nodeStatuses[0].currentRevision: Invalid value: \"object\": cannot be unset once set, status.nodeStatuses[1].currentRevision: Invalid value: \"object\": cannot be unset once set, status.nodeStatuses[2].currentRevision: Invalid value: \"object\": cannot be unset once set]"
2026-01-28T09:32:07.952360672Z E0128 09:32:07.952317       1 base_controller.go:279] "Unhandled Error" err="RevisionController reconciliation failed: configmap \"kube-apiserver-pod\" not found"
2026-01-28T09:32:07.981449452Z E0128 09:32:07.981387       1 guard_controller.go:310] Missing operand on node ip-10-0-102-200.us-west-1.compute.internal
2026-01-28T09:32:07.981449452Z E0128 09:32:07.981414       1 guard_controller.go:310] Missing operand on node ip-10-0-108-54.us-west-1.compute.internal
2026-01-28T09:32:07.981449452Z E0128 09:32:07.981420       1 guard_controller.go:310] Missing operand on node ip-10-0-3-203.us-west-1.compute.internal
2026-01-28T09:32:07.983143376Z E0128 09:32:07.983117       1 base_controller.go:279] "Unhandled Error" err="GuardController reconciliation failed: [Missing operand on node ip-10-0-102-200.us-west-1.compute.internal, Missing operand on node ip-10-0-108-54.us-west-1.compute.internal, Missing operand on node ip-10-0-3-203.us-west-1.compute.internal]"
2026-01-28T09:32:08.021609239Z E0128 09:32:08.021555       1 base_controller.go:279] "Unhandled Error" err="TargetConfigController reconciliation failed: apiServerArguments.etcd-servers has less than two live etcd endpoints: []"
2026-01-28T09:32:08.021636890Z I0128 09:32:08.021599       1 event.go:377] Event(v1.ObjectReference{Kind:"Deployment", Namespace:"openshift-kube-apiserver-operator", Name:"kube-apiserver-operator", UID:"0f90e131-ac50-4cb2-87c5-ad12ae1902a5", APIVersion:"apps/v1", ResourceVersion:"", FieldPath:""}): type: 'Warning' reason: 'ConfigMissing' apiServerArguments.etcd-servers has less than two live etcd endpoints: []
2026-01-28T09:32:08.093838633Z E0128 09:32:08.092923       1 base_controller.go:279] "Unhandled Error" err="TargetConfigController reconciliation failed: apiServerArguments.etcd-servers has less than two live etcd endpoints: []"
2026-01-28T09:32:08.093838633Z I0128 09:32:08.092967       1 event.go:377] Event(v1.ObjectReference{Kind:"Deployment", Namespace:"openshift-kube-apiserver-operator", Name:"kube-apiserver-operator", UID:"0f90e131-ac50-4cb2-87c5-ad12ae1902a5", APIVersion:"apps/v1", ResourceVersion:"", FieldPath:""}): type: 'Warning' reason: 'ConfigMissing' apiServerArguments.etcd-servers has less than two live etcd endpoints: []
2026-01-28T09:32:08.094150498Z I0128 09:32:08.094130       1 connectivity_check_controller.go:172] ConnectivityCheckController is waiting for transition to desired version (4.20.0-0-2026-01-28-090915-test-ci-ln-vjb5l1t-latest) to be completed.
2026-01-28T09:32:08.095882414Z E0128 09:32:08.095852       1 base_controller.go:279] "Unhandled Error" err="NodeKubeconfigController reconciliation failed: \"secret/node-kubeconfigs\": configmap \"kube-apiserver-server-ca\" not found"
2026-01-28T09:32:08.113298306Z E0128 09:32:08.113259       1 base_controller.go:279] "Unhandled Error" err="RevisionController reconciliation failed: configmap \"kube-apiserver-pod\" not found"
2026-01-28T09:32:08.128966471Z I0128 09:32:08.127390       1 status_controller.go:230] clusteroperator/kube-apiserver diff {"status":{"conditions":[{"lastTransitionTime":"2026-01-28T09:30:35Z","message":"RevisionControllerDegraded: configmap \"kube-apiserver-pod\" not found\nInstallerControllerDegraded: missing required resources: [configmaps: bound-sa-token-signing-certs-0,config-0,etcd-serving-ca-0,kube-apiserver-audit-policies-0,kube-apiserver-cert-syncer-kubeconfig-0,kube-apiserver-pod-0,kubelet-serving-ca-0,sa-token-signing-certs-0, secrets: etcd-client-0,localhost-recovery-client-token-0,localhost-recovery-serving-certkey-0]\nNodeKubeconfigControllerDegraded: \"secret/node-kubeconfigs\": configmap \"kube-apiserver-server-ca\" not found\nNodeControllerDegraded: All master nodes are ready\nGuardControllerDegraded: [Missing operand on node ip-10-0-102-200.us-west-1.compute.internal, Missing operand on node ip-10-0-108-54.us-west-1.compute.internal, Missing operand on node ip-10-0-3-203.us-west-1.compute.internal]","reason":"AsExpected","status":"False","type":"Degraded"},{"lastTransitionTime":"2026-01-28T09:30:35Z","message":"NodeInstallerProgressing: 3 nodes are at revision 0","reason":"AsExpected","status":"False","type":"Progressing"},{"lastTransitionTime":"2026-01-28T09:30:35Z","message":"StaticPodsAvailable: 0 nodes are active; 3 nodes are at revision 0","reason":"StaticPods_ZeroNodesActive","status":"False","type":"Available"},{"lastTransitionTime":"2026-01-28T09:30:35Z","message":"KubeletMinorVersionUpgradeable: Kubelet and API server minor versions are synced.","reason":"AsExpected","status":"True","type":"Upgradeable"},{"lastTransitionTime":"2026-01-28T09:31:21Z","message":"PodSecurityInconclusiveEvaluationConditionsDetected: Could not evaluate violations for namespaces: [kube-node-lease openshift openshift-apiserver-operator openshift-cloud-credential-operator openshift-cloud-network-config-controller openshift-cluster-olm-operator openshift-cluster-samples-operator openshift-cluster-storage-operator openshift-config-managed openshift-config-operator openshift-console openshift-console-operator openshift-console-user-settings openshift-controller-manager-operator openshift-dns-operator openshift-host-network openshift-ingress-operator openshift-kube-controller-manager-operator openshift-kube-storage-version-migrator openshift-kube-storage-version-migrator-operator openshift-network-console openshift-network-diagnostics openshift-node openshift-service-ca openshift-service-ca-operator openshift-user-workload-monitoring]","reason":"PodSecurityInconclusive_PSViolationDecisionInconclusive","status":"True","type":"EvaluationConditionsDetected"}]}}
2026-01-28T09:32:08.149847844Z I0128 09:32:08.143907       1 event.go:377] Event(v1.ObjectReference{Kind:"Deployment", Namespace:"openshift-kube-apiserver-operator", Name:"kube-apiserver-operator", UID:"0f90e131-ac50-4cb2-87c5-ad12ae1902a5", APIVersion:"apps/v1", ResourceVersion:"", FieldPath:""}): type: 'Normal' reason: 'OperatorStatusChanged' Status for clusteroperator/kube-apiserver changed: EvaluationConditionsDetected message changed from "PodSecurityInconclusiveEvaluationConditionsDetected: Could not evaluate violations for namespaces: [kube-node-lease openshift-apiserver-operator openshift-cloud-credential-operator openshift-cloud-network-config-controller openshift-cluster-olm-operator openshift-cluster-samples-operator openshift-cluster-storage-operator openshift-config-managed openshift-config-operator openshift-console openshift-console-operator openshift-console-user-settings openshift-controller-manager-operator openshift-dns-operator openshift-host-network openshift-ingress-operator openshift-kube-controller-manager-operator openshift-kube-storage-version-migrator openshift-kube-storage-version-migrator-operator openshift-network-console openshift-network-diagnostics openshift-service-ca openshift-service-ca-operator openshift-user-workload-monitoring]" to "PodSecurityInconclusiveEvaluationConditionsDetected: Could not evaluate violations for namespaces: [kube-node-lease openshift openshift-apiserver-operator openshift-cloud-credential-operator openshift-cloud-network-config-controller openshift-cluster-olm-operator openshift-cluster-samples-operator openshift-cluster-storage-operator openshift-config-managed openshift-config-operator openshift-console openshift-console-operator openshift-console-user-settings openshift-controller-manager-operator openshift-dns-operator openshift-host-network openshift-ingress-operator openshift-kube-controller-manager-operator openshift-kube-storage-version-migrator openshift-kube-storage-version-migrator-operator openshift-network-console openshift-network-diagnostics openshift-node openshift-service-ca openshift-service-ca-operator openshift-user-workload-monitoring]"
2026-01-28T09:32:08.361420133Z E0128 09:32:08.361379       1 guard_controller.go:310] Missing operand on node ip-10-0-108-54.us-west-1.compute.internal
2026-01-28T09:32:08.361712607Z E0128 09:32:08.361697       1 guard_controller.go:310] Missing operand on node ip-10-0-3-203.us-west-1.compute.internal
2026-01-28T09:32:08.361757660Z E0128 09:32:08.361745       1 guard_controller.go:310] Missing operand on node ip-10-0-102-200.us-west-1.compute.internal
2026-01-28T09:32:08.376878438Z E0128 09:32:08.376819       1 base_controller.go:279] "Unhandled Error" err="GuardController reconciliation failed: [Missing operand on node ip-10-0-102-200.us-west-1.compute.internal, Missing operand on node ip-10-0-108-54.us-west-1.compute.internal, Missing operand on node ip-10-0-3-203.us-west-1.compute.internal]"
2026-01-28T09:32:08.402472434Z W0128 09:32:08.402398       1 degraded_webhook.go:147] failed to connect to webhook "inject-metadata-name.olm.operatorframework.io" via service "catalogd-service.openshift-catalogd.svc:9443": dial tcp: lookup catalogd-service.openshift-catalogd.svc on 172.30.0.10:53: read udp 10.130.0.25:57517->172.30.0.10:53: read: connection refused
2026-01-28T09:32:08.501079123Z E0128 09:32:08.501002       1 guard_controller.go:310] Missing operand on node ip-10-0-102-200.us-west-1.compute.internal
2026-01-28T09:32:08.501079123Z E0128 09:32:08.501052       1 guard_controller.go:310] Missing operand on node ip-10-0-108-54.us-west-1.compute.internal
2026-01-28T09:32:08.501079123Z E0128 09:32:08.501059       1 guard_controller.go:310] Missing operand on node ip-10-0-3-203.us-west-1.compute.internal
2026-01-28T09:32:08.502888953Z E0128 09:32:08.502864       1 base_controller.go:279] "Unhandled Error" err="GuardController reconciliation failed: [Missing operand on node ip-10-0-102-200.us-west-1.compute.internal, Missing operand on node ip-10-0-108-54.us-west-1.compute.internal, Missing operand on node ip-10-0-3-203.us-west-1.compute.internal]"
2026-01-28T09:32:08.862248564Z I0128 09:32:08.862197       1 request.go:752] "Waited before sending request" delay="2.781429428s" reason="client-side throttling, not priority and fairness" verb="PUT" URL="https://172.30.0.1:443/apis/operator.openshift.io/v1/kubeapiservers/cluster/status"
2026-01-28T09:32:09.329438882Z E0128 09:32:09.329401       1 guard_controller.go:310] Missing operand on node ip-10-0-102-200.us-west-1.compute.internal
2026-01-28T09:32:09.329510145Z E0128 09:32:09.329498       1 guard_controller.go:310] Missing operand on node ip-10-0-108-54.us-west-1.compute.internal
2026-01-28T09:32:09.329593509Z E0128 09:32:09.329582       1 guard_controller.go:310] Missing operand on node ip-10-0-3-203.us-west-1.compute.internal
2026-01-28T09:32:09.338837377Z E0128 09:32:09.331999       1 base_controller.go:279] "Unhandled Error" err="GuardController reconciliation failed: [Missing operand on node ip-10-0-102-200.us-west-1.compute.internal, Missing operand on node ip-10-0-108-54.us-west-1.compute.internal, Missing operand on node ip-10-0-3-203.us-west-1.compute.internal]"
2026-01-28T09:32:09.468748435Z I0128 09:32:09.468643       1 event.go:377] Event(v1.ObjectReference{Kind:"Deployment", Namespace:"openshift-kube-apiserver-operator", Name:"kube-apiserver-operator", UID:"0f90e131-ac50-4cb2-87c5-ad12ae1902a5", APIVersion:"apps/v1", ResourceVersion:"", FieldPath:""}): type: 'Warning' reason: 'RequiredInstallerResourcesMissing' configmaps: bound-sa-token-signing-certs-0,config-0,etcd-serving-ca-0,kube-apiserver-audit-policies-0,kube-apiserver-cert-syncer-kubeconfig-0,kube-apiserver-pod-0,kubelet-serving-ca-0,sa-token-signing-certs-0, secrets: etcd-client-0,localhost-recovery-client-token-0,localhost-recovery-serving-certkey-0
2026-01-28T09:32:09.470160045Z E0128 09:32:09.470132       1 base_controller.go:279] "Unhandled Error" err="Installer reconciliation failed: missing required resources: [configmaps: bound-sa-token-signing-certs-0,config-0,etcd-serving-ca-0,kube-apiserver-audit-policies-0,kube-apiserver-cert-syncer-kubeconfig-0,kube-apiserver-pod-0,kubelet-serving-ca-0,sa-token-signing-certs-0, secrets: etcd-client-0,localhost-recovery-client-token-0,localhost-recovery-serving-certkey-0]"
2026-01-28T09:32:09.844506108Z I0128 09:32:09.844093       1 event.go:377] Event(v1.ObjectReference{Kind:"Deployment", Namespace:"openshift-kube-apiserver-operator", Name:"kube-apiserver-operator", UID:"0f90e131-ac50-4cb2-87c5-ad12ae1902a5", APIVersion:"apps/v1", ResourceVersion:"", FieldPath:""}): type: 'Normal' reason: 'ObserveWebhookTokenAuthenticator' authentication-token webhook configuration status changed from false to true
2026-01-28T09:32:10.063113715Z I0128 09:32:10.062293       1 request.go:752] "Waited before sending request" delay="2.784374644s" reason="client-side throttling, not priority and fairness" verb="PUT" URL="https://172.30.0.1:443/apis/operator.openshift.io/v1/kubeapiservers/cluster/status"
2026-01-28T09:32:10.368896985Z E0128 09:32:10.368849       1 base_controller.go:279] "Unhandled Error" err="TargetConfigController reconciliation failed: apiServerArguments.etcd-servers has less than two live etcd endpoints: []"
2026-01-28T09:32:10.370318236Z I0128 09:32:10.370272       1 event.go:377] Event(v1.ObjectReference{Kind:"Deployment", Namespace:"openshift-kube-apiserver-operator", Name:"kube-apiserver-operator", UID:"0f90e131-ac50-4cb2-87c5-ad12ae1902a5", APIVersion:"apps/v1", ResourceVersion:"", FieldPath:""}): type: 'Normal' reason: 'SecretCreated' Created Secret/webhook-authenticator -n openshift-kube-apiserver because it was missing
2026-01-28T09:32:10.371096604Z I0128 09:32:10.371060       1 event.go:377] Event(v1.ObjectReference{Kind:"Deployment", Namespace:"openshift-kube-apiserver-operator", Name:"kube-apiserver-operator", UID:"0f90e131-ac50-4cb2-87c5-ad12ae1902a5", APIVersion:"apps/v1", ResourceVersion:"", FieldPath:""}): type: 'Warning' reason: 'ConfigMissing' apiServerArguments.etcd-servers has less than two live etcd endpoints: []
2026-01-28T09:32:10.372239111Z I0128 09:32:10.372204       1 event.go:377] Event(v1.ObjectReference{Kind:"Deployment", Namespace:"openshift-kube-apiserver-operator", Name:"kube-apiserver-operator", UID:"0f90e131-ac50-4cb2-87c5-ad12ae1902a5", APIVersion:"apps/v1", ResourceVersion:"", FieldPath:""}): type: 'Normal' reason: 'ObservedConfigChanged' Writing updated observed config:   map[string]any{
2026-01-28T09:32:10.372239111Z   	"admission": map[string]any{"pluginConfig": map[string]any{"PodSecurity": map[string]any{"configuration": map[string]any{"defaults": map[string]any{"audit": string("restricted"), "audit-version": string("latest"), "enforce": string("privileged"), "enforce-version": string("latest"), ...}}}, "network.openshift.io/ExternalIPRanger": map[string]any{"configuration": map[string]any{"allowIngressIP": bool(false), "apiVersion": string("network.openshift.io/v1"), "kind": string("ExternalIPRangerAdmissionConfig")}}, "network.openshift.io/RestrictedEndpointsAdmission": map[string]any{"configuration": map[string]any{"apiVersion": string("network.openshift.io/v1"), "kind": string("RestrictedEndpointsAdmissionConfig"), "restrictedCIDRs": []any{string("10.128.0.0/14"), string("172.30.0.0/16")}}}}},
2026-01-28T09:32:10.372239111Z   	"apiServerArguments": map[string]any{
2026-01-28T09:32:10.372239111Z   		"api-audiences": []any{string("https://kubernetes.default.svc")},
2026-01-28T09:32:10.372239111Z + 		"authentication-token-webhook-config-file": []any{
2026-01-28T09:32:10.372239111Z + 			string("/etc/kubernetes/static-pod-resources/secrets/webhook-authenticator/kubeConfig"),
2026-01-28T09:32:10.372239111Z + 		},
2026-01-28T09:32:10.372239111Z + 		"authentication-token-webhook-version": []any{string("v1")},
2026-01-28T09:32:10.372239111Z   		"authorization-mode":                   []any{string("Scope"), string("SystemMasters"), string("RBAC"), string("Node")},
2026-01-28T09:32:10.372239111Z   		"enable-admission-plugins":             []any{string("authorization.openshift.io/RestrictSubjectBindings"), string("authorization.openshift.io/ValidateRoleBindingRestriction")},
2026-01-28T09:32:10.372239111Z   		... // 7 identical entries
2026-01-28T09:32:10.372239111Z   	},
2026-01-28T09:32:10.372239111Z   	"corsAllowedOrigins":          []any{string(`//127\.0\.0\.1(:|$)`), string("//localhost(:|$)")},
2026-01-28T09:32:10.372239111Z   	"gracefulTerminationDuration": string("194"),
2026-01-28T09:32:10.372239111Z   	... // 2 identical entries
2026-01-28T09:32:10.372239111Z   }
2026-01-28T09:32:10.372884243Z E0128 09:32:10.372864       1 base_controller.go:279] "Unhandled Error" err="RevisionController reconciliation failed: configmap \"kube-apiserver-pod\" not found"
2026-01-28T09:32:10.374840149Z E0128 09:32:10.374801       1 base_controller.go:279] "Unhandled Error" err="NodeKubeconfigController reconciliation failed: \"secret/node-kubeconfigs\": configmap \"kube-apiserver-server-ca\" not found"
2026-01-28T09:32:10.413077701Z W0128 09:32:10.412990       1 degraded_webhook.go:147] failed to connect to webhook "default.machine.machine.openshift.io" via service "machine-api-operator-webhook.openshift-machine-api.svc:443": dial tcp: lookup machine-api-operator-webhook.openshift-machine-api.svc on 172.30.0.10:53: read udp 10.130.0.25:41719->172.30.0.10:53: read: connection refused
2026-01-28T09:32:10.419720280Z E0128 09:32:10.419690       1 base_controller.go:279] "Unhandled Error" err="NodeKubeconfigController reconciliation failed: \"secret/node-kubeconfigs\": configmap \"kube-apiserver-server-ca\" not found"
2026-01-28T09:32:10.515571883Z E0128 09:32:10.515528       1 base_controller.go:279] "Unhandled Error" err="RevisionController reconciliation failed: configmap \"kube-apiserver-pod\" not found"
2026-01-28T09:32:10.583978408Z E0128 09:32:10.583926       1 base_controller.go:279] "Unhandled Error" err="TargetConfigController reconciliation failed: apiServerArguments.etcd-servers has less than two live etcd endpoints: []"
2026-01-28T09:32:10.584006959Z I0128 09:32:10.583982       1 event.go:377] Event(v1.ObjectReference{Kind:"Deployment", Namespace:"openshift-kube-apiserver-operator", Name:"kube-apiserver-operator", UID:"0f90e131-ac50-4cb2-87c5-ad12ae1902a5", APIVersion:"apps/v1", ResourceVersion:"", FieldPath:""}): type: 'Warning' reason: 'ConfigMissing' apiServerArguments.etcd-servers has less than two live etcd endpoints: []
2026-01-28T09:32:10.707443207Z I0128 09:32:10.707406       1 connectivity_check_controller.go:172] ConnectivityCheckController is waiting for transition to desired version (4.20.0-0-2026-01-28-090915-test-ci-ln-vjb5l1t-latest) to be completed.
2026-01-28T09:32:10.773321846Z E0128 09:32:10.772847       1 guard_controller.go:310] Missing operand on node ip-10-0-102-200.us-west-1.compute.internal
2026-01-28T09:32:10.773321846Z E0128 09:32:10.772875       1 guard_controller.go:310] Missing operand on node ip-10-0-108-54.us-west-1.compute.internal
2026-01-28T09:32:10.773321846Z E0128 09:32:10.772883       1 guard_controller.go:310] Missing operand on node ip-10-0-3-203.us-west-1.compute.internal
2026-01-28T09:32:10.777062191Z E0128 09:32:10.775286       1 base_controller.go:279] "Unhandled Error" err="GuardController reconciliation failed: [Missing operand on node ip-10-0-102-200.us-west-1.compute.internal, Missing operand on node ip-10-0-108-54.us-west-1.compute.internal, Missing operand on node ip-10-0-3-203.us-west-1.compute.internal]"
2026-01-28T09:32:10.877312742Z E0128 09:32:10.877239       1 base_controller.go:279] "Unhandled Error" err="CertRotationController reconciliation failed: KubeAPIServer.operator.openshift.io \"cluster\" is invalid: [status.nodeStatuses[0].currentRevision: Invalid value: \"object\": cannot be unset once set, status.nodeStatuses[1].currentRevision: Invalid value: \"object\": cannot be unset once set, status.nodeStatuses[2].currentRevision: Invalid value: \"object\": cannot be unset once set]"
2026-01-28T09:32:11.063053153Z I0128 09:32:11.062689       1 request.go:752] "Waited before sending request" delay="2.569018948s" reason="client-side throttling, not priority and fairness" verb="PUT" URL="https://172.30.0.1:443/apis/operator.openshift.io/v1/kubeapiservers/cluster/status"
2026-01-28T09:32:11.094260337Z E0128 09:32:11.094210       1 base_controller.go:279] "Unhandled Error" err="CertRotationController reconciliation failed: KubeAPIServer.operator.openshift.io \"cluster\" is invalid: [status.nodeStatuses[0].currentRevision: Invalid value: \"object\": cannot be unset once set, status.nodeStatuses[1].currentRevision: Invalid value: \"object\": cannot be unset once set, status.nodeStatuses[2].currentRevision: Invalid value: \"object\": cannot be unset once set]"
2026-01-28T09:32:11.280850219Z E0128 09:32:11.280799       1 base_controller.go:279] "Unhandled Error" err="CertRotationController reconciliation failed: KubeAPIServer.operator.openshift.io \"cluster\" is invalid: [status.nodeStatuses[0].currentRevision: Invalid value: \"object\": cannot be unset once set, status.nodeStatuses[1].currentRevision: Invalid value: \"object\": cannot be unset once set, status.nodeStatuses[2].currentRevision: Invalid value: \"object\": cannot be unset once set]"
2026-01-28T09:32:11.418358943Z W0128 09:32:11.418293       1 degraded_webhook.go:147] failed to connect to webhook "default.machine.machine.openshift.io" via service "machine-api-operator-webhook.openshift-machine-api.svc:443": dial tcp: lookup machine-api-operator-webhook.openshift-machine-api.svc on 172.30.0.10:53: read udp 10.130.0.25:33917->172.30.0.10:53: read: connection refused
2026-01-28T09:32:11.476177784Z E0128 09:32:11.476132       1 base_controller.go:279] "Unhandled Error" err="CertRotationController reconciliation failed: KubeAPIServer.operator.openshift.io \"cluster\" is invalid: [status.nodeStatuses[0].currentRevision: Invalid value: \"object\": cannot be unset once set, status.nodeStatuses[1].currentRevision: Invalid value: \"object\": cannot be unset once set, status.nodeStatuses[2].currentRevision: Invalid value: \"object\": cannot be unset once set]"
2026-01-28T09:32:11.676338108Z E0128 09:32:11.676287       1 base_controller.go:279] "Unhandled Error" err="CertRotationController reconciliation failed: KubeAPIServer.operator.openshift.io \"cluster\" is invalid: [status.nodeStatuses[0].currentRevision: Invalid value: \"object\": cannot be unset once set, status.nodeStatuses[1].currentRevision: Invalid value: \"object\": cannot be unset once set, status.nodeStatuses[2].currentRevision: Invalid value: \"object\": cannot be unset once set]"
2026-01-28T09:32:11.875433650Z E0128 09:32:11.875387       1 base_controller.go:279] "Unhandled Error" err="CertRotationController reconciliation failed: KubeAPIServer.operator.openshift.io \"cluster\" is invalid: [status.nodeStatuses[0].currentRevision: Invalid value: \"object\": cannot be unset once set, status.nodeStatuses[1].currentRevision: Invalid value: \"object\": cannot be unset once set, status.nodeStatuses[2].currentRevision: Invalid value: \"object\": cannot be unset once set]"
2026-01-28T09:32:12.068849750Z I0128 09:32:12.068796       1 event.go:377] Event(v1.ObjectReference{Kind:"Deployment", Namespace:"openshift-kube-apiserver-operator", Name:"kube-apiserver-operator", UID:"0f90e131-ac50-4cb2-87c5-ad12ae1902a5", APIVersion:"apps/v1", ResourceVersion:"", FieldPath:""}): type: 'Warning' reason: 'RequiredInstallerResourcesMissing' configmaps: bound-sa-token-signing-certs-0,config-0,etcd-serving-ca-0,kube-apiserver-audit-policies-0,kube-apiserver-cert-syncer-kubeconfig-0,kube-apiserver-pod-0,kubelet-serving-ca-0,sa-token-signing-certs-0, secrets: etcd-client-0,localhost-recovery-client-token-0,localhost-recovery-serving-certkey-0
2026-01-28T09:32:12.070305572Z E0128 09:32:12.070283       1 base_controller.go:279] "Unhandled Error" err="Installer reconciliation failed: missing required resources: [configmaps: bound-sa-token-signing-certs-0,config-0,etcd-serving-ca-0,kube-apiserver-audit-policies-0,kube-apiserver-cert-syncer-kubeconfig-0,kube-apiserver-pod-0,kubelet-serving-ca-0,sa-token-signing-certs-0, secrets: etcd-client-0,localhost-recovery-client-token-0,localhost-recovery-serving-certkey-0]"
2026-01-28T09:32:12.264995206Z I0128 09:32:12.263865       1 request.go:752] "Waited before sending request" delay="2.57755431s" reason="client-side throttling, not priority and fairness" verb="PUT" URL="https://172.30.0.1:443/apis/operator.openshift.io/v1/kubeapiservers/cluster/status"
2026-01-28T09:32:12.275956638Z E0128 09:32:12.275924       1 base_controller.go:279] "Unhandled Error" err="CertRotationController reconciliation failed: KubeAPIServer.operator.openshift.io \"cluster\" is invalid: [status.nodeStatuses[0].currentRevision: Invalid value: \"object\": cannot be unset once set, status.nodeStatuses[1].currentRevision: Invalid value: \"object\": cannot be unset once set, status.nodeStatuses[2].currentRevision: Invalid value: \"object\": cannot be unset once set]"
2026-01-28T09:32:12.476564054Z E0128 09:32:12.476521       1 base_controller.go:279] "Unhandled Error" err="CertRotationController reconciliation failed: KubeAPIServer.operator.openshift.io \"cluster\" is invalid: [status.nodeStatuses[0].currentRevision: Invalid value: \"object\": cannot be unset once set, status.nodeStatuses[1].currentRevision: Invalid value: \"object\": cannot be unset once set, status.nodeStatuses[2].currentRevision: Invalid value: \"object\": cannot be unset once set]"
2026-01-28T09:32:12.675818563Z E0128 09:32:12.675758       1 base_controller.go:279] "Unhandled Error" err="CertRotationController reconciliation failed: KubeAPIServer.operator.openshift.io \"cluster\" is invalid: [status.nodeStatuses[0].currentRevision: Invalid value: \"object\": cannot be unset once set, status.nodeStatuses[1].currentRevision: Invalid value: \"object\": cannot be unset once set, status.nodeStatuses[2].currentRevision: Invalid value: \"object\": cannot be unset once set]"
2026-01-28T09:32:12.768688829Z E0128 09:32:12.767096       1 guard_controller.go:310] Missing operand on node ip-10-0-102-200.us-west-1.compute.internal
2026-01-28T09:32:12.768688829Z E0128 09:32:12.767123       1 guard_controller.go:310] Missing operand on node ip-10-0-108-54.us-west-1.compute.internal
2026-01-28T09:32:12.768688829Z E0128 09:32:12.767138       1 guard_controller.go:310] Missing operand on node ip-10-0-3-203.us-west-1.compute.internal
2026-01-28T09:32:12.784417127Z E0128 09:32:12.783476       1 base_controller.go:279] "Unhandled Error" err="GuardController reconciliation failed: [Missing operand on node ip-10-0-102-200.us-west-1.compute.internal, Missing operand on node ip-10-0-108-54.us-west-1.compute.internal, Missing operand on node ip-10-0-3-203.us-west-1.compute.internal]"
2026-01-28T09:32:12.875976028Z E0128 09:32:12.875932       1 base_controller.go:279] "Unhandled Error" err="CertRotationController reconciliation failed: KubeAPIServer.operator.openshift.io \"cluster\" is invalid: [status.nodeStatuses[0].currentRevision: Invalid value: \"object\": cannot be unset once set, status.nodeStatuses[1].currentRevision: Invalid value: \"object\": cannot be unset once set, status.nodeStatuses[2].currentRevision: Invalid value: \"object\": cannot be unset once set]"
2026-01-28T09:32:13.085202093Z E0128 09:32:13.085164       1 base_controller.go:279] "Unhandled Error" err="TargetConfigController reconciliation failed: apiServerArguments.etcd-servers has less than two live etcd endpoints: []"
2026-01-28T09:32:13.085821584Z I0128 09:32:13.085802       1 connectivity_check_controller.go:172] ConnectivityCheckController is waiting for transition to desired version (4.20.0-0-2026-01-28-090915-test-ci-ln-vjb5l1t-latest) to be completed.
2026-01-28T09:32:13.091166738Z I0128 09:32:13.091139       1 event.go:377] Event(v1.ObjectReference{Kind:"Deployment", Namespace:"openshift-kube-apiserver-operator", Name:"kube-apiserver-operator", UID:"0f90e131-ac50-4cb2-87c5-ad12ae1902a5", APIVersion:"apps/v1", ResourceVersion:"", FieldPath:""}): type: 'Warning' reason: 'ConfigMissing' apiServerArguments.etcd-servers has less than two live etcd endpoints: []
2026-01-28T09:32:13.096452770Z E0128 09:32:13.096429       1 base_controller.go:279] "Unhandled Error" err="NodeKubeconfigController reconciliation failed: \"secret/node-kubeconfigs\": configmap \"kube-apiserver-server-ca\" not found"
2026-01-28T09:32:13.107856915Z E0128 09:32:13.107816       1 base_controller.go:279] "Unhandled Error" err="RevisionController reconciliation failed: configmap \"kube-apiserver-pod\" not found"
2026-01-28T09:32:13.424061368Z E0128 09:32:13.423995       1 degraded_webhook.go:68] default.machine.machine.openshift.io: dial tcp: lookup machine-api-operator-webhook.openshift-machine-api.svc on 172.30.0.10:53: read udp 10.130.0.25:51134->172.30.0.10:53: read: connection refused
2026-01-28T09:32:13.428213344Z W0128 09:32:13.428185       1 degraded_webhook.go:147] failed to connect to webhook "default.machineset.machine.openshift.io" via service "machine-api-operator-webhook.openshift-machine-api.svc:443": dial tcp: lookup machine-api-operator-webhook.openshift-machine-api.svc on 172.30.0.10:53: read udp 10.130.0.25:40381->172.30.0.10:53: read: connection refused
2026-01-28T09:32:13.462375326Z I0128 09:32:13.462339       1 request.go:752] "Waited before sending request" delay="2.775898567s" reason="client-side throttling, not priority and fairness" verb="PUT" URL="https://172.30.0.1:443/apis/operator.openshift.io/v1/kubeapiservers/cluster/status"
2026-01-28T09:32:13.625091846Z E0128 09:32:13.625052       1 guard_controller.go:310] Missing operand on node ip-10-0-3-203.us-west-1.compute.internal
2026-01-28T09:32:13.625091846Z E0128 09:32:13.625072       1 guard_controller.go:310] Missing operand on node ip-10-0-102-200.us-west-1.compute.internal
2026-01-28T09:32:13.625091846Z E0128 09:32:13.625086       1 guard_controller.go:310] Missing operand on node ip-10-0-108-54.us-west-1.compute.internal
2026-01-28T09:32:13.626571809Z E0128 09:32:13.626538       1 base_controller.go:279] "Unhandled Error" err="GuardController reconciliation failed: [Missing operand on node ip-10-0-102-200.us-west-1.compute.internal, Missing operand on node ip-10-0-108-54.us-west-1.compute.internal, Missing operand on node ip-10-0-3-203.us-west-1.compute.internal]"
2026-01-28T09:32:14.433428446Z W0128 09:32:14.433386       1 degraded_webhook.go:147] failed to connect to webhook "default.machineset.machine.openshift.io" via service "machine-api-operator-webhook.openshift-machine-api.svc:443": dial tcp: lookup machine-api-operator-webhook.openshift-machine-api.svc on 172.30.0.10:53: read udp 10.130.0.25:55423->172.30.0.10:53: read: connection refused
2026-01-28T09:32:14.462564689Z I0128 09:32:14.462529       1 request.go:752] "Waited before sending request" delay="2.783857613s" reason="client-side throttling, not priority and fairness" verb="PUT" URL="https://172.30.0.1:443/apis/operator.openshift.io/v1/kubeapiservers/cluster/status"
2026-01-28T09:32:14.869058764Z I0128 09:32:14.868982       1 event.go:377] Event(v1.ObjectReference{Kind:"Deployment", Namespace:"openshift-kube-apiserver-operator", Name:"kube-apiserver-operator", UID:"0f90e131-ac50-4cb2-87c5-ad12ae1902a5", APIVersion:"apps/v1", ResourceVersion:"", FieldPath:""}): type: 'Warning' reason: 'RequiredInstallerResourcesMissing' configmaps: bound-sa-token-signing-certs-0,config-0,etcd-serving-ca-0,kube-apiserver-audit-policies-0,kube-apiserver-cert-syncer-kubeconfig-0,kube-apiserver-pod-0,kubelet-serving-ca-0,sa-token-signing-certs-0, secrets: etcd-client-0,localhost-recovery-client-token-0,localhost-recovery-serving-certkey-0
2026-01-28T09:32:14.870449033Z E0128 09:32:14.870425       1 base_controller.go:279] "Unhandled Error" err="Installer reconciliation failed: missing required resources: [configmaps: bound-sa-token-signing-certs-0,config-0,etcd-serving-ca-0,kube-apiserver-audit-policies-0,kube-apiserver-cert-syncer-kubeconfig-0,kube-apiserver-pod-0,kubelet-serving-ca-0,sa-token-signing-certs-0, secrets: etcd-client-0,localhost-recovery-client-token-0,localhost-recovery-serving-certkey-0]"
2026-01-28T09:32:15.630434018Z E0128 09:32:15.630166       1 base_controller.go:279] "Unhandled Error" err="TargetConfigController reconciliation failed: apiServerArguments.etcd-servers has less than two live etcd endpoints: []"
2026-01-28T09:32:15.630434018Z I0128 09:32:15.630200       1 event.go:377] Event(v1.ObjectReference{Kind:"Deployment", Namespace:"openshift-kube-apiserver-operator", Name:"kube-apiserver-operator", UID:"0f90e131-ac50-4cb2-87c5-ad12ae1902a5", APIVersion:"apps/v1", ResourceVersion:"", FieldPath:""}): type: 'Warning' reason: 'ConfigMissing' apiServerArguments.etcd-servers has less than two live etcd endpoints: []
2026-01-28T09:32:15.662528078Z I0128 09:32:15.662483       1 request.go:752] "Waited before sending request" delay="2.783965902s" reason="client-side throttling, not priority and fairness" verb="PUT" URL="https://172.30.0.1:443/apis/operator.openshift.io/v1/kubeapiservers/cluster/status"
2026-01-28T09:32:15.876916767Z E0128 09:32:15.876872       1 base_controller.go:279] "Unhandled Error" err="CertRotationController reconciliation failed: KubeAPIServer.operator.openshift.io \"cluster\" is invalid: [status.nodeStatuses[0].currentRevision: Invalid value: \"object\": cannot be unset once set, status.nodeStatuses[1].currentRevision: Invalid value: \"object\": cannot be unset once set, status.nodeStatuses[2].currentRevision: Invalid value: \"object\": cannot be unset once set]"
2026-01-28T09:32:16.078872931Z E0128 09:32:16.078835       1 base_controller.go:279] "Unhandled Error" err="CertRotationController reconciliation failed: KubeAPIServer.operator.openshift.io \"cluster\" is invalid: [status.nodeStatuses[0].currentRevision: Invalid value: \"object\": cannot be unset once set, status.nodeStatuses[1].currentRevision: Invalid value: \"object\": cannot be unset once set, status.nodeStatuses[2].currentRevision: Invalid value: \"object\": cannot be unset once set]"
2026-01-28T09:32:16.276223106Z E0128 09:32:16.276172       1 base_controller.go:279] "Unhandled Error" err="CertRotationController reconciliation failed: KubeAPIServer.operator.openshift.io \"cluster\" is invalid: [status.nodeStatuses[0].currentRevision: Invalid value: \"object\": cannot be unset once set, status.nodeStatuses[1].currentRevision: Invalid value: \"object\": cannot be unset once set, status.nodeStatuses[2].currentRevision: Invalid value: \"object\": cannot be unset once set]"
2026-01-28T09:32:16.438998589Z E0128 09:32:16.438959       1 degraded_webhook.go:68] default.machineset.machine.openshift.io: dial tcp: lookup machine-api-operator-webhook.openshift-machine-api.svc on 172.30.0.10:53: read udp 10.130.0.25:48378->172.30.0.10:53: read: connection refused
2026-01-28T09:32:16.443570236Z W0128 09:32:16.443529       1 degraded_webhook.go:147] failed to connect to webhook "clusterautoscalers.autoscaling.openshift.io" via service "cluster-autoscaler-operator.openshift-machine-api.svc:443": dial tcp: lookup cluster-autoscaler-operator.openshift-machine-api.svc on 172.30.0.10:53: read udp 10.130.0.25:50666->172.30.0.10:53: read: connection refused
2026-01-28T09:32:16.475799172Z E0128 09:32:16.475764       1 base_controller.go:279] "Unhandled Error" err="CertRotationController reconciliation failed: KubeAPIServer.operator.openshift.io \"cluster\" is invalid: [status.nodeStatuses[0].currentRevision: Invalid value: \"object\": cannot be unset once set, status.nodeStatuses[1].currentRevision: Invalid value: \"object\": cannot be unset once set, status.nodeStatuses[2].currentRevision: Invalid value: \"object\": cannot be unset once set]"
2026-01-28T09:32:16.676136786Z E0128 09:32:16.676080       1 base_controller.go:279] "Unhandled Error" err="CertRotationController reconciliation failed: KubeAPIServer.operator.openshift.io \"cluster\" is invalid: [status.nodeStatuses[0].currentRevision: Invalid value: \"object\": cannot be unset once set, status.nodeStatuses[1].currentRevision: Invalid value: \"object\": cannot be unset once set, status.nodeStatuses[2].currentRevision: Invalid value: \"object\": cannot be unset once set]"
2026-01-28T09:32:16.862326129Z I0128 09:32:16.862276       1 request.go:752] "Waited before sending request" delay="2.57822704s" reason="client-side throttling, not priority and fairness" verb="PUT" URL="https://172.30.0.1:443/apis/operator.openshift.io/v1/kubeapiservers/cluster/status"
2026-01-28T09:32:16.875711281Z E0128 09:32:16.875686       1 base_controller.go:279] "Unhandled Error" err="CertRotationController reconciliation failed: KubeAPIServer.operator.openshift.io \"cluster\" is invalid: [status.nodeStatuses[0].currentRevision: Invalid value: \"object\": cannot be unset once set, status.nodeStatuses[1].currentRevision: Invalid value: \"object\": cannot be unset once set, status.nodeStatuses[2].currentRevision: Invalid value: \"object\": cannot be unset once set]"
2026-01-28T09:32:17.073843506Z E0128 09:32:17.073802       1 base_controller.go:279] "Unhandled Error" err="CertRotationController reconciliation failed: KubeAPIServer.operator.openshift.io \"cluster\" is invalid: [status.nodeStatuses[0].currentRevision: Invalid value: \"object\": cannot be unset once set, status.nodeStatuses[1].currentRevision: Invalid value: \"object\": cannot be unset once set, status.nodeStatuses[2].currentRevision: Invalid value: \"object\": cannot be unset once set]"
2026-01-28T09:32:17.274468993Z E0128 09:32:17.274402       1 base_controller.go:279] "Unhandled Error" err="CertRotationController reconciliation failed: KubeAPIServer.operator.openshift.io \"cluster\" is invalid: [status.nodeStatuses[0].currentRevision: Invalid value: \"object\": cannot be unset once set, status.nodeStatuses[1].currentRevision: Invalid value: \"object\": cannot be unset once set, status.nodeStatuses[2].currentRevision: Invalid value: \"object\": cannot be unset once set]"
2026-01-28T09:32:17.449625540Z W0128 09:32:17.449566       1 degraded_webhook.go:147] failed to connect to webhook "clusterautoscalers.autoscaling.openshift.io" via service "cluster-autoscaler-operator.openshift-machine-api.svc:443": dial tcp: lookup cluster-autoscaler-operator.openshift-machine-api.svc on 172.30.0.10:53: read udp 10.130.0.25:58771->172.30.0.10:53: read: connection refused
2026-01-28T09:32:17.468827631Z I0128 09:32:17.468760       1 event.go:377] Event(v1.ObjectReference{Kind:"Deployment", Namespace:"openshift-kube-apiserver-operator", Name:"kube-apiserver-operator", UID:"0f90e131-ac50-4cb2-87c5-ad12ae1902a5", APIVersion:"apps/v1", ResourceVersion:"", FieldPath:""}): type: 'Warning' reason: 'RequiredInstallerResourcesMissing' configmaps: bound-sa-token-signing-certs-0,config-0,etcd-serving-ca-0,kube-apiserver-audit-policies-0,kube-apiserver-cert-syncer-kubeconfig-0,kube-apiserver-pod-0,kubelet-serving-ca-0,sa-token-signing-certs-0, secrets: etcd-client-0,localhost-recovery-client-token-0,localhost-recovery-serving-certkey-0
2026-01-28T09:32:17.470177098Z E0128 09:32:17.470149       1 base_controller.go:279] "Unhandled Error" err="Installer reconciliation failed: missing required resources: [configmaps: bound-sa-token-signing-certs-0,config-0,etcd-serving-ca-0,kube-apiserver-audit-policies-0,kube-apiserver-cert-syncer-kubeconfig-0,kube-apiserver-pod-0,kubelet-serving-ca-0,sa-token-signing-certs-0, secrets: etcd-client-0,localhost-recovery-client-token-0,localhost-recovery-serving-certkey-0]"
2026-01-28T09:32:17.675491337Z E0128 09:32:17.675451       1 base_controller.go:279] "Unhandled Error" err="CertRotationController reconciliation failed: KubeAPIServer.operator.openshift.io \"cluster\" is invalid: [status.nodeStatuses[0].currentRevision: Invalid value: \"object\": cannot be unset once set, status.nodeStatuses[1].currentRevision: Invalid value: \"object\": cannot be unset once set, status.nodeStatuses[2].currentRevision: Invalid value: \"object\": cannot be unset once set]"
2026-01-28T09:32:17.862500331Z I0128 09:32:17.862437       1 request.go:752] "Waited before sending request" delay="2.577291603s" reason="client-side throttling, not priority and fairness" verb="PUT" URL="https://172.30.0.1:443/apis/operator.openshift.io/v1/kubeapiservers/cluster/status"
2026-01-28T09:32:17.896991459Z E0128 09:32:17.896944       1 base_controller.go:279] "Unhandled Error" err="CertRotationController reconciliation failed: KubeAPIServer.operator.openshift.io \"cluster\" is invalid: [status.nodeStatuses[0].currentRevision: Invalid value: \"object\": cannot be unset once set, status.nodeStatuses[1].currentRevision: Invalid value: \"object\": cannot be unset once set, status.nodeStatuses[2].currentRevision: Invalid value: \"object\": cannot be unset once set]"
2026-01-28T09:32:18.073971966Z E0128 09:32:18.073930       1 base_controller.go:279] "Unhandled Error" err="CertRotationController reconciliation failed: KubeAPIServer.operator.openshift.io \"cluster\" is invalid: [status.nodeStatuses[0].currentRevision: Invalid value: \"object\": cannot be unset once set, status.nodeStatuses[1].currentRevision: Invalid value: \"object\": cannot be unset once set, status.nodeStatuses[2].currentRevision: Invalid value: \"object\": cannot be unset once set]"
2026-01-28T09:32:18.277400872Z E0128 09:32:18.277346       1 base_controller.go:279] "Unhandled Error" err="CertRotationController reconciliation failed: KubeAPIServer.operator.openshift.io \"cluster\" is invalid: [status.nodeStatuses[0].currentRevision: Invalid value: \"object\": cannot be unset once set, status.nodeStatuses[1].currentRevision: Invalid value: \"object\": cannot be unset once set, status.nodeStatuses[2].currentRevision: Invalid value: \"object\": cannot be unset once set]"
2026-01-28T09:32:18.475330537Z E0128 09:32:18.475276       1 base_controller.go:279] "Unhandled Error" err="CertRotationController reconciliation failed: KubeAPIServer.operator.openshift.io \"cluster\" is invalid: [status.nodeStatuses[0].currentRevision: Invalid value: \"object\": cannot be unset once set, status.nodeStatuses[1].currentRevision: Invalid value: \"object\": cannot be unset once set, status.nodeStatuses[2].currentRevision: Invalid value: \"object\": cannot be unset once set]"
2026-01-28T09:32:18.678758953Z E0128 09:32:18.678690       1 base_controller.go:279] "Unhandled Error" err="CertRotationController reconciliation failed: KubeAPIServer.operator.openshift.io \"cluster\" is invalid: [status.nodeStatuses[0].currentRevision: Invalid value: \"object\": cannot be unset once set, status.nodeStatuses[1].currentRevision: Invalid value: \"object\": cannot be unset once set, status.nodeStatuses[2].currentRevision: Invalid value: \"object\": cannot be unset once set]"
2026-01-28T09:32:18.876956291Z E0128 09:32:18.876915       1 base_controller.go:279] "Unhandled Error" err="CertRotationController reconciliation failed: KubeAPIServer.operator.openshift.io \"cluster\" is invalid: [status.nodeStatuses[0].currentRevision: Invalid value: \"object\": cannot be unset once set, status.nodeStatuses[1].currentRevision: Invalid value: \"object\": cannot be unset once set, status.nodeStatuses[2].currentRevision: Invalid value: \"object\": cannot be unset once set]"
2026-01-28T09:32:19.062601706Z I0128 09:32:19.062554       1 request.go:752] "Waited before sending request" delay="2.583664219s" reason="client-side throttling, not priority and fairness" verb="PUT" URL="https://172.30.0.1:443/apis/operator.openshift.io/v1/kubeapiservers/cluster/status"
2026-01-28T09:32:19.075546218Z E0128 09:32:19.075489       1 base_controller.go:279] "Unhandled Error" err="CertRotationController reconciliation failed: KubeAPIServer.operator.openshift.io \"cluster\" is invalid: [status.nodeStatuses[0].currentRevision: Invalid value: \"object\": cannot be unset once set, status.nodeStatuses[1].currentRevision: Invalid value: \"object\": cannot be unset once set, status.nodeStatuses[2].currentRevision: Invalid value: \"object\": cannot be unset once set]"
2026-01-28T09:32:19.276374155Z E0128 09:32:19.276336       1 base_controller.go:279] "Unhandled Error" err="CertRotationController reconciliation failed: KubeAPIServer.operator.openshift.io \"cluster\" is invalid: [status.nodeStatuses[0].currentRevision: Invalid value: \"object\": cannot be unset once set, status.nodeStatuses[1].currentRevision: Invalid value: \"object\": cannot be unset once set, status.nodeStatuses[2].currentRevision: Invalid value: \"object\": cannot be unset once set]"
2026-01-28T09:32:19.468280341Z W0128 09:32:19.468237       1 degraded_webhook.go:147] failed to connect to webhook "validation.machine.machine.openshift.io" via service "machine-api-operator-webhook.openshift-machine-api.svc:443": dial tcp 172.30.129.182:443: connect: connection refused
2026-01-28T09:32:19.475777392Z E0128 09:32:19.475753       1 base_controller.go:279] "Unhandled Error" err="CertRotationController reconciliation failed: KubeAPIServer.operator.openshift.io \"cluster\" is invalid: [status.nodeStatuses[0].currentRevision: Invalid value: \"object\": cannot be unset once set, status.nodeStatuses[1].currentRevision: Invalid value: \"object\": cannot be unset once set, status.nodeStatuses[2].currentRevision: Invalid value: \"object\": cannot be unset once set]"
2026-01-28T09:32:19.673559749Z E0128 09:32:19.673475       1 base_controller.go:279] "Unhandled Error" err="CertRotationController reconciliation failed: KubeAPIServer.operator.openshift.io \"cluster\" is invalid: [status.nodeStatuses[0].currentRevision: Invalid value: \"object\": cannot be unset once set, status.nodeStatuses[1].currentRevision: Invalid value: \"object\": cannot be unset once set, status.nodeStatuses[2].currentRevision: Invalid value: \"object\": cannot be unset once set]"
2026-01-28T09:32:19.876361135Z E0128 09:32:19.876324       1 base_controller.go:279] "Unhandled Error" err="CertRotationController reconciliation failed: KubeAPIServer.operator.openshift.io \"cluster\" is invalid: [status.nodeStatuses[0].currentRevision: Invalid value: \"object\": cannot be unset once set, status.nodeStatuses[1].currentRevision: Invalid value: \"object\": cannot be unset once set, status.nodeStatuses[2].currentRevision: Invalid value: \"object\": cannot be unset once set]"
2026-01-28T09:32:20.068923203Z I0128 09:32:20.068877       1 event.go:377] Event(v1.ObjectReference{Kind:"Deployment", Namespace:"openshift-kube-apiserver-operator", Name:"kube-apiserver-operator", UID:"0f90e131-ac50-4cb2-87c5-ad12ae1902a5", APIVersion:"apps/v1", ResourceVersion:"", FieldPath:""}): type: 'Warning' reason: 'RequiredInstallerResourcesMissing' configmaps: bound-sa-token-signing-certs-0,config-0,etcd-serving-ca-0,kube-apiserver-audit-policies-0,kube-apiserver-cert-syncer-kubeconfig-0,kube-apiserver-pod-0,kubelet-serving-ca-0,sa-token-signing-certs-0, secrets: etcd-client-0,localhost-recovery-client-token-0,localhost-recovery-serving-certkey-0
2026-01-28T09:32:20.070644858Z E0128 09:32:20.070615       1 base_controller.go:279] "Unhandled Error" err="Installer reconciliation failed: missing required resources: [configmaps: bound-sa-token-signing-certs-0,config-0,etcd-serving-ca-0,kube-apiserver-audit-policies-0,kube-apiserver-cert-syncer-kubeconfig-0,kube-apiserver-pod-0,kubelet-serving-ca-0,sa-token-signing-certs-0, secrets: etcd-client-0,localhost-recovery-client-token-0,localhost-recovery-serving-certkey-0]"
2026-01-28T09:32:20.262674881Z I0128 09:32:20.262629       1 request.go:752] "Waited before sending request" delay="2.544509789s" reason="client-side throttling, not priority and fairness" verb="PUT" URL="https://172.30.0.1:443/apis/operator.openshift.io/v1/kubeapiservers/cluster/status"
2026-01-28T09:32:20.276659683Z E0128 09:32:20.276621       1 base_controller.go:279] "Unhandled Error" err="CertRotationController reconciliation failed: KubeAPIServer.operator.openshift.io \"cluster\" is invalid: [status.nodeStatuses[0].currentRevision: Invalid value: \"object\": cannot be unset once set, status.nodeStatuses[1].currentRevision: Invalid value: \"object\": cannot be unset once set, status.nodeStatuses[2].currentRevision: Invalid value: \"object\": cannot be unset once set]"
2026-01-28T09:32:20.471652622Z W0128 09:32:20.471603       1 degraded_webhook.go:147] failed to connect to webhook "validation.machine.machine.openshift.io" via service "machine-api-operator-webhook.openshift-machine-api.svc:443": dial tcp 172.30.129.182:443: connect: connection refused
2026-01-28T09:32:20.476419038Z E0128 09:32:20.476387       1 base_controller.go:279] "Unhandled Error" err="CertRotationController reconciliation failed: KubeAPIServer.operator.openshift.io \"cluster\" is invalid: [status.nodeStatuses[0].currentRevision: Invalid value: \"object\": cannot be unset once set, status.nodeStatuses[1].currentRevision: Invalid value: \"object\": cannot be unset once set, status.nodeStatuses[2].currentRevision: Invalid value: \"object\": cannot be unset once set]"
2026-01-28T09:32:20.676561772Z E0128 09:32:20.676522       1 base_controller.go:279] "Unhandled Error" err="CertRotationController reconciliation failed: KubeAPIServer.operator.openshift.io \"cluster\" is invalid: [status.nodeStatuses[0].currentRevision: Invalid value: \"object\": cannot be unset once set, status.nodeStatuses[1].currentRevision: Invalid value: \"object\": cannot be unset once set, status.nodeStatuses[2].currentRevision: Invalid value: \"object\": cannot be unset once set]"
2026-01-28T09:32:20.889493219Z E0128 09:32:20.889445       1 base_controller.go:279] "Unhandled Error" err="CertRotationController reconciliation failed: KubeAPIServer.operator.openshift.io \"cluster\" is invalid: [status.nodeStatuses[0].currentRevision: Invalid value: \"object\": cannot be unset once set, status.nodeStatuses[1].currentRevision: Invalid value: \"object\": cannot be unset once set, status.nodeStatuses[2].currentRevision: Invalid value: \"object\": cannot be unset once set]"
2026-01-28T09:32:21.075141085Z E0128 09:32:21.075087       1 base_controller.go:279] "Unhandled Error" err="CertRotationController reconciliation failed: KubeAPIServer.operator.openshift.io \"cluster\" is invalid: [status.nodeStatuses[0].currentRevision: Invalid value: \"object\": cannot be unset once set, status.nodeStatuses[1].currentRevision: Invalid value: \"object\": cannot be unset once set, status.nodeStatuses[2].currentRevision: Invalid value: \"object\": cannot be unset once set]"
2026-01-28T09:32:21.279587532Z E0128 09:32:21.279511       1 base_controller.go:279] "Unhandled Error" err="CertRotationController reconciliation failed: KubeAPIServer.operator.openshift.io \"cluster\" is invalid: [status.nodeStatuses[0].currentRevision: Invalid value: \"object\": cannot be unset once set, status.nodeStatuses[1].currentRevision: Invalid value: \"object\": cannot be unset once set, status.nodeStatuses[2].currentRevision: Invalid value: \"object\": cannot be unset once set]"
2026-01-28T09:32:21.462274751Z I0128 09:32:21.462233       1 request.go:752] "Waited before sending request" delay="2.582873789s" reason="client-side throttling, not priority and fairness" verb="PUT" URL="https://172.30.0.1:443/apis/operator.openshift.io/v1/kubeapiservers/cluster/status"
2026-01-28T09:32:21.474929798Z E0128 09:32:21.474877       1 base_controller.go:279] "Unhandled Error" err="CertRotationController reconciliation failed: KubeAPIServer.operator.openshift.io \"cluster\" is invalid: [status.nodeStatuses[0].currentRevision: Invalid value: \"object\": cannot be unset once set, status.nodeStatuses[1].currentRevision: Invalid value: \"object\": cannot be unset once set, status.nodeStatuses[2].currentRevision: Invalid value: \"object\": cannot be unset once set]"
2026-01-28T09:32:21.676168466Z E0128 09:32:21.676128       1 base_controller.go:279] "Unhandled Error" err="CertRotationController reconciliation failed: KubeAPIServer.operator.openshift.io \"cluster\" is invalid: [status.nodeStatuses[0].currentRevision: Invalid value: \"object\": cannot be unset once set, status.nodeStatuses[1].currentRevision: Invalid value: \"object\": cannot be unset once set, status.nodeStatuses[2].currentRevision: Invalid value: \"object\": cannot be unset once set]"
2026-01-28T09:32:21.875908510Z E0128 09:32:21.875860       1 base_controller.go:279] "Unhandled Error" err="CertRotationController reconciliation failed: KubeAPIServer.operator.openshift.io \"cluster\" is invalid: [status.nodeStatuses[0].currentRevision: Invalid value: \"object\": cannot be unset once set, status.nodeStatuses[1].currentRevision: Invalid value: \"object\": cannot be unset once set, status.nodeStatuses[2].currentRevision: Invalid value: \"object\": cannot be unset once set]"
2026-01-28T09:32:22.074214963Z E0128 09:32:22.074171       1 base_controller.go:279] "Unhandled Error" err="CertRotationController reconciliation failed: KubeAPIServer.operator.openshift.io \"cluster\" is invalid: [status.nodeStatuses[0].currentRevision: Invalid value: \"object\": cannot be unset once set, status.nodeStatuses[1].currentRevision: Invalid value: \"object\": cannot be unset once set, status.nodeStatuses[2].currentRevision: Invalid value: \"object\": cannot be unset once set]"
2026-01-28T09:32:22.276580877Z E0128 09:32:22.276540       1 base_controller.go:279] "Unhandled Error" err="CertRotationController reconciliation failed: KubeAPIServer.operator.openshift.io \"cluster\" is invalid: [status.nodeStatuses[0].currentRevision: Invalid value: \"object\": cannot be unset once set, status.nodeStatuses[1].currentRevision: Invalid value: \"object\": cannot be unset once set, status.nodeStatuses[2].currentRevision: Invalid value: \"object\": cannot be unset once set]"
2026-01-28T09:32:22.473968484Z E0128 09:32:22.473921       1 base_controller.go:279] "Unhandled Error" err="CertRotationController reconciliation failed: KubeAPIServer.operator.openshift.io \"cluster\" is invalid: [status.nodeStatuses[0].currentRevision: Invalid value: \"object\": cannot be unset once set, status.nodeStatuses[1].currentRevision: Invalid value: \"object\": cannot be unset once set, status.nodeStatuses[2].currentRevision: Invalid value: \"object\": cannot be unset once set]"
2026-01-28T09:32:22.474510251Z E0128 09:32:22.474486       1 degraded_webhook.go:68] validation.machine.machine.openshift.io: dial tcp 172.30.129.182:443: connect: connection refused
2026-01-28T09:32:22.476188864Z W0128 09:32:22.476161       1 degraded_webhook.go:147] failed to connect to webhook "validation.machineset.machine.openshift.io" via service "machine-api-operator-webhook.openshift-machine-api.svc:443": dial tcp 172.30.129.182:443: connect: connection refused
2026-01-28T09:32:22.662571266Z I0128 09:32:22.662517       1 request.go:752] "Waited before sending request" delay="2.570019223s" reason="client-side throttling, not priority and fairness" verb="GET" URL="https://172.30.0.1:443/apis/operator.openshift.io/v1/kubeapiservers/cluster"
2026-01-28T09:32:22.668328502Z I0128 09:32:22.668289       1 event.go:377] Event(v1.ObjectReference{Kind:"Deployment", Namespace:"openshift-kube-apiserver-operator", Name:"kube-apiserver-operator", UID:"0f90e131-ac50-4cb2-87c5-ad12ae1902a5", APIVersion:"apps/v1", ResourceVersion:"", FieldPath:""}): type: 'Warning' reason: 'RequiredInstallerResourcesMissing' configmaps: bound-sa-token-signing-certs-0,config-0,etcd-serving-ca-0,kube-apiserver-audit-policies-0,kube-apiserver-cert-syncer-kubeconfig-0,kube-apiserver-pod-0,kubelet-serving-ca-0,sa-token-signing-certs-0, secrets: etcd-client-0,localhost-recovery-client-token-0,localhost-recovery-serving-certkey-0
2026-01-28T09:32:22.669453298Z E0128 09:32:22.669428       1 base_controller.go:279] "Unhandled Error" err="Installer reconciliation failed: missing required resources: [configmaps: bound-sa-token-signing-certs-0,config-0,etcd-serving-ca-0,kube-apiserver-audit-policies-0,kube-apiserver-cert-syncer-kubeconfig-0,kube-apiserver-pod-0,kubelet-serving-ca-0,sa-token-signing-certs-0, secrets: etcd-client-0,localhost-recovery-client-token-0,localhost-recovery-serving-certkey-0]"
2026-01-28T09:32:22.805728638Z E0128 09:32:22.805688       1 guard_controller.go:310] Missing operand on node ip-10-0-102-200.us-west-1.compute.internal
2026-01-28T09:32:22.805788841Z E0128 09:32:22.805774       1 guard_controller.go:310] Missing operand on node ip-10-0-108-54.us-west-1.compute.internal
2026-01-28T09:32:22.805829633Z E0128 09:32:22.805817       1 guard_controller.go:310] Missing operand on node ip-10-0-3-203.us-west-1.compute.internal
2026-01-28T09:32:22.807839812Z E0128 09:32:22.807786       1 base_controller.go:279] "Unhandled Error" err="GuardController reconciliation failed: [Missing operand on node ip-10-0-102-200.us-west-1.compute.internal, Missing operand on node ip-10-0-108-54.us-west-1.compute.internal, Missing operand on node ip-10-0-3-203.us-west-1.compute.internal]"
2026-01-28T09:32:22.875427230Z E0128 09:32:22.875363       1 base_controller.go:279] "Unhandled Error" err="CertRotationController reconciliation failed: KubeAPIServer.operator.openshift.io \"cluster\" is invalid: [status.nodeStatuses[0].currentRevision: Invalid value: \"object\": cannot be unset once set, status.nodeStatuses[1].currentRevision: Invalid value: \"object\": cannot be unset once set, status.nodeStatuses[2].currentRevision: Invalid value: \"object\": cannot be unset once set]"
2026-01-28T09:32:23.073606577Z E0128 09:32:23.073564       1 base_controller.go:279] "Unhandled Error" err="CertRotationController reconciliation failed: KubeAPIServer.operator.openshift.io \"cluster\" is invalid: [status.nodeStatuses[0].currentRevision: Invalid value: \"object\": cannot be unset once set, status.nodeStatuses[1].currentRevision: Invalid value: \"object\": cannot be unset once set, status.nodeStatuses[2].currentRevision: Invalid value: \"object\": cannot be unset once set]"
2026-01-28T09:32:23.274264246Z E0128 09:32:23.274212       1 base_controller.go:279] "Unhandled Error" err="CertRotationController reconciliation failed: KubeAPIServer.operator.openshift.io \"cluster\" is invalid: [status.nodeStatuses[0].currentRevision: Invalid value: \"object\": cannot be unset once set, status.nodeStatuses[1].currentRevision: Invalid value: \"object\": cannot be unset once set, status.nodeStatuses[2].currentRevision: Invalid value: \"object\": cannot be unset once set]"
2026-01-28T09:32:23.474358417Z E0128 09:32:23.474318       1 base_controller.go:279] "Unhandled Error" err="CertRotationController reconciliation failed: KubeAPIServer.operator.openshift.io \"cluster\" is invalid: [status.nodeStatuses[0].currentRevision: Invalid value: \"object\": cannot be unset once set, status.nodeStatuses[1].currentRevision: Invalid value: \"object\": cannot be unset once set, status.nodeStatuses[2].currentRevision: Invalid value: \"object\": cannot be unset once set]"
2026-01-28T09:32:23.478519103Z W0128 09:32:23.478484       1 degraded_webhook.go:147] failed to connect to webhook "validation.machineset.machine.openshift.io" via service "machine-api-operator-webhook.openshift-machine-api.svc:443": dial tcp 172.30.129.182:443: connect: connection refused
2026-01-28T09:32:23.662657075Z I0128 09:32:23.662606       1 request.go:752] "Waited before sending request" delay="2.585111971s" reason="client-side throttling, not priority and fairness" verb="PUT" URL="https://172.30.0.1:443/apis/operator.openshift.io/v1/kubeapiservers/cluster/status"
2026-01-28T09:32:23.676867688Z E0128 09:32:23.676829       1 base_controller.go:279] "Unhandled Error" err="CertRotationController reconciliation failed: KubeAPIServer.operator.openshift.io \"cluster\" is invalid: [status.nodeStatuses[0].currentRevision: Invalid value: \"object\": cannot be unset once set, status.nodeStatuses[1].currentRevision: Invalid value: \"object\": cannot be unset once set, status.nodeStatuses[2].currentRevision: Invalid value: \"object\": cannot be unset once set]"
2026-01-28T09:32:23.748162350Z I0128 09:32:23.747913       1 connectivity_check_controller.go:172] ConnectivityCheckController is waiting for transition to desired version (4.20.0-0-2026-01-28-090915-test-ci-ln-vjb5l1t-latest) to be completed.
2026-01-28T09:32:23.748460515Z I0128 09:32:23.748430       1 connectivity_check_controller.go:172] ConnectivityCheckController is waiting for transition to desired version (4.20.0-0-2026-01-28-090915-test-ci-ln-vjb5l1t-latest) to be completed.
2026-01-28T09:32:23.884358916Z E0128 09:32:23.884275       1 base_controller.go:279] "Unhandled Error" err="CertRotationController reconciliation failed: KubeAPIServer.operator.openshift.io \"cluster\" is invalid: [status.nodeStatuses[0].currentRevision: Invalid value: \"object\": cannot be unset once set, status.nodeStatuses[1].currentRevision: Invalid value: \"object\": cannot be unset once set, status.nodeStatuses[2].currentRevision: Invalid value: \"object\": cannot be unset once set]"
2026-01-28T09:32:24.021860857Z E0128 09:32:24.021817       1 guard_controller.go:310] Missing operand on node ip-10-0-102-200.us-west-1.compute.internal
2026-01-28T09:32:24.021860857Z E0128 09:32:24.021847       1 guard_controller.go:310] Missing operand on node ip-10-0-108-54.us-west-1.compute.internal
2026-01-28T09:32:24.021889909Z E0128 09:32:24.021857       1 guard_controller.go:310] Missing operand on node ip-10-0-3-203.us-west-1.compute.internal
2026-01-28T09:32:24.023907959Z E0128 09:32:24.023702       1 base_controller.go:279] "Unhandled Error" err="GuardController reconciliation failed: [Missing operand on node ip-10-0-102-200.us-west-1.compute.internal, Missing operand on node ip-10-0-108-54.us-west-1.compute.internal, Missing operand on node ip-10-0-3-203.us-west-1.compute.internal]"
2026-01-28T09:32:24.073695085Z E0128 09:32:24.073651       1 base_controller.go:279] "Unhandled Error" err="CertRotationController reconciliation failed: KubeAPIServer.operator.openshift.io \"cluster\" is invalid: [status.nodeStatuses[0].currentRevision: Invalid value: \"object\": cannot be unset once set, status.nodeStatuses[1].currentRevision: Invalid value: \"object\": cannot be unset once set, status.nodeStatuses[2].currentRevision: Invalid value: \"object\": cannot be unset once set]"
2026-01-28T09:32:24.123065790Z E0128 09:32:24.122983       1 guard_controller.go:310] Missing operand on node ip-10-0-102-200.us-west-1.compute.internal
2026-01-28T09:32:24.123065790Z E0128 09:32:24.123014       1 guard_controller.go:310] Missing operand on node ip-10-0-108-54.us-west-1.compute.internal
2026-01-28T09:32:24.126275599Z E0128 09:32:24.126165       1 guard_controller.go:310] Missing operand on node ip-10-0-3-203.us-west-1.compute.internal
2026-01-28T09:32:24.128243897Z E0128 09:32:24.128215       1 base_controller.go:279] "Unhandled Error" err="GuardController reconciliation failed: [Missing operand on node ip-10-0-102-200.us-west-1.compute.internal, Missing operand on node ip-10-0-108-54.us-west-1.compute.internal, Missing operand on node ip-10-0-3-203.us-west-1.compute.internal]"
2026-01-28T09:32:24.130486418Z E0128 09:32:24.130447       1 guard_controller.go:310] Missing operand on node ip-10-0-102-200.us-west-1.compute.internal
2026-01-28T09:32:24.130486418Z E0128 09:32:24.130473       1 guard_controller.go:310] Missing operand on node ip-10-0-108-54.us-west-1.compute.internal
2026-01-28T09:32:24.130486418Z E0128 09:32:24.130483       1 guard_controller.go:310] Missing operand on node ip-10-0-3-203.us-west-1.compute.internal
2026-01-28T09:32:24.132194493Z E0128 09:32:24.132153       1 base_controller.go:279] "Unhandled Error" err="GuardController reconciliation failed: [Missing operand on node ip-10-0-102-200.us-west-1.compute.internal, Missing operand on node ip-10-0-108-54.us-west-1.compute.internal, Missing operand on node ip-10-0-3-203.us-west-1.compute.internal]"
2026-01-28T09:32:24.293260891Z E0128 09:32:24.293213       1 base_controller.go:279] "Unhandled Error" err="CertRotationController reconciliation failed: KubeAPIServer.operator.openshift.io \"cluster\" is invalid: [status.nodeStatuses[0].currentRevision: Invalid value: \"object\": cannot be unset once set, status.nodeStatuses[1].currentRevision: Invalid value: \"object\": cannot be unset once set, status.nodeStatuses[2].currentRevision: Invalid value: \"object\": cannot be unset once set]"
2026-01-28T09:32:24.505062342Z E0128 09:32:24.503214       1 guard_controller.go:310] Missing operand on node ip-10-0-102-200.us-west-1.compute.internal
2026-01-28T09:32:24.505062342Z E0128 09:32:24.503256       1 guard_controller.go:310] Missing operand on node ip-10-0-108-54.us-west-1.compute.internal
2026-01-28T09:32:24.505062342Z E0128 09:32:24.503264       1 guard_controller.go:310] Missing operand on node ip-10-0-3-203.us-west-1.compute.internal
2026-01-28T09:32:24.506053241Z E0128 09:32:24.505636       1 base_controller.go:279] "Unhandled Error" err="GuardController reconciliation failed: [Missing operand on node ip-10-0-102-200.us-west-1.compute.internal, Missing operand on node ip-10-0-108-54.us-west-1.compute.internal, Missing operand on node ip-10-0-3-203.us-west-1.compute.internal]"
2026-01-28T09:32:24.506053241Z E0128 09:32:24.505871       1 base_controller.go:279] "Unhandled Error" err="CertRotationController reconciliation failed: KubeAPIServer.operator.openshift.io \"cluster\" is invalid: [status.nodeStatuses[0].currentRevision: Invalid value: \"object\": cannot be unset once set, status.nodeStatuses[1].currentRevision: Invalid value: \"object\": cannot be unset once set, status.nodeStatuses[2].currentRevision: Invalid value: \"object\": cannot be unset once set]"
2026-01-28T09:32:24.529643700Z E0128 09:32:24.527996       1 guard_controller.go:310] Missing operand on node ip-10-0-102-200.us-west-1.compute.internal
2026-01-28T09:32:24.529643700Z E0128 09:32:24.528035       1 guard_controller.go:310] Missing operand on node ip-10-0-108-54.us-west-1.compute.internal
2026-01-28T09:32:24.529643700Z E0128 09:32:24.528074       1 guard_controller.go:310] Missing operand on node ip-10-0-3-203.us-west-1.compute.internal
2026-01-28T09:32:24.540577071Z E0128 09:32:24.538545       1 base_controller.go:279] "Unhandled Error" err="GuardController reconciliation failed: [Missing operand on node ip-10-0-102-200.us-west-1.compute.internal, Missing operand on node ip-10-0-108-54.us-west-1.compute.internal, Missing operand on node ip-10-0-3-203.us-west-1.compute.internal]"
2026-01-28T09:32:24.578793244Z E0128 09:32:24.574642       1 guard_controller.go:310] Missing operand on node ip-10-0-102-200.us-west-1.compute.internal
2026-01-28T09:32:24.578793244Z E0128 09:32:24.574669       1 guard_controller.go:310] Missing operand on node ip-10-0-108-54.us-west-1.compute.internal
2026-01-28T09:32:24.578793244Z E0128 09:32:24.574678       1 guard_controller.go:310] Missing operand on node ip-10-0-3-203.us-west-1.compute.internal
2026-01-28T09:32:24.579367723Z E0128 09:32:24.578886       1 base_controller.go:279] "Unhandled Error" err="GuardController reconciliation failed: [Missing operand on node ip-10-0-102-200.us-west-1.compute.internal, Missing operand on node ip-10-0-108-54.us-west-1.compute.internal, Missing operand on node ip-10-0-3-203.us-west-1.compute.internal]"
2026-01-28T09:32:24.584933398Z E0128 09:32:24.584578       1 guard_controller.go:310] Missing operand on node ip-10-0-102-200.us-west-1.compute.internal
2026-01-28T09:32:24.584933398Z E0128 09:32:24.584600       1 guard_controller.go:310] Missing operand on node ip-10-0-108-54.us-west-1.compute.internal
2026-01-28T09:32:24.584933398Z E0128 09:32:24.584611       1 guard_controller.go:310] Missing operand on node ip-10-0-3-203.us-west-1.compute.internal
2026-01-28T09:32:24.595770775Z E0128 09:32:24.594833       1 base_controller.go:279] "Unhandled Error" err="GuardController reconciliation failed: [Missing operand on node ip-10-0-102-200.us-west-1.compute.internal, Missing operand on node ip-10-0-108-54.us-west-1.compute.internal, Missing operand on node ip-10-0-3-203.us-west-1.compute.internal]"
2026-01-28T09:32:24.673727006Z E0128 09:32:24.673656       1 base_controller.go:279] "Unhandled Error" err="CertRotationController reconciliation failed: KubeAPIServer.operator.openshift.io \"cluster\" is invalid: [status.nodeStatuses[0].currentRevision: Invalid value: \"object\": cannot be unset once set, status.nodeStatuses[1].currentRevision: Invalid value: \"object\": cannot be unset once set, status.nodeStatuses[2].currentRevision: Invalid value: \"object\": cannot be unset once set]"
2026-01-28T09:32:24.694686425Z E0128 09:32:24.693285       1 guard_controller.go:310] Missing operand on node ip-10-0-102-200.us-west-1.compute.internal
2026-01-28T09:32:24.694686425Z E0128 09:32:24.693323       1 guard_controller.go:310] Missing operand on node ip-10-0-108-54.us-west-1.compute.internal
2026-01-28T09:32:24.694686425Z E0128 09:32:24.693329       1 guard_controller.go:310] Missing operand on node ip-10-0-3-203.us-west-1.compute.internal
2026-01-28T09:32:24.695510516Z E0128 09:32:24.695201       1 base_controller.go:279] "Unhandled Error" err="GuardController reconciliation failed: [Missing operand on node ip-10-0-102-200.us-west-1.compute.internal, Missing operand on node ip-10-0-108-54.us-west-1.compute.internal, Missing operand on node ip-10-0-3-203.us-west-1.compute.internal]"
2026-01-28T09:32:24.710068037Z E0128 09:32:24.708680       1 guard_controller.go:310] Missing operand on node ip-10-0-102-200.us-west-1.compute.internal
2026-01-28T09:32:24.710068037Z E0128 09:32:24.708711       1 guard_controller.go:310] Missing operand on node ip-10-0-108-54.us-west-1.compute.internal
2026-01-28T09:32:24.710068037Z E0128 09:32:24.708717       1 guard_controller.go:310] Missing operand on node ip-10-0-3-203.us-west-1.compute.internal
2026-01-28T09:32:24.710856276Z E0128 09:32:24.710407       1 base_controller.go:279] "Unhandled Error" err="GuardController reconciliation failed: [Missing operand on node ip-10-0-102-200.us-west-1.compute.internal, Missing operand on node ip-10-0-108-54.us-west-1.compute.internal, Missing operand on node ip-10-0-3-203.us-west-1.compute.internal]"
2026-01-28T09:32:24.861953870Z I0128 09:32:24.861872       1 request.go:752] "Waited before sending request" delay="2.582716292s" reason="client-side throttling, not priority and fairness" verb="PUT" URL="https://172.30.0.1:443/apis/operator.openshift.io/v1/kubeapiservers/cluster/status"
2026-01-28T09:32:24.874477201Z E0128 09:32:24.874395       1 base_controller.go:279] "Unhandled Error" err="CertRotationController reconciliation failed: KubeAPIServer.operator.openshift.io \"cluster\" is invalid: [status.nodeStatuses[0].currentRevision: Invalid value: \"object\": cannot be unset once set, status.nodeStatuses[1].currentRevision: Invalid value: \"object\": cannot be unset once set, status.nodeStatuses[2].currentRevision: Invalid value: \"object\": cannot be unset once set]"
2026-01-28T09:32:25.076090307Z E0128 09:32:25.075956       1 base_controller.go:279] "Unhandled Error" err="CertRotationController reconciliation failed: KubeAPIServer.operator.openshift.io \"cluster\" is invalid: [status.nodeStatuses[0].currentRevision: Invalid value: \"object\": cannot be unset once set, status.nodeStatuses[1].currentRevision: Invalid value: \"object\": cannot be unset once set, status.nodeStatuses[2].currentRevision: Invalid value: \"object\": cannot be unset once set]"
2026-01-28T09:32:25.238844929Z E0128 09:32:25.235986       1 guard_controller.go:310] Missing operand on node ip-10-0-102-200.us-west-1.compute.internal
2026-01-28T09:32:25.238844929Z E0128 09:32:25.236012       1 guard_controller.go:310] Missing operand on node ip-10-0-108-54.us-west-1.compute.internal
2026-01-28T09:32:25.238844929Z E0128 09:32:25.236037       1 guard_controller.go:310] Missing operand on node ip-10-0-3-203.us-west-1.compute.internal
2026-01-28T09:32:25.245065057Z E0128 09:32:25.242155       1 base_controller.go:279] "Unhandled Error" err="GuardController reconciliation failed: [Missing operand on node ip-10-0-102-200.us-west-1.compute.internal, Missing operand on node ip-10-0-108-54.us-west-1.compute.internal, Missing operand on node ip-10-0-3-203.us-west-1.compute.internal]"
2026-01-28T09:32:25.277619060Z E0128 09:32:25.277574       1 guard_controller.go:310] Missing operand on node ip-10-0-3-203.us-west-1.compute.internal
2026-01-28T09:32:25.277619060Z I0128 09:32:25.277587       1 event.go:377] Event(v1.ObjectReference{Kind:"Deployment", Namespace:"openshift-kube-apiserver-operator", Name:"kube-apiserver-operator", UID:"0f90e131-ac50-4cb2-87c5-ad12ae1902a5", APIVersion:"apps/v1", ResourceVersion:"", FieldPath:""}): type: 'Warning' reason: 'RequiredInstallerResourcesMissing' configmaps: bound-sa-token-signing-certs-0,config-0,etcd-serving-ca-0,kube-apiserver-audit-policies-0,kube-apiserver-cert-syncer-kubeconfig-0,kube-apiserver-pod-0,kubelet-serving-ca-0,sa-token-signing-certs-0, secrets: etcd-client-0,localhost-recovery-client-token-0,localhost-recovery-serving-certkey-0
2026-01-28T09:32:25.277619060Z E0128 09:32:25.277599       1 guard_controller.go:310] Missing operand on node ip-10-0-102-200.us-west-1.compute.internal
2026-01-28T09:32:25.277619060Z E0128 09:32:25.277609       1 guard_controller.go:310] Missing operand on node ip-10-0-108-54.us-west-1.compute.internal
2026-01-28T09:32:25.278287143Z E0128 09:32:25.278240       1 base_controller.go:279] "Unhandled Error" err="Installer reconciliation failed: missing required resources: [configmaps: bound-sa-token-signing-certs-0,config-0,etcd-serving-ca-0,kube-apiserver-audit-policies-0,kube-apiserver-cert-syncer-kubeconfig-0,kube-apiserver-pod-0,kubelet-serving-ca-0,sa-token-signing-certs-0, secrets: etcd-client-0,localhost-recovery-client-token-0,localhost-recovery-serving-certkey-0]"
2026-01-28T09:32:25.278887702Z E0128 09:32:25.278862       1 base_controller.go:279] "Unhandled Error" err="GuardController reconciliation failed: [Missing operand on node ip-10-0-102-200.us-west-1.compute.internal, Missing operand on node ip-10-0-108-54.us-west-1.compute.internal, Missing operand on node ip-10-0-3-203.us-west-1.compute.internal]"
2026-01-28T09:32:25.474326403Z E0128 09:32:25.474284       1 base_controller.go:279] "Unhandled Error" err="CertRotationController reconciliation failed: KubeAPIServer.operator.openshift.io \"cluster\" is invalid: [status.nodeStatuses[0].currentRevision: Invalid value: \"object\": cannot be unset once set, status.nodeStatuses[1].currentRevision: Invalid value: \"object\": cannot be unset once set, status.nodeStatuses[2].currentRevision: Invalid value: \"object\": cannot be unset once set]"
2026-01-28T09:32:25.480776553Z E0128 09:32:25.480752       1 degraded_webhook.go:68] validation.machineset.machine.openshift.io: dial tcp 172.30.129.182:443: connect: connection refused
2026-01-28T09:32:25.501115210Z W0128 09:32:25.501079       1 degraded_webhook.go:147] failed to connect to webhook "alertmanagerconfigs.monitoring.coreos.com" via service "prometheus-operator-admission-webhook.openshift-monitoring.svc:8443": dial tcp 172.30.48.68:8443: connect: connection refused
2026-01-28T09:32:25.554252882Z E0128 09:32:25.551720       1 guard_controller.go:310] Missing operand on node ip-10-0-102-200.us-west-1.compute.internal
2026-01-28T09:32:25.554252882Z E0128 09:32:25.551751       1 guard_controller.go:310] Missing operand on node ip-10-0-108-54.us-west-1.compute.internal
2026-01-28T09:32:25.554252882Z E0128 09:32:25.551759       1 guard_controller.go:310] Missing operand on node ip-10-0-3-203.us-west-1.compute.internal
2026-01-28T09:32:25.554252882Z E0128 09:32:25.553620       1 base_controller.go:279] "Unhandled Error" err="GuardController reconciliation failed: [Missing operand on node ip-10-0-102-200.us-west-1.compute.internal, Missing operand on node ip-10-0-108-54.us-west-1.compute.internal, Missing operand on node ip-10-0-3-203.us-west-1.compute.internal]"
2026-01-28T09:32:25.676285717Z E0128 09:32:25.676243       1 base_controller.go:279] "Unhandled Error" err="CertRotationController reconciliation failed: KubeAPIServer.operator.openshift.io \"cluster\" is invalid: [status.nodeStatuses[0].currentRevision: Invalid value: \"object\": cannot be unset once set, status.nodeStatuses[1].currentRevision: Invalid value: \"object\": cannot be unset once set, status.nodeStatuses[2].currentRevision: Invalid value: \"object\": cannot be unset once set]"
2026-01-28T09:32:25.862298951Z I0128 09:32:25.862249       1 request.go:752] "Waited before sending request" delay="2.58569446s" reason="client-side throttling, not priority and fairness" verb="PUT" URL="https://172.30.0.1:443/apis/operator.openshift.io/v1/kubeapiservers/cluster/status"
2026-01-28T09:32:25.877621220Z E0128 09:32:25.877589       1 base_controller.go:279] "Unhandled Error" err="CertRotationController reconciliation failed: KubeAPIServer.operator.openshift.io \"cluster\" is invalid: [status.nodeStatuses[0].currentRevision: Invalid value: \"object\": cannot be unset once set, status.nodeStatuses[1].currentRevision: Invalid value: \"object\": cannot be unset once set, status.nodeStatuses[2].currentRevision: Invalid value: \"object\": cannot be unset once set]"
2026-01-28T09:32:25.991280260Z E0128 09:32:25.991230       1 guard_controller.go:310] Missing operand on node ip-10-0-3-203.us-west-1.compute.internal
2026-01-28T09:32:25.991353394Z E0128 09:32:25.991338       1 guard_controller.go:310] Missing operand on node ip-10-0-102-200.us-west-1.compute.internal
2026-01-28T09:32:25.991389875Z E0128 09:32:25.991378       1 guard_controller.go:310] Missing operand on node ip-10-0-108-54.us-west-1.compute.internal
2026-01-28T09:32:25.995360252Z E0128 09:32:25.995335       1 base_controller.go:279] "Unhandled Error" err="GuardController reconciliation failed: [Missing operand on node ip-10-0-102-200.us-west-1.compute.internal, Missing operand on node ip-10-0-108-54.us-west-1.compute.internal, Missing operand on node ip-10-0-3-203.us-west-1.compute.internal]"
2026-01-28T09:32:25.999220023Z E0128 09:32:25.997900       1 guard_controller.go:310] Missing operand on node ip-10-0-102-200.us-west-1.compute.internal
2026-01-28T09:32:25.999220023Z E0128 09:32:25.997926       1 guard_controller.go:310] Missing operand on node ip-10-0-108-54.us-west-1.compute.internal
2026-01-28T09:32:25.999220023Z E0128 09:32:25.997934       1 guard_controller.go:310] Missing operand on node ip-10-0-3-203.us-west-1.compute.internal
2026-01-28T09:32:25.999855785Z E0128 09:32:25.999715       1 base_controller.go:279] "Unhandled Error" err="GuardController reconciliation failed: [Missing operand on node ip-10-0-102-200.us-west-1.compute.internal, Missing operand on node ip-10-0-108-54.us-west-1.compute.internal, Missing operand on node ip-10-0-3-203.us-west-1.compute.internal]"
2026-01-28T09:32:26.007473522Z E0128 09:32:26.007437       1 guard_controller.go:310] Missing operand on node ip-10-0-102-200.us-west-1.compute.internal
2026-01-28T09:32:26.007545036Z E0128 09:32:26.007531       1 guard_controller.go:310] Missing operand on node ip-10-0-108-54.us-west-1.compute.internal
2026-01-28T09:32:26.007598658Z E0128 09:32:26.007573       1 guard_controller.go:310] Missing operand on node ip-10-0-3-203.us-west-1.compute.internal
2026-01-28T09:32:26.009427809Z E0128 09:32:26.009405       1 base_controller.go:279] "Unhandled Error" err="GuardController reconciliation failed: [Missing operand on node ip-10-0-102-200.us-west-1.compute.internal, Missing operand on node ip-10-0-108-54.us-west-1.compute.internal, Missing operand on node ip-10-0-3-203.us-west-1.compute.internal]"
2026-01-28T09:32:26.053222508Z E0128 09:32:26.053176       1 guard_controller.go:310] Missing operand on node ip-10-0-102-200.us-west-1.compute.internal
2026-01-28T09:32:26.053277581Z E0128 09:32:26.053261       1 guard_controller.go:310] Missing operand on node ip-10-0-108-54.us-west-1.compute.internal
2026-01-28T09:32:26.053290732Z E0128 09:32:26.053276       1 guard_controller.go:310] Missing operand on node ip-10-0-3-203.us-west-1.compute.internal
2026-01-28T09:32:26.055852688Z E0128 09:32:26.055615       1 base_controller.go:279] "Unhandled Error" err="GuardController reconciliation failed: [Missing operand on node ip-10-0-102-200.us-west-1.compute.internal, Missing operand on node ip-10-0-108-54.us-west-1.compute.internal, Missing operand on node ip-10-0-3-203.us-west-1.compute.internal]"
2026-01-28T09:32:26.066932357Z E0128 09:32:26.064157       1 guard_controller.go:310] Missing operand on node ip-10-0-102-200.us-west-1.compute.internal
2026-01-28T09:32:26.066932357Z E0128 09:32:26.064180       1 guard_controller.go:310] Missing operand on node ip-10-0-108-54.us-west-1.compute.internal
2026-01-28T09:32:26.066932357Z E0128 09:32:26.064192       1 guard_controller.go:310] Missing operand on node ip-10-0-3-203.us-west-1.compute.internal
2026-01-28T09:32:26.066932357Z E0128 09:32:26.065928       1 base_controller.go:279] "Unhandled Error" err="GuardController reconciliation failed: [Missing operand on node ip-10-0-102-200.us-west-1.compute.internal, Missing operand on node ip-10-0-108-54.us-west-1.compute.internal, Missing operand on node ip-10-0-3-203.us-west-1.compute.internal]"
2026-01-28T09:32:26.081897969Z E0128 09:32:26.080954       1 base_controller.go:279] "Unhandled Error" err="CertRotationController reconciliation failed: KubeAPIServer.operator.openshift.io \"cluster\" is invalid: [status.nodeStatuses[0].currentRevision: Invalid value: \"object\": cannot be unset once set, status.nodeStatuses[1].currentRevision: Invalid value: \"object\": cannot be unset once set, status.nodeStatuses[2].currentRevision: Invalid value: \"object\": cannot be unset once set]"
2026-01-28T09:32:26.278328028Z E0128 09:32:26.278277       1 base_controller.go:279] "Unhandled Error" err="CertRotationController reconciliation failed: KubeAPIServer.operator.openshift.io \"cluster\" is invalid: [status.nodeStatuses[0].currentRevision: Invalid value: \"object\": cannot be unset once set, status.nodeStatuses[1].currentRevision: Invalid value: \"object\": cannot be unset once set, status.nodeStatuses[2].currentRevision: Invalid value: \"object\": cannot be unset once set]"
2026-01-28T09:32:26.482943394Z E0128 09:32:26.482876       1 base_controller.go:279] "Unhandled Error" err="CertRotationController reconciliation failed: KubeAPIServer.operator.openshift.io \"cluster\" is invalid: [status.nodeStatuses[0].currentRevision: Invalid value: \"object\": cannot be unset once set, status.nodeStatuses[1].currentRevision: Invalid value: \"object\": cannot be unset once set, status.nodeStatuses[2].currentRevision: Invalid value: \"object\": cannot be unset once set]"
2026-01-28T09:32:26.504427388Z W0128 09:32:26.504385       1 degraded_webhook.go:147] failed to connect to webhook "alertmanagerconfigs.monitoring.coreos.com" via service "prometheus-operator-admission-webhook.openshift-monitoring.svc:8443": dial tcp 172.30.48.68:8443: connect: connection refused
2026-01-28T09:32:26.676397826Z E0128 09:32:26.676349       1 base_controller.go:279] "Unhandled Error" err="CertRotationController reconciliation failed: KubeAPIServer.operator.openshift.io \"cluster\" is invalid: [status.nodeStatuses[0].currentRevision: Invalid value: \"object\": cannot be unset once set, status.nodeStatuses[1].currentRevision: Invalid value: \"object\": cannot be unset once set, status.nodeStatuses[2].currentRevision: Invalid value: \"object\": cannot be unset once set]"
2026-01-28T09:32:26.862343127Z I0128 09:32:26.862296       1 request.go:752] "Waited before sending request" delay="2.566433736s" reason="client-side throttling, not priority and fairness" verb="PUT" URL="https://172.30.0.1:443/apis/operator.openshift.io/v1/kubeapiservers/cluster/status"
2026-01-28T09:32:26.874659747Z E0128 09:32:26.874623       1 base_controller.go:279] "Unhandled Error" err="CertRotationController reconciliation failed: KubeAPIServer.operator.openshift.io \"cluster\" is invalid: [status.nodeStatuses[0].currentRevision: Invalid value: \"object\": cannot be unset once set, status.nodeStatuses[1].currentRevision: Invalid value: \"object\": cannot be unset once set, status.nodeStatuses[2].currentRevision: Invalid value: \"object\": cannot be unset once set]"
2026-01-28T09:32:27.077740286Z E0128 09:32:27.077691       1 base_controller.go:279] "Unhandled Error" err="CertRotationController reconciliation failed: KubeAPIServer.operator.openshift.io \"cluster\" is invalid: [status.nodeStatuses[0].currentRevision: Invalid value: \"object\": cannot be unset once set, status.nodeStatuses[1].currentRevision: Invalid value: \"object\": cannot be unset once set, status.nodeStatuses[2].currentRevision: Invalid value: \"object\": cannot be unset once set]"
2026-01-28T09:32:27.277696131Z E0128 09:32:27.277658       1 base_controller.go:279] "Unhandled Error" err="CertRotationController reconciliation failed: KubeAPIServer.operator.openshift.io \"cluster\" is invalid: [status.nodeStatuses[0].currentRevision: Invalid value: \"object\": cannot be unset once set, status.nodeStatuses[1].currentRevision: Invalid value: \"object\": cannot be unset once set, status.nodeStatuses[2].currentRevision: Invalid value: \"object\": cannot be unset once set]"
2026-01-28T09:32:27.475441536Z E0128 09:32:27.475400       1 base_controller.go:279] "Unhandled Error" err="CertRotationController reconciliation failed: KubeAPIServer.operator.openshift.io \"cluster\" is invalid: [status.nodeStatuses[0].currentRevision: Invalid value: \"object\": cannot be unset once set, status.nodeStatuses[1].currentRevision: Invalid value: \"object\": cannot be unset once set, status.nodeStatuses[2].currentRevision: Invalid value: \"object\": cannot be unset once set]"
2026-01-28T09:32:27.675954908Z E0128 09:32:27.675881       1 base_controller.go:279] "Unhandled Error" err="CertRotationController reconciliation failed: KubeAPIServer.operator.openshift.io \"cluster\" is invalid: [status.nodeStatuses[0].currentRevision: Invalid value: \"object\": cannot be unset once set, status.nodeStatuses[1].currentRevision: Invalid value: \"object\": cannot be unset once set, status.nodeStatuses[2].currentRevision: Invalid value: \"object\": cannot be unset once set]"
2026-01-28T09:32:27.782016652Z E0128 09:32:27.781975       1 guard_controller.go:310] Missing operand on node ip-10-0-102-200.us-west-1.compute.internal
2026-01-28T09:32:27.782135498Z E0128 09:32:27.782112       1 guard_controller.go:310] Missing operand on node ip-10-0-108-54.us-west-1.compute.internal
2026-01-28T09:32:27.782168829Z E0128 09:32:27.782156       1 guard_controller.go:310] Missing operand on node ip-10-0-3-203.us-west-1.compute.internal
2026-01-28T09:32:27.784250322Z E0128 09:32:27.784226       1 base_controller.go:279] "Unhandled Error" err="GuardController reconciliation failed: [Missing operand on node ip-10-0-102-200.us-west-1.compute.internal, Missing operand on node ip-10-0-108-54.us-west-1.compute.internal, Missing operand on node ip-10-0-3-203.us-west-1.compute.internal]"
2026-01-28T09:32:27.880137042Z I0128 09:32:27.880076       1 event.go:377] Event(v1.ObjectReference{Kind:"Deployment", Namespace:"openshift-kube-apiserver-operator", Name:"kube-apiserver-operator", UID:"0f90e131-ac50-4cb2-87c5-ad12ae1902a5", APIVersion:"apps/v1", ResourceVersion:"", FieldPath:""}): type: 'Warning' reason: 'RequiredInstallerResourcesMissing' configmaps: bound-sa-token-signing-certs-0,config-0,etcd-serving-ca-0,kube-apiserver-audit-policies-0,kube-apiserver-cert-syncer-kubeconfig-0,kube-apiserver-pod-0,kubelet-serving-ca-0,sa-token-signing-certs-0, secrets: etcd-client-0,localhost-recovery-client-token-0,localhost-recovery-serving-certkey-0
2026-01-28T09:32:27.881399654Z E0128 09:32:27.881378       1 base_controller.go:279] "Unhandled Error" err="Installer reconciliation failed: missing required resources: [configmaps: bound-sa-token-signing-certs-0,config-0,etcd-serving-ca-0,kube-apiserver-audit-policies-0,kube-apiserver-cert-syncer-kubeconfig-0,kube-apiserver-pod-0,kubelet-serving-ca-0,sa-token-signing-certs-0, secrets: etcd-client-0,localhost-recovery-client-token-0,localhost-recovery-serving-certkey-0]"
2026-01-28T09:32:28.061981750Z I0128 09:32:28.061929       1 request.go:752] "Waited before sending request" delay="2.382983808s" reason="client-side throttling, not priority and fairness" verb="PUT" URL="https://172.30.0.1:443/apis/operator.openshift.io/v1/kubeapiservers/cluster/status"
2026-01-28T09:32:28.091334973Z E0128 09:32:28.091286       1 base_controller.go:279] "Unhandled Error" err="CertRotationController reconciliation failed: KubeAPIServer.operator.openshift.io \"cluster\" is invalid: [status.nodeStatuses[0].currentRevision: Invalid value: \"object\": cannot be unset once set, status.nodeStatuses[1].currentRevision: Invalid value: \"object\": cannot be unset once set, status.nodeStatuses[2].currentRevision: Invalid value: \"object\": cannot be unset once set]"
2026-01-28T09:32:28.275943828Z E0128 09:32:28.275902       1 base_controller.go:279] "Unhandled Error" err="CertRotationController reconciliation failed: KubeAPIServer.operator.openshift.io \"cluster\" is invalid: [status.nodeStatuses[0].currentRevision: Invalid value: \"object\": cannot be unset once set, status.nodeStatuses[1].currentRevision: Invalid value: \"object\": cannot be unset once set, status.nodeStatuses[2].currentRevision: Invalid value: \"object\": cannot be unset once set]"
2026-01-28T09:32:28.475634389Z E0128 09:32:28.475567       1 base_controller.go:279] "Unhandled Error" err="CertRotationController reconciliation failed: KubeAPIServer.operator.openshift.io \"cluster\" is invalid: [status.nodeStatuses[0].currentRevision: Invalid value: \"object\": cannot be unset once set, status.nodeStatuses[1].currentRevision: Invalid value: \"object\": cannot be unset once set, status.nodeStatuses[2].currentRevision: Invalid value: \"object\": cannot be unset once set]"
2026-01-28T09:32:28.674667258Z E0128 09:32:28.674608       1 base_controller.go:279] "Unhandled Error" err="CertRotationController reconciliation failed: KubeAPIServer.operator.openshift.io \"cluster\" is invalid: [status.nodeStatuses[0].currentRevision: Invalid value: \"object\": cannot be unset once set, status.nodeStatuses[1].currentRevision: Invalid value: \"object\": cannot be unset once set, status.nodeStatuses[2].currentRevision: Invalid value: \"object\": cannot be unset once set]"
2026-01-28T09:32:28.801430747Z E0128 09:32:28.800297       1 guard_controller.go:310] Missing operand on node ip-10-0-102-200.us-west-1.compute.internal
2026-01-28T09:32:28.801430747Z E0128 09:32:28.800321       1 guard_controller.go:310] Missing operand on node ip-10-0-108-54.us-west-1.compute.internal
2026-01-28T09:32:28.801430747Z E0128 09:32:28.800329       1 guard_controller.go:310] Missing operand on node ip-10-0-3-203.us-west-1.compute.internal
2026-01-28T09:32:28.804064797Z E0128 09:32:28.802122       1 base_controller.go:279] "Unhandled Error" err="GuardController reconciliation failed: [Missing operand on node ip-10-0-102-200.us-west-1.compute.internal, Missing operand on node ip-10-0-108-54.us-west-1.compute.internal, Missing operand on node ip-10-0-3-203.us-west-1.compute.internal]"
2026-01-28T09:32:28.812666914Z E0128 09:32:28.812631       1 guard_controller.go:310] Missing operand on node ip-10-0-108-54.us-west-1.compute.internal
2026-01-28T09:32:28.812693455Z E0128 09:32:28.812684       1 guard_controller.go:310] Missing operand on node ip-10-0-3-203.us-west-1.compute.internal
2026-01-28T09:32:28.812704726Z E0128 09:32:28.812692       1 guard_controller.go:310] Missing operand on node ip-10-0-102-200.us-west-1.compute.internal
2026-01-28T09:32:28.823294380Z E0128 09:32:28.823261       1 base_controller.go:279] "Unhandled Error" err="GuardController reconciliation failed: [Missing operand on node ip-10-0-102-200.us-west-1.compute.internal, Missing operand on node ip-10-0-108-54.us-west-1.compute.internal, Missing operand on node ip-10-0-3-203.us-west-1.compute.internal]"
2026-01-28T09:32:28.876172279Z E0128 09:32:28.876129       1 base_controller.go:279] "Unhandled Error" err="CertRotationController reconciliation failed: KubeAPIServer.operator.openshift.io \"cluster\" is invalid: [status.nodeStatuses[0].currentRevision: Invalid value: \"object\": cannot be unset once set, status.nodeStatuses[1].currentRevision: Invalid value: \"object\": cannot be unset once set, status.nodeStatuses[2].currentRevision: Invalid value: \"object\": cannot be unset once set]"
2026-01-28T09:32:29.062340761Z I0128 09:32:29.062280       1 request.go:752] "Waited before sending request" delay="2.383535106s" reason="client-side throttling, not priority and fairness" verb="PUT" URL="https://172.30.0.1:443/apis/operator.openshift.io/v1/kubeapiservers/cluster/status"
2026-01-28T09:32:29.076573489Z E0128 09:32:29.076527       1 base_controller.go:279] "Unhandled Error" err="CertRotationController reconciliation failed: KubeAPIServer.operator.openshift.io \"cluster\" is invalid: [status.nodeStatuses[0].currentRevision: Invalid value: \"object\": cannot be unset once set, status.nodeStatuses[1].currentRevision: Invalid value: \"object\": cannot be unset once set, status.nodeStatuses[2].currentRevision: Invalid value: \"object\": cannot be unset once set]"
2026-01-28T09:32:29.274989715Z E0128 09:32:29.274904       1 base_controller.go:279] "Unhandled Error" err="CertRotationController reconciliation failed: KubeAPIServer.operator.openshift.io \"cluster\" is invalid: [status.nodeStatuses[0].currentRevision: Invalid value: \"object\": cannot be unset once set, status.nodeStatuses[1].currentRevision: Invalid value: \"object\": cannot be unset once set, status.nodeStatuses[2].currentRevision: Invalid value: \"object\": cannot be unset once set]"
2026-01-28T09:32:29.475726096Z E0128 09:32:29.475660       1 base_controller.go:279] "Unhandled Error" err="CertRotationController reconciliation failed: KubeAPIServer.operator.openshift.io \"cluster\" is invalid: [status.nodeStatuses[0].currentRevision: Invalid value: \"object\": cannot be unset once set, status.nodeStatuses[1].currentRevision: Invalid value: \"object\": cannot be unset once set, status.nodeStatuses[2].currentRevision: Invalid value: \"object\": cannot be unset once set]"
2026-01-28T09:32:29.676625816Z E0128 09:32:29.676160       1 base_controller.go:279] "Unhandled Error" err="CertRotationController reconciliation failed: KubeAPIServer.operator.openshift.io \"cluster\" is invalid: [status.nodeStatuses[0].currentRevision: Invalid value: \"object\": cannot be unset once set, status.nodeStatuses[1].currentRevision: Invalid value: \"object\": cannot be unset once set, status.nodeStatuses[2].currentRevision: Invalid value: \"object\": cannot be unset once set]"
2026-01-28T09:32:29.877582809Z E0128 09:32:29.877542       1 base_controller.go:279] "Unhandled Error" err="CertRotationController reconciliation failed: KubeAPIServer.operator.openshift.io \"cluster\" is invalid: [status.nodeStatuses[0].currentRevision: Invalid value: \"object\": cannot be unset once set, status.nodeStatuses[1].currentRevision: Invalid value: \"object\": cannot be unset once set, status.nodeStatuses[2].currentRevision: Invalid value: \"object\": cannot be unset once set]"
2026-01-28T09:32:30.065056076Z I0128 09:32:30.062303       1 request.go:752] "Waited before sending request" delay="2.584272624s" reason="client-side throttling, not priority and fairness" verb="PUT" URL="https://172.30.0.1:443/apis/operator.openshift.io/v1/kubeapiservers/cluster/status"
2026-01-28T09:32:30.077646677Z E0128 09:32:30.077606       1 base_controller.go:279] "Unhandled Error" err="CertRotationController reconciliation failed: KubeAPIServer.operator.openshift.io \"cluster\" is invalid: [status.nodeStatuses[0].currentRevision: Invalid value: \"object\": cannot be unset once set, status.nodeStatuses[1].currentRevision: Invalid value: \"object\": cannot be unset once set, status.nodeStatuses[2].currentRevision: Invalid value: \"object\": cannot be unset once set]"
2026-01-28T09:32:30.278757057Z E0128 09:32:30.278718       1 base_controller.go:279] "Unhandled Error" err="CertRotationController reconciliation failed: KubeAPIServer.operator.openshift.io \"cluster\" is invalid: [status.nodeStatuses[0].currentRevision: Invalid value: \"object\": cannot be unset once set, status.nodeStatuses[1].currentRevision: Invalid value: \"object\": cannot be unset once set, status.nodeStatuses[2].currentRevision: Invalid value: \"object\": cannot be unset once set]"
2026-01-28T09:32:30.470870367Z E0128 09:32:30.470833       1 base_controller.go:279] "Unhandled Error" err="Installer reconciliation failed: missing required resources: [configmaps: bound-sa-token-signing-certs-0,config-0,etcd-serving-ca-0,kube-apiserver-audit-policies-0,kube-apiserver-cert-syncer-kubeconfig-0,kube-apiserver-pod-0,kubelet-serving-ca-0,sa-token-signing-certs-0, secrets: etcd-client-0,localhost-recovery-client-token-0,localhost-recovery-serving-certkey-0]"
2026-01-28T09:32:30.471203624Z I0128 09:32:30.471178       1 event.go:377] Event(v1.ObjectReference{Kind:"Deployment", Namespace:"openshift-kube-apiserver-operator", Name:"kube-apiserver-operator", UID:"0f90e131-ac50-4cb2-87c5-ad12ae1902a5", APIVersion:"apps/v1", ResourceVersion:"", FieldPath:""}): type: 'Warning' reason: 'RequiredInstallerResourcesMissing' configmaps: bound-sa-token-signing-certs-0,config-0,etcd-serving-ca-0,kube-apiserver-audit-policies-0,kube-apiserver-cert-syncer-kubeconfig-0,kube-apiserver-pod-0,kubelet-serving-ca-0,sa-token-signing-certs-0, secrets: etcd-client-0,localhost-recovery-client-token-0,localhost-recovery-serving-certkey-0
2026-01-28T09:32:30.674414549Z E0128 09:32:30.674372       1 base_controller.go:279] "Unhandled Error" err="CertRotationController reconciliation failed: KubeAPIServer.operator.openshift.io \"cluster\" is invalid: [status.nodeStatuses[0].currentRevision: Invalid value: \"object\": cannot be unset once set, status.nodeStatuses[1].currentRevision: Invalid value: \"object\": cannot be unset once set, status.nodeStatuses[2].currentRevision: Invalid value: \"object\": cannot be unset once set]"
2026-01-28T09:32:30.874043686Z E0128 09:32:30.873937       1 base_controller.go:279] "Unhandled Error" err="CertRotationController reconciliation failed: KubeAPIServer.operator.openshift.io \"cluster\" is invalid: [status.nodeStatuses[0].currentRevision: Invalid value: \"object\": cannot be unset once set, status.nodeStatuses[1].currentRevision: Invalid value: \"object\": cannot be unset once set, status.nodeStatuses[2].currentRevision: Invalid value: \"object\": cannot be unset once set]"
2026-01-28T09:32:30.903270159Z E0128 09:32:30.903238       1 base_controller.go:279] "Unhandled Error" err="NodeKubeconfigController reconciliation failed: \"secret/node-kubeconfigs\": configmap \"kube-apiserver-server-ca\" not found"
2026-01-28T09:32:30.999456716Z E0128 09:32:30.999398       1 base_controller.go:279] "Unhandled Error" err="RevisionController reconciliation failed: configmap \"kube-apiserver-pod\" not found"
2026-01-28T09:32:31.063089422Z I0128 09:32:31.063000       1 request.go:752] "Waited before sending request" delay="2.553003407s" reason="client-side throttling, not priority and fairness" verb="PUT" URL="https://172.30.0.1:443/apis/operator.openshift.io/v1/kubeapiservers/cluster/status"
2026-01-28T09:32:31.065588717Z E0128 09:32:31.065560       1 base_controller.go:279] "Unhandled Error" err="TargetConfigController reconciliation failed: apiServerArguments.etcd-servers has less than two live etcd endpoints: []"
2026-01-28T09:32:31.065691242Z I0128 09:32:31.065633       1 event.go:377] Event(v1.ObjectReference{Kind:"Deployment", Namespace:"openshift-kube-apiserver-operator", Name:"kube-apiserver-operator", UID:"0f90e131-ac50-4cb2-87c5-ad12ae1902a5", APIVersion:"apps/v1", ResourceVersion:"", FieldPath:""}): type: 'Warning' reason: 'ConfigMissing' apiServerArguments.etcd-servers has less than two live etcd endpoints: []
2026-01-28T09:32:31.088971098Z E0128 09:32:31.088932       1 base_controller.go:279] "Unhandled Error" err="RevisionController reconciliation failed: configmap \"kube-apiserver-pod\" not found"
2026-01-28T09:32:31.095201070Z I0128 09:32:31.094310       1 connectivity_check_controller.go:172] ConnectivityCheckController is waiting for transition to desired version (4.20.0-0-2026-01-28-090915-test-ci-ln-vjb5l1t-latest) to be completed.
2026-01-28T09:32:31.099950018Z E0128 09:32:31.099921       1 base_controller.go:279] "Unhandled Error" err="TargetConfigController reconciliation failed: apiServerArguments.etcd-servers has less than two live etcd endpoints: []"
2026-01-28T09:32:31.117285606Z I0128 09:32:31.116940       1 event.go:377] Event(v1.ObjectReference{Kind:"Deployment", Namespace:"openshift-kube-apiserver-operator", Name:"kube-apiserver-operator", UID:"0f90e131-ac50-4cb2-87c5-ad12ae1902a5", APIVersion:"apps/v1", ResourceVersion:"", FieldPath:""}): type: 'Warning' reason: 'ConfigMissing' apiServerArguments.etcd-servers has less than two live etcd endpoints: []
2026-01-28T09:32:31.127495217Z E0128 09:32:31.127419       1 base_controller.go:279] "Unhandled Error" err="NodeKubeconfigController reconciliation failed: \"secret/node-kubeconfigs\": configmap \"kube-apiserver-server-ca\" not found"
2026-01-28T09:32:32.262148884Z I0128 09:32:32.262099       1 request.go:752] "Waited before sending request" delay="2.582236172s" reason="client-side throttling, not priority and fairness" verb="PUT" URL="https://172.30.0.1:443/apis/operator.openshift.io/v1/kubeapiservers/cluster/status"
2026-01-28T09:32:32.446202820Z E0128 09:32:32.444740       1 guard_controller.go:310] Missing operand on node ip-10-0-102-200.us-west-1.compute.internal
2026-01-28T09:32:32.446202820Z E0128 09:32:32.444763       1 guard_controller.go:310] Missing operand on node ip-10-0-108-54.us-west-1.compute.internal
2026-01-28T09:32:32.446202820Z E0128 09:32:32.444771       1 guard_controller.go:310] Missing operand on node ip-10-0-3-203.us-west-1.compute.internal
2026-01-28T09:32:32.447289915Z E0128 09:32:32.447113       1 base_controller.go:279] "Unhandled Error" err="GuardController reconciliation failed: [Missing operand on node ip-10-0-102-200.us-west-1.compute.internal, Missing operand on node ip-10-0-108-54.us-west-1.compute.internal, Missing operand on node ip-10-0-3-203.us-west-1.compute.internal]"
2026-01-28T09:32:33.262546648Z I0128 09:32:33.262500       1 request.go:752] "Waited before sending request" delay="2.585371741s" reason="client-side throttling, not priority and fairness" verb="PUT" URL="https://172.30.0.1:443/apis/operator.openshift.io/v1/kubeapiservers/cluster/status"
2026-01-28T09:32:33.470366764Z I0128 09:32:33.470322       1 event.go:377] Event(v1.ObjectReference{Kind:"Deployment", Namespace:"openshift-kube-apiserver-operator", Name:"kube-apiserver-operator", UID:"0f90e131-ac50-4cb2-87c5-ad12ae1902a5", APIVersion:"apps/v1", ResourceVersion:"", FieldPath:""}): type: 'Warning' reason: 'RequiredInstallerResourcesMissing' configmaps: bound-sa-token-signing-certs-0,config-0,etcd-serving-ca-0,kube-apiserver-audit-policies-0,kube-apiserver-cert-syncer-kubeconfig-0,kube-apiserver-pod-0,kubelet-serving-ca-0,sa-token-signing-certs-0, secrets: etcd-client-0,localhost-recovery-client-token-0,localhost-recovery-serving-certkey-0
2026-01-28T09:32:33.470860919Z E0128 09:32:33.470841       1 base_controller.go:279] "Unhandled Error" err="Installer reconciliation failed: missing required resources: [configmaps: bound-sa-token-signing-certs-0,config-0,etcd-serving-ca-0,kube-apiserver-audit-policies-0,kube-apiserver-cert-syncer-kubeconfig-0,kube-apiserver-pod-0,kubelet-serving-ca-0,sa-token-signing-certs-0, secrets: etcd-client-0,localhost-recovery-client-token-0,localhost-recovery-serving-certkey-0]"
2026-01-28T09:32:33.873660569Z E0128 09:32:33.873586       1 base_controller.go:279] "Unhandled Error" err="CertRotationController reconciliation failed: KubeAPIServer.operator.openshift.io \"cluster\" is invalid: [status.nodeStatuses[0].currentRevision: Invalid value: \"object\": cannot be unset once set, status.nodeStatuses[1].currentRevision: Invalid value: \"object\": cannot be unset once set, status.nodeStatuses[2].currentRevision: Invalid value: \"object\": cannot be unset once set]"
2026-01-28T09:32:34.077197291Z E0128 09:32:34.077158       1 base_controller.go:279] "Unhandled Error" err="CertRotationController reconciliation failed: KubeAPIServer.operator.openshift.io \"cluster\" is invalid: [status.nodeStatuses[0].currentRevision: Invalid value: \"object\": cannot be unset once set, status.nodeStatuses[1].currentRevision: Invalid value: \"object\": cannot be unset once set, status.nodeStatuses[2].currentRevision: Invalid value: \"object\": cannot be unset once set]"
2026-01-28T09:32:34.262668848Z I0128 09:32:34.262626       1 request.go:752] "Waited before sending request" delay="2.577033873s" reason="client-side throttling, not priority and fairness" verb="PUT" URL="https://172.30.0.1:443/apis/operator.openshift.io/v1/kubeapiservers/cluster/status"
2026-01-28T09:32:34.275335092Z E0128 09:32:34.275307       1 base_controller.go:279] "Unhandled Error" err="CertRotationController reconciliation failed: KubeAPIServer.operator.openshift.io \"cluster\" is invalid: [status.nodeStatuses[0].currentRevision: Invalid value: \"object\": cannot be unset once set, status.nodeStatuses[1].currentRevision: Invalid value: \"object\": cannot be unset once set, status.nodeStatuses[2].currentRevision: Invalid value: \"object\": cannot be unset once set]"
2026-01-28T09:32:34.454799349Z E0128 09:32:34.454753       1 guard_controller.go:310] Missing operand on node ip-10-0-102-200.us-west-1.compute.internal
2026-01-28T09:32:34.454861942Z E0128 09:32:34.454849       1 guard_controller.go:310] Missing operand on node ip-10-0-108-54.us-west-1.compute.internal
2026-01-28T09:32:34.454893093Z E0128 09:32:34.454882       1 guard_controller.go:310] Missing operand on node ip-10-0-3-203.us-west-1.compute.internal
2026-01-28T09:32:34.481615572Z E0128 09:32:34.481578       1 base_controller.go:279] "Unhandled Error" err="GuardController reconciliation failed: [Missing operand on node ip-10-0-102-200.us-west-1.compute.internal, Missing operand on node ip-10-0-108-54.us-west-1.compute.internal, Missing operand on node ip-10-0-3-203.us-west-1.compute.internal]"
2026-01-28T09:32:34.483410412Z E0128 09:32:34.483379       1 guard_controller.go:310] Missing operand on node ip-10-0-108-54.us-west-1.compute.internal
2026-01-28T09:32:34.483487155Z E0128 09:32:34.483475       1 guard_controller.go:310] Missing operand on node ip-10-0-3-203.us-west-1.compute.internal
2026-01-28T09:32:34.483517547Z E0128 09:32:34.483507       1 guard_controller.go:310] Missing operand on node ip-10-0-102-200.us-west-1.compute.internal
2026-01-28T09:32:34.488039213Z E0128 09:32:34.487991       1 base_controller.go:279] "Unhandled Error" err="GuardController reconciliation failed: [Missing operand on node ip-10-0-102-200.us-west-1.compute.internal, Missing operand on node ip-10-0-108-54.us-west-1.compute.internal, Missing operand on node ip-10-0-3-203.us-west-1.compute.internal]"
2026-01-28T09:32:34.491340418Z E0128 09:32:34.491318       1 base_controller.go:279] "Unhandled Error" err="CertRotationController reconciliation failed: KubeAPIServer.operator.openshift.io \"cluster\" is invalid: [status.nodeStatuses[0].currentRevision: Invalid value: \"object\": cannot be unset once set, status.nodeStatuses[1].currentRevision: Invalid value: \"object\": cannot be unset once set, status.nodeStatuses[2].currentRevision: Invalid value: \"object\": cannot be unset once set]"
2026-01-28T09:32:34.523628775Z E0128 09:32:34.523588       1 guard_controller.go:310] Missing operand on node ip-10-0-108-54.us-west-1.compute.internal
2026-01-28T09:32:34.523889268Z E0128 09:32:34.523875       1 guard_controller.go:310] Missing operand on node ip-10-0-3-203.us-west-1.compute.internal
2026-01-28T09:32:34.523922350Z E0128 09:32:34.523912       1 guard_controller.go:310] Missing operand on node ip-10-0-102-200.us-west-1.compute.internal
2026-01-28T09:32:34.525542521Z E0128 09:32:34.525522       1 base_controller.go:279] "Unhandled Error" err="GuardController reconciliation failed: [Missing operand on node ip-10-0-102-200.us-west-1.compute.internal, Missing operand on node ip-10-0-108-54.us-west-1.compute.internal, Missing operand on node ip-10-0-3-203.us-west-1.compute.internal]"
2026-01-28T09:32:34.677569464Z E0128 09:32:34.677510       1 base_controller.go:279] "Unhandled Error" err="CertRotationController reconciliation failed: KubeAPIServer.operator.openshift.io \"cluster\" is invalid: [status.nodeStatuses[0].currentRevision: Invalid value: \"object\": cannot be unset once set, status.nodeStatuses[1].currentRevision: Invalid value: \"object\": cannot be unset once set, status.nodeStatuses[2].currentRevision: Invalid value: \"object\": cannot be unset once set]"
2026-01-28T09:32:34.886229542Z E0128 09:32:34.886176       1 base_controller.go:279] "Unhandled Error" err="CertRotationController reconciliation failed: KubeAPIServer.operator.openshift.io \"cluster\" is invalid: [status.nodeStatuses[0].currentRevision: Invalid value: \"object\": cannot be unset once set, status.nodeStatuses[1].currentRevision: Invalid value: \"object\": cannot be unset once set, status.nodeStatuses[2].currentRevision: Invalid value: \"object\": cannot be unset once set]"
2026-01-28T09:32:35.075419136Z E0128 09:32:35.075379       1 base_controller.go:279] "Unhandled Error" err="CertRotationController reconciliation failed: KubeAPIServer.operator.openshift.io \"cluster\" is invalid: [status.nodeStatuses[0].currentRevision: Invalid value: \"object\": cannot be unset once set, status.nodeStatuses[1].currentRevision: Invalid value: \"object\": cannot be unset once set, status.nodeStatuses[2].currentRevision: Invalid value: \"object\": cannot be unset once set]"
2026-01-28T09:32:35.277049082Z E0128 09:32:35.276832       1 base_controller.go:279] "Unhandled Error" err="CertRotationController reconciliation failed: KubeAPIServer.operator.openshift.io \"cluster\" is invalid: [status.nodeStatuses[0].currentRevision: Invalid value: \"object\": cannot be unset once set, status.nodeStatuses[1].currentRevision: Invalid value: \"object\": cannot be unset once set, status.nodeStatuses[2].currentRevision: Invalid value: \"object\": cannot be unset once set]"
2026-01-28T09:32:35.468106009Z I0128 09:32:35.467920       1 request.go:752] "Waited before sending request" delay="2.582440154s" reason="client-side throttling, not priority and fairness" verb="PUT" URL="https://172.30.0.1:443/apis/operator.openshift.io/v1/kubeapiservers/cluster/status"
2026-01-28T09:32:35.478968683Z E0128 09:32:35.478937       1 base_controller.go:279] "Unhandled Error" err="CertRotationController reconciliation failed: KubeAPIServer.operator.openshift.io \"cluster\" is invalid: [status.nodeStatuses[0].currentRevision: Invalid value: \"object\": cannot be unset once set, status.nodeStatuses[1].currentRevision: Invalid value: \"object\": cannot be unset once set, status.nodeStatuses[2].currentRevision: Invalid value: \"object\": cannot be unset once set]"
2026-01-28T09:32:35.676679113Z E0128 09:32:35.676643       1 base_controller.go:279] "Unhandled Error" err="CertRotationController reconciliation failed: KubeAPIServer.operator.openshift.io \"cluster\" is invalid: [status.nodeStatuses[0].currentRevision: Invalid value: \"object\": cannot be unset once set, status.nodeStatuses[1].currentRevision: Invalid value: \"object\": cannot be unset once set, status.nodeStatuses[2].currentRevision: Invalid value: \"object\": cannot be unset once set]"
2026-01-28T09:32:35.874285738Z E0128 09:32:35.874245       1 base_controller.go:279] "Unhandled Error" err="CertRotationController reconciliation failed: KubeAPIServer.operator.openshift.io \"cluster\" is invalid: [status.nodeStatuses[0].currentRevision: Invalid value: \"object\": cannot be unset once set, status.nodeStatuses[1].currentRevision: Invalid value: \"object\": cannot be unset once set, status.nodeStatuses[2].currentRevision: Invalid value: \"object\": cannot be unset once set]"
2026-01-28T09:32:36.068886303Z I0128 09:32:36.068841       1 event.go:377] Event(v1.ObjectReference{Kind:"Deployment", Namespace:"openshift-kube-apiserver-operator", Name:"kube-apiserver-operator", UID:"0f90e131-ac50-4cb2-87c5-ad12ae1902a5", APIVersion:"apps/v1", ResourceVersion:"", FieldPath:""}): type: 'Warning' reason: 'RequiredInstallerResourcesMissing' configmaps: bound-sa-token-signing-certs-0,config-0,etcd-serving-ca-0,kube-apiserver-audit-policies-0,kube-apiserver-cert-syncer-kubeconfig-0,kube-apiserver-pod-0,kubelet-serving-ca-0,sa-token-signing-certs-0, secrets: etcd-client-0,localhost-recovery-client-token-0,localhost-recovery-serving-certkey-0
2026-01-28T09:32:36.070701954Z E0128 09:32:36.070676       1 base_controller.go:279] "Unhandled Error" err="Installer reconciliation failed: missing required resources: [configmaps: bound-sa-token-signing-certs-0,config-0,etcd-serving-ca-0,kube-apiserver-audit-policies-0,kube-apiserver-cert-syncer-kubeconfig-0,kube-apiserver-pod-0,kubelet-serving-ca-0,sa-token-signing-certs-0, secrets: etcd-client-0,localhost-recovery-client-token-0,localhost-recovery-serving-certkey-0]"
2026-01-28T09:32:36.277048986Z E0128 09:32:36.276988       1 base_controller.go:279] "Unhandled Error" err="CertRotationController reconciliation failed: KubeAPIServer.operator.openshift.io \"cluster\" is invalid: [status.nodeStatuses[0].currentRevision: Invalid value: \"object\": cannot be unset once set, status.nodeStatuses[1].currentRevision: Invalid value: \"object\": cannot be unset once set, status.nodeStatuses[2].currentRevision: Invalid value: \"object\": cannot be unset once set]"
2026-01-28T09:32:36.300490120Z I0128 09:32:36.300454       1 status_controller.go:230] clusteroperator/kube-apiserver diff {"status":{"conditions":[{"lastTransitionTime":"2026-01-28T09:32:36Z","message":"GuardControllerDegraded: [Missing operand on node ip-10-0-102-200.us-west-1.compute.internal, Missing operand on node ip-10-0-108-54.us-west-1.compute.internal, Missing operand on node ip-10-0-3-203.us-west-1.compute.internal]\nInstallerControllerDegraded: missing required resources: [configmaps: bound-sa-token-signing-certs-0,config-0,etcd-serving-ca-0,kube-apiserver-audit-policies-0,kube-apiserver-cert-syncer-kubeconfig-0,kube-apiserver-pod-0,kubelet-serving-ca-0,sa-token-signing-certs-0, secrets: etcd-client-0,localhost-recovery-client-token-0,localhost-recovery-serving-certkey-0]\nNodeKubeconfigControllerDegraded: \"secret/node-kubeconfigs\": configmap \"kube-apiserver-server-ca\" not found\nRevisionControllerDegraded: configmap \"kube-apiserver-pod\" not found","reason":"GuardController_SyncError::InstallerController_Error::NodeKubeconfigController_SyncError::RevisionController_SyncError","status":"True","type":"Degraded"},{"lastTransitionTime":"2026-01-28T09:30:35Z","message":"NodeInstallerProgressing: 3 nodes are at revision 0","reason":"AsExpected","status":"False","type":"Progressing"},{"lastTransitionTime":"2026-01-28T09:30:35Z","message":"StaticPodsAvailable: 0 nodes are active; 3 nodes are at revision 0","reason":"StaticPods_ZeroNodesActive","status":"False","type":"Available"},{"lastTransitionTime":"2026-01-28T09:30:35Z","message":"KubeletMinorVersionUpgradeable: Kubelet and API server minor versions are synced.","reason":"AsExpected","status":"True","type":"Upgradeable"},{"lastTransitionTime":"2026-01-28T09:31:21Z","message":"PodSecurityInconclusiveEvaluationConditionsDetected: Could not evaluate violations for namespaces: [kube-node-lease openshift openshift-apiserver-operator openshift-cloud-credential-operator openshift-cloud-network-config-controller openshift-cluster-olm-operator openshift-cluster-samples-operator openshift-cluster-storage-operator openshift-config-managed openshift-config-operator openshift-console openshift-console-operator openshift-console-user-settings openshift-controller-manager-operator openshift-dns-operator openshift-host-network openshift-ingress-operator openshift-kube-controller-manager-operator openshift-kube-storage-version-migrator openshift-kube-storage-version-migrator-operator openshift-network-console openshift-network-diagnostics openshift-node openshift-service-ca openshift-service-ca-operator openshift-user-workload-monitoring]","reason":"PodSecurityInconclusive_PSViolationDecisionInconclusive","status":"True","type":"EvaluationConditionsDetected"}]}}
2026-01-28T09:32:36.311802577Z I0128 09:32:36.308842       1 event.go:377] Event(v1.ObjectReference{Kind:"Deployment", Namespace:"openshift-kube-apiserver-operator", Name:"kube-apiserver-operator", UID:"0f90e131-ac50-4cb2-87c5-ad12ae1902a5", APIVersion:"apps/v1", ResourceVersion:"", FieldPath:""}): type: 'Normal' reason: 'OperatorStatusChanged' Status for clusteroperator/kube-apiserver changed: Degraded changed from False to True ("GuardControllerDegraded: [Missing operand on node ip-10-0-102-200.us-west-1.compute.internal, Missing operand on node ip-10-0-108-54.us-west-1.compute.internal, Missing operand on node ip-10-0-3-203.us-west-1.compute.internal]\nInstallerControllerDegraded: missing required resources: [configmaps: bound-sa-token-signing-certs-0,config-0,etcd-serving-ca-0,kube-apiserver-audit-policies-0,kube-apiserver-cert-syncer-kubeconfig-0,kube-apiserver-pod-0,kubelet-serving-ca-0,sa-token-signing-certs-0, secrets: etcd-client-0,localhost-recovery-client-token-0,localhost-recovery-serving-certkey-0]\nNodeKubeconfigControllerDegraded: \"secret/node-kubeconfigs\": configmap \"kube-apiserver-server-ca\" not found\nRevisionControllerDegraded: configmap \"kube-apiserver-pod\" not found")
2026-01-28T09:32:36.475117894Z E0128 09:32:36.475012       1 base_controller.go:279] "Unhandled Error" err="CertRotationController reconciliation failed: KubeAPIServer.operator.openshift.io \"cluster\" is invalid: [status.nodeStatuses[0].currentRevision: Invalid value: \"object\": cannot be unset once set, status.nodeStatuses[1].currentRevision: Invalid value: \"object\": cannot be unset once set, status.nodeStatuses[2].currentRevision: Invalid value: \"object\": cannot be unset once set]"
2026-01-28T09:32:36.662752650Z I0128 09:32:36.662702       1 request.go:752] "Waited before sending request" delay="2.582915267s" reason="client-side throttling, not priority and fairness" verb="PUT" URL="https://172.30.0.1:443/apis/operator.openshift.io/v1/kubeapiservers/cluster/status"
2026-01-28T09:32:36.677335291Z E0128 09:32:36.677301       1 base_controller.go:279] "Unhandled Error" err="CertRotationController reconciliation failed: KubeAPIServer.operator.openshift.io \"cluster\" is invalid: [status.nodeStatuses[0].currentRevision: Invalid value: \"object\": cannot be unset once set, status.nodeStatuses[1].currentRevision: Invalid value: \"object\": cannot be unset once set, status.nodeStatuses[2].currentRevision: Invalid value: \"object\": cannot be unset once set]"
2026-01-28T09:32:36.875621149Z E0128 09:32:36.875580       1 base_controller.go:279] "Unhandled Error" err="CertRotationController reconciliation failed: KubeAPIServer.operator.openshift.io \"cluster\" is invalid: [status.nodeStatuses[0].currentRevision: Invalid value: \"object\": cannot be unset once set, status.nodeStatuses[1].currentRevision: Invalid value: \"object\": cannot be unset once set, status.nodeStatuses[2].currentRevision: Invalid value: \"object\": cannot be unset once set]"
2026-01-28T09:32:37.072869637Z E0128 09:32:37.072826       1 base_controller.go:279] "Unhandled Error" err="CertRotationController reconciliation failed: KubeAPIServer.operator.openshift.io \"cluster\" is invalid: [status.nodeStatuses[0].currentRevision: Invalid value: \"object\": cannot be unset once set, status.nodeStatuses[1].currentRevision: Invalid value: \"object\": cannot be unset once set, status.nodeStatuses[2].currentRevision: Invalid value: \"object\": cannot be unset once set]"
2026-01-28T09:32:37.277490163Z E0128 09:32:37.277450       1 base_controller.go:279] "Unhandled Error" err="CertRotationController reconciliation failed: KubeAPIServer.operator.openshift.io \"cluster\" is invalid: [status.nodeStatuses[0].currentRevision: Invalid value: \"object\": cannot be unset once set, status.nodeStatuses[1].currentRevision: Invalid value: \"object\": cannot be unset once set, status.nodeStatuses[2].currentRevision: Invalid value: \"object\": cannot be unset once set]"
2026-01-28T09:32:37.476135580Z E0128 09:32:37.476084       1 base_controller.go:279] "Unhandled Error" err="CertRotationController reconciliation failed: KubeAPIServer.operator.openshift.io \"cluster\" is invalid: [status.nodeStatuses[0].currentRevision: Invalid value: \"object\": cannot be unset once set, status.nodeStatuses[1].currentRevision: Invalid value: \"object\": cannot be unset once set, status.nodeStatuses[2].currentRevision: Invalid value: \"object\": cannot be unset once set]"
2026-01-28T09:32:37.674994157Z E0128 09:32:37.674956       1 base_controller.go:279] "Unhandled Error" err="CertRotationController reconciliation failed: KubeAPIServer.operator.openshift.io \"cluster\" is invalid: [status.nodeStatuses[0].currentRevision: Invalid value: \"object\": cannot be unset once set, status.nodeStatuses[1].currentRevision: Invalid value: \"object\": cannot be unset once set, status.nodeStatuses[2].currentRevision: Invalid value: \"object\": cannot be unset once set]"
2026-01-28T09:32:37.861856544Z I0128 09:32:37.861809       1 request.go:752] "Waited before sending request" delay="2.302122387s" reason="client-side throttling, not priority and fairness" verb="PUT" URL="https://172.30.0.1:443/apis/operator.openshift.io/v1/kubeapiservers/cluster/status"
2026-01-28T09:32:37.875350690Z E0128 09:32:37.875314       1 base_controller.go:279] "Unhandled Error" err="CertRotationController reconciliation failed: KubeAPIServer.operator.openshift.io \"cluster\" is invalid: [status.nodeStatuses[0].currentRevision: Invalid value: \"object\": cannot be unset once set, status.nodeStatuses[1].currentRevision: Invalid value: \"object\": cannot be unset once set, status.nodeStatuses[2].currentRevision: Invalid value: \"object\": cannot be unset once set]"
2026-01-28T09:32:38.088435810Z E0128 09:32:38.088395       1 base_controller.go:279] "Unhandled Error" err="CertRotationController reconciliation failed: KubeAPIServer.operator.openshift.io \"cluster\" is invalid: [status.nodeStatuses[0].currentRevision: Invalid value: \"object\": cannot be unset once set, status.nodeStatuses[1].currentRevision: Invalid value: \"object\": cannot be unset once set, status.nodeStatuses[2].currentRevision: Invalid value: \"object\": cannot be unset once set]"
2026-01-28T09:32:38.277485806Z E0128 09:32:38.277441       1 base_controller.go:279] "Unhandled Error" err="CertRotationController reconciliation failed: KubeAPIServer.operator.openshift.io \"cluster\" is invalid: [status.nodeStatuses[0].currentRevision: Invalid value: \"object\": cannot be unset once set, status.nodeStatuses[1].currentRevision: Invalid value: \"object\": cannot be unset once set, status.nodeStatuses[2].currentRevision: Invalid value: \"object\": cannot be unset once set]"
2026-01-28T09:32:38.468805537Z I0128 09:32:38.468758       1 event.go:377] Event(v1.ObjectReference{Kind:"Deployment", Namespace:"openshift-kube-apiserver-operator", Name:"kube-apiserver-operator", UID:"0f90e131-ac50-4cb2-87c5-ad12ae1902a5", APIVersion:"apps/v1", ResourceVersion:"", FieldPath:""}): type: 'Warning' reason: 'RequiredInstallerResourcesMissing' configmaps: bound-sa-token-signing-certs-0,config-0,etcd-serving-ca-0,kube-apiserver-audit-policies-0,kube-apiserver-cert-syncer-kubeconfig-0,kube-apiserver-pod-0,kubelet-serving-ca-0,sa-token-signing-certs-0, secrets: etcd-client-0,localhost-recovery-client-token-0,localhost-recovery-serving-certkey-0
2026-01-28T09:32:38.470591806Z E0128 09:32:38.470553       1 base_controller.go:279] "Unhandled Error" err="Installer reconciliation failed: missing required resources: [configmaps: bound-sa-token-signing-certs-0,config-0,etcd-serving-ca-0,kube-apiserver-audit-policies-0,kube-apiserver-cert-syncer-kubeconfig-0,kube-apiserver-pod-0,kubelet-serving-ca-0,sa-token-signing-certs-0, secrets: etcd-client-0,localhost-recovery-client-token-0,localhost-recovery-serving-certkey-0]"
2026-01-28T09:32:38.676933859Z E0128 09:32:38.676479       1 base_controller.go:279] "Unhandled Error" err="CertRotationController reconciliation failed: KubeAPIServer.operator.openshift.io \"cluster\" is invalid: [status.nodeStatuses[0].currentRevision: Invalid value: \"object\": cannot be unset once set, status.nodeStatuses[1].currentRevision: Invalid value: \"object\": cannot be unset once set, status.nodeStatuses[2].currentRevision: Invalid value: \"object\": cannot be unset once set]"
2026-01-28T09:32:38.862450318Z I0128 09:32:38.862405       1 request.go:752] "Waited before sending request" delay="2.385038259s" reason="client-side throttling, not priority and fairness" verb="PUT" URL="https://172.30.0.1:443/apis/operator.openshift.io/v1/kubeapiservers/cluster/status"
2026-01-28T09:32:38.876187526Z E0128 09:32:38.876149       1 base_controller.go:279] "Unhandled Error" err="CertRotationController reconciliation failed: KubeAPIServer.operator.openshift.io \"cluster\" is invalid: [status.nodeStatuses[0].currentRevision: Invalid value: \"object\": cannot be unset once set, status.nodeStatuses[1].currentRevision: Invalid value: \"object\": cannot be unset once set, status.nodeStatuses[2].currentRevision: Invalid value: \"object\": cannot be unset once set]"
2026-01-28T09:32:39.074139558Z E0128 09:32:39.074092       1 base_controller.go:279] "Unhandled Error" err="CertRotationController reconciliation failed: KubeAPIServer.operator.openshift.io \"cluster\" is invalid: [status.nodeStatuses[0].currentRevision: Invalid value: \"object\": cannot be unset once set, status.nodeStatuses[1].currentRevision: Invalid value: \"object\": cannot be unset once set, status.nodeStatuses[2].currentRevision: Invalid value: \"object\": cannot be unset once set]"
2026-01-28T09:32:39.276344134Z E0128 09:32:39.276296       1 base_controller.go:279] "Unhandled Error" err="CertRotationController reconciliation failed: KubeAPIServer.operator.openshift.io \"cluster\" is invalid: [status.nodeStatuses[0].currentRevision: Invalid value: \"object\": cannot be unset once set, status.nodeStatuses[1].currentRevision: Invalid value: \"object\": cannot be unset once set, status.nodeStatuses[2].currentRevision: Invalid value: \"object\": cannot be unset once set]"
2026-01-28T09:32:39.475008261Z E0128 09:32:39.474964       1 base_controller.go:279] "Unhandled Error" err="CertRotationController reconciliation failed: KubeAPIServer.operator.openshift.io \"cluster\" is invalid: [status.nodeStatuses[0].currentRevision: Invalid value: \"object\": cannot be unset once set, status.nodeStatuses[1].currentRevision: Invalid value: \"object\": cannot be unset once set, status.nodeStatuses[2].currentRevision: Invalid value: \"object\": cannot be unset once set]"
2026-01-28T09:32:39.512213865Z E0128 09:32:39.512177       1 guard_controller.go:310] Missing operand on node ip-10-0-3-203.us-west-1.compute.internal
2026-01-28T09:32:39.512265927Z E0128 09:32:39.512253       1 guard_controller.go:310] Missing operand on node ip-10-0-102-200.us-west-1.compute.internal
2026-01-28T09:32:39.512300529Z E0128 09:32:39.512289       1 guard_controller.go:310] Missing operand on node ip-10-0-108-54.us-west-1.compute.internal
2026-01-28T09:32:39.514094769Z E0128 09:32:39.514071       1 base_controller.go:279] "Unhandled Error" err="GuardController reconciliation failed: [Missing operand on node ip-10-0-102-200.us-west-1.compute.internal, Missing operand on node ip-10-0-108-54.us-west-1.compute.internal, Missing operand on node ip-10-0-3-203.us-west-1.compute.internal]"
2026-01-28T09:32:39.675818977Z E0128 09:32:39.675781       1 base_controller.go:279] "Unhandled Error" err="CertRotationController reconciliation failed: KubeAPIServer.operator.openshift.io \"cluster\" is invalid: [status.nodeStatuses[0].currentRevision: Invalid value: \"object\": cannot be unset once set, status.nodeStatuses[1].currentRevision: Invalid value: \"object\": cannot be unset once set, status.nodeStatuses[2].currentRevision: Invalid value: \"object\": cannot be unset once set]"
2026-01-28T09:32:39.875416961Z E0128 09:32:39.875360       1 base_controller.go:279] "Unhandled Error" err="CertRotationController reconciliation failed: KubeAPIServer.operator.openshift.io \"cluster\" is invalid: [status.nodeStatuses[0].currentRevision: Invalid value: \"object\": cannot be unset once set, status.nodeStatuses[1].currentRevision: Invalid value: \"object\": cannot be unset once set, status.nodeStatuses[2].currentRevision: Invalid value: \"object\": cannot be unset once set]"
2026-01-28T09:32:40.062588624Z I0128 09:32:40.062531       1 request.go:752] "Waited before sending request" delay="2.423744247s" reason="client-side throttling, not priority and fairness" verb="PUT" URL="https://172.30.0.1:443/apis/operator.openshift.io/v1/kubeapiservers/cluster/status"
2026-01-28T09:32:40.077060949Z E0128 09:32:40.076997       1 base_controller.go:279] "Unhandled Error" err="CertRotationController reconciliation failed: KubeAPIServer.operator.openshift.io \"cluster\" is invalid: [status.nodeStatuses[0].currentRevision: Invalid value: \"object\": cannot be unset once set, status.nodeStatuses[1].currentRevision: Invalid value: \"object\": cannot be unset once set, status.nodeStatuses[2].currentRevision: Invalid value: \"object\": cannot be unset once set]"
2026-01-28T09:32:40.276348628Z E0128 09:32:40.276311       1 base_controller.go:279] "Unhandled Error" err="CertRotationController reconciliation failed: KubeAPIServer.operator.openshift.io \"cluster\" is invalid: [status.nodeStatuses[0].currentRevision: Invalid value: \"object\": cannot be unset once set, status.nodeStatuses[1].currentRevision: Invalid value: \"object\": cannot be unset once set, status.nodeStatuses[2].currentRevision: Invalid value: \"object\": cannot be unset once set]"
2026-01-28T09:32:40.474390265Z E0128 09:32:40.474346       1 base_controller.go:279] "Unhandled Error" err="CertRotationController reconciliation failed: KubeAPIServer.operator.openshift.io \"cluster\" is invalid: [status.nodeStatuses[0].currentRevision: Invalid value: \"object\": cannot be unset once set, status.nodeStatuses[1].currentRevision: Invalid value: \"object\": cannot be unset once set, status.nodeStatuses[2].currentRevision: Invalid value: \"object\": cannot be unset once set]"
2026-01-28T09:32:40.677815031Z E0128 09:32:40.677772       1 base_controller.go:279] "Unhandled Error" err="CertRotationController reconciliation failed: KubeAPIServer.operator.openshift.io \"cluster\" is invalid: [status.nodeStatuses[0].currentRevision: Invalid value: \"object\": cannot be unset once set, status.nodeStatuses[1].currentRevision: Invalid value: \"object\": cannot be unset once set, status.nodeStatuses[2].currentRevision: Invalid value: \"object\": cannot be unset once set]"
2026-01-28T09:32:40.707521668Z I0128 09:32:40.699772       1 connectivity_check_controller.go:172] ConnectivityCheckController is waiting for transition to desired version (4.20.0-0-2026-01-28-090915-test-ci-ln-vjb5l1t-latest) to be completed.
2026-01-28T09:32:40.869368403Z I0128 09:32:40.869006       1 event.go:377] Event(v1.ObjectReference{Kind:"Deployment", Namespace:"openshift-kube-apiserver-operator", Name:"kube-apiserver-operator", UID:"0f90e131-ac50-4cb2-87c5-ad12ae1902a5", APIVersion:"apps/v1", ResourceVersion:"", FieldPath:""}): type: 'Warning' reason: 'RequiredInstallerResourcesMissing' configmaps: bound-sa-token-signing-certs-0,config-0,etcd-serving-ca-0,kube-apiserver-audit-policies-0,kube-apiserver-cert-syncer-kubeconfig-0,kube-apiserver-pod-0,kubelet-serving-ca-0,sa-token-signing-certs-0, secrets: etcd-client-0,localhost-recovery-client-token-0,localhost-recovery-serving-certkey-0
2026-01-28T09:32:40.870440517Z E0128 09:32:40.870401       1 base_controller.go:279] "Unhandled Error" err="Installer reconciliation failed: missing required resources: [configmaps: bound-sa-token-signing-certs-0,config-0,etcd-serving-ca-0,kube-apiserver-audit-policies-0,kube-apiserver-cert-syncer-kubeconfig-0,kube-apiserver-pod-0,kubelet-serving-ca-0,sa-token-signing-certs-0, secrets: etcd-client-0,localhost-recovery-client-token-0,localhost-recovery-serving-certkey-0]"
2026-01-28T09:32:41.076061063Z E0128 09:32:41.075987       1 base_controller.go:279] "Unhandled Error" err="CertRotationController reconciliation failed: KubeAPIServer.operator.openshift.io \"cluster\" is invalid: [status.nodeStatuses[0].currentRevision: Invalid value: \"object\": cannot be unset once set, status.nodeStatuses[1].currentRevision: Invalid value: \"object\": cannot be unset once set, status.nodeStatuses[2].currentRevision: Invalid value: \"object\": cannot be unset once set]"
2026-01-28T09:32:41.261757131Z I0128 09:32:41.261715       1 request.go:752] "Waited before sending request" delay="2.223662528s" reason="client-side throttling, not priority and fairness" verb="PUT" URL="https://172.30.0.1:443/apis/operator.openshift.io/v1/kubeapiservers/cluster/status"
2026-01-28T09:32:41.273242566Z E0128 09:32:41.273194       1 base_controller.go:279] "Unhandled Error" err="CertRotationController reconciliation failed: KubeAPIServer.operator.openshift.io \"cluster\" is invalid: [status.nodeStatuses[0].currentRevision: Invalid value: \"object\": cannot be unset once set, status.nodeStatuses[1].currentRevision: Invalid value: \"object\": cannot be unset once set, status.nodeStatuses[2].currentRevision: Invalid value: \"object\": cannot be unset once set]"
2026-01-28T09:32:41.480217271Z E0128 09:32:41.480176       1 base_controller.go:279] "Unhandled Error" err="CertRotationController reconciliation failed: KubeAPIServer.operator.openshift.io \"cluster\" is invalid: [status.nodeStatuses[0].currentRevision: Invalid value: \"object\": cannot be unset once set, status.nodeStatuses[1].currentRevision: Invalid value: \"object\": cannot be unset once set, status.nodeStatuses[2].currentRevision: Invalid value: \"object\": cannot be unset once set]"
2026-01-28T09:32:41.686814285Z E0128 09:32:41.686775       1 base_controller.go:279] "Unhandled Error" err="CertRotationController reconciliation failed: KubeAPIServer.operator.openshift.io \"cluster\" is invalid: [status.nodeStatuses[0].currentRevision: Invalid value: \"object\": cannot be unset once set, status.nodeStatuses[1].currentRevision: Invalid value: \"object\": cannot be unset once set, status.nodeStatuses[2].currentRevision: Invalid value: \"object\": cannot be unset once set]"
2026-01-28T09:32:41.875698594Z E0128 09:32:41.875658       1 base_controller.go:279] "Unhandled Error" err="CertRotationController reconciliation failed: KubeAPIServer.operator.openshift.io \"cluster\" is invalid: [status.nodeStatuses[0].currentRevision: Invalid value: \"object\": cannot be unset once set, status.nodeStatuses[1].currentRevision: Invalid value: \"object\": cannot be unset once set, status.nodeStatuses[2].currentRevision: Invalid value: \"object\": cannot be unset once set]"
2026-01-28T09:32:42.072784243Z E0128 09:32:42.072742       1 base_controller.go:279] "Unhandled Error" err="CertRotationController reconciliation failed: KubeAPIServer.operator.openshift.io \"cluster\" is invalid: [status.nodeStatuses[0].currentRevision: Invalid value: \"object\": cannot be unset once set, status.nodeStatuses[1].currentRevision: Invalid value: \"object\": cannot be unset once set, status.nodeStatuses[2].currentRevision: Invalid value: \"object\": cannot be unset once set]"
2026-01-28T09:32:42.263189447Z I0128 09:32:42.263149       1 request.go:752] "Waited before sending request" delay="1.350935767s" reason="client-side throttling, not priority and fairness" verb="GET" URL="https://172.30.0.1:443/apis/operator.openshift.io/v1/kubeapiservers/cluster"
2026-01-28T09:32:42.270219229Z I0128 09:32:42.270183       1 event.go:377] Event(v1.ObjectReference{Kind:"Deployment", Namespace:"openshift-kube-apiserver-operator", Name:"kube-apiserver-operator", UID:"0f90e131-ac50-4cb2-87c5-ad12ae1902a5", APIVersion:"apps/v1", ResourceVersion:"", FieldPath:""}): type: 'Warning' reason: 'RequiredInstallerResourcesMissing' configmaps: bound-sa-token-signing-certs-0,config-0,etcd-serving-ca-0,kube-apiserver-audit-policies-0,kube-apiserver-cert-syncer-kubeconfig-0,kube-apiserver-pod-0,kubelet-serving-ca-0,sa-token-signing-certs-0, secrets: etcd-client-0,localhost-recovery-client-token-0,localhost-recovery-serving-certkey-0
2026-01-28T09:32:42.271646361Z E0128 09:32:42.271620       1 base_controller.go:279] "Unhandled Error" err="Installer reconciliation failed: missing required resources: [configmaps: bound-sa-token-signing-certs-0,config-0,etcd-serving-ca-0,kube-apiserver-audit-policies-0,kube-apiserver-cert-syncer-kubeconfig-0,kube-apiserver-pod-0,kubelet-serving-ca-0,sa-token-signing-certs-0, secrets: etcd-client-0,localhost-recovery-client-token-0,localhost-recovery-serving-certkey-0]"
2026-01-28T09:32:42.476653466Z E0128 09:32:42.476601       1 base_controller.go:279] "Unhandled Error" err="CertRotationController reconciliation failed: KubeAPIServer.operator.openshift.io \"cluster\" is invalid: [status.nodeStatuses[0].currentRevision: Invalid value: \"object\": cannot be unset once set, status.nodeStatuses[1].currentRevision: Invalid value: \"object\": cannot be unset once set, status.nodeStatuses[2].currentRevision: Invalid value: \"object\": cannot be unset once set]"
2026-01-28T09:32:42.668237740Z I0128 09:32:42.668179       1 event.go:377] Event(v1.ObjectReference{Kind:"Deployment", Namespace:"openshift-kube-apiserver-operator", Name:"kube-apiserver-operator", UID:"0f90e131-ac50-4cb2-87c5-ad12ae1902a5", APIVersion:"apps/v1", ResourceVersion:"", FieldPath:""}): type: 'Warning' reason: 'RequiredInstallerResourcesMissing' configmaps: bound-sa-token-signing-certs-0,config-0,etcd-serving-ca-0,kube-apiserver-audit-policies-0,kube-apiserver-cert-syncer-kubeconfig-0,kube-apiserver-pod-0,kubelet-serving-ca-0,sa-token-signing-certs-0, secrets: etcd-client-0,localhost-recovery-client-token-0,localhost-recovery-serving-certkey-0
2026-01-28T09:32:42.669697053Z E0128 09:32:42.669673       1 base_controller.go:279] "Unhandled Error" err="Installer reconciliation failed: missing required resources: [configmaps: bound-sa-token-signing-certs-0,config-0,etcd-serving-ca-0,kube-apiserver-audit-policies-0,kube-apiserver-cert-syncer-kubeconfig-0,kube-apiserver-pod-0,kubelet-serving-ca-0,sa-token-signing-certs-0, secrets: etcd-client-0,localhost-recovery-client-token-0,localhost-recovery-serving-certkey-0]"
2026-01-28T09:32:42.868882697Z I0128 09:32:42.868813       1 event.go:377] Event(v1.ObjectReference{Kind:"Deployment", Namespace:"openshift-kube-apiserver-operator", Name:"kube-apiserver-operator", UID:"0f90e131-ac50-4cb2-87c5-ad12ae1902a5", APIVersion:"apps/v1", ResourceVersion:"", FieldPath:""}): type: 'Warning' reason: 'RequiredInstallerResourcesMissing' configmaps: bound-sa-token-signing-certs-0,config-0,etcd-serving-ca-0,kube-apiserver-audit-policies-0,kube-apiserver-cert-syncer-kubeconfig-0,kube-apiserver-pod-0,kubelet-serving-ca-0,sa-token-signing-certs-0, secrets: etcd-client-0,localhost-recovery-client-token-0,localhost-recovery-serving-certkey-0
2026-01-28T09:32:42.870375722Z E0128 09:32:42.870353       1 base_controller.go:279] "Unhandled Error" err="Installer reconciliation failed: missing required resources: [configmaps: bound-sa-token-signing-certs-0,config-0,etcd-serving-ca-0,kube-apiserver-audit-policies-0,kube-apiserver-cert-syncer-kubeconfig-0,kube-apiserver-pod-0,kubelet-serving-ca-0,sa-token-signing-certs-0, secrets: etcd-client-0,localhost-recovery-client-token-0,localhost-recovery-serving-certkey-0]"
2026-01-28T09:32:43.198217638Z I0128 09:32:43.198156       1 event.go:377] Event(v1.ObjectReference{Kind:"Deployment", Namespace:"openshift-kube-apiserver-operator", Name:"kube-apiserver-operator", UID:"0f90e131-ac50-4cb2-87c5-ad12ae1902a5", APIVersion:"apps/v1", ResourceVersion:"", FieldPath:""}): type: 'Warning' reason: 'RequiredInstallerResourcesMissing' configmaps: bound-sa-token-signing-certs-0,config-0,etcd-serving-ca-0,kube-apiserver-audit-policies-0,kube-apiserver-cert-syncer-kubeconfig-0,kube-apiserver-pod-0,kubelet-serving-ca-0,sa-token-signing-certs-0, secrets: etcd-client-0,localhost-recovery-client-token-0,localhost-recovery-serving-certkey-0
2026-01-28T09:32:43.199770776Z E0128 09:32:43.199739       1 base_controller.go:279] "Unhandled Error" err="Installer reconciliation failed: missing required resources: [configmaps: bound-sa-token-signing-certs-0,config-0,etcd-serving-ca-0,kube-apiserver-audit-policies-0,kube-apiserver-cert-syncer-kubeconfig-0,kube-apiserver-pod-0,kubelet-serving-ca-0,sa-token-signing-certs-0, secrets: etcd-client-0,localhost-recovery-client-token-0,localhost-recovery-serving-certkey-0]"
2026-01-28T09:32:43.853820487Z E0128 09:32:43.852062       1 base_controller.go:279] "Unhandled Error" err="Installer reconciliation failed: missing required resources: [configmaps: bound-sa-token-signing-certs-0,config-0,etcd-serving-ca-0,kube-apiserver-audit-policies-0,kube-apiserver-cert-syncer-kubeconfig-0,kube-apiserver-pod-0,kubelet-serving-ca-0,sa-token-signing-certs-0, secrets: etcd-client-0,localhost-recovery-client-token-0,localhost-recovery-serving-certkey-0]"
2026-01-28T09:32:43.853820487Z I0128 09:32:43.852337       1 event.go:377] Event(v1.ObjectReference{Kind:"Deployment", Namespace:"openshift-kube-apiserver-operator", Name:"kube-apiserver-operator", UID:"0f90e131-ac50-4cb2-87c5-ad12ae1902a5", APIVersion:"apps/v1", ResourceVersion:"", FieldPath:""}): type: 'Warning' reason: 'RequiredInstallerResourcesMissing' configmaps: bound-sa-token-signing-certs-0,config-0,etcd-serving-ca-0,kube-apiserver-audit-policies-0,kube-apiserver-cert-syncer-kubeconfig-0,kube-apiserver-pod-0,kubelet-serving-ca-0,sa-token-signing-certs-0, secrets: etcd-client-0,localhost-recovery-client-token-0,localhost-recovery-serving-certkey-0
2026-01-28T09:32:44.413968185Z E0128 09:32:44.413922       1 base_controller.go:279] "Unhandled Error" err="CertRotationController reconciliation failed: KubeAPIServer.operator.openshift.io \"cluster\" is invalid: [status.nodeStatuses[0].currentRevision: Invalid value: \"object\": cannot be unset once set, status.nodeStatuses[1].currentRevision: Invalid value: \"object\": cannot be unset once set, status.nodeStatuses[2].currentRevision: Invalid value: \"object\": cannot be unset once set]"
2026-01-28T09:32:44.809744034Z E0128 09:32:44.809701       1 base_controller.go:279] "Unhandled Error" err="CertRotationController reconciliation failed: KubeAPIServer.operator.openshift.io \"cluster\" is invalid: [status.nodeStatuses[0].currentRevision: Invalid value: \"object\": cannot be unset once set, status.nodeStatuses[1].currentRevision: Invalid value: \"object\": cannot be unset once set, status.nodeStatuses[2].currentRevision: Invalid value: \"object\": cannot be unset once set]"
2026-01-28T09:32:45.141613002Z I0128 09:32:45.141549       1 event.go:377] Event(v1.ObjectReference{Kind:"Deployment", Namespace:"openshift-kube-apiserver-operator", Name:"kube-apiserver-operator", UID:"0f90e131-ac50-4cb2-87c5-ad12ae1902a5", APIVersion:"apps/v1", ResourceVersion:"", FieldPath:""}): type: 'Warning' reason: 'RequiredInstallerResourcesMissing' configmaps: bound-sa-token-signing-certs-0,config-0,etcd-serving-ca-0,kube-apiserver-audit-policies-0,kube-apiserver-cert-syncer-kubeconfig-0,kube-apiserver-pod-0,kubelet-serving-ca-0,sa-token-signing-certs-0, secrets: etcd-client-0,localhost-recovery-client-token-0,localhost-recovery-serving-certkey-0
2026-01-28T09:32:45.143076335Z E0128 09:32:45.143017       1 base_controller.go:279] "Unhandled Error" err="Installer reconciliation failed: missing required resources: [configmaps: bound-sa-token-signing-certs-0,config-0,etcd-serving-ca-0,kube-apiserver-audit-policies-0,kube-apiserver-cert-syncer-kubeconfig-0,kube-apiserver-pod-0,kubelet-serving-ca-0,sa-token-signing-certs-0, secrets: etcd-client-0,localhost-recovery-client-token-0,localhost-recovery-serving-certkey-0]"
2026-01-28T09:32:45.411766085Z E0128 09:32:45.411722       1 base_controller.go:279] "Unhandled Error" err="CertRotationController reconciliation failed: KubeAPIServer.operator.openshift.io \"cluster\" is invalid: [status.nodeStatuses[0].currentRevision: Invalid value: \"object\": cannot be unset once set, status.nodeStatuses[1].currentRevision: Invalid value: \"object\": cannot be unset once set, status.nodeStatuses[2].currentRevision: Invalid value: \"object\": cannot be unset once set]"
2026-01-28T09:32:47.209223861Z E0128 09:32:47.209176       1 base_controller.go:279] "Unhandled Error" err="CertRotationController reconciliation failed: KubeAPIServer.operator.openshift.io \"cluster\" is invalid: [status.nodeStatuses[0].currentRevision: Invalid value: \"object\": cannot be unset once set, status.nodeStatuses[1].currentRevision: Invalid value: \"object\": cannot be unset once set, status.nodeStatuses[2].currentRevision: Invalid value: \"object\": cannot be unset once set]"
2026-01-28T09:32:47.614729028Z E0128 09:32:47.614679       1 base_controller.go:279] "Unhandled Error" err="CertRotationController reconciliation failed: KubeAPIServer.operator.openshift.io \"cluster\" is invalid: [status.nodeStatuses[0].currentRevision: Invalid value: \"object\": cannot be unset once set, status.nodeStatuses[1].currentRevision: Invalid value: \"object\": cannot be unset once set, status.nodeStatuses[2].currentRevision: Invalid value: \"object\": cannot be unset once set]"
2026-01-28T09:32:47.711800825Z I0128 09:32:47.711744       1 event.go:377] Event(v1.ObjectReference{Kind:"Deployment", Namespace:"openshift-kube-apiserver-operator", Name:"kube-apiserver-operator", UID:"0f90e131-ac50-4cb2-87c5-ad12ae1902a5", APIVersion:"apps/v1", ResourceVersion:"", FieldPath:""}): type: 'Warning' reason: 'RequiredInstallerResourcesMissing' configmaps: bound-sa-token-signing-certs-0,config-0,etcd-serving-ca-0,kube-apiserver-audit-policies-0,kube-apiserver-cert-syncer-kubeconfig-0,kube-apiserver-pod-0,kubelet-serving-ca-0,sa-token-signing-certs-0, secrets: etcd-client-0,localhost-recovery-client-token-0,localhost-recovery-serving-certkey-0
2026-01-28T09:32:47.713452650Z E0128 09:32:47.713396       1 base_controller.go:279] "Unhandled Error" err="Installer reconciliation failed: missing required resources: [configmaps: bound-sa-token-signing-certs-0,config-0,etcd-serving-ca-0,kube-apiserver-audit-policies-0,kube-apiserver-cert-syncer-kubeconfig-0,kube-apiserver-pod-0,kubelet-serving-ca-0,sa-token-signing-certs-0, secrets: etcd-client-0,localhost-recovery-client-token-0,localhost-recovery-serving-certkey-0]"
2026-01-28T09:32:49.755622647Z E0128 09:32:49.755577       1 base_controller.go:279] "Unhandled Error" err="CertRotationController reconciliation failed: KubeAPIServer.operator.openshift.io \"cluster\" is invalid: [status.nodeStatuses[0].currentRevision: Invalid value: \"object\": cannot be unset once set, status.nodeStatuses[1].currentRevision: Invalid value: \"object\": cannot be unset once set, status.nodeStatuses[2].currentRevision: Invalid value: \"object\": cannot be unset once set]"
2026-01-28T09:32:50.041223059Z I0128 09:32:50.041165       1 connectivity_check_controller.go:172] ConnectivityCheckController is waiting for transition to desired version (4.20.0-0-2026-01-28-090915-test-ci-ln-vjb5l1t-latest) to be completed.
2026-01-28T09:32:50.149067197Z E0128 09:32:50.148376       1 base_controller.go:279] "Unhandled Error" err="CertRotationController reconciliation failed: KubeAPIServer.operator.openshift.io \"cluster\" is invalid: [status.nodeStatuses[0].currentRevision: Invalid value: \"object\": cannot be unset once set, status.nodeStatuses[1].currentRevision: Invalid value: \"object\": cannot be unset once set, status.nodeStatuses[2].currentRevision: Invalid value: \"object\": cannot be unset once set]"
2026-01-28T09:32:50.149067197Z E0128 09:32:50.148569       1 guard_controller.go:310] Missing operand on node ip-10-0-102-200.us-west-1.compute.internal
2026-01-28T09:32:50.149067197Z E0128 09:32:50.148585       1 guard_controller.go:310] Missing operand on node ip-10-0-108-54.us-west-1.compute.internal
2026-01-28T09:32:50.149067197Z E0128 09:32:50.148592       1 guard_controller.go:310] Missing operand on node ip-10-0-3-203.us-west-1.compute.internal
2026-01-28T09:32:50.152061011Z E0128 09:32:50.150546       1 base_controller.go:279] "Unhandled Error" err="GuardController reconciliation failed: [Missing operand on node ip-10-0-102-200.us-west-1.compute.internal, Missing operand on node ip-10-0-108-54.us-west-1.compute.internal, Missing operand on node ip-10-0-3-203.us-west-1.compute.internal]"
2026-01-28T09:32:50.330905961Z E0128 09:32:50.330865       1 base_controller.go:279] "Unhandled Error" err="CertRotationController reconciliation failed: KubeAPIServer.operator.openshift.io \"cluster\" is invalid: [status.nodeStatuses[0].currentRevision: Invalid value: \"object\": cannot be unset once set, status.nodeStatuses[1].currentRevision: Invalid value: \"object\": cannot be unset once set, status.nodeStatuses[2].currentRevision: Invalid value: \"object\": cannot be unset once set]"
2026-01-28T09:32:50.713464985Z E0128 09:32:50.713414       1 guard_controller.go:310] Missing operand on node ip-10-0-102-200.us-west-1.compute.internal
2026-01-28T09:32:50.713464985Z E0128 09:32:50.713446       1 guard_controller.go:310] Missing operand on node ip-10-0-108-54.us-west-1.compute.internal
2026-01-28T09:32:50.713464985Z E0128 09:32:50.713458       1 guard_controller.go:310] Missing operand on node ip-10-0-3-203.us-west-1.compute.internal
2026-01-28T09:32:50.719242460Z E0128 09:32:50.719213       1 base_controller.go:279] "Unhandled Error" err="GuardController reconciliation failed: [Missing operand on node ip-10-0-102-200.us-west-1.compute.internal, Missing operand on node ip-10-0-108-54.us-west-1.compute.internal, Missing operand on node ip-10-0-3-203.us-west-1.compute.internal]"
2026-01-28T09:32:50.731061075Z E0128 09:32:50.729997       1 base_controller.go:279] "Unhandled Error" err="CertRotationController reconciliation failed: KubeAPIServer.operator.openshift.io \"cluster\" is invalid: [status.nodeStatuses[0].currentRevision: Invalid value: \"object\": cannot be unset once set, status.nodeStatuses[1].currentRevision: Invalid value: \"object\": cannot be unset once set, status.nodeStatuses[2].currentRevision: Invalid value: \"object\": cannot be unset once set]"
2026-01-28T09:32:50.931200415Z E0128 09:32:50.931150       1 base_controller.go:279] "Unhandled Error" err="CertRotationController reconciliation failed: KubeAPIServer.operator.openshift.io \"cluster\" is invalid: [status.nodeStatuses[0].currentRevision: Invalid value: \"object\": cannot be unset once set, status.nodeStatuses[1].currentRevision: Invalid value: \"object\": cannot be unset once set, status.nodeStatuses[2].currentRevision: Invalid value: \"object\": cannot be unset once set]"
2026-01-28T09:32:51.300837217Z E0128 09:32:51.300798       1 guard_controller.go:310] Missing operand on node ip-10-0-102-200.us-west-1.compute.internal
2026-01-28T09:32:51.300900661Z E0128 09:32:51.300888       1 guard_controller.go:310] Missing operand on node ip-10-0-108-54.us-west-1.compute.internal
2026-01-28T09:32:51.300936592Z E0128 09:32:51.300924       1 guard_controller.go:310] Missing operand on node ip-10-0-3-203.us-west-1.compute.internal
2026-01-28T09:32:51.302782097Z E0128 09:32:51.302746       1 base_controller.go:279] "Unhandled Error" err="GuardController reconciliation failed: [Missing operand on node ip-10-0-102-200.us-west-1.compute.internal, Missing operand on node ip-10-0-108-54.us-west-1.compute.internal, Missing operand on node ip-10-0-3-203.us-west-1.compute.internal]"
2026-01-28T09:32:51.337396638Z E0128 09:32:51.337358       1 base_controller.go:279] "Unhandled Error" err="CertRotationController reconciliation failed: KubeAPIServer.operator.openshift.io \"cluster\" is invalid: [status.nodeStatuses[0].currentRevision: Invalid value: \"object\": cannot be unset once set, status.nodeStatuses[1].currentRevision: Invalid value: \"object\": cannot be unset once set, status.nodeStatuses[2].currentRevision: Invalid value: \"object\": cannot be unset once set]"
2026-01-28T09:32:51.533081240Z E0128 09:32:51.533036       1 base_controller.go:279] "Unhandled Error" err="CertRotationController reconciliation failed: KubeAPIServer.operator.openshift.io \"cluster\" is invalid: [status.nodeStatuses[0].currentRevision: Invalid value: \"object\": cannot be unset once set, status.nodeStatuses[1].currentRevision: Invalid value: \"object\": cannot be unset once set, status.nodeStatuses[2].currentRevision: Invalid value: \"object\": cannot be unset once set]"
2026-01-28T09:32:52.842557359Z I0128 09:32:52.842505       1 event.go:377] Event(v1.ObjectReference{Kind:"Deployment", Namespace:"openshift-kube-apiserver-operator", Name:"kube-apiserver-operator", UID:"0f90e131-ac50-4cb2-87c5-ad12ae1902a5", APIVersion:"apps/v1", ResourceVersion:"", FieldPath:""}): type: 'Warning' reason: 'RequiredInstallerResourcesMissing' configmaps: bound-sa-token-signing-certs-0,config-0,etcd-serving-ca-0,kube-apiserver-audit-policies-0,kube-apiserver-cert-syncer-kubeconfig-0,kube-apiserver-pod-0,kubelet-serving-ca-0,sa-token-signing-certs-0, secrets: etcd-client-0,localhost-recovery-client-token-0,localhost-recovery-serving-certkey-0
2026-01-28T09:32:52.844282287Z E0128 09:32:52.844247       1 base_controller.go:279] "Unhandled Error" err="Installer reconciliation failed: missing required resources: [configmaps: bound-sa-token-signing-certs-0,config-0,etcd-serving-ca-0,kube-apiserver-audit-policies-0,kube-apiserver-cert-syncer-kubeconfig-0,kube-apiserver-pod-0,kubelet-serving-ca-0,sa-token-signing-certs-0, secrets: etcd-client-0,localhost-recovery-client-token-0,localhost-recovery-serving-certkey-0]"
2026-01-28T09:32:53.281992652Z E0128 09:32:53.280990       1 guard_controller.go:310] Missing operand on node ip-10-0-108-54.us-west-1.compute.internal
2026-01-28T09:32:53.281992652Z E0128 09:32:53.281014       1 guard_controller.go:310] Missing operand on node ip-10-0-3-203.us-west-1.compute.internal
2026-01-28T09:32:53.281992652Z E0128 09:32:53.281059       1 guard_controller.go:310] Missing operand on node ip-10-0-102-200.us-west-1.compute.internal
2026-01-28T09:32:53.282889508Z E0128 09:32:53.282800       1 base_controller.go:279] "Unhandled Error" err="GuardController reconciliation failed: [Missing operand on node ip-10-0-102-200.us-west-1.compute.internal, Missing operand on node ip-10-0-108-54.us-west-1.compute.internal, Missing operand on node ip-10-0-3-203.us-west-1.compute.internal]"
2026-01-28T09:32:55.710874455Z I0128 09:32:55.710722       1 connectivity_check_controller.go:172] ConnectivityCheckController is waiting for transition to desired version (4.20.0-0-2026-01-28-090915-test-ci-ln-vjb5l1t-latest) to be completed.
2026-01-28T09:32:55.724217928Z I0128 09:32:55.723352       1 connectivity_check_controller.go:172] ConnectivityCheckController is waiting for transition to desired version (4.20.0-0-2026-01-28-090915-test-ci-ln-vjb5l1t-latest) to be completed.
2026-01-28T09:32:56.232635231Z I0128 09:32:56.232567       1 connectivity_check_controller.go:172] ConnectivityCheckController is waiting for transition to desired version (4.20.0-0-2026-01-28-090915-test-ci-ln-vjb5l1t-latest) to be completed.
2026-01-28T09:32:56.234495066Z I0128 09:32:56.234455       1 connectivity_check_controller.go:172] ConnectivityCheckController is waiting for transition to desired version (4.20.0-0-2026-01-28-090915-test-ci-ln-vjb5l1t-latest) to be completed.
2026-01-28T09:32:57.468375257Z E0128 09:32:57.468325       1 base_controller.go:279] "Unhandled Error" err="CertRotationController reconciliation failed: KubeAPIServer.operator.openshift.io \"cluster\" is invalid: [status.nodeStatuses[0].currentRevision: Invalid value: \"object\": cannot be unset once set, status.nodeStatuses[1].currentRevision: Invalid value: \"object\": cannot be unset once set, status.nodeStatuses[2].currentRevision: Invalid value: \"object\": cannot be unset once set]"
2026-01-28T09:32:57.872286703Z E0128 09:32:57.872246       1 base_controller.go:279] "Unhandled Error" err="CertRotationController reconciliation failed: KubeAPIServer.operator.openshift.io \"cluster\" is invalid: [status.nodeStatuses[0].currentRevision: Invalid value: \"object\": cannot be unset once set, status.nodeStatuses[1].currentRevision: Invalid value: \"object\": cannot be unset once set, status.nodeStatuses[2].currentRevision: Invalid value: \"object\": cannot be unset once set]"
2026-01-28T09:32:58.192911938Z E0128 09:32:58.192874       1 guard_controller.go:310] Missing operand on node ip-10-0-102-200.us-west-1.compute.internal
2026-01-28T09:32:58.192984061Z E0128 09:32:58.192971       1 guard_controller.go:310] Missing operand on node ip-10-0-108-54.us-west-1.compute.internal
2026-01-28T09:32:58.193050725Z E0128 09:32:58.193037       1 guard_controller.go:310] Missing operand on node ip-10-0-3-203.us-west-1.compute.internal
2026-01-28T09:32:58.198611059Z E0128 09:32:58.198585       1 base_controller.go:279] "Unhandled Error" err="GuardController reconciliation failed: [Missing operand on node ip-10-0-102-200.us-west-1.compute.internal, Missing operand on node ip-10-0-108-54.us-west-1.compute.internal, Missing operand on node ip-10-0-3-203.us-west-1.compute.internal]"
2026-01-28T09:33:01.340876582Z I0128 09:33:01.340783       1 event.go:377] Event(v1.ObjectReference{Kind:"Deployment", Namespace:"openshift-kube-apiserver-operator", Name:"kube-apiserver-operator", UID:"0f90e131-ac50-4cb2-87c5-ad12ae1902a5", APIVersion:"apps/v1", ResourceVersion:"", FieldPath:""}): type: 'Normal' reason: 'ObserveStorageUpdated' Updated storage urls to https://10.0.102.200:2379,https://10.0.161.159:2379,https://localhost:2379
2026-01-28T09:33:01.357898623Z I0128 09:33:01.357854       1 event.go:377] Event(v1.ObjectReference{Kind:"Deployment", Namespace:"openshift-kube-apiserver-operator", Name:"kube-apiserver-operator", UID:"0f90e131-ac50-4cb2-87c5-ad12ae1902a5", APIVersion:"apps/v1", ResourceVersion:"", FieldPath:""}): type: 'Normal' reason: 'ObservedConfigChanged' Writing updated observed config:   map[string]any{
2026-01-28T09:33:01.357898623Z   	"admission": map[string]any{"pluginConfig": map[string]any{"PodSecurity": map[string]any{"configuration": map[string]any{"defaults": map[string]any{"audit": string("restricted"), "audit-version": string("latest"), "enforce": string("privileged"), "enforce-version": string("latest"), ...}}}, "network.openshift.io/ExternalIPRanger": map[string]any{"configuration": map[string]any{"allowIngressIP": bool(false), "apiVersion": string("network.openshift.io/v1"), "kind": string("ExternalIPRangerAdmissionConfig")}}, "network.openshift.io/RestrictedEndpointsAdmission": map[string]any{"configuration": map[string]any{"apiVersion": string("network.openshift.io/v1"), "kind": string("RestrictedEndpointsAdmissionConfig"), "restrictedCIDRs": []any{string("10.128.0.0/14"), string("172.30.0.0/16")}}}}},
2026-01-28T09:33:01.357898623Z   	"apiServerArguments": map[string]any{
2026-01-28T09:33:01.357898623Z   		... // 3 identical entries
2026-01-28T09:33:01.357898623Z   		"authorization-mode":       []any{string("Scope"), string("SystemMasters"), string("RBAC"), string("Node")},
2026-01-28T09:33:01.357898623Z   		"enable-admission-plugins": []any{string("authorization.openshift.io/RestrictSubjectBindings"), string("authorization.openshift.io/ValidateRoleBindingRestriction")},
2026-01-28T09:33:01.357898623Z   		"etcd-servers": []any{
2026-01-28T09:33:01.357898623Z + 			string("https://10.0.102.200:2379"),
2026-01-28T09:33:01.357898623Z   			string("https://10.0.161.159:2379"),
2026-01-28T09:33:01.357898623Z   			string("https://localhost:2379"),
2026-01-28T09:33:01.357898623Z   		},
2026-01-28T09:33:01.357898623Z   		"feature-gates": []any{string("AdditionalRoutingCapabilities=true"), string("AdminNetworkPolicy=true"), string("AlibabaPlatform=true"), string("AzureWorkloadIdentity=true"), ...},
2026-01-28T09:33:01.357898623Z   		"goaway-chance": []any{string("0.001")},
2026-01-28T09:33:01.357898623Z   		... // 4 identical entries
2026-01-28T09:33:01.357898623Z   	},
2026-01-28T09:33:01.357898623Z   	"corsAllowedOrigins":          []any{string(`//127\.0\.0\.1(:|$)`), string("//localhost(:|$)")},
2026-01-28T09:33:01.357898623Z   	"gracefulTerminationDuration": string("194"),
2026-01-28T09:33:01.357898623Z   	... // 2 identical entries
2026-01-28T09:33:01.357898623Z   }
2026-01-28T09:33:01.398348943Z E0128 09:33:01.398306       1 base_controller.go:279] "Unhandled Error" err="TargetConfigController reconciliation failed: apiServerArguments.etcd-servers has less than two live etcd endpoints: [https://10.0.102.200:2379]"
2026-01-28T09:33:01.402097145Z I0128 09:33:01.402056       1 connectivity_check_controller.go:172] ConnectivityCheckController is waiting for transition to desired version (4.20.0-0-2026-01-28-090915-test-ci-ln-vjb5l1t-latest) to be completed.
2026-01-28T09:33:01.419958539Z I0128 09:33:01.418087       1 event.go:377] Event(v1.ObjectReference{Kind:"Deployment", Namespace:"openshift-kube-apiserver-operator", Name:"kube-apiserver-operator", UID:"0f90e131-ac50-4cb2-87c5-ad12ae1902a5", APIVersion:"apps/v1", ResourceVersion:"", FieldPath:""}): type: 'Warning' reason: 'ConfigMissing' apiServerArguments.etcd-servers has less than two live etcd endpoints: [https://10.0.102.200:2379]
2026-01-28T09:33:01.434503423Z E0128 09:33:01.431359       1 base_controller.go:279] "Unhandled Error" err="RevisionController reconciliation failed: configmap \"kube-apiserver-pod\" not found"
2026-01-28T09:33:01.442791097Z E0128 09:33:01.440979       1 base_controller.go:279] "Unhandled Error" err="NodeKubeconfigController reconciliation failed: \"secret/node-kubeconfigs\": configmap \"kube-apiserver-server-ca\" not found"
2026-01-28T09:33:01.460225109Z I0128 09:33:01.458744       1 event.go:377] Event(v1.ObjectReference{Kind:"Deployment", Namespace:"openshift-kube-apiserver-operator", Name:"kube-apiserver-operator", UID:"0f90e131-ac50-4cb2-87c5-ad12ae1902a5", APIVersion:"apps/v1", ResourceVersion:"", FieldPath:""}): type: 'Warning' reason: 'RequiredInstallerResourcesMissing' configmaps: bound-sa-token-signing-certs-0,config-0,etcd-serving-ca-0,kube-apiserver-audit-policies-0,kube-apiserver-cert-syncer-kubeconfig-0,kube-apiserver-pod-0,kubelet-serving-ca-0,sa-token-signing-certs-0, secrets: etcd-client-0,localhost-recovery-client-token-0,localhost-recovery-serving-certkey-0
2026-01-28T09:33:01.463240653Z E0128 09:33:01.460738       1 base_controller.go:279] "Unhandled Error" err="Installer reconciliation failed: missing required resources: [configmaps: bound-sa-token-signing-certs-0,config-0,etcd-serving-ca-0,kube-apiserver-audit-policies-0,kube-apiserver-cert-syncer-kubeconfig-0,kube-apiserver-pod-0,kubelet-serving-ca-0,sa-token-signing-certs-0, secrets: etcd-client-0,localhost-recovery-client-token-0,localhost-recovery-serving-certkey-0]"
2026-01-28T09:33:02.263780626Z I0128 09:33:02.263706       1 connectivity_check_controller.go:172] ConnectivityCheckController is waiting for transition to desired version (4.20.0-0-2026-01-28-090915-test-ci-ln-vjb5l1t-latest) to be completed.
2026-01-28T09:33:02.884409187Z E0128 09:33:02.882526       1 guard_controller.go:310] Missing operand on node ip-10-0-102-200.us-west-1.compute.internal
2026-01-28T09:33:02.884409187Z E0128 09:33:02.882555       1 guard_controller.go:310] Missing operand on node ip-10-0-108-54.us-west-1.compute.internal
2026-01-28T09:33:02.884409187Z E0128 09:33:02.882567       1 guard_controller.go:310] Missing operand on node ip-10-0-3-203.us-west-1.compute.internal
2026-01-28T09:33:02.888833349Z E0128 09:33:02.886799       1 base_controller.go:279] "Unhandled Error" err="GuardController reconciliation failed: [Missing operand on node ip-10-0-102-200.us-west-1.compute.internal, Missing operand on node ip-10-0-108-54.us-west-1.compute.internal, Missing operand on node ip-10-0-3-203.us-west-1.compute.internal]"
2026-01-28T09:33:03.105175740Z E0128 09:33:03.103194       1 base_controller.go:279] "Unhandled Error" err="Installer reconciliation failed: missing required resources: [configmaps: bound-sa-token-signing-certs-0,config-0,etcd-serving-ca-0,kube-apiserver-audit-policies-0,kube-apiserver-cert-syncer-kubeconfig-0,kube-apiserver-pod-0,kubelet-serving-ca-0,sa-token-signing-certs-0, secrets: etcd-client-0,localhost-recovery-client-token-0,localhost-recovery-serving-certkey-0]"
2026-01-28T09:33:03.105175740Z I0128 09:33:03.103922       1 event.go:377] Event(v1.ObjectReference{Kind:"Deployment", Namespace:"openshift-kube-apiserver-operator", Name:"kube-apiserver-operator", UID:"0f90e131-ac50-4cb2-87c5-ad12ae1902a5", APIVersion:"apps/v1", ResourceVersion:"", FieldPath:""}): type: 'Warning' reason: 'RequiredInstallerResourcesMissing' configmaps: bound-sa-token-signing-certs-0,config-0,etcd-serving-ca-0,kube-apiserver-audit-policies-0,kube-apiserver-cert-syncer-kubeconfig-0,kube-apiserver-pod-0,kubelet-serving-ca-0,sa-token-signing-certs-0, secrets: etcd-client-0,localhost-recovery-client-token-0,localhost-recovery-serving-certkey-0
2026-01-28T09:33:04.745895502Z E0128 09:33:04.745848       1 base_controller.go:279] "Unhandled Error" err="RevisionController reconciliation failed: configmap \"kube-apiserver-pod\" not found"
2026-01-28T09:33:04.911114184Z E0128 09:33:04.911078       1 base_controller.go:279] "Unhandled Error" err="CertRotationController reconciliation failed: KubeAPIServer.operator.openshift.io \"cluster\" is invalid: [status.nodeStatuses[0].currentRevision: Invalid value: \"object\": cannot be unset once set, status.nodeStatuses[1].currentRevision: Invalid value: \"object\": cannot be unset once set, status.nodeStatuses[2].currentRevision: Invalid value: \"object\": cannot be unset once set]"
2026-01-28T09:33:05.077099564Z E0128 09:33:05.077038       1 base_controller.go:279] "Unhandled Error" err="CertRotationController reconciliation failed: KubeAPIServer.operator.openshift.io \"cluster\" is invalid: [status.nodeStatuses[0].currentRevision: Invalid value: \"object\": cannot be unset once set, status.nodeStatuses[1].currentRevision: Invalid value: \"object\": cannot be unset once set, status.nodeStatuses[2].currentRevision: Invalid value: \"object\": cannot be unset once set]"
2026-01-28T09:33:05.108096406Z E0128 09:33:05.107995       1 base_controller.go:279] "Unhandled Error" err="CertRotationController reconciliation failed: KubeAPIServer.operator.openshift.io \"cluster\" is invalid: [status.nodeStatuses[0].currentRevision: Invalid value: \"object\": cannot be unset once set, status.nodeStatuses[1].currentRevision: Invalid value: \"object\": cannot be unset once set, status.nodeStatuses[2].currentRevision: Invalid value: \"object\": cannot be unset once set]"
2026-01-28T09:33:05.111173140Z E0128 09:33:05.111127       1 base_controller.go:279] "Unhandled Error" err="CertRotationController reconciliation failed: KubeAPIServer.operator.openshift.io \"cluster\" is invalid: [status.nodeStatuses[0].currentRevision: Invalid value: \"object\": cannot be unset once set, status.nodeStatuses[1].currentRevision: Invalid value: \"object\": cannot be unset once set, status.nodeStatuses[2].currentRevision: Invalid value: \"object\": cannot be unset once set]"
2026-01-28T09:33:05.114998231Z W0128 09:33:05.114965       1 degraded_webhook.go:147] failed to connect to webhook "alertmanagerconfigs.monitoring.coreos.com" via service "prometheus-operator-admission-webhook.openshift-monitoring.svc:8443": dial tcp 172.30.48.68:8443: connect: connection refused
2026-01-28T09:33:05.117033413Z E0128 09:33:05.116995       1 base_controller.go:279] "Unhandled Error" err="CertRotationController reconciliation failed: KubeAPIServer.operator.openshift.io \"cluster\" is invalid: [status.nodeStatuses[0].currentRevision: Invalid value: \"object\": cannot be unset once set, status.nodeStatuses[1].currentRevision: Invalid value: \"object\": cannot be unset once set, status.nodeStatuses[2].currentRevision: Invalid value: \"object\": cannot be unset once set]"
2026-01-28T09:33:05.130199612Z E0128 09:33:05.130155       1 base_controller.go:279] "Unhandled Error" err="CertRotationController reconciliation failed: KubeAPIServer.operator.openshift.io \"cluster\" is invalid: [status.nodeStatuses[0].currentRevision: Invalid value: \"object\": cannot be unset once set, status.nodeStatuses[1].currentRevision: Invalid value: \"object\": cannot be unset once set, status.nodeStatuses[2].currentRevision: Invalid value: \"object\": cannot be unset once set]"
2026-01-28T09:33:05.134514928Z E0128 09:33:05.134488       1 base_controller.go:279] "Unhandled Error" err="CertRotationController reconciliation failed: KubeAPIServer.operator.openshift.io \"cluster\" is invalid: [status.nodeStatuses[0].currentRevision: Invalid value: \"object\": cannot be unset once set, status.nodeStatuses[1].currentRevision: Invalid value: \"object\": cannot be unset once set, status.nodeStatuses[2].currentRevision: Invalid value: \"object\": cannot be unset once set]"
2026-01-28T09:33:05.135222164Z E0128 09:33:05.135196       1 base_controller.go:279] "Unhandled Error" err="CertRotationController reconciliation failed: KubeAPIServer.operator.openshift.io \"cluster\" is invalid: [status.nodeStatuses[0].currentRevision: Invalid value: \"object\": cannot be unset once set, status.nodeStatuses[1].currentRevision: Invalid value: \"object\": cannot be unset once set, status.nodeStatuses[2].currentRevision: Invalid value: \"object\": cannot be unset once set]"
2026-01-28T09:33:05.135470686Z E0128 09:33:05.135445       1 base_controller.go:279] "Unhandled Error" err="CertRotationController reconciliation failed: KubeAPIServer.operator.openshift.io \"cluster\" is invalid: [status.nodeStatuses[0].currentRevision: Invalid value: \"object\": cannot be unset once set, status.nodeStatuses[1].currentRevision: Invalid value: \"object\": cannot be unset once set, status.nodeStatuses[2].currentRevision: Invalid value: \"object\": cannot be unset once set]"
2026-01-28T09:33:05.169883049Z E0128 09:33:05.169834       1 base_controller.go:279] "Unhandled Error" err="CertRotationController reconciliation failed: KubeAPIServer.operator.openshift.io \"cluster\" is invalid: [status.nodeStatuses[0].currentRevision: Invalid value: \"object\": cannot be unset once set, status.nodeStatuses[1].currentRevision: Invalid value: \"object\": cannot be unset once set, status.nodeStatuses[2].currentRevision: Invalid value: \"object\": cannot be unset once set]"
2026-01-28T09:33:05.170876078Z E0128 09:33:05.170848       1 base_controller.go:279] "Unhandled Error" err="CertRotationController reconciliation failed: KubeAPIServer.operator.openshift.io \"cluster\" is invalid: [status.nodeStatuses[0].currentRevision: Invalid value: \"object\": cannot be unset once set, status.nodeStatuses[1].currentRevision: Invalid value: \"object\": cannot be unset once set, status.nodeStatuses[2].currentRevision: Invalid value: \"object\": cannot be unset once set]"
2026-01-28T09:33:05.331429847Z E0128 09:33:05.331380       1 base_controller.go:279] "Unhandled Error" err="CertRotationController reconciliation failed: KubeAPIServer.operator.openshift.io \"cluster\" is invalid: [status.nodeStatuses[0].currentRevision: Invalid value: \"object\": cannot be unset once set, status.nodeStatuses[1].currentRevision: Invalid value: \"object\": cannot be unset once set, status.nodeStatuses[2].currentRevision: Invalid value: \"object\": cannot be unset once set]"
2026-01-28T09:33:05.401726366Z E0128 09:33:05.401664       1 base_controller.go:279] "Unhandled Error" err="TargetConfigController reconciliation failed: apiServerArguments.etcd-servers has less than two live etcd endpoints: [https://10.0.102.200:2379]"
2026-01-28T09:33:05.401791369Z I0128 09:33:05.401722       1 event.go:377] Event(v1.ObjectReference{Kind:"Deployment", Namespace:"openshift-kube-apiserver-operator", Name:"kube-apiserver-operator", UID:"0f90e131-ac50-4cb2-87c5-ad12ae1902a5", APIVersion:"apps/v1", ResourceVersion:"", FieldPath:""}): type: 'Warning' reason: 'ConfigMissing' apiServerArguments.etcd-servers has less than two live etcd endpoints: [https://10.0.102.200:2379]
2026-01-28T09:33:05.511038889Z E0128 09:33:05.510975       1 base_controller.go:279] "Unhandled Error" err="CertRotationController reconciliation failed: KubeAPIServer.operator.openshift.io \"cluster\" is invalid: [status.nodeStatuses[0].currentRevision: Invalid value: \"object\": cannot be unset once set, status.nodeStatuses[1].currentRevision: Invalid value: \"object\": cannot be unset once set, status.nodeStatuses[2].currentRevision: Invalid value: \"object\": cannot be unset once set]"
2026-01-28T09:33:05.711509095Z E0128 09:33:05.711439       1 base_controller.go:279] "Unhandled Error" err="CertRotationController reconciliation failed: KubeAPIServer.operator.openshift.io \"cluster\" is invalid: [status.nodeStatuses[0].currentRevision: Invalid value: \"object\": cannot be unset once set, status.nodeStatuses[1].currentRevision: Invalid value: \"object\": cannot be unset once set, status.nodeStatuses[2].currentRevision: Invalid value: \"object\": cannot be unset once set]"
2026-01-28T09:33:05.913626434Z E0128 09:33:05.913576       1 base_controller.go:279] "Unhandled Error" err="CertRotationController reconciliation failed: KubeAPIServer.operator.openshift.io \"cluster\" is invalid: [status.nodeStatuses[0].currentRevision: Invalid value: \"object\": cannot be unset once set, status.nodeStatuses[1].currentRevision: Invalid value: \"object\": cannot be unset once set, status.nodeStatuses[2].currentRevision: Invalid value: \"object\": cannot be unset once set]"
2026-01-28T09:33:06.118399706Z W0128 09:33:06.118341       1 degraded_webhook.go:147] failed to connect to webhook "alertmanagerconfigs.monitoring.coreos.com" via service "prometheus-operator-admission-webhook.openshift-monitoring.svc:8443": dial tcp 172.30.48.68:8443: connect: connection refused
2026-01-28T09:33:08.149608818Z E0128 09:33:08.147343       1 base_controller.go:279] "Unhandled Error" err="TargetConfigController reconciliation failed: apiServerArguments.etcd-servers has less than two live etcd endpoints: [https://10.0.102.200:2379]"
2026-01-28T09:33:08.153911934Z E0128 09:33:08.153811       1 base_controller.go:279] "Unhandled Error" err="NodeKubeconfigController reconciliation failed: \"secret/node-kubeconfigs\": configmap \"kube-apiserver-server-ca\" not found"
2026-01-28T09:33:08.156450341Z I0128 09:33:08.156419       1 connectivity_check_controller.go:172] ConnectivityCheckController is waiting for transition to desired version (4.20.0-0-2026-01-28-090915-test-ci-ln-vjb5l1t-latest) to be completed.
2026-01-28T09:33:08.171268463Z E0128 09:33:08.171227       1 base_controller.go:279] "Unhandled Error" err="RevisionController reconciliation failed: configmap \"kube-apiserver-pod\" not found"
2026-01-28T09:33:08.175858262Z I0128 09:33:08.175814       1 event.go:377] Event(v1.ObjectReference{Kind:"Deployment", Namespace:"openshift-kube-apiserver-operator", Name:"kube-apiserver-operator", UID:"0f90e131-ac50-4cb2-87c5-ad12ae1902a5", APIVersion:"apps/v1", ResourceVersion:"", FieldPath:""}): type: 'Warning' reason: 'ConfigMissing' apiServerArguments.etcd-servers has less than two live etcd endpoints: [https://10.0.102.200:2379]
2026-01-28T09:33:08.187389670Z I0128 09:33:08.187349       1 event.go:377] Event(v1.ObjectReference{Kind:"Deployment", Namespace:"openshift-kube-apiserver-operator", Name:"kube-apiserver-operator", UID:"0f90e131-ac50-4cb2-87c5-ad12ae1902a5", APIVersion:"apps/v1", ResourceVersion:"", FieldPath:""}): type: 'Warning' reason: 'RequiredInstallerResourcesMissing' configmaps: bound-sa-token-signing-certs-0,config-0,etcd-serving-ca-0,kube-apiserver-audit-policies-0,kube-apiserver-cert-syncer-kubeconfig-0,kube-apiserver-pod-0,kubelet-serving-ca-0,sa-token-signing-certs-0, secrets: etcd-client-0,localhost-recovery-client-token-0,localhost-recovery-serving-certkey-0
2026-01-28T09:33:08.188794860Z E0128 09:33:08.188760       1 base_controller.go:279] "Unhandled Error" err="Installer reconciliation failed: missing required resources: [configmaps: bound-sa-token-signing-certs-0,config-0,etcd-serving-ca-0,kube-apiserver-audit-policies-0,kube-apiserver-cert-syncer-kubeconfig-0,kube-apiserver-pod-0,kubelet-serving-ca-0,sa-token-signing-certs-0, secrets: etcd-client-0,localhost-recovery-client-token-0,localhost-recovery-serving-certkey-0]"
2026-01-28T09:33:08.229324299Z W0128 09:33:08.229275       1 degraded_webhook.go:147] failed to connect to webhook "alertmanagerconfigs.monitoring.coreos.com" via service "prometheus-operator-admission-webhook.openshift-monitoring.svc:8443": dial tcp 172.30.48.68:8443: connect: connection refused
2026-01-28T09:33:08.753115233Z I0128 09:33:08.752994       1 connectivity_check_controller.go:172] ConnectivityCheckController is waiting for transition to desired version (4.20.0-0-2026-01-28-090915-test-ci-ln-vjb5l1t-latest) to be completed.
2026-01-28T09:33:09.231527814Z W0128 09:33:09.231479       1 degraded_webhook.go:147] failed to connect to webhook "alertmanagerconfigs.monitoring.coreos.com" via service "prometheus-operator-admission-webhook.openshift-monitoring.svc:8443": dial tcp 172.30.48.68:8443: connect: connection refused
2026-01-28T09:33:10.253655677Z E0128 09:33:10.253613       1 base_controller.go:279] "Unhandled Error" err="CertRotationController reconciliation failed: KubeAPIServer.operator.openshift.io \"cluster\" is invalid: [status.nodeStatuses[0].currentRevision: Invalid value: \"object\": cannot be unset once set, status.nodeStatuses[1].currentRevision: Invalid value: \"object\": cannot be unset once set, status.nodeStatuses[2].currentRevision: Invalid value: \"object\": cannot be unset once set]"
2026-01-28T09:33:10.646156667Z E0128 09:33:10.646104       1 base_controller.go:279] "Unhandled Error" err="CertRotationController reconciliation failed: KubeAPIServer.operator.openshift.io \"cluster\" is invalid: [status.nodeStatuses[0].currentRevision: Invalid value: \"object\": cannot be unset once set, status.nodeStatuses[1].currentRevision: Invalid value: \"object\": cannot be unset once set, status.nodeStatuses[2].currentRevision: Invalid value: \"object\": cannot be unset once set]"
2026-01-28T09:33:10.829282785Z E0128 09:33:10.829230       1 base_controller.go:279] "Unhandled Error" err="CertRotationController reconciliation failed: KubeAPIServer.operator.openshift.io \"cluster\" is invalid: [status.nodeStatuses[0].currentRevision: Invalid value: \"object\": cannot be unset once set, status.nodeStatuses[1].currentRevision: Invalid value: \"object\": cannot be unset once set, status.nodeStatuses[2].currentRevision: Invalid value: \"object\": cannot be unset once set]"
2026-01-28T09:33:11.225664650Z E0128 09:33:11.225612       1 base_controller.go:279] "Unhandled Error" err="CertRotationController reconciliation failed: KubeAPIServer.operator.openshift.io \"cluster\" is invalid: [status.nodeStatuses[0].currentRevision: Invalid value: \"object\": cannot be unset once set, status.nodeStatuses[1].currentRevision: Invalid value: \"object\": cannot be unset once set, status.nodeStatuses[2].currentRevision: Invalid value: \"object\": cannot be unset once set]"
2026-01-28T09:33:11.429738667Z E0128 09:33:11.429484       1 base_controller.go:279] "Unhandled Error" err="CertRotationController reconciliation failed: KubeAPIServer.operator.openshift.io \"cluster\" is invalid: [status.nodeStatuses[0].currentRevision: Invalid value: \"object\": cannot be unset once set, status.nodeStatuses[1].currentRevision: Invalid value: \"object\": cannot be unset once set, status.nodeStatuses[2].currentRevision: Invalid value: \"object\": cannot be unset once set]"
2026-01-28T09:33:11.831604966Z E0128 09:33:11.831551       1 base_controller.go:279] "Unhandled Error" err="CertRotationController reconciliation failed: KubeAPIServer.operator.openshift.io \"cluster\" is invalid: [status.nodeStatuses[0].currentRevision: Invalid value: \"object\": cannot be unset once set, status.nodeStatuses[1].currentRevision: Invalid value: \"object\": cannot be unset once set, status.nodeStatuses[2].currentRevision: Invalid value: \"object\": cannot be unset once set]"
2026-01-28T09:33:12.031097544Z E0128 09:33:12.031052       1 base_controller.go:279] "Unhandled Error" err="CertRotationController reconciliation failed: KubeAPIServer.operator.openshift.io \"cluster\" is invalid: [status.nodeStatuses[0].currentRevision: Invalid value: \"object\": cannot be unset once set, status.nodeStatuses[1].currentRevision: Invalid value: \"object\": cannot be unset once set, status.nodeStatuses[2].currentRevision: Invalid value: \"object\": cannot be unset once set]"
2026-01-28T09:33:17.966062444Z E0128 09:33:17.965991       1 base_controller.go:279] "Unhandled Error" err="CertRotationController reconciliation failed: KubeAPIServer.operator.openshift.io \"cluster\" is invalid: [status.nodeStatuses[0].currentRevision: Invalid value: \"object\": cannot be unset once set, status.nodeStatuses[1].currentRevision: Invalid value: \"object\": cannot be unset once set, status.nodeStatuses[2].currentRevision: Invalid value: \"object\": cannot be unset once set]"
2026-01-28T09:33:18.369376182Z E0128 09:33:18.369334       1 base_controller.go:279] "Unhandled Error" err="CertRotationController reconciliation failed: KubeAPIServer.operator.openshift.io \"cluster\" is invalid: [status.nodeStatuses[0].currentRevision: Invalid value: \"object\": cannot be unset once set, status.nodeStatuses[1].currentRevision: Invalid value: \"object\": cannot be unset once set, status.nodeStatuses[2].currentRevision: Invalid value: \"object\": cannot be unset once set]"
2026-01-28T09:33:23.287782967Z E0128 09:33:23.287321       1 guard_controller.go:310] Missing operand on node ip-10-0-102-200.us-west-1.compute.internal
2026-01-28T09:33:23.287782967Z E0128 09:33:23.287355       1 guard_controller.go:310] Missing operand on node ip-10-0-108-54.us-west-1.compute.internal
2026-01-28T09:33:23.287782967Z E0128 09:33:23.287369       1 guard_controller.go:310] Missing operand on node ip-10-0-3-203.us-west-1.compute.internal
2026-01-28T09:33:23.289468782Z E0128 09:33:23.289415       1 base_controller.go:279] "Unhandled Error" err="GuardController reconciliation failed: [Missing operand on node ip-10-0-102-200.us-west-1.compute.internal, Missing operand on node ip-10-0-108-54.us-west-1.compute.internal, Missing operand on node ip-10-0-3-203.us-west-1.compute.internal]"
2026-01-28T09:33:23.836438521Z E0128 09:33:23.836394       1 guard_controller.go:310] Missing operand on node ip-10-0-102-200.us-west-1.compute.internal
2026-01-28T09:33:23.836438521Z E0128 09:33:23.836429       1 guard_controller.go:310] Missing operand on node ip-10-0-108-54.us-west-1.compute.internal
2026-01-28T09:33:23.836483263Z E0128 09:33:23.836436       1 guard_controller.go:310] Missing operand on node ip-10-0-3-203.us-west-1.compute.internal
2026-01-28T09:33:23.838283593Z E0128 09:33:23.838255       1 base_controller.go:279] "Unhandled Error" err="GuardController reconciliation failed: [Missing operand on node ip-10-0-102-200.us-west-1.compute.internal, Missing operand on node ip-10-0-108-54.us-west-1.compute.internal, Missing operand on node ip-10-0-3-203.us-west-1.compute.internal]"
2026-01-28T09:33:24.827466347Z E0128 09:33:24.826276       1 guard_controller.go:310] Missing operand on node ip-10-0-102-200.us-west-1.compute.internal
2026-01-28T09:33:24.827466347Z E0128 09:33:24.826304       1 guard_controller.go:310] Missing operand on node ip-10-0-108-54.us-west-1.compute.internal
2026-01-28T09:33:24.827466347Z E0128 09:33:24.826311       1 guard_controller.go:310] Missing operand on node ip-10-0-3-203.us-west-1.compute.internal
2026-01-28T09:33:24.829254247Z E0128 09:33:24.828275       1 base_controller.go:279] "Unhandled Error" err="GuardController reconciliation failed: [Missing operand on node ip-10-0-102-200.us-west-1.compute.internal, Missing operand on node ip-10-0-108-54.us-west-1.compute.internal, Missing operand on node ip-10-0-3-203.us-west-1.compute.internal]"
2026-01-28T09:33:25.738352323Z I0128 09:33:25.738298       1 connectivity_check_controller.go:172] ConnectivityCheckController is waiting for transition to desired version (4.20.0-0-2026-01-28-090915-test-ci-ln-vjb5l1t-latest) to be completed.
2026-01-28T09:33:28.575322739Z E0128 09:33:28.575281       1 guard_controller.go:310] Missing operand on node ip-10-0-102-200.us-west-1.compute.internal
2026-01-28T09:33:28.575396093Z E0128 09:33:28.575382       1 guard_controller.go:310] Missing operand on node ip-10-0-108-54.us-west-1.compute.internal
2026-01-28T09:33:28.575429285Z E0128 09:33:28.575418       1 guard_controller.go:310] Missing operand on node ip-10-0-3-203.us-west-1.compute.internal
2026-01-28T09:33:28.585221975Z E0128 09:33:28.577556       1 base_controller.go:279] "Unhandled Error" err="GuardController reconciliation failed: [Missing operand on node ip-10-0-102-200.us-west-1.compute.internal, Missing operand on node ip-10-0-108-54.us-west-1.compute.internal, Missing operand on node ip-10-0-3-203.us-west-1.compute.internal]"
2026-01-28T09:33:29.874012297Z E0128 09:33:29.873960       1 guard_controller.go:310] Missing operand on node ip-10-0-102-200.us-west-1.compute.internal
2026-01-28T09:33:29.874094971Z E0128 09:33:29.874081       1 guard_controller.go:310] Missing operand on node ip-10-0-108-54.us-west-1.compute.internal
2026-01-28T09:33:29.874127292Z E0128 09:33:29.874117       1 guard_controller.go:310] Missing operand on node ip-10-0-3-203.us-west-1.compute.internal
2026-01-28T09:33:29.882658459Z E0128 09:33:29.881138       1 base_controller.go:279] "Unhandled Error" err="GuardController reconciliation failed: [Missing operand on node ip-10-0-102-200.us-west-1.compute.internal, Missing operand on node ip-10-0-108-54.us-west-1.compute.internal, Missing operand on node ip-10-0-3-203.us-west-1.compute.internal]"
2026-01-28T09:33:31.270118249Z E0128 09:33:31.269886       1 guard_controller.go:310] Missing operand on node ip-10-0-102-200.us-west-1.compute.internal
2026-01-28T09:33:31.270118249Z E0128 09:33:31.269918       1 guard_controller.go:310] Missing operand on node ip-10-0-108-54.us-west-1.compute.internal
2026-01-28T09:33:31.270118249Z E0128 09:33:31.269924       1 guard_controller.go:310] Missing operand on node ip-10-0-3-203.us-west-1.compute.internal
2026-01-28T09:33:31.274316030Z E0128 09:33:31.274279       1 base_controller.go:279] "Unhandled Error" err="GuardController reconciliation failed: [Missing operand on node ip-10-0-102-200.us-west-1.compute.internal, Missing operand on node ip-10-0-108-54.us-west-1.compute.internal, Missing operand on node ip-10-0-3-203.us-west-1.compute.internal]"
2026-01-28T09:33:33.510350956Z E0128 09:33:33.509807       1 guard_controller.go:310] Missing operand on node ip-10-0-102-200.us-west-1.compute.internal
2026-01-28T09:33:33.520323275Z E0128 09:33:33.520284       1 guard_controller.go:310] Missing operand on node ip-10-0-108-54.us-west-1.compute.internal
2026-01-28T09:33:33.520414750Z E0128 09:33:33.520403       1 guard_controller.go:310] Missing operand on node ip-10-0-3-203.us-west-1.compute.internal
2026-01-28T09:33:33.524346697Z E0128 09:33:33.523784       1 base_controller.go:279] "Unhandled Error" err="GuardController reconciliation failed: [Missing operand on node ip-10-0-102-200.us-west-1.compute.internal, Missing operand on node ip-10-0-108-54.us-west-1.compute.internal, Missing operand on node ip-10-0-3-203.us-west-1.compute.internal]"
2026-01-28T09:33:33.591157051Z E0128 09:33:33.590736       1 guard_controller.go:310] Missing operand on node ip-10-0-108-54.us-west-1.compute.internal
2026-01-28T09:33:33.591157051Z E0128 09:33:33.590764       1 guard_controller.go:310] Missing operand on node ip-10-0-3-203.us-west-1.compute.internal
2026-01-28T09:33:33.591157051Z E0128 09:33:33.590770       1 guard_controller.go:310] Missing operand on node ip-10-0-102-200.us-west-1.compute.internal
2026-01-28T09:33:33.593066626Z E0128 09:33:33.592790       1 base_controller.go:279] "Unhandled Error" err="GuardController reconciliation failed: [Missing operand on node ip-10-0-102-200.us-west-1.compute.internal, Missing operand on node ip-10-0-108-54.us-west-1.compute.internal, Missing operand on node ip-10-0-3-203.us-west-1.compute.internal]"
2026-01-28T09:33:33.603943581Z E0128 09:33:33.603899       1 guard_controller.go:310] Missing operand on node ip-10-0-3-203.us-west-1.compute.internal
2026-01-28T09:33:33.606699409Z E0128 09:33:33.604041       1 guard_controller.go:310] Missing operand on node ip-10-0-102-200.us-west-1.compute.internal
2026-01-28T09:33:33.606699409Z E0128 09:33:33.604100       1 guard_controller.go:310] Missing operand on node ip-10-0-108-54.us-west-1.compute.internal
2026-01-28T09:33:33.609306259Z E0128 09:33:33.608977       1 base_controller.go:279] "Unhandled Error" err="GuardController reconciliation failed: [Missing operand on node ip-10-0-102-200.us-west-1.compute.internal, Missing operand on node ip-10-0-108-54.us-west-1.compute.internal, Missing operand on node ip-10-0-3-203.us-west-1.compute.internal]"
2026-01-28T09:33:33.936297537Z E0128 09:33:33.936253       1 guard_controller.go:310] Missing operand on node ip-10-0-102-200.us-west-1.compute.internal
2026-01-28T09:33:33.936394482Z E0128 09:33:33.936376       1 guard_controller.go:310] Missing operand on node ip-10-0-108-54.us-west-1.compute.internal
2026-01-28T09:33:33.936433544Z E0128 09:33:33.936422       1 guard_controller.go:310] Missing operand on node ip-10-0-3-203.us-west-1.compute.internal
2026-01-28T09:33:33.938541039Z E0128 09:33:33.938514       1 base_controller.go:279] "Unhandled Error" err="GuardController reconciliation failed: [Missing operand on node ip-10-0-102-200.us-west-1.compute.internal, Missing operand on node ip-10-0-108-54.us-west-1.compute.internal, Missing operand on node ip-10-0-3-203.us-west-1.compute.internal]"
2026-01-28T09:33:34.842161661Z E0128 09:33:34.842053       1 guard_controller.go:310] Missing operand on node ip-10-0-102-200.us-west-1.compute.internal
2026-01-28T09:33:34.842161661Z E0128 09:33:34.842076       1 guard_controller.go:310] Missing operand on node ip-10-0-108-54.us-west-1.compute.internal
2026-01-28T09:33:34.842161661Z E0128 09:33:34.842083       1 guard_controller.go:310] Missing operand on node ip-10-0-3-203.us-west-1.compute.internal
2026-01-28T09:33:34.845484528Z E0128 09:33:34.844538       1 base_controller.go:279] "Unhandled Error" err="GuardController reconciliation failed: [Missing operand on node ip-10-0-102-200.us-west-1.compute.internal, Missing operand on node ip-10-0-108-54.us-west-1.compute.internal, Missing operand on node ip-10-0-3-203.us-west-1.compute.internal]"
2026-01-28T09:33:35.548540609Z E0128 09:33:35.548490       1 guard_controller.go:310] Missing operand on node ip-10-0-102-200.us-west-1.compute.internal
2026-01-28T09:33:35.548540609Z E0128 09:33:35.548525       1 guard_controller.go:310] Missing operand on node ip-10-0-108-54.us-west-1.compute.internal
2026-01-28T09:33:35.548540609Z E0128 09:33:35.548534       1 guard_controller.go:310] Missing operand on node ip-10-0-3-203.us-west-1.compute.internal
2026-01-28T09:33:35.549983062Z E0128 09:33:35.549958       1 base_controller.go:279] "Unhandled Error" err="GuardController reconciliation failed: [Missing operand on node ip-10-0-102-200.us-west-1.compute.internal, Missing operand on node ip-10-0-108-54.us-west-1.compute.internal, Missing operand on node ip-10-0-3-203.us-west-1.compute.internal]"
2026-01-28T09:33:36.295597224Z E0128 09:33:36.295540       1 guard_controller.go:310] Missing operand on node ip-10-0-102-200.us-west-1.compute.internal
2026-01-28T09:33:36.295684008Z E0128 09:33:36.295671       1 guard_controller.go:310] Missing operand on node ip-10-0-108-54.us-west-1.compute.internal
2026-01-28T09:33:36.295722081Z E0128 09:33:36.295711       1 guard_controller.go:310] Missing operand on node ip-10-0-3-203.us-west-1.compute.internal
2026-01-28T09:33:36.300060828Z E0128 09:33:36.300006       1 base_controller.go:279] "Unhandled Error" err="GuardController reconciliation failed: [Missing operand on node ip-10-0-102-200.us-west-1.compute.internal, Missing operand on node ip-10-0-108-54.us-west-1.compute.internal, Missing operand on node ip-10-0-3-203.us-west-1.compute.internal]"
2026-01-28T09:33:38.527890804Z E0128 09:33:38.527851       1 guard_controller.go:310] Missing operand on node ip-10-0-108-54.us-west-1.compute.internal
2026-01-28T09:33:38.527956947Z E0128 09:33:38.527943       1 guard_controller.go:310] Missing operand on node ip-10-0-3-203.us-west-1.compute.internal
2026-01-28T09:33:38.527998909Z E0128 09:33:38.527987       1 guard_controller.go:310] Missing operand on node ip-10-0-102-200.us-west-1.compute.internal
2026-01-28T09:33:38.529874883Z E0128 09:33:38.529852       1 base_controller.go:279] "Unhandled Error" err="GuardController reconciliation failed: [Missing operand on node ip-10-0-102-200.us-west-1.compute.internal, Missing operand on node ip-10-0-108-54.us-west-1.compute.internal, Missing operand on node ip-10-0-3-203.us-west-1.compute.internal]"
2026-01-28T09:33:41.306878178Z E0128 09:33:41.306835       1 guard_controller.go:310] Missing operand on node ip-10-0-102-200.us-west-1.compute.internal
2026-01-28T09:33:41.306985324Z E0128 09:33:41.306972       1 guard_controller.go:310] Missing operand on node ip-10-0-108-54.us-west-1.compute.internal
2026-01-28T09:33:41.307040396Z E0128 09:33:41.307012       1 guard_controller.go:310] Missing operand on node ip-10-0-3-203.us-west-1.compute.internal
2026-01-28T09:33:41.320389545Z E0128 09:33:41.320333       1 base_controller.go:279] "Unhandled Error" err="GuardController reconciliation failed: [Missing operand on node ip-10-0-102-200.us-west-1.compute.internal, Missing operand on node ip-10-0-108-54.us-west-1.compute.internal, Missing operand on node ip-10-0-3-203.us-west-1.compute.internal]"
2026-01-28T09:33:43.523288573Z E0128 09:33:43.523241       1 guard_controller.go:310] Missing operand on node ip-10-0-102-200.us-west-1.compute.internal
2026-01-28T09:33:43.532598919Z E0128 09:33:43.532565       1 guard_controller.go:310] Missing operand on node ip-10-0-108-54.us-west-1.compute.internal
2026-01-28T09:33:43.532656121Z E0128 09:33:43.532643       1 guard_controller.go:310] Missing operand on node ip-10-0-3-203.us-west-1.compute.internal
2026-01-28T09:33:43.534541746Z E0128 09:33:43.534516       1 base_controller.go:279] "Unhandled Error" err="GuardController reconciliation failed: [Missing operand on node ip-10-0-102-200.us-west-1.compute.internal, Missing operand on node ip-10-0-108-54.us-west-1.compute.internal, Missing operand on node ip-10-0-3-203.us-west-1.compute.internal]"
2026-01-28T09:33:43.923909806Z E0128 09:33:43.923387       1 guard_controller.go:310] Missing operand on node ip-10-0-102-200.us-west-1.compute.internal
2026-01-28T09:33:43.923909806Z E0128 09:33:43.923414       1 guard_controller.go:310] Missing operand on node ip-10-0-108-54.us-west-1.compute.internal
2026-01-28T09:33:43.923909806Z E0128 09:33:43.923419       1 guard_controller.go:310] Missing operand on node ip-10-0-3-203.us-west-1.compute.internal
2026-01-28T09:33:43.925304636Z E0128 09:33:43.925241       1 base_controller.go:279] "Unhandled Error" err="GuardController reconciliation failed: [Missing operand on node ip-10-0-102-200.us-west-1.compute.internal, Missing operand on node ip-10-0-108-54.us-west-1.compute.internal, Missing operand on node ip-10-0-3-203.us-west-1.compute.internal]"
2026-01-28T09:33:44.071891123Z I0128 09:33:44.071831       1 event.go:377] Event(v1.ObjectReference{Kind:"Deployment", Namespace:"openshift-kube-apiserver-operator", Name:"kube-apiserver-operator", UID:"0f90e131-ac50-4cb2-87c5-ad12ae1902a5", APIVersion:"apps/v1", ResourceVersion:"", FieldPath:""}): type: 'Warning' reason: 'RequiredInstallerResourcesMissing' configmaps: bound-sa-token-signing-certs-0,config-0,etcd-serving-ca-0,kube-apiserver-audit-policies-0,kube-apiserver-cert-syncer-kubeconfig-0,kube-apiserver-pod-0,kubelet-serving-ca-0,sa-token-signing-certs-0, secrets: etcd-client-0,localhost-recovery-client-token-0,localhost-recovery-serving-certkey-0
2026-01-28T09:33:44.073296734Z E0128 09:33:44.073274       1 base_controller.go:279] "Unhandled Error" err="Installer reconciliation failed: missing required resources: [configmaps: bound-sa-token-signing-certs-0,config-0,etcd-serving-ca-0,kube-apiserver-audit-policies-0,kube-apiserver-cert-syncer-kubeconfig-0,kube-apiserver-pod-0,kubelet-serving-ca-0,sa-token-signing-certs-0, secrets: etcd-client-0,localhost-recovery-client-token-0,localhost-recovery-serving-certkey-0]"
2026-01-28T09:33:45.887218801Z E0128 09:33:45.887160       1 base_controller.go:279] "Unhandled Error" err="CertRotationController reconciliation failed: KubeAPIServer.operator.openshift.io \"cluster\" is invalid: [status.nodeStatuses[0].currentRevision: Invalid value: \"object\": cannot be unset once set, status.nodeStatuses[1].currentRevision: Invalid value: \"object\": cannot be unset once set, status.nodeStatuses[2].currentRevision: Invalid value: \"object\": cannot be unset once set]"
2026-01-28T09:33:49.149153170Z E0128 09:33:49.146255       1 guard_controller.go:310] Missing operand on node ip-10-0-102-200.us-west-1.compute.internal
2026-01-28T09:33:49.149153170Z E0128 09:33:49.146279       1 guard_controller.go:310] Missing operand on node ip-10-0-108-54.us-west-1.compute.internal
2026-01-28T09:33:49.149153170Z E0128 09:33:49.146288       1 guard_controller.go:310] Missing operand on node ip-10-0-3-203.us-west-1.compute.internal
2026-01-28T09:33:49.149999643Z E0128 09:33:49.149974       1 base_controller.go:279] "Unhandled Error" err="GuardController reconciliation failed: [Missing operand on node ip-10-0-102-200.us-west-1.compute.internal, Missing operand on node ip-10-0-108-54.us-west-1.compute.internal, Missing operand on node ip-10-0-3-203.us-west-1.compute.internal]"
2026-01-28T09:33:52.826773169Z E0128 09:33:52.826725       1 base_controller.go:279] "Unhandled Error" err="NodeKubeconfigController reconciliation failed: \"secret/node-kubeconfigs\": configmap \"kube-apiserver-server-ca\" not found"
2026-01-28T09:33:52.922362241Z E0128 09:33:52.922313       1 base_controller.go:279] "Unhandled Error" err="RevisionController reconciliation failed: configmap \"kube-apiserver-pod\" not found"
2026-01-28T09:33:54.031788611Z E0128 09:33:54.031749       1 guard_controller.go:310] Missing operand on node ip-10-0-102-200.us-west-1.compute.internal
2026-01-28T09:33:54.031867124Z E0128 09:33:54.031854       1 guard_controller.go:310] Missing operand on node ip-10-0-108-54.us-west-1.compute.internal
2026-01-28T09:33:54.031905966Z E0128 09:33:54.031894       1 guard_controller.go:310] Missing operand on node ip-10-0-3-203.us-west-1.compute.internal
2026-01-28T09:33:54.034963669Z E0128 09:33:54.034900       1 base_controller.go:279] "Unhandled Error" err="GuardController reconciliation failed: [Missing operand on node ip-10-0-102-200.us-west-1.compute.internal, Missing operand on node ip-10-0-108-54.us-west-1.compute.internal, Missing operand on node ip-10-0-3-203.us-west-1.compute.internal]"
2026-01-28T09:33:59.542703225Z E0128 09:33:59.541723       1 guard_controller.go:310] Missing operand on node ip-10-0-102-200.us-west-1.compute.internal
2026-01-28T09:33:59.542703225Z E0128 09:33:59.541753       1 guard_controller.go:310] Missing operand on node ip-10-0-108-54.us-west-1.compute.internal
2026-01-28T09:33:59.542703225Z E0128 09:33:59.541760       1 guard_controller.go:310] Missing operand on node ip-10-0-3-203.us-west-1.compute.internal
2026-01-28T09:33:59.543557278Z E0128 09:33:59.543527       1 base_controller.go:279] "Unhandled Error" err="GuardController reconciliation failed: [Missing operand on node ip-10-0-102-200.us-west-1.compute.internal, Missing operand on node ip-10-0-108-54.us-west-1.compute.internal, Missing operand on node ip-10-0-3-203.us-west-1.compute.internal]"
2026-01-28T09:34:01.429597737Z I0128 09:34:01.429554       1 connectivity_check_controller.go:172] ConnectivityCheckController is waiting for transition to desired version (4.20.0-0-2026-01-28-090915-test-ci-ln-vjb5l1t-latest) to be completed.
2026-01-28T09:34:04.746560883Z E0128 09:34:04.746514       1 base_controller.go:279] "Unhandled Error" err="RevisionController reconciliation failed: configmap \"kube-apiserver-pod\" not found"
2026-01-28T09:34:04.849857429Z E0128 09:34:04.849811       1 guard_controller.go:310] Missing operand on node ip-10-0-102-200.us-west-1.compute.internal
2026-01-28T09:34:04.849933193Z E0128 09:34:04.849919       1 guard_controller.go:310] Missing operand on node ip-10-0-108-54.us-west-1.compute.internal
2026-01-28T09:34:04.849972584Z E0128 09:34:04.849961       1 guard_controller.go:310] Missing operand on node ip-10-0-3-203.us-west-1.compute.internal
2026-01-28T09:34:04.852531592Z E0128 09:34:04.851932       1 base_controller.go:279] "Unhandled Error" err="GuardController reconciliation failed: [Missing operand on node ip-10-0-102-200.us-west-1.compute.internal, Missing operand on node ip-10-0-108-54.us-west-1.compute.internal, Missing operand on node ip-10-0-3-203.us-west-1.compute.internal]"
2026-01-28T09:34:05.074566503Z E0128 09:34:05.074511       1 base_controller.go:279] "Unhandled Error" err="CertRotationController reconciliation failed: KubeAPIServer.operator.openshift.io \"cluster\" is invalid: [status.nodeStatuses[0].currentRevision: Invalid value: \"object\": cannot be unset once set, status.nodeStatuses[1].currentRevision: Invalid value: \"object\": cannot be unset once set, status.nodeStatuses[2].currentRevision: Invalid value: \"object\": cannot be unset once set]"
2026-01-28T09:34:05.106671933Z E0128 09:34:05.106615       1 base_controller.go:279] "Unhandled Error" err="CertRotationController reconciliation failed: KubeAPIServer.operator.openshift.io \"cluster\" is invalid: [status.nodeStatuses[0].currentRevision: Invalid value: \"object\": cannot be unset once set, status.nodeStatuses[1].currentRevision: Invalid value: \"object\": cannot be unset once set, status.nodeStatuses[2].currentRevision: Invalid value: \"object\": cannot be unset once set]"
2026-01-28T09:34:05.106976148Z E0128 09:34:05.106937       1 base_controller.go:279] "Unhandled Error" err="CertRotationController reconciliation failed: KubeAPIServer.operator.openshift.io \"cluster\" is invalid: [status.nodeStatuses[0].currentRevision: Invalid value: \"object\": cannot be unset once set, status.nodeStatuses[1].currentRevision: Invalid value: \"object\": cannot be unset once set, status.nodeStatuses[2].currentRevision: Invalid value: \"object\": cannot be unset once set]"
2026-01-28T09:34:05.110806149Z E0128 09:34:05.110774       1 base_controller.go:279] "Unhandled Error" err="CertRotationController reconciliation failed: KubeAPIServer.operator.openshift.io \"cluster\" is invalid: [status.nodeStatuses[0].currentRevision: Invalid value: \"object\": cannot be unset once set, status.nodeStatuses[1].currentRevision: Invalid value: \"object\": cannot be unset once set, status.nodeStatuses[2].currentRevision: Invalid value: \"object\": cannot be unset once set]"
2026-01-28T09:34:05.112160716Z E0128 09:34:05.112131       1 base_controller.go:279] "Unhandled Error" err="CertRotationController reconciliation failed: KubeAPIServer.operator.openshift.io \"cluster\" is invalid: [status.nodeStatuses[0].currentRevision: Invalid value: \"object\": cannot be unset once set, status.nodeStatuses[1].currentRevision: Invalid value: \"object\": cannot be unset once set, status.nodeStatuses[2].currentRevision: Invalid value: \"object\": cannot be unset once set]"
2026-01-28T09:34:05.113565956Z E0128 09:34:05.113529       1 base_controller.go:279] "Unhandled Error" err="CertRotationController reconciliation failed: KubeAPIServer.operator.openshift.io \"cluster\" is invalid: [status.nodeStatuses[0].currentRevision: Invalid value: \"object\": cannot be unset once set, status.nodeStatuses[1].currentRevision: Invalid value: \"object\": cannot be unset once set, status.nodeStatuses[2].currentRevision: Invalid value: \"object\": cannot be unset once set]"
2026-01-28T09:34:05.117271171Z E0128 09:34:05.117232       1 base_controller.go:279] "Unhandled Error" err="CertRotationController reconciliation failed: KubeAPIServer.operator.openshift.io \"cluster\" is invalid: [status.nodeStatuses[0].currentRevision: Invalid value: \"object\": cannot be unset once set, status.nodeStatuses[1].currentRevision: Invalid value: \"object\": cannot be unset once set, status.nodeStatuses[2].currentRevision: Invalid value: \"object\": cannot be unset once set]"
2026-01-28T09:34:05.117303862Z E0128 09:34:05.117266       1 base_controller.go:279] "Unhandled Error" err="CertRotationController reconciliation failed: KubeAPIServer.operator.openshift.io \"cluster\" is invalid: [status.nodeStatuses[0].currentRevision: Invalid value: \"object\": cannot be unset once set, status.nodeStatuses[1].currentRevision: Invalid value: \"object\": cannot be unset once set, status.nodeStatuses[2].currentRevision: Invalid value: \"object\": cannot be unset once set]"
2026-01-28T09:34:05.130227176Z E0128 09:34:05.130160       1 base_controller.go:279] "Unhandled Error" err="CertRotationController reconciliation failed: KubeAPIServer.operator.openshift.io \"cluster\" is invalid: [status.nodeStatuses[0].currentRevision: Invalid value: \"object\": cannot be unset once set, status.nodeStatuses[1].currentRevision: Invalid value: \"object\": cannot be unset once set, status.nodeStatuses[2].currentRevision: Invalid value: \"object\": cannot be unset once set]"
2026-01-28T09:34:05.130227176Z E0128 09:34:05.130160       1 base_controller.go:279] "Unhandled Error" err="CertRotationController reconciliation failed: KubeAPIServer.operator.openshift.io \"cluster\" is invalid: [status.nodeStatuses[0].currentRevision: Invalid value: \"object\": cannot be unset once set, status.nodeStatuses[1].currentRevision: Invalid value: \"object\": cannot be unset once set, status.nodeStatuses[2].currentRevision: Invalid value: \"object\": cannot be unset once set]"
2026-01-28T09:34:05.278981297Z E0128 09:34:05.278930       1 base_controller.go:279] "Unhandled Error" err="CertRotationController reconciliation failed: KubeAPIServer.operator.openshift.io \"cluster\" is invalid: [status.nodeStatuses[0].currentRevision: Invalid value: \"object\": cannot be unset once set, status.nodeStatuses[1].currentRevision: Invalid value: \"object\": cannot be unset once set, status.nodeStatuses[2].currentRevision: Invalid value: \"object\": cannot be unset once set]"
2026-01-28T09:34:05.402045258Z E0128 09:34:05.401976       1 base_controller.go:279] "Unhandled Error" err="TargetConfigController reconciliation failed: apiServerArguments.etcd-servers has less than two live etcd endpoints: [https://10.0.102.200:2379]"
2026-01-28T09:34:05.402082360Z I0128 09:34:05.402047       1 event.go:377] Event(v1.ObjectReference{Kind:"Deployment", Namespace:"openshift-kube-apiserver-operator", Name:"kube-apiserver-operator", UID:"0f90e131-ac50-4cb2-87c5-ad12ae1902a5", APIVersion:"apps/v1", ResourceVersion:"", FieldPath:""}): type: 'Warning' reason: 'ConfigMissing' apiServerArguments.etcd-servers has less than two live etcd endpoints: [https://10.0.102.200:2379]
2026-01-28T09:34:05.453580815Z I0128 09:34:05.453538       1 connectivity_check_controller.go:172] ConnectivityCheckController is waiting for transition to desired version (4.20.0-0-2026-01-28-090915-test-ci-ln-vjb5l1t-latest) to be completed.
2026-01-28T09:34:05.454005446Z I0128 09:34:05.453989       1 connectivity_check_controller.go:172] ConnectivityCheckController is waiting for transition to desired version (4.20.0-0-2026-01-28-090915-test-ci-ln-vjb5l1t-latest) to be completed.
2026-01-28T09:34:05.485182860Z I0128 09:34:05.485094       1 connectivity_check_controller.go:172] ConnectivityCheckController is waiting for transition to desired version (4.20.0-0-2026-01-28-090915-test-ci-ln-vjb5l1t-latest) to be completed.
2026-01-28T09:34:05.485392780Z I0128 09:34:05.485368       1 connectivity_check_controller.go:172] ConnectivityCheckController is waiting for transition to desired version (4.20.0-0-2026-01-28-090915-test-ci-ln-vjb5l1t-latest) to be completed.
2026-01-28T09:34:05.487150558Z E0128 09:34:05.487102       1 base_controller.go:279] "Unhandled Error" err="CertRotationController reconciliation failed: KubeAPIServer.operator.openshift.io \"cluster\" is invalid: [status.nodeStatuses[0].currentRevision: Invalid value: \"object\": cannot be unset once set, status.nodeStatuses[1].currentRevision: Invalid value: \"object\": cannot be unset once set, status.nodeStatuses[2].currentRevision: Invalid value: \"object\": cannot be unset once set]"
2026-01-28T09:34:09.765853688Z E0128 09:34:09.765800       1 guard_controller.go:310] Missing operand on node ip-10-0-102-200.us-west-1.compute.internal
2026-01-28T09:34:09.765853688Z E0128 09:34:09.765823       1 guard_controller.go:310] Missing operand on node ip-10-0-108-54.us-west-1.compute.internal
2026-01-28T09:34:09.765853688Z E0128 09:34:09.765828       1 guard_controller.go:310] Missing operand on node ip-10-0-3-203.us-west-1.compute.internal
2026-01-28T09:34:09.769422177Z E0128 09:34:09.768047       1 base_controller.go:279] "Unhandled Error" err="GuardController reconciliation failed: [Missing operand on node ip-10-0-102-200.us-west-1.compute.internal, Missing operand on node ip-10-0-108-54.us-west-1.compute.internal, Missing operand on node ip-10-0-3-203.us-west-1.compute.internal]"
2026-01-28T09:34:10.708735272Z I0128 09:34:10.704738       1 connectivity_check_controller.go:172] ConnectivityCheckController is waiting for transition to desired version (4.20.0-0-2026-01-28-090915-test-ci-ln-vjb5l1t-latest) to be completed.
2026-01-28T09:34:14.891301005Z E0128 09:34:14.890959       1 guard_controller.go:310] Missing operand on node ip-10-0-102-200.us-west-1.compute.internal
2026-01-28T09:34:14.891301005Z E0128 09:34:14.890996       1 guard_controller.go:310] Missing operand on node ip-10-0-108-54.us-west-1.compute.internal
2026-01-28T09:34:14.891301005Z E0128 09:34:14.891038       1 guard_controller.go:310] Missing operand on node ip-10-0-3-203.us-west-1.compute.internal
2026-01-28T09:34:14.896701197Z E0128 09:34:14.896413       1 base_controller.go:279] "Unhandled Error" err="GuardController reconciliation failed: [Missing operand on node ip-10-0-102-200.us-west-1.compute.internal, Missing operand on node ip-10-0-108-54.us-west-1.compute.internal, Missing operand on node ip-10-0-3-203.us-west-1.compute.internal]"
2026-01-28T09:34:19.923838059Z E0128 09:34:19.923799       1 guard_controller.go:310] Missing operand on node ip-10-0-102-200.us-west-1.compute.internal
2026-01-28T09:34:19.925114653Z E0128 09:34:19.925092       1 guard_controller.go:310] Missing operand on node ip-10-0-108-54.us-west-1.compute.internal
2026-01-28T09:34:19.925175886Z E0128 09:34:19.925161       1 guard_controller.go:310] Missing operand on node ip-10-0-3-203.us-west-1.compute.internal
2026-01-28T09:34:19.932295825Z E0128 09:34:19.932264       1 base_controller.go:279] "Unhandled Error" err="GuardController reconciliation failed: [Missing operand on node ip-10-0-102-200.us-west-1.compute.internal, Missing operand on node ip-10-0-108-54.us-west-1.compute.internal, Missing operand on node ip-10-0-3-203.us-west-1.compute.internal]"
2026-01-28T09:34:24.573646849Z E0128 09:34:24.571366       1 guard_controller.go:310] Missing operand on node ip-10-0-3-203.us-west-1.compute.internal
2026-01-28T09:34:24.573741783Z E0128 09:34:24.573724       1 guard_controller.go:310] Missing operand on node ip-10-0-102-200.us-west-1.compute.internal
2026-01-28T09:34:24.573779525Z E0128 09:34:24.573768       1 guard_controller.go:310] Missing operand on node ip-10-0-108-54.us-west-1.compute.internal
2026-01-28T09:34:24.575625750Z E0128 09:34:24.575602       1 base_controller.go:279] "Unhandled Error" err="GuardController reconciliation failed: [Missing operand on node ip-10-0-102-200.us-west-1.compute.internal, Missing operand on node ip-10-0-108-54.us-west-1.compute.internal, Missing operand on node ip-10-0-3-203.us-west-1.compute.internal]"
2026-01-28T09:34:27.649320188Z E0128 09:34:27.649263       1 base_controller.go:279] "Unhandled Error" err="CertRotationController reconciliation failed: KubeAPIServer.operator.openshift.io \"cluster\" is invalid: [status.nodeStatuses[0].currentRevision: Invalid value: \"object\": cannot be unset once set, status.nodeStatuses[1].currentRevision: Invalid value: \"object\": cannot be unset once set, status.nodeStatuses[2].currentRevision: Invalid value: \"object\": cannot be unset once set]"
2026-01-28T09:34:27.851042086Z E0128 09:34:27.850985       1 base_controller.go:279] "Unhandled Error" err="CertRotationController reconciliation failed: KubeAPIServer.operator.openshift.io \"cluster\" is invalid: [status.nodeStatuses[0].currentRevision: Invalid value: \"object\": cannot be unset once set, status.nodeStatuses[1].currentRevision: Invalid value: \"object\": cannot be unset once set, status.nodeStatuses[2].currentRevision: Invalid value: \"object\": cannot be unset once set]"
2026-01-28T09:34:32.191447536Z E0128 09:34:32.191389       1 base_controller.go:279] "Unhandled Error" err="CertRotationController reconciliation failed: KubeAPIServer.operator.openshift.io \"cluster\" is invalid: [status.nodeStatuses[0].currentRevision: Invalid value: \"object\": cannot be unset once set, status.nodeStatuses[1].currentRevision: Invalid value: \"object\": cannot be unset once set, status.nodeStatuses[2].currentRevision: Invalid value: \"object\": cannot be unset once set]"
2026-01-28T09:34:32.580131605Z E0128 09:34:32.580068       1 base_controller.go:279] "Unhandled Error" err="CertRotationController reconciliation failed: KubeAPIServer.operator.openshift.io \"cluster\" is invalid: [status.nodeStatuses[0].currentRevision: Invalid value: \"object\": cannot be unset once set, status.nodeStatuses[1].currentRevision: Invalid value: \"object\": cannot be unset once set, status.nodeStatuses[2].currentRevision: Invalid value: \"object\": cannot be unset once set]"
2026-01-28T09:34:32.767111187Z E0128 09:34:32.767074       1 base_controller.go:279] "Unhandled Error" err="CertRotationController reconciliation failed: KubeAPIServer.operator.openshift.io \"cluster\" is invalid: [status.nodeStatuses[0].currentRevision: Invalid value: \"object\": cannot be unset once set, status.nodeStatuses[1].currentRevision: Invalid value: \"object\": cannot be unset once set, status.nodeStatuses[2].currentRevision: Invalid value: \"object\": cannot be unset once set]"
2026-01-28T09:34:33.161672657Z E0128 09:34:33.161626       1 base_controller.go:279] "Unhandled Error" err="CertRotationController reconciliation failed: KubeAPIServer.operator.openshift.io \"cluster\" is invalid: [status.nodeStatuses[0].currentRevision: Invalid value: \"object\": cannot be unset once set, status.nodeStatuses[1].currentRevision: Invalid value: \"object\": cannot be unset once set, status.nodeStatuses[2].currentRevision: Invalid value: \"object\": cannot be unset once set]"
2026-01-28T09:34:33.368288247Z E0128 09:34:33.368237       1 base_controller.go:279] "Unhandled Error" err="CertRotationController reconciliation failed: KubeAPIServer.operator.openshift.io \"cluster\" is invalid: [status.nodeStatuses[0].currentRevision: Invalid value: \"object\": cannot be unset once set, status.nodeStatuses[1].currentRevision: Invalid value: \"object\": cannot be unset once set, status.nodeStatuses[2].currentRevision: Invalid value: \"object\": cannot be unset once set]"
2026-01-28T09:34:33.767902506Z E0128 09:34:33.767850       1 base_controller.go:279] "Unhandled Error" err="CertRotationController reconciliation failed: KubeAPIServer.operator.openshift.io \"cluster\" is invalid: [status.nodeStatuses[0].currentRevision: Invalid value: \"object\": cannot be unset once set, status.nodeStatuses[1].currentRevision: Invalid value: \"object\": cannot be unset once set, status.nodeStatuses[2].currentRevision: Invalid value: \"object\": cannot be unset once set]"
2026-01-28T09:34:33.969473587Z E0128 09:34:33.969428       1 base_controller.go:279] "Unhandled Error" err="CertRotationController reconciliation failed: KubeAPIServer.operator.openshift.io \"cluster\" is invalid: [status.nodeStatuses[0].currentRevision: Invalid value: \"object\": cannot be unset once set, status.nodeStatuses[1].currentRevision: Invalid value: \"object\": cannot be unset once set, status.nodeStatuses[2].currentRevision: Invalid value: \"object\": cannot be unset once set]"
2026-01-28T09:34:39.901537936Z E0128 09:34:39.901480       1 base_controller.go:279] "Unhandled Error" err="CertRotationController reconciliation failed: KubeAPIServer.operator.openshift.io \"cluster\" is invalid: [status.nodeStatuses[0].currentRevision: Invalid value: \"object\": cannot be unset once set, status.nodeStatuses[1].currentRevision: Invalid value: \"object\": cannot be unset once set, status.nodeStatuses[2].currentRevision: Invalid value: \"object\": cannot be unset once set]"
2026-01-28T09:34:40.303362507Z E0128 09:34:40.303292       1 base_controller.go:279] "Unhandled Error" err="CertRotationController reconciliation failed: KubeAPIServer.operator.openshift.io \"cluster\" is invalid: [status.nodeStatuses[0].currentRevision: Invalid value: \"object\": cannot be unset once set, status.nodeStatuses[1].currentRevision: Invalid value: \"object\": cannot be unset once set, status.nodeStatuses[2].currentRevision: Invalid value: \"object\": cannot be unset once set]"
2026-01-28T09:34:40.716201353Z I0128 09:34:40.716140       1 connectivity_check_controller.go:172] ConnectivityCheckController is waiting for transition to desired version (4.20.0-0-2026-01-28-090915-test-ci-ln-vjb5l1t-latest) to be completed.
2026-01-28T09:34:45.037445142Z E0128 09:34:45.037406       1 guard_controller.go:310] Missing operand on node ip-10-0-3-203.us-west-1.compute.internal
2026-01-28T09:34:45.037515496Z E0128 09:34:45.037502       1 guard_controller.go:310] Missing operand on node ip-10-0-102-200.us-west-1.compute.internal
2026-01-28T09:34:45.037553227Z E0128 09:34:45.037541       1 guard_controller.go:310] Missing operand on node ip-10-0-108-54.us-west-1.compute.internal
2026-01-28T09:34:45.039532847Z E0128 09:34:45.039502       1 base_controller.go:279] "Unhandled Error" err="GuardController reconciliation failed: [Missing operand on node ip-10-0-102-200.us-west-1.compute.internal, Missing operand on node ip-10-0-108-54.us-west-1.compute.internal, Missing operand on node ip-10-0-3-203.us-west-1.compute.internal]"
2026-01-28T09:34:45.132879129Z I0128 09:34:45.132831       1 event.go:377] Event(v1.ObjectReference{Kind:"Deployment", Namespace:"openshift-kube-apiserver-operator", Name:"kube-apiserver-operator", UID:"0f90e131-ac50-4cb2-87c5-ad12ae1902a5", APIVersion:"apps/v1", ResourceVersion:"", FieldPath:""}): type: 'Normal' reason: 'ObserveStorageUpdated' Updated storage urls to https://10.0.102.200:2379,https://10.0.108.54:2379,https://10.0.161.159:2379,https://localhost:2379
2026-01-28T09:34:45.150163050Z I0128 09:34:45.150110       1 event.go:377] Event(v1.ObjectReference{Kind:"Deployment", Namespace:"openshift-kube-apiserver-operator", Name:"kube-apiserver-operator", UID:"0f90e131-ac50-4cb2-87c5-ad12ae1902a5", APIVersion:"apps/v1", ResourceVersion:"", FieldPath:""}): type: 'Normal' reason: 'ObservedConfigChanged' Writing updated observed config:   map[string]any{
2026-01-28T09:34:45.150163050Z   	"admission": map[string]any{"pluginConfig": map[string]any{"PodSecurity": map[string]any{"configuration": map[string]any{"defaults": map[string]any{"audit": string("restricted"), "audit-version": string("latest"), "enforce": string("privileged"), "enforce-version": string("latest"), ...}}}, "network.openshift.io/ExternalIPRanger": map[string]any{"configuration": map[string]any{"allowIngressIP": bool(false), "apiVersion": string("network.openshift.io/v1"), "kind": string("ExternalIPRangerAdmissionConfig")}}, "network.openshift.io/RestrictedEndpointsAdmission": map[string]any{"configuration": map[string]any{"apiVersion": string("network.openshift.io/v1"), "kind": string("RestrictedEndpointsAdmissionConfig"), "restrictedCIDRs": []any{string("10.128.0.0/14"), string("172.30.0.0/16")}}}}},
2026-01-28T09:34:45.150163050Z   	"apiServerArguments": map[string]any{
2026-01-28T09:34:45.150163050Z   		... // 3 identical entries
2026-01-28T09:34:45.150163050Z   		"authorization-mode":       []any{string("Scope"), string("SystemMasters"), string("RBAC"), string("Node")},
2026-01-28T09:34:45.150163050Z   		"enable-admission-plugins": []any{string("authorization.openshift.io/RestrictSubjectBindings"), string("authorization.openshift.io/ValidateRoleBindingRestriction")},
2026-01-28T09:34:45.150163050Z   		"etcd-servers": []any{
2026-01-28T09:34:45.150163050Z   			string("https://10.0.102.200:2379"),
2026-01-28T09:34:45.150163050Z + 			string("https://10.0.108.54:2379"),
2026-01-28T09:34:45.150163050Z   			string("https://10.0.161.159:2379"),
2026-01-28T09:34:45.150163050Z   			string("https://localhost:2379"),
2026-01-28T09:34:45.150163050Z   		},
2026-01-28T09:34:45.150163050Z   		"feature-gates": []any{string("AdditionalRoutingCapabilities=true"), string("AdminNetworkPolicy=true"), string("AlibabaPlatform=true"), string("AzureWorkloadIdentity=true"), ...},
2026-01-28T09:34:45.150163050Z   		"goaway-chance": []any{string("0.001")},
2026-01-28T09:34:45.150163050Z   		... // 4 identical entries
2026-01-28T09:34:45.150163050Z   	},
2026-01-28T09:34:45.150163050Z   	"corsAllowedOrigins":          []any{string(`//127\.0\.0\.1(:|$)`), string("//localhost(:|$)")},
2026-01-28T09:34:45.150163050Z   	"gracefulTerminationDuration": string("194"),
2026-01-28T09:34:45.150163050Z   	... // 2 identical entries
2026-01-28T09:34:45.150163050Z   }
2026-01-28T09:34:45.189429588Z I0128 09:34:45.189387       1 connectivity_check_controller.go:172] ConnectivityCheckController is waiting for transition to desired version (4.20.0-0-2026-01-28-090915-test-ci-ln-vjb5l1t-latest) to be completed.
2026-01-28T09:34:45.191450079Z E0128 09:34:45.191415       1 base_controller.go:279] "Unhandled Error" err="RevisionController reconciliation failed: configmap \"kube-apiserver-pod\" not found"
2026-01-28T09:34:45.193432019Z E0128 09:34:45.193400       1 base_controller.go:279] "Unhandled Error" err="NodeKubeconfigController reconciliation failed: \"secret/node-kubeconfigs\": configmap \"kube-apiserver-server-ca\" not found"
2026-01-28T09:34:45.224313815Z I0128 09:34:45.220421       1 event.go:377] Event(v1.ObjectReference{Kind:"Deployment", Namespace:"openshift-kube-apiserver-operator", Name:"kube-apiserver-operator", UID:"0f90e131-ac50-4cb2-87c5-ad12ae1902a5", APIVersion:"apps/v1", ResourceVersion:"", FieldPath:""}): type: 'Normal' reason: 'ConfigMapCreated' Created ConfigMap/config -n openshift-kube-apiserver because it was missing
2026-01-28T09:34:45.236967462Z E0128 09:34:45.236923       1 base_controller.go:279] "Unhandled Error" err="NodeKubeconfigController reconciliation failed: \"secret/node-kubeconfigs\": configmap \"kube-apiserver-server-ca\" not found"
2026-01-28T09:34:45.237766933Z E0128 09:34:45.237727       1 base_controller.go:279] "Unhandled Error" err="Installer reconciliation failed: missing required resources: [configmaps: bound-sa-token-signing-certs-0,config-0,etcd-serving-ca-0,kube-apiserver-audit-policies-0,kube-apiserver-cert-syncer-kubeconfig-0,kube-apiserver-pod-0,kubelet-serving-ca-0,sa-token-signing-certs-0, secrets: etcd-client-0,localhost-recovery-client-token-0,localhost-recovery-serving-certkey-0]"
2026-01-28T09:34:45.237985804Z I0128 09:34:45.237931       1 event.go:377] Event(v1.ObjectReference{Kind:"Deployment", Namespace:"openshift-kube-apiserver-operator", Name:"kube-apiserver-operator", UID:"0f90e131-ac50-4cb2-87c5-ad12ae1902a5", APIVersion:"apps/v1", ResourceVersion:"", FieldPath:""}): type: 'Warning' reason: 'RequiredInstallerResourcesMissing' configmaps: bound-sa-token-signing-certs-0,config-0,etcd-serving-ca-0,kube-apiserver-audit-policies-0,kube-apiserver-cert-syncer-kubeconfig-0,kube-apiserver-pod-0,kubelet-serving-ca-0,sa-token-signing-certs-0, secrets: etcd-client-0,localhost-recovery-client-token-0,localhost-recovery-serving-certkey-0
2026-01-28T09:34:45.241260519Z E0128 09:34:45.241214       1 base_controller.go:279] "Unhandled Error" err="RevisionController reconciliation failed: configmap \"kube-apiserver-pod\" not found"
2026-01-28T09:34:45.247258991Z I0128 09:34:45.247207       1 event.go:377] Event(v1.ObjectReference{Kind:"Deployment", Namespace:"openshift-kube-apiserver-operator", Name:"kube-apiserver-operator", UID:"0f90e131-ac50-4cb2-87c5-ad12ae1902a5", APIVersion:"apps/v1", ResourceVersion:"", FieldPath:""}): type: 'Warning' reason: 'RequiredInstallerResourcesMissing' configmaps: bound-sa-token-signing-certs-0,config-0,etcd-serving-ca-0,kube-apiserver-audit-policies-0,kube-apiserver-cert-syncer-kubeconfig-0,kube-apiserver-pod-0,kubelet-serving-ca-0,sa-token-signing-certs-0, secrets: etcd-client-0,localhost-recovery-client-token-0,localhost-recovery-serving-certkey-0
2026-01-28T09:34:45.248817509Z E0128 09:34:45.248786       1 base_controller.go:279] "Unhandled Error" err="Installer reconciliation failed: missing required resources: [configmaps: bound-sa-token-signing-certs-0,config-0,etcd-serving-ca-0,kube-apiserver-audit-policies-0,kube-apiserver-cert-syncer-kubeconfig-0,kube-apiserver-pod-0,kubelet-serving-ca-0,sa-token-signing-certs-0, secrets: etcd-client-0,localhost-recovery-client-token-0,localhost-recovery-serving-certkey-0]"
2026-01-28T09:34:45.585565972Z I0128 09:34:45.584972       1 annotations.go:52] Updating "openshift.io/owning-component" annotation for openshift-kube-apiserver/client-ca, diff:   string(
2026-01-28T09:34:45.585565972Z - 	"",
2026-01-28T09:34:45.585565972Z + 	"kube-apiserver",
2026-01-28T09:34:45.585565972Z   )
2026-01-28T09:34:45.585565972Z I0128 09:34:45.585257       1 event.go:377] Event(v1.ObjectReference{Kind:"Deployment", Namespace:"openshift-kube-apiserver-operator", Name:"kube-apiserver-operator", UID:"0f90e131-ac50-4cb2-87c5-ad12ae1902a5", APIVersion:"apps/v1", ResourceVersion:"", FieldPath:""}): type: 'Normal' reason: 'ConfigMapCreated' Created ConfigMap/kube-apiserver-pod -n openshift-kube-apiserver because it was missing
2026-01-28T09:34:45.587515670Z I0128 09:34:45.587443       1 event.go:377] Event(v1.ObjectReference{Kind:"Deployment", Namespace:"openshift-kube-apiserver-operator", Name:"kube-apiserver-operator", UID:"0f90e131-ac50-4cb2-87c5-ad12ae1902a5", APIVersion:"apps/v1", ResourceVersion:"", FieldPath:""}): type: 'Normal' reason: 'StartingNewRevision' new revision 1 triggered by "configmap \"kube-apiserver-pod-0\" not found"
2026-01-28T09:34:45.589179704Z E0128 09:34:45.589146       1 base_controller.go:279] "Unhandled Error" err="NodeKubeconfigController reconciliation failed: \"secret/node-kubeconfigs\": configmap \"kube-apiserver-server-ca\" not found"
2026-01-28T09:34:45.595616438Z I0128 09:34:45.595587       1 event.go:377] Event(v1.ObjectReference{Kind:"Deployment", Namespace:"openshift-kube-apiserver-operator", Name:"kube-apiserver-operator", UID:"0f90e131-ac50-4cb2-87c5-ad12ae1902a5", APIVersion:"apps/v1", ResourceVersion:"", FieldPath:""}): type: 'Warning' reason: 'RequiredInstallerResourcesMissing' configmaps: bound-sa-token-signing-certs-0,config-0,etcd-serving-ca-0,kube-apiserver-audit-policies-0,kube-apiserver-cert-syncer-kubeconfig-0,kube-apiserver-pod-0,kubelet-serving-ca-0,sa-token-signing-certs-0, secrets: etcd-client-0,localhost-recovery-client-token-0,localhost-recovery-serving-certkey-0
2026-01-28T09:34:45.596665961Z E0128 09:34:45.596636       1 base_controller.go:279] "Unhandled Error" err="Installer reconciliation failed: missing required resources: [configmaps: bound-sa-token-signing-certs-0,config-0,etcd-serving-ca-0,kube-apiserver-audit-policies-0,kube-apiserver-cert-syncer-kubeconfig-0,kube-apiserver-pod-0,kubelet-serving-ca-0,sa-token-signing-certs-0, secrets: etcd-client-0,localhost-recovery-client-token-0,localhost-recovery-serving-certkey-0]"
2026-01-28T09:34:45.988269507Z E0128 09:34:45.987813       1 base_controller.go:279] "Unhandled Error" err="NodeKubeconfigController reconciliation failed: \"secret/node-kubeconfigs\": configmap \"kube-apiserver-server-ca\" not found"
2026-01-28T09:34:45.988808584Z I0128 09:34:45.988705       1 targetconfigcontroller.go:411] Created client CA bundle configmap openshift-kube-apiserver/client-ca
2026-01-28T09:34:45.991261718Z I0128 09:34:45.988899       1 event.go:377] Event(v1.ObjectReference{Kind:"Deployment", Namespace:"openshift-kube-apiserver-operator", Name:"kube-apiserver-operator", UID:"0f90e131-ac50-4cb2-87c5-ad12ae1902a5", APIVersion:"apps/v1", ResourceVersion:"", FieldPath:""}): type: 'Normal' reason: 'ConfigMapCreated' Created ConfigMap/client-ca -n openshift-kube-apiserver because it was missing
2026-01-28T09:34:45.991261718Z I0128 09:34:45.989585       1 annotations.go:52] Updating "openshift.io/owning-component" annotation for openshift-kube-apiserver/kube-apiserver-server-ca, diff:   string(
2026-01-28T09:34:45.991261718Z - 	"",
2026-01-28T09:34:45.991261718Z + 	"kube-apiserver",
2026-01-28T09:34:45.991261718Z   )
2026-01-28T09:34:45.995186416Z I0128 09:34:45.995148       1 event.go:377] Event(v1.ObjectReference{Kind:"Deployment", Namespace:"openshift-kube-apiserver-operator", Name:"kube-apiserver-operator", UID:"0f90e131-ac50-4cb2-87c5-ad12ae1902a5", APIVersion:"apps/v1", ResourceVersion:"", FieldPath:""}): type: 'Warning' reason: 'RequiredInstallerResourcesMissing' configmaps: bound-sa-token-signing-certs-0,config-0,etcd-serving-ca-0,kube-apiserver-audit-policies-0,kube-apiserver-cert-syncer-kubeconfig-0,kube-apiserver-pod-0,kubelet-serving-ca-0,sa-token-signing-certs-0, secrets: etcd-client-0,localhost-recovery-client-token-0,localhost-recovery-serving-certkey-0
2026-01-28T09:34:45.996403547Z E0128 09:34:45.996369       1 base_controller.go:279] "Unhandled Error" err="Installer reconciliation failed: missing required resources: [configmaps: bound-sa-token-signing-certs-0,config-0,etcd-serving-ca-0,kube-apiserver-audit-policies-0,kube-apiserver-cert-syncer-kubeconfig-0,kube-apiserver-pod-0,kubelet-serving-ca-0,sa-token-signing-certs-0, secrets: etcd-client-0,localhost-recovery-client-token-0,localhost-recovery-serving-certkey-0]"
2026-01-28T09:34:46.187429419Z E0128 09:34:46.185441       1 base_controller.go:279] "Unhandled Error" err="NodeKubeconfigController reconciliation failed: \"secret/node-kubeconfigs\": configmap \"kube-apiserver-server-ca\" not found"
2026-01-28T09:34:46.190772997Z I0128 09:34:46.189709       1 event.go:377] Event(v1.ObjectReference{Kind:"Deployment", Namespace:"openshift-kube-apiserver-operator", Name:"kube-apiserver-operator", UID:"0f90e131-ac50-4cb2-87c5-ad12ae1902a5", APIVersion:"apps/v1", ResourceVersion:"", FieldPath:""}): type: 'Warning' reason: 'RequiredInstallerResourcesMissing' configmaps: bound-sa-token-signing-certs-0,config-0,etcd-serving-ca-0,kube-apiserver-audit-policies-0,kube-apiserver-cert-syncer-kubeconfig-0,kube-apiserver-pod-0,kubelet-serving-ca-0,sa-token-signing-certs-0, secrets: etcd-client-0,localhost-recovery-client-token-0,localhost-recovery-serving-certkey-0
2026-01-28T09:34:46.192396909Z E0128 09:34:46.192360       1 base_controller.go:279] "Unhandled Error" err="Installer reconciliation failed: missing required resources: [configmaps: bound-sa-token-signing-certs-0,config-0,etcd-serving-ca-0,kube-apiserver-audit-policies-0,kube-apiserver-cert-syncer-kubeconfig-0,kube-apiserver-pod-0,kubelet-serving-ca-0,sa-token-signing-certs-0, secrets: etcd-client-0,localhost-recovery-client-token-0,localhost-recovery-serving-certkey-0]"
2026-01-28T09:34:46.791409963Z I0128 09:34:46.791357       1 event.go:377] Event(v1.ObjectReference{Kind:"Deployment", Namespace:"openshift-kube-apiserver-operator", Name:"kube-apiserver-operator", UID:"0f90e131-ac50-4cb2-87c5-ad12ae1902a5", APIVersion:"apps/v1", ResourceVersion:"", FieldPath:""}): type: 'Normal' reason: 'ConfigMapCreated' Created ConfigMap/kube-apiserver-client-ca -n openshift-config-managed because it was missing
2026-01-28T09:34:46.988063859Z I0128 09:34:46.986984       1 targetconfigcontroller.go:473] Created kube apiserver CA bundle configmap openshift-kube-apiserver/kube-apiserver-server-ca
2026-01-28T09:34:46.988063859Z I0128 09:34:46.987244       1 event.go:377] Event(v1.ObjectReference{Kind:"Deployment", Namespace:"openshift-kube-apiserver-operator", Name:"kube-apiserver-operator", UID:"0f90e131-ac50-4cb2-87c5-ad12ae1902a5", APIVersion:"apps/v1", ResourceVersion:"", FieldPath:""}): type: 'Normal' reason: 'ConfigMapCreated' Created ConfigMap/kube-apiserver-server-ca -n openshift-kube-apiserver because it was missing
2026-01-28T09:34:46.994502223Z I0128 09:34:46.994458       1 event.go:377] Event(v1.ObjectReference{Kind:"Deployment", Namespace:"openshift-kube-apiserver-operator", Name:"kube-apiserver-operator", UID:"0f90e131-ac50-4cb2-87c5-ad12ae1902a5", APIVersion:"apps/v1", ResourceVersion:"", FieldPath:""}): type: 'Warning' reason: 'RequiredInstallerResourcesMissing' configmaps: bound-sa-token-signing-certs-0,config-0,etcd-serving-ca-0,kube-apiserver-audit-policies-0,kube-apiserver-cert-syncer-kubeconfig-0,kube-apiserver-pod-0,kubelet-serving-ca-0,sa-token-signing-certs-0, secrets: etcd-client-0,localhost-recovery-client-token-0,localhost-recovery-serving-certkey-0
2026-01-28T09:34:46.995886413Z E0128 09:34:46.995860       1 base_controller.go:279] "Unhandled Error" err="Installer reconciliation failed: missing required resources: [configmaps: bound-sa-token-signing-certs-0,config-0,etcd-serving-ca-0,kube-apiserver-audit-policies-0,kube-apiserver-cert-syncer-kubeconfig-0,kube-apiserver-pod-0,kubelet-serving-ca-0,sa-token-signing-certs-0, secrets: etcd-client-0,localhost-recovery-client-token-0,localhost-recovery-serving-certkey-0]"
2026-01-28T09:34:47.188467733Z I0128 09:34:47.185678       1 event.go:377] Event(v1.ObjectReference{Kind:"Deployment", Namespace:"openshift-kube-apiserver-operator", Name:"kube-apiserver-operator", UID:"0f90e131-ac50-4cb2-87c5-ad12ae1902a5", APIVersion:"apps/v1", ResourceVersion:"", FieldPath:""}): type: 'Normal' reason: 'ConfigMapCreated' Created ConfigMap/kube-apiserver-pod-1 -n openshift-kube-apiserver because it was missing
2026-01-28T09:34:47.196691998Z E0128 09:34:47.196486       1 base_controller.go:279] "Unhandled Error" err="Installer reconciliation failed: missing required resources: [configmaps: bound-sa-token-signing-certs-0,config-0,etcd-serving-ca-0,kube-apiserver-audit-policies-0,kube-apiserver-cert-syncer-kubeconfig-0,kube-apiserver-pod-0,kubelet-serving-ca-0,sa-token-signing-certs-0, secrets: etcd-client-0,localhost-recovery-client-token-0,localhost-recovery-serving-certkey-0]"
2026-01-28T09:34:47.196868827Z I0128 09:34:47.196810       1 event.go:377] Event(v1.ObjectReference{Kind:"Deployment", Namespace:"openshift-kube-apiserver-operator", Name:"kube-apiserver-operator", UID:"0f90e131-ac50-4cb2-87c5-ad12ae1902a5", APIVersion:"apps/v1", ResourceVersion:"", FieldPath:""}): type: 'Warning' reason: 'RequiredInstallerResourcesMissing' configmaps: bound-sa-token-signing-certs-0,config-0,etcd-serving-ca-0,kube-apiserver-audit-policies-0,kube-apiserver-cert-syncer-kubeconfig-0,kube-apiserver-pod-0,kubelet-serving-ca-0,sa-token-signing-certs-0, secrets: etcd-client-0,localhost-recovery-client-token-0,localhost-recovery-serving-certkey-0
2026-01-28T09:34:48.179402939Z I0128 09:34:48.179355       1 request.go:752] "Waited before sending request" delay="1.191654975s" reason="client-side throttling, not priority and fairness" verb="POST" URL="https://172.30.0.1:443/api/v1/namespaces/openshift-config-managed/configmaps"
2026-01-28T09:34:48.191057666Z I0128 09:34:48.190519       1 event.go:377] Event(v1.ObjectReference{Kind:"Deployment", Namespace:"openshift-kube-apiserver-operator", Name:"kube-apiserver-operator", UID:"0f90e131-ac50-4cb2-87c5-ad12ae1902a5", APIVersion:"apps/v1", ResourceVersion:"", FieldPath:""}): type: 'Normal' reason: 'ConfigMapCreated' Created ConfigMap/kube-apiserver-server-ca -n openshift-config-managed because it was missing
2026-01-28T09:34:48.385802866Z I0128 09:34:48.384522       1 event.go:377] Event(v1.ObjectReference{Kind:"Deployment", Namespace:"openshift-kube-apiserver-operator", Name:"kube-apiserver-operator", UID:"0f90e131-ac50-4cb2-87c5-ad12ae1902a5", APIVersion:"apps/v1", ResourceVersion:"", FieldPath:""}): type: 'Normal' reason: 'ConfigMapCreated' Created ConfigMap/config-1 -n openshift-kube-apiserver because it was missing
2026-01-28T09:34:48.394060032Z E0128 09:34:48.393863       1 base_controller.go:279] "Unhandled Error" err="Installer reconciliation failed: missing required resources: [configmaps: bound-sa-token-signing-certs-0,config-0,etcd-serving-ca-0,kube-apiserver-audit-policies-0,kube-apiserver-cert-syncer-kubeconfig-0,kube-apiserver-pod-0,kubelet-serving-ca-0,sa-token-signing-certs-0, secrets: etcd-client-0,localhost-recovery-client-token-0,localhost-recovery-serving-certkey-0]"
2026-01-28T09:34:48.396820911Z I0128 09:34:48.394184       1 event.go:377] Event(v1.ObjectReference{Kind:"Deployment", Namespace:"openshift-kube-apiserver-operator", Name:"kube-apiserver-operator", UID:"0f90e131-ac50-4cb2-87c5-ad12ae1902a5", APIVersion:"apps/v1", ResourceVersion:"", FieldPath:""}): type: 'Warning' reason: 'RequiredInstallerResourcesMissing' configmaps: bound-sa-token-signing-certs-0,config-0,etcd-serving-ca-0,kube-apiserver-audit-policies-0,kube-apiserver-cert-syncer-kubeconfig-0,kube-apiserver-pod-0,kubelet-serving-ca-0,sa-token-signing-certs-0, secrets: etcd-client-0,localhost-recovery-client-token-0,localhost-recovery-serving-certkey-0
2026-01-28T09:34:48.988056532Z I0128 09:34:48.985748       1 event.go:377] Event(v1.ObjectReference{Kind:"Deployment", Namespace:"openshift-kube-apiserver-operator", Name:"kube-apiserver-operator", UID:"0f90e131-ac50-4cb2-87c5-ad12ae1902a5", APIVersion:"apps/v1", ResourceVersion:"", FieldPath:""}): type: 'Normal' reason: 'SecretCreated' Created Secret/node-kubeconfigs -n openshift-kube-apiserver because it was missing
2026-01-28T09:34:48.996906278Z I0128 09:34:48.996860       1 event.go:377] Event(v1.ObjectReference{Kind:"Deployment", Namespace:"openshift-kube-apiserver-operator", Name:"kube-apiserver-operator", UID:"0f90e131-ac50-4cb2-87c5-ad12ae1902a5", APIVersion:"apps/v1", ResourceVersion:"", FieldPath:""}): type: 'Warning' reason: 'RequiredInstallerResourcesMissing' configmaps: bound-sa-token-signing-certs-0,config-0,etcd-serving-ca-0,kube-apiserver-audit-policies-0,kube-apiserver-cert-syncer-kubeconfig-0,kube-apiserver-pod-0,kubelet-serving-ca-0,sa-token-signing-certs-0, secrets: etcd-client-0,localhost-recovery-client-token-0,localhost-recovery-serving-certkey-0
2026-01-28T09:34:48.998602444Z E0128 09:34:48.998573       1 base_controller.go:279] "Unhandled Error" err="Installer reconciliation failed: missing required resources: [configmaps: bound-sa-token-signing-certs-0,config-0,etcd-serving-ca-0,kube-apiserver-audit-policies-0,kube-apiserver-cert-syncer-kubeconfig-0,kube-apiserver-pod-0,kubelet-serving-ca-0,sa-token-signing-certs-0, secrets: etcd-client-0,localhost-recovery-client-token-0,localhost-recovery-serving-certkey-0]"
2026-01-28T09:34:49.017173159Z I0128 09:34:49.017059       1 connectivity_check_controller.go:172] ConnectivityCheckController is waiting for transition to desired version (4.20.0-0-2026-01-28-090915-test-ci-ln-vjb5l1t-latest) to be completed.
2026-01-28T09:34:49.017301615Z I0128 09:34:49.017282       1 status_controller.go:230] clusteroperator/kube-apiserver diff {"status":{"conditions":[{"lastTransitionTime":"2026-01-28T09:32:36Z","message":"GuardControllerDegraded: [Missing operand on node ip-10-0-102-200.us-west-1.compute.internal, Missing operand on node ip-10-0-108-54.us-west-1.compute.internal, Missing operand on node ip-10-0-3-203.us-west-1.compute.internal]\nInstallerControllerDegraded: missing required resources: [configmaps: bound-sa-token-signing-certs-0,config-0,etcd-serving-ca-0,kube-apiserver-audit-policies-0,kube-apiserver-cert-syncer-kubeconfig-0,kube-apiserver-pod-0,kubelet-serving-ca-0,sa-token-signing-certs-0, secrets: etcd-client-0,localhost-recovery-client-token-0,localhost-recovery-serving-certkey-0]\nRevisionControllerDegraded: configmap \"kube-apiserver-pod\" not found","reason":"GuardController_SyncError::InstallerController_Error::RevisionController_SyncError","status":"True","type":"Degraded"},{"lastTransitionTime":"2026-01-28T09:30:35Z","message":"NodeInstallerProgressing: 3 nodes are at revision 0","reason":"AsExpected","status":"False","type":"Progressing"},{"lastTransitionTime":"2026-01-28T09:30:35Z","message":"StaticPodsAvailable: 0 nodes are active; 3 nodes are at revision 0","reason":"StaticPods_ZeroNodesActive","status":"False","type":"Available"},{"lastTransitionTime":"2026-01-28T09:30:35Z","message":"KubeletMinorVersionUpgradeable: Kubelet and API server minor versions are synced.","reason":"AsExpected","status":"True","type":"Upgradeable"},{"lastTransitionTime":"2026-01-28T09:31:21Z","message":"PodSecurityInconclusiveEvaluationConditionsDetected: Could not evaluate violations for namespaces: [kube-node-lease openshift openshift-apiserver-operator openshift-cloud-credential-operator openshift-cloud-network-config-controller openshift-cluster-olm-operator openshift-cluster-samples-operator openshift-cluster-storage-operator openshift-config-managed openshift-config-operator openshift-console openshift-console-operator openshift-console-user-settings openshift-controller-manager-operator openshift-dns-operator openshift-host-network openshift-ingress-operator openshift-kube-controller-manager-operator openshift-kube-storage-version-migrator openshift-kube-storage-version-migrator-operator openshift-network-console openshift-network-diagnostics openshift-node openshift-service-ca openshift-service-ca-operator openshift-user-workload-monitoring]","reason":"PodSecurityInconclusive_PSViolationDecisionInconclusive","status":"True","type":"EvaluationConditionsDetected"}]}}
2026-01-28T09:34:49.027624806Z I0128 09:34:49.027580       1 event.go:377] Event(v1.ObjectReference{Kind:"Deployment", Namespace:"openshift-kube-apiserver-operator", Name:"kube-apiserver-operator", UID:"0f90e131-ac50-4cb2-87c5-ad12ae1902a5", APIVersion:"apps/v1", ResourceVersion:"", FieldPath:""}): type: 'Warning' reason: 'RequiredInstallerResourcesMissing' configmaps: bound-sa-token-signing-certs-0,config-0,etcd-serving-ca-0,kube-apiserver-audit-policies-0,kube-apiserver-cert-syncer-kubeconfig-0,kube-apiserver-pod-0,kubelet-serving-ca-0,sa-token-signing-certs-0, secrets: etcd-client-0,localhost-recovery-client-token-0,localhost-recovery-serving-certkey-0
2026-01-28T09:34:49.028369933Z I0128 09:34:49.028338       1 event.go:377] Event(v1.ObjectReference{Kind:"Deployment", Namespace:"openshift-kube-apiserver-operator", Name:"kube-apiserver-operator", UID:"0f90e131-ac50-4cb2-87c5-ad12ae1902a5", APIVersion:"apps/v1", ResourceVersion:"", FieldPath:""}): type: 'Normal' reason: 'OperatorStatusChanged' Status for clusteroperator/kube-apiserver changed: Degraded message changed from "GuardControllerDegraded: [Missing operand on node ip-10-0-102-200.us-west-1.compute.internal, Missing operand on node ip-10-0-108-54.us-west-1.compute.internal, Missing operand on node ip-10-0-3-203.us-west-1.compute.internal]\nInstallerControllerDegraded: missing required resources: [configmaps: bound-sa-token-signing-certs-0,config-0,etcd-serving-ca-0,kube-apiserver-audit-policies-0,kube-apiserver-cert-syncer-kubeconfig-0,kube-apiserver-pod-0,kubelet-serving-ca-0,sa-token-signing-certs-0, secrets: etcd-client-0,localhost-recovery-client-token-0,localhost-recovery-serving-certkey-0]\nNodeKubeconfigControllerDegraded: \"secret/node-kubeconfigs\": configmap \"kube-apiserver-server-ca\" not found\nRevisionControllerDegraded: configmap \"kube-apiserver-pod\" not found" to "GuardControllerDegraded: [Missing operand on node ip-10-0-102-200.us-west-1.compute.internal, Missing operand on node ip-10-0-108-54.us-west-1.compute.internal, Missing operand on node ip-10-0-3-203.us-west-1.compute.internal]\nInstallerControllerDegraded: missing required resources: [configmaps: bound-sa-token-signing-certs-0,config-0,etcd-serving-ca-0,kube-apiserver-audit-policies-0,kube-apiserver-cert-syncer-kubeconfig-0,kube-apiserver-pod-0,kubelet-serving-ca-0,sa-token-signing-certs-0, secrets: etcd-client-0,localhost-recovery-client-token-0,localhost-recovery-serving-certkey-0]\nRevisionControllerDegraded: configmap \"kube-apiserver-pod\" not found"
2026-01-28T09:34:49.035959285Z E0128 09:34:49.035921       1 base_controller.go:279] "Unhandled Error" err="Installer reconciliation failed: missing required resources: [configmaps: bound-sa-token-signing-certs-0,config-0,etcd-serving-ca-0,kube-apiserver-audit-policies-0,kube-apiserver-cert-syncer-kubeconfig-0,kube-apiserver-pod-0,kubelet-serving-ca-0,sa-token-signing-certs-0, secrets: etcd-client-0,localhost-recovery-client-token-0,localhost-recovery-serving-certkey-0]"
2026-01-28T09:34:49.190918331Z I0128 09:34:49.190868       1 event.go:377] Event(v1.ObjectReference{Kind:"Deployment", Namespace:"openshift-kube-apiserver-operator", Name:"kube-apiserver-operator", UID:"0f90e131-ac50-4cb2-87c5-ad12ae1902a5", APIVersion:"apps/v1", ResourceVersion:"", FieldPath:""}): type: 'Warning' reason: 'RequiredInstallerResourcesMissing' configmaps: bound-sa-token-signing-certs-0,config-0,etcd-serving-ca-0,kube-apiserver-audit-policies-0,kube-apiserver-cert-syncer-kubeconfig-0,kube-apiserver-pod-0,kubelet-serving-ca-0,sa-token-signing-certs-0, secrets: etcd-client-0,localhost-recovery-client-token-0,localhost-recovery-serving-certkey-0
2026-01-28T09:34:49.192232257Z E0128 09:34:49.192203       1 base_controller.go:279] "Unhandled Error" err="Installer reconciliation failed: missing required resources: [configmaps: bound-sa-token-signing-certs-0,config-0,etcd-serving-ca-0,kube-apiserver-audit-policies-0,kube-apiserver-cert-syncer-kubeconfig-0,kube-apiserver-pod-0,kubelet-serving-ca-0,sa-token-signing-certs-0, secrets: etcd-client-0,localhost-recovery-client-token-0,localhost-recovery-serving-certkey-0]"
2026-01-28T09:34:49.223760885Z I0128 09:34:49.223657       1 event.go:377] Event(v1.ObjectReference{Kind:"Deployment", Namespace:"openshift-kube-apiserver-operator", Name:"kube-apiserver-operator", UID:"0f90e131-ac50-4cb2-87c5-ad12ae1902a5", APIVersion:"apps/v1", ResourceVersion:"", FieldPath:""}): type: 'Warning' reason: 'RequiredInstallerResourcesMissing' configmaps: bound-sa-token-signing-certs-0,config-0,etcd-serving-ca-0,kube-apiserver-audit-policies-0,kube-apiserver-cert-syncer-kubeconfig-0,kube-apiserver-pod-0,kubelet-serving-ca-0,sa-token-signing-certs-0, secrets: etcd-client-0,localhost-recovery-client-token-0,localhost-recovery-serving-certkey-0
2026-01-28T09:34:49.225402568Z E0128 09:34:49.225375       1 base_controller.go:279] "Unhandled Error" err="Installer reconciliation failed: missing required resources: [configmaps: bound-sa-token-signing-certs-0,config-0,etcd-serving-ca-0,kube-apiserver-audit-policies-0,kube-apiserver-cert-syncer-kubeconfig-0,kube-apiserver-pod-0,kubelet-serving-ca-0,sa-token-signing-certs-0, secrets: etcd-client-0,localhost-recovery-client-token-0,localhost-recovery-serving-certkey-0]"
2026-01-28T09:34:49.379195265Z I0128 09:34:49.379142       1 request.go:752] "Waited before sending request" delay="1.188484376s" reason="client-side throttling, not priority and fairness" verb="POST" URL="https://172.30.0.1:443/api/v1/namespaces/openshift-config-managed/configmaps"
2026-01-28T09:34:49.385430549Z I0128 09:34:49.385382       1 event.go:377] Event(v1.ObjectReference{Kind:"Deployment", Namespace:"openshift-kube-apiserver-operator", Name:"kube-apiserver-operator", UID:"0f90e131-ac50-4cb2-87c5-ad12ae1902a5", APIVersion:"apps/v1", ResourceVersion:"", FieldPath:""}): type: 'Warning' reason: 'ConfigMapCreateFailed' Failed to create ConfigMap/kube-apiserver-server-ca -n openshift-config-managed: configmaps "kube-apiserver-server-ca" already exists
2026-01-28T09:34:49.411545104Z I0128 09:34:49.411491       1 connectivity_check_controller.go:172] ConnectivityCheckController is waiting for transition to desired version (4.20.0-0-2026-01-28-090915-test-ci-ln-vjb5l1t-latest) to be completed.
2026-01-28T09:34:49.424976191Z I0128 09:34:49.424930       1 status_controller.go:230] clusteroperator/kube-apiserver diff {"status":{"conditions":[{"lastTransitionTime":"2026-01-28T09:32:36Z","message":"GuardControllerDegraded: [Missing operand on node ip-10-0-102-200.us-west-1.compute.internal, Missing operand on node ip-10-0-108-54.us-west-1.compute.internal, Missing operand on node ip-10-0-3-203.us-west-1.compute.internal]\nInstallerControllerDegraded: missing required resources: [configmaps: bound-sa-token-signing-certs-0,config-0,etcd-serving-ca-0,kube-apiserver-audit-policies-0,kube-apiserver-cert-syncer-kubeconfig-0,kube-apiserver-pod-0,kubelet-serving-ca-0,sa-token-signing-certs-0, secrets: etcd-client-0,localhost-recovery-client-token-0,localhost-recovery-serving-certkey-0]\nResourceSyncControllerDegraded: configmaps \"kube-apiserver-server-ca\" already exists\nRevisionControllerDegraded: configmap \"kube-apiserver-pod\" not found","reason":"GuardController_SyncError::InstallerController_Error::ResourceSyncController_Error::RevisionController_SyncError","status":"True","type":"Degraded"},{"lastTransitionTime":"2026-01-28T09:30:35Z","message":"NodeInstallerProgressing: 3 nodes are at revision 0","reason":"AsExpected","status":"False","type":"Progressing"},{"lastTransitionTime":"2026-01-28T09:30:35Z","message":"StaticPodsAvailable: 0 nodes are active; 3 nodes are at revision 0","reason":"StaticPods_ZeroNodesActive","status":"False","type":"Available"},{"lastTransitionTime":"2026-01-28T09:30:35Z","message":"KubeletMinorVersionUpgradeable: Kubelet and API server minor versions are synced.","reason":"AsExpected","status":"True","type":"Upgradeable"},{"lastTransitionTime":"2026-01-28T09:31:21Z","message":"PodSecurityInconclusiveEvaluationConditionsDetected: Could not evaluate violations for namespaces: [kube-node-lease openshift openshift-apiserver-operator openshift-cloud-credential-operator openshift-cloud-network-config-controller openshift-cluster-olm-operator openshift-cluster-samples-operator openshift-cluster-storage-operator openshift-config-managed openshift-config-operator openshift-console openshift-console-operator openshift-console-user-settings openshift-controller-manager-operator openshift-dns-operator openshift-host-network openshift-ingress-operator openshift-kube-controller-manager-operator openshift-kube-storage-version-migrator openshift-kube-storage-version-migrator-operator openshift-network-console openshift-network-diagnostics openshift-node openshift-service-ca openshift-service-ca-operator openshift-user-workload-monitoring]","reason":"PodSecurityInconclusive_PSViolationDecisionInconclusive","status":"True","type":"EvaluationConditionsDetected"}]}}
2026-01-28T09:34:49.427401253Z I0128 09:34:49.427365       1 event.go:377] Event(v1.ObjectReference{Kind:"Deployment", Namespace:"openshift-kube-apiserver-operator", Name:"kube-apiserver-operator", UID:"0f90e131-ac50-4cb2-87c5-ad12ae1902a5", APIVersion:"apps/v1", ResourceVersion:"", FieldPath:""}): type: 'Warning' reason: 'RequiredInstallerResourcesMissing' configmaps: bound-sa-token-signing-certs-0,config-0,etcd-serving-ca-0,kube-apiserver-audit-policies-0,kube-apiserver-cert-syncer-kubeconfig-0,kube-apiserver-pod-0,kubelet-serving-ca-0,sa-token-signing-certs-0, secrets: etcd-client-0,localhost-recovery-client-token-0,localhost-recovery-serving-certkey-0
2026-01-28T09:34:49.429162692Z E0128 09:34:49.429131       1 base_controller.go:279] "Unhandled Error" err="Installer reconciliation failed: missing required resources: [configmaps: bound-sa-token-signing-certs-0,config-0,etcd-serving-ca-0,kube-apiserver-audit-policies-0,kube-apiserver-cert-syncer-kubeconfig-0,kube-apiserver-pod-0,kubelet-serving-ca-0,sa-token-signing-certs-0, secrets: etcd-client-0,localhost-recovery-client-token-0,localhost-recovery-serving-certkey-0]"
2026-01-28T09:34:49.437193986Z I0128 09:34:49.433563       1 event.go:377] Event(v1.ObjectReference{Kind:"Deployment", Namespace:"openshift-kube-apiserver-operator", Name:"kube-apiserver-operator", UID:"0f90e131-ac50-4cb2-87c5-ad12ae1902a5", APIVersion:"apps/v1", ResourceVersion:"", FieldPath:""}): type: 'Normal' reason: 'OperatorStatusChanged' Status for clusteroperator/kube-apiserver changed: Degraded message changed from "GuardControllerDegraded: [Missing operand on node ip-10-0-102-200.us-west-1.compute.internal, Missing operand on node ip-10-0-108-54.us-west-1.compute.internal, Missing operand on node ip-10-0-3-203.us-west-1.compute.internal]\nInstallerControllerDegraded: missing required resources: [configmaps: bound-sa-token-signing-certs-0,config-0,etcd-serving-ca-0,kube-apiserver-audit-policies-0,kube-apiserver-cert-syncer-kubeconfig-0,kube-apiserver-pod-0,kubelet-serving-ca-0,sa-token-signing-certs-0, secrets: etcd-client-0,localhost-recovery-client-token-0,localhost-recovery-serving-certkey-0]\nRevisionControllerDegraded: configmap \"kube-apiserver-pod\" not found" to "GuardControllerDegraded: [Missing operand on node ip-10-0-102-200.us-west-1.compute.internal, Missing operand on node ip-10-0-108-54.us-west-1.compute.internal, Missing operand on node ip-10-0-3-203.us-west-1.compute.internal]\nInstallerControllerDegraded: missing required resources: [configmaps: bound-sa-token-signing-certs-0,config-0,etcd-serving-ca-0,kube-apiserver-audit-policies-0,kube-apiserver-cert-syncer-kubeconfig-0,kube-apiserver-pod-0,kubelet-serving-ca-0,sa-token-signing-certs-0, secrets: etcd-client-0,localhost-recovery-client-token-0,localhost-recovery-serving-certkey-0]\nResourceSyncControllerDegraded: configmaps \"kube-apiserver-server-ca\" already exists\nRevisionControllerDegraded: configmap \"kube-apiserver-pod\" not found"
2026-01-28T09:34:49.456276058Z I0128 09:34:49.452976       1 status_controller.go:230] clusteroperator/kube-apiserver diff {"status":{"conditions":[{"lastTransitionTime":"2026-01-28T09:32:36Z","message":"GuardControllerDegraded: [Missing operand on node ip-10-0-102-200.us-west-1.compute.internal, Missing operand on node ip-10-0-108-54.us-west-1.compute.internal, Missing operand on node ip-10-0-3-203.us-west-1.compute.internal]\nInstallerControllerDegraded: missing required resources: [configmaps: bound-sa-token-signing-certs-0,config-0,etcd-serving-ca-0,kube-apiserver-audit-policies-0,kube-apiserver-cert-syncer-kubeconfig-0,kube-apiserver-pod-0,kubelet-serving-ca-0,sa-token-signing-certs-0, secrets: etcd-client-0,localhost-recovery-client-token-0,localhost-recovery-serving-certkey-0]\nRevisionControllerDegraded: configmap \"kube-apiserver-pod\" not found","reason":"GuardController_SyncError::InstallerController_Error::RevisionController_SyncError","status":"True","type":"Degraded"},{"lastTransitionTime":"2026-01-28T09:30:35Z","message":"NodeInstallerProgressing: 3 nodes are at revision 0","reason":"AsExpected","status":"False","type":"Progressing"},{"lastTransitionTime":"2026-01-28T09:30:35Z","message":"StaticPodsAvailable: 0 nodes are active; 3 nodes are at revision 0","reason":"StaticPods_ZeroNodesActive","status":"False","type":"Available"},{"lastTransitionTime":"2026-01-28T09:30:35Z","message":"KubeletMinorVersionUpgradeable: Kubelet and API server minor versions are synced.","reason":"AsExpected","status":"True","type":"Upgradeable"},{"lastTransitionTime":"2026-01-28T09:31:21Z","message":"PodSecurityInconclusiveEvaluationConditionsDetected: Could not evaluate violations for namespaces: [kube-node-lease openshift openshift-apiserver-operator openshift-cloud-credential-operator openshift-cloud-network-config-controller openshift-cluster-olm-operator openshift-cluster-samples-operator openshift-cluster-storage-operator openshift-config-managed openshift-config-operator openshift-console openshift-console-operator openshift-console-user-settings openshift-controller-manager-operator openshift-dns-operator openshift-host-network openshift-ingress-operator openshift-kube-controller-manager-operator openshift-kube-storage-version-migrator openshift-kube-storage-version-migrator-operator openshift-network-console openshift-network-diagnostics openshift-node openshift-service-ca openshift-service-ca-operator openshift-user-workload-monitoring]","reason":"PodSecurityInconclusive_PSViolationDecisionInconclusive","status":"True","type":"EvaluationConditionsDetected"}]}}
2026-01-28T09:34:49.456731360Z I0128 09:34:49.456700       1 connectivity_check_controller.go:172] ConnectivityCheckController is waiting for transition to desired version (4.20.0-0-2026-01-28-090915-test-ci-ln-vjb5l1t-latest) to be completed.
2026-01-28T09:34:49.473902545Z I0128 09:34:49.473436       1 event.go:377] Event(v1.ObjectReference{Kind:"Deployment", Namespace:"openshift-kube-apiserver-operator", Name:"kube-apiserver-operator", UID:"0f90e131-ac50-4cb2-87c5-ad12ae1902a5", APIVersion:"apps/v1", ResourceVersion:"", FieldPath:""}): type: 'Normal' reason: 'OperatorStatusChanged' Status for clusteroperator/kube-apiserver changed: Degraded message changed from "GuardControllerDegraded: [Missing operand on node ip-10-0-102-200.us-west-1.compute.internal, Missing operand on node ip-10-0-108-54.us-west-1.compute.internal, Missing operand on node ip-10-0-3-203.us-west-1.compute.internal]\nInstallerControllerDegraded: missing required resources: [configmaps: bound-sa-token-signing-certs-0,config-0,etcd-serving-ca-0,kube-apiserver-audit-policies-0,kube-apiserver-cert-syncer-kubeconfig-0,kube-apiserver-pod-0,kubelet-serving-ca-0,sa-token-signing-certs-0, secrets: etcd-client-0,localhost-recovery-client-token-0,localhost-recovery-serving-certkey-0]\nResourceSyncControllerDegraded: configmaps \"kube-apiserver-server-ca\" already exists\nRevisionControllerDegraded: configmap \"kube-apiserver-pod\" not found" to "GuardControllerDegraded: [Missing operand on node ip-10-0-102-200.us-west-1.compute.internal, Missing operand on node ip-10-0-108-54.us-west-1.compute.internal, Missing operand on node ip-10-0-3-203.us-west-1.compute.internal]\nInstallerControllerDegraded: missing required resources: [configmaps: bound-sa-token-signing-certs-0,config-0,etcd-serving-ca-0,kube-apiserver-audit-policies-0,kube-apiserver-cert-syncer-kubeconfig-0,kube-apiserver-pod-0,kubelet-serving-ca-0,sa-token-signing-certs-0, secrets: etcd-client-0,localhost-recovery-client-token-0,localhost-recovery-serving-certkey-0]\nRevisionControllerDegraded: configmap \"kube-apiserver-pod\" not found"
2026-01-28T09:34:49.482125680Z I0128 09:34:49.482005       1 event.go:377] Event(v1.ObjectReference{Kind:"Deployment", Namespace:"openshift-kube-apiserver-operator", Name:"kube-apiserver-operator", UID:"0f90e131-ac50-4cb2-87c5-ad12ae1902a5", APIVersion:"apps/v1", ResourceVersion:"", FieldPath:""}): type: 'Warning' reason: 'RequiredInstallerResourcesMissing' configmaps: bound-sa-token-signing-certs-0,config-0,etcd-serving-ca-0,kube-apiserver-audit-policies-0,kube-apiserver-cert-syncer-kubeconfig-0,kube-apiserver-pod-0,kubelet-serving-ca-0,sa-token-signing-certs-0, secrets: etcd-client-0,localhost-recovery-client-token-0,localhost-recovery-serving-certkey-0
2026-01-28T09:34:49.484252267Z E0128 09:34:49.483489       1 base_controller.go:279] "Unhandled Error" err="Installer reconciliation failed: missing required resources: [configmaps: bound-sa-token-signing-certs-0,config-0,etcd-serving-ca-0,kube-apiserver-audit-policies-0,kube-apiserver-cert-syncer-kubeconfig-0,kube-apiserver-pod-0,kubelet-serving-ca-0,sa-token-signing-certs-0, secrets: etcd-client-0,localhost-recovery-client-token-0,localhost-recovery-serving-certkey-0]"
2026-01-28T09:34:49.588131719Z I0128 09:34:49.588085       1 event.go:377] Event(v1.ObjectReference{Kind:"Deployment", Namespace:"openshift-kube-apiserver-operator", Name:"kube-apiserver-operator", UID:"0f90e131-ac50-4cb2-87c5-ad12ae1902a5", APIVersion:"apps/v1", ResourceVersion:"", FieldPath:""}): type: 'Normal' reason: 'ConfigMapCreated' Created ConfigMap/kube-apiserver-cert-syncer-kubeconfig-1 -n openshift-kube-apiserver because it was missing
2026-01-28T09:34:49.591168082Z I0128 09:34:49.591133       1 event.go:377] Event(v1.ObjectReference{Kind:"Deployment", Namespace:"openshift-kube-apiserver-operator", Name:"kube-apiserver-operator", UID:"0f90e131-ac50-4cb2-87c5-ad12ae1902a5", APIVersion:"apps/v1", ResourceVersion:"", FieldPath:""}): type: 'Warning' reason: 'RequiredInstallerResourcesMissing' configmaps: bound-sa-token-signing-certs-0,config-0,etcd-serving-ca-0,kube-apiserver-audit-policies-0,kube-apiserver-cert-syncer-kubeconfig-0,kube-apiserver-pod-0,kubelet-serving-ca-0,sa-token-signing-certs-0, secrets: etcd-client-0,localhost-recovery-client-token-0,localhost-recovery-serving-certkey-0
2026-01-28T09:34:49.592525361Z E0128 09:34:49.592504       1 base_controller.go:279] "Unhandled Error" err="Installer reconciliation failed: missing required resources: [configmaps: bound-sa-token-signing-certs-0,config-0,etcd-serving-ca-0,kube-apiserver-audit-policies-0,kube-apiserver-cert-syncer-kubeconfig-0,kube-apiserver-pod-0,kubelet-serving-ca-0,sa-token-signing-certs-0, secrets: etcd-client-0,localhost-recovery-client-token-0,localhost-recovery-serving-certkey-0]"
2026-01-28T09:34:50.379330934Z I0128 09:34:50.379286       1 request.go:752] "Waited before sending request" delay="1.366520265s" reason="client-side throttling, not priority and fairness" verb="GET" URL="https://172.30.0.1:443/api/v1/namespaces/openshift-kube-apiserver/serviceaccounts/installer-sa"
2026-01-28T09:34:50.609989642Z E0128 09:34:50.608711       1 guard_controller.go:310] Missing operand on node ip-10-0-102-200.us-west-1.compute.internal
2026-01-28T09:34:50.609989642Z E0128 09:34:50.608741       1 guard_controller.go:310] Missing operand on node ip-10-0-108-54.us-west-1.compute.internal
2026-01-28T09:34:50.609989642Z E0128 09:34:50.608750       1 guard_controller.go:310] Missing operand on node ip-10-0-3-203.us-west-1.compute.internal
2026-01-28T09:34:50.613083528Z E0128 09:34:50.611995       1 base_controller.go:279] "Unhandled Error" err="GuardController reconciliation failed: [Missing operand on node ip-10-0-102-200.us-west-1.compute.internal, Missing operand on node ip-10-0-108-54.us-west-1.compute.internal, Missing operand on node ip-10-0-3-203.us-west-1.compute.internal]"
2026-01-28T09:34:50.985985011Z I0128 09:34:50.985324       1 event.go:377] Event(v1.ObjectReference{Kind:"Deployment", Namespace:"openshift-kube-apiserver-operator", Name:"kube-apiserver-operator", UID:"0f90e131-ac50-4cb2-87c5-ad12ae1902a5", APIVersion:"apps/v1", ResourceVersion:"", FieldPath:""}): type: 'Normal' reason: 'ConfigMapCreated' Created ConfigMap/bound-sa-token-signing-certs-1 -n openshift-kube-apiserver because it was missing
2026-01-28T09:34:50.993922891Z E0128 09:34:50.993885       1 base_controller.go:279] "Unhandled Error" err="Installer reconciliation failed: missing required resources: [configmaps: bound-sa-token-signing-certs-0,config-0,etcd-serving-ca-0,kube-apiserver-audit-policies-0,kube-apiserver-cert-syncer-kubeconfig-0,kube-apiserver-pod-0,kubelet-serving-ca-0,sa-token-signing-certs-0, secrets: etcd-client-0,localhost-recovery-client-token-0,localhost-recovery-serving-certkey-0]"
2026-01-28T09:34:50.994002625Z I0128 09:34:50.993980       1 event.go:377] Event(v1.ObjectReference{Kind:"Deployment", Namespace:"openshift-kube-apiserver-operator", Name:"kube-apiserver-operator", UID:"0f90e131-ac50-4cb2-87c5-ad12ae1902a5", APIVersion:"apps/v1", ResourceVersion:"", FieldPath:""}): type: 'Warning' reason: 'RequiredInstallerResourcesMissing' configmaps: bound-sa-token-signing-certs-0,config-0,etcd-serving-ca-0,kube-apiserver-audit-policies-0,kube-apiserver-cert-syncer-kubeconfig-0,kube-apiserver-pod-0,kubelet-serving-ca-0,sa-token-signing-certs-0, secrets: etcd-client-0,localhost-recovery-client-token-0,localhost-recovery-serving-certkey-0
2026-01-28T09:34:51.579320088Z I0128 09:34:51.579279       1 request.go:752] "Waited before sending request" delay="1.390609157s" reason="client-side throttling, not priority and fairness" verb="GET" URL="https://172.30.0.1:443/api/v1/namespaces/openshift-kube-apiserver/secrets/node-kubeconfigs"
2026-01-28T09:34:52.169202872Z E0128 09:34:52.159334       1 guard_controller.go:310] Missing operand on node ip-10-0-102-200.us-west-1.compute.internal
2026-01-28T09:34:52.169202872Z E0128 09:34:52.159366       1 guard_controller.go:310] Missing operand on node ip-10-0-108-54.us-west-1.compute.internal
2026-01-28T09:34:52.169202872Z E0128 09:34:52.159395       1 guard_controller.go:310] Missing operand on node ip-10-0-3-203.us-west-1.compute.internal
2026-01-28T09:34:52.169720198Z E0128 09:34:52.169694       1 base_controller.go:279] "Unhandled Error" err="GuardController reconciliation failed: [Missing operand on node ip-10-0-102-200.us-west-1.compute.internal, Missing operand on node ip-10-0-108-54.us-west-1.compute.internal, Missing operand on node ip-10-0-3-203.us-west-1.compute.internal]"
2026-01-28T09:34:52.175769573Z E0128 09:34:52.171017       1 guard_controller.go:310] Missing operand on node ip-10-0-102-200.us-west-1.compute.internal
2026-01-28T09:34:52.175769573Z E0128 09:34:52.171072       1 guard_controller.go:310] Missing operand on node ip-10-0-108-54.us-west-1.compute.internal
2026-01-28T09:34:52.175769573Z E0128 09:34:52.171087       1 guard_controller.go:310] Missing operand on node ip-10-0-3-203.us-west-1.compute.internal
2026-01-28T09:34:52.175769573Z E0128 09:34:52.172807       1 base_controller.go:279] "Unhandled Error" err="GuardController reconciliation failed: [Missing operand on node ip-10-0-102-200.us-west-1.compute.internal, Missing operand on node ip-10-0-108-54.us-west-1.compute.internal, Missing operand on node ip-10-0-3-203.us-west-1.compute.internal]"
2026-01-28T09:34:52.202563693Z E0128 09:34:52.201683       1 base_controller.go:279] "Unhandled Error" err="TargetConfigController reconciliation failed: KubeAPIServer.operator.openshift.io \"cluster\" is invalid: [status.nodeStatuses[0].currentRevision: Invalid value: \"object\": cannot be unset once set, status.nodeStatuses[1].currentRevision: Invalid value: \"object\": cannot be unset once set, status.nodeStatuses[2].currentRevision: Invalid value: \"object\": cannot be unset once set]"
2026-01-28T09:34:52.384838724Z I0128 09:34:52.384574       1 event.go:377] Event(v1.ObjectReference{Kind:"Deployment", Namespace:"openshift-kube-apiserver-operator", Name:"kube-apiserver-operator", UID:"0f90e131-ac50-4cb2-87c5-ad12ae1902a5", APIVersion:"apps/v1", ResourceVersion:"", FieldPath:""}): type: 'Normal' reason: 'ConfigMapCreated' Created ConfigMap/etcd-serving-ca-1 -n openshift-kube-apiserver because it was missing
2026-01-28T09:34:52.394701411Z I0128 09:34:52.394663       1 event.go:377] Event(v1.ObjectReference{Kind:"Deployment", Namespace:"openshift-kube-apiserver-operator", Name:"kube-apiserver-operator", UID:"0f90e131-ac50-4cb2-87c5-ad12ae1902a5", APIVersion:"apps/v1", ResourceVersion:"", FieldPath:""}): type: 'Warning' reason: 'RequiredInstallerResourcesMissing' configmaps: bound-sa-token-signing-certs-0,config-0,etcd-serving-ca-0,kube-apiserver-audit-policies-0,kube-apiserver-cert-syncer-kubeconfig-0,kube-apiserver-pod-0,kubelet-serving-ca-0,sa-token-signing-certs-0, secrets: etcd-client-0,localhost-recovery-client-token-0,localhost-recovery-serving-certkey-0
2026-01-28T09:34:52.396208147Z E0128 09:34:52.396174       1 base_controller.go:279] "Unhandled Error" err="Installer reconciliation failed: missing required resources: [configmaps: bound-sa-token-signing-certs-0,config-0,etcd-serving-ca-0,kube-apiserver-audit-policies-0,kube-apiserver-cert-syncer-kubeconfig-0,kube-apiserver-pod-0,kubelet-serving-ca-0,sa-token-signing-certs-0, secrets: etcd-client-0,localhost-recovery-client-token-0,localhost-recovery-serving-certkey-0]"
2026-01-28T09:34:52.778907984Z I0128 09:34:52.778823       1 request.go:752] "Waited before sending request" delay="1.370445232s" reason="client-side throttling, not priority and fairness" verb="GET" URL="https://172.30.0.1:443/api/v1/namespaces/openshift-kube-apiserver/serviceaccounts/localhost-recovery-client"
2026-01-28T09:34:53.584461691Z I0128 09:34:53.584410       1 event.go:377] Event(v1.ObjectReference{Kind:"Deployment", Namespace:"openshift-kube-apiserver-operator", Name:"kube-apiserver-operator", UID:"0f90e131-ac50-4cb2-87c5-ad12ae1902a5", APIVersion:"apps/v1", ResourceVersion:"", FieldPath:""}): type: 'Normal' reason: 'ConfigMapCreated' Created ConfigMap/kube-apiserver-server-ca-1 -n openshift-kube-apiserver because it was missing
2026-01-28T09:34:53.596680757Z E0128 09:34:53.595687       1 base_controller.go:279] "Unhandled Error" err="Installer reconciliation failed: missing required resources: [configmaps: bound-sa-token-signing-certs-0,config-0,etcd-serving-ca-0,kube-apiserver-audit-policies-0,kube-apiserver-cert-syncer-kubeconfig-0,kube-apiserver-pod-0,kubelet-serving-ca-0,sa-token-signing-certs-0, secrets: etcd-client-0,localhost-recovery-client-token-0,localhost-recovery-serving-certkey-0]"
2026-01-28T09:34:53.596680757Z I0128 09:34:53.595815       1 event.go:377] Event(v1.ObjectReference{Kind:"Deployment", Namespace:"openshift-kube-apiserver-operator", Name:"kube-apiserver-operator", UID:"0f90e131-ac50-4cb2-87c5-ad12ae1902a5", APIVersion:"apps/v1", ResourceVersion:"", FieldPath:""}): type: 'Warning' reason: 'RequiredInstallerResourcesMissing' configmaps: bound-sa-token-signing-certs-0,config-0,etcd-serving-ca-0,kube-apiserver-audit-policies-0,kube-apiserver-cert-syncer-kubeconfig-0,kube-apiserver-pod-0,kubelet-serving-ca-0,sa-token-signing-certs-0, secrets: etcd-client-0,localhost-recovery-client-token-0,localhost-recovery-serving-certkey-0
2026-01-28T09:34:53.979250688Z I0128 09:34:53.979207       1 request.go:752] "Waited before sending request" delay="1.169075488s" reason="client-side throttling, not priority and fairness" verb="GET" URL="https://172.30.0.1:443/api/v1/namespaces/openshift-kube-apiserver"
2026-01-28T09:34:54.789691531Z I0128 09:34:54.789647       1 event.go:377] Event(v1.ObjectReference{Kind:"Deployment", Namespace:"openshift-kube-apiserver-operator", Name:"kube-apiserver-operator", UID:"0f90e131-ac50-4cb2-87c5-ad12ae1902a5", APIVersion:"apps/v1", ResourceVersion:"", FieldPath:""}): type: 'Normal' reason: 'ConfigMapCreated' Created ConfigMap/kubelet-serving-ca-1 -n openshift-kube-apiserver because it was missing
2026-01-28T09:34:54.797490474Z I0128 09:34:54.797428       1 event.go:377] Event(v1.ObjectReference{Kind:"Deployment", Namespace:"openshift-kube-apiserver-operator", Name:"kube-apiserver-operator", UID:"0f90e131-ac50-4cb2-87c5-ad12ae1902a5", APIVersion:"apps/v1", ResourceVersion:"", FieldPath:""}): type: 'Warning' reason: 'RequiredInstallerResourcesMissing' configmaps: bound-sa-token-signing-certs-0,config-0,etcd-serving-ca-0,kube-apiserver-audit-policies-0,kube-apiserver-cert-syncer-kubeconfig-0,kube-apiserver-pod-0,kubelet-serving-ca-0,sa-token-signing-certs-0, secrets: etcd-client-0,localhost-recovery-client-token-0,localhost-recovery-serving-certkey-0
2026-01-28T09:34:54.798616531Z E0128 09:34:54.798587       1 base_controller.go:279] "Unhandled Error" err="Installer reconciliation failed: missing required resources: [configmaps: bound-sa-token-signing-certs-0,config-0,etcd-serving-ca-0,kube-apiserver-audit-policies-0,kube-apiserver-cert-syncer-kubeconfig-0,kube-apiserver-pod-0,kubelet-serving-ca-0,sa-token-signing-certs-0, secrets: etcd-client-0,localhost-recovery-client-token-0,localhost-recovery-serving-certkey-0]"
2026-01-28T09:34:55.179643291Z I0128 09:34:55.179591       1 request.go:752] "Waited before sending request" delay="1.195906007s" reason="client-side throttling, not priority and fairness" verb="GET" URL="https://172.30.0.1:443/api/v1/namespaces/openshift-kube-apiserver/services/apiserver"
2026-01-28T09:34:55.375747131Z E0128 09:34:55.375692       1 guard_controller.go:310] Missing operand on node ip-10-0-102-200.us-west-1.compute.internal
2026-01-28T09:34:55.376011316Z E0128 09:34:55.375874       1 guard_controller.go:310] Missing operand on node ip-10-0-108-54.us-west-1.compute.internal
2026-01-28T09:34:55.376125522Z E0128 09:34:55.376112       1 guard_controller.go:310] Missing operand on node ip-10-0-3-203.us-west-1.compute.internal
2026-01-28T09:34:55.380831506Z E0128 09:34:55.380801       1 base_controller.go:279] "Unhandled Error" err="GuardController reconciliation failed: [Missing operand on node ip-10-0-102-200.us-west-1.compute.internal, Missing operand on node ip-10-0-108-54.us-west-1.compute.internal, Missing operand on node ip-10-0-3-203.us-west-1.compute.internal]"
2026-01-28T09:34:55.988650167Z I0128 09:34:55.988582       1 event.go:377] Event(v1.ObjectReference{Kind:"Deployment", Namespace:"openshift-kube-apiserver-operator", Name:"kube-apiserver-operator", UID:"0f90e131-ac50-4cb2-87c5-ad12ae1902a5", APIVersion:"apps/v1", ResourceVersion:"", FieldPath:""}): type: 'Normal' reason: 'ConfigMapCreated' Created ConfigMap/sa-token-signing-certs-1 -n openshift-kube-apiserver because it was missing
2026-01-28T09:34:55.994451592Z I0128 09:34:55.994288       1 event.go:377] Event(v1.ObjectReference{Kind:"Deployment", Namespace:"openshift-kube-apiserver-operator", Name:"kube-apiserver-operator", UID:"0f90e131-ac50-4cb2-87c5-ad12ae1902a5", APIVersion:"apps/v1", ResourceVersion:"", FieldPath:""}): type: 'Warning' reason: 'RequiredInstallerResourcesMissing' configmaps: bound-sa-token-signing-certs-0,config-0,etcd-serving-ca-0,kube-apiserver-audit-policies-0,kube-apiserver-cert-syncer-kubeconfig-0,kube-apiserver-pod-0,kubelet-serving-ca-0,sa-token-signing-certs-0, secrets: etcd-client-0,localhost-recovery-client-token-0,localhost-recovery-serving-certkey-0
2026-01-28T09:34:56.000357972Z E0128 09:34:56.000328       1 base_controller.go:279] "Unhandled Error" err="Installer reconciliation failed: missing required resources: [configmaps: bound-sa-token-signing-certs-0,config-0,etcd-serving-ca-0,kube-apiserver-audit-policies-0,kube-apiserver-cert-syncer-kubeconfig-0,kube-apiserver-pod-0,kubelet-serving-ca-0,sa-token-signing-certs-0, secrets: etcd-client-0,localhost-recovery-client-token-0,localhost-recovery-serving-certkey-0]"
2026-01-28T09:34:56.180103166Z I0128 09:34:56.179670       1 request.go:752] "Waited before sending request" delay="1.197403092s" reason="client-side throttling, not priority and fairness" verb="GET" URL="https://172.30.0.1:443/api/v1/namespaces/openshift-kube-apiserver/configmaps/kube-apiserver-audit-policies"
2026-01-28T09:34:57.183797462Z I0128 09:34:57.183750       1 event.go:377] Event(v1.ObjectReference{Kind:"Deployment", Namespace:"openshift-kube-apiserver-operator", Name:"kube-apiserver-operator", UID:"0f90e131-ac50-4cb2-87c5-ad12ae1902a5", APIVersion:"apps/v1", ResourceVersion:"", FieldPath:""}): type: 'Normal' reason: 'ConfigMapCreated' Created ConfigMap/kube-apiserver-audit-policies-1 -n openshift-kube-apiserver because it was missing
2026-01-28T09:34:57.193176657Z I0128 09:34:57.193132       1 event.go:377] Event(v1.ObjectReference{Kind:"Deployment", Namespace:"openshift-kube-apiserver-operator", Name:"kube-apiserver-operator", UID:"0f90e131-ac50-4cb2-87c5-ad12ae1902a5", APIVersion:"apps/v1", ResourceVersion:"", FieldPath:""}): type: 'Warning' reason: 'RequiredInstallerResourcesMissing' configmaps: bound-sa-token-signing-certs-0,config-0,etcd-serving-ca-0,kube-apiserver-audit-policies-0,kube-apiserver-cert-syncer-kubeconfig-0,kube-apiserver-pod-0,kubelet-serving-ca-0,sa-token-signing-certs-0, secrets: etcd-client-0,localhost-recovery-client-token-0,localhost-recovery-serving-certkey-0
2026-01-28T09:34:57.193458093Z E0128 09:34:57.193410       1 base_controller.go:279] "Unhandled Error" err="Installer reconciliation failed: missing required resources: [configmaps: bound-sa-token-signing-certs-0,config-0,etcd-serving-ca-0,kube-apiserver-audit-policies-0,kube-apiserver-cert-syncer-kubeconfig-0,kube-apiserver-pod-0,kubelet-serving-ca-0,sa-token-signing-certs-0, secrets: etcd-client-0,localhost-recovery-client-token-0,localhost-recovery-serving-certkey-0]"
2026-01-28T09:34:57.378921897Z I0128 09:34:57.378870       1 request.go:752] "Waited before sending request" delay="1.194719982s" reason="client-side throttling, not priority and fairness" verb="GET" URL="https://172.30.0.1:443/api/v1/namespaces/openshift-kube-apiserver/configmaps/kube-apiserver-audit-policies"
2026-01-28T09:34:57.817219047Z E0128 09:34:57.815439       1 guard_controller.go:310] Missing operand on node ip-10-0-102-200.us-west-1.compute.internal
2026-01-28T09:34:57.817219047Z E0128 09:34:57.815466       1 guard_controller.go:310] Missing operand on node ip-10-0-108-54.us-west-1.compute.internal
2026-01-28T09:34:57.817219047Z E0128 09:34:57.815474       1 guard_controller.go:310] Missing operand on node ip-10-0-3-203.us-west-1.compute.internal
2026-01-28T09:34:57.819117653Z E0128 09:34:57.817424       1 base_controller.go:279] "Unhandled Error" err="GuardController reconciliation failed: [Missing operand on node ip-10-0-102-200.us-west-1.compute.internal, Missing operand on node ip-10-0-108-54.us-west-1.compute.internal, Missing operand on node ip-10-0-3-203.us-west-1.compute.internal]"
2026-01-28T09:34:57.823795435Z E0128 09:34:57.823757       1 guard_controller.go:310] Missing operand on node ip-10-0-3-203.us-west-1.compute.internal
2026-01-28T09:34:57.823867369Z E0128 09:34:57.823843       1 guard_controller.go:310] Missing operand on node ip-10-0-102-200.us-west-1.compute.internal
2026-01-28T09:34:57.823910442Z E0128 09:34:57.823899       1 guard_controller.go:310] Missing operand on node ip-10-0-108-54.us-west-1.compute.internal
2026-01-28T09:34:57.825952076Z E0128 09:34:57.825921       1 base_controller.go:279] "Unhandled Error" err="GuardController reconciliation failed: [Missing operand on node ip-10-0-102-200.us-west-1.compute.internal, Missing operand on node ip-10-0-108-54.us-west-1.compute.internal, Missing operand on node ip-10-0-3-203.us-west-1.compute.internal]"
2026-01-28T09:34:57.997933365Z E0128 09:34:57.997871       1 base_controller.go:279] "Unhandled Error" err="TargetConfigController reconciliation failed: KubeAPIServer.operator.openshift.io \"cluster\" is invalid: [status.nodeStatuses[0].currentRevision: Invalid value: \"object\": cannot be unset once set, status.nodeStatuses[1].currentRevision: Invalid value: \"object\": cannot be unset once set, status.nodeStatuses[2].currentRevision: Invalid value: \"object\": cannot be unset once set]"
2026-01-28T09:34:58.184900423Z I0128 09:34:58.184814       1 event.go:377] Event(v1.ObjectReference{Kind:"Deployment", Namespace:"openshift-kube-apiserver-operator", Name:"kube-apiserver-operator", UID:"0f90e131-ac50-4cb2-87c5-ad12ae1902a5", APIVersion:"apps/v1", ResourceVersion:"", FieldPath:""}): type: 'Normal' reason: 'SecretCreated' Created Secret/etcd-client-1 -n openshift-kube-apiserver because it was missing
2026-01-28T09:34:58.191452940Z I0128 09:34:58.191413       1 event.go:377] Event(v1.ObjectReference{Kind:"Deployment", Namespace:"openshift-kube-apiserver-operator", Name:"kube-apiserver-operator", UID:"0f90e131-ac50-4cb2-87c5-ad12ae1902a5", APIVersion:"apps/v1", ResourceVersion:"", FieldPath:""}): type: 'Warning' reason: 'RequiredInstallerResourcesMissing' configmaps: bound-sa-token-signing-certs-0,config-0,etcd-serving-ca-0,kube-apiserver-audit-policies-0,kube-apiserver-cert-syncer-kubeconfig-0,kube-apiserver-pod-0,kubelet-serving-ca-0,sa-token-signing-certs-0, secrets: etcd-client-0,localhost-recovery-client-token-0,localhost-recovery-serving-certkey-0
2026-01-28T09:34:58.192706251Z E0128 09:34:58.192680       1 base_controller.go:279] "Unhandled Error" err="Installer reconciliation failed: missing required resources: [configmaps: bound-sa-token-signing-certs-0,config-0,etcd-serving-ca-0,kube-apiserver-audit-policies-0,kube-apiserver-cert-syncer-kubeconfig-0,kube-apiserver-pod-0,kubelet-serving-ca-0,sa-token-signing-certs-0, secrets: etcd-client-0,localhost-recovery-client-token-0,localhost-recovery-serving-certkey-0]"
2026-01-28T09:34:58.414450836Z I0128 09:34:58.414345       1 connectivity_check_controller.go:172] ConnectivityCheckController is waiting for transition to desired version (4.20.0-0-2026-01-28-090915-test-ci-ln-vjb5l1t-latest) to be completed.
2026-01-28T09:34:59.988335147Z I0128 09:34:59.988280       1 event.go:377] Event(v1.ObjectReference{Kind:"Deployment", Namespace:"openshift-kube-apiserver-operator", Name:"kube-apiserver-operator", UID:"0f90e131-ac50-4cb2-87c5-ad12ae1902a5", APIVersion:"apps/v1", ResourceVersion:"", FieldPath:""}): type: 'Normal' reason: 'SecretCreated' Created Secret/localhost-recovery-serving-certkey-1 -n openshift-kube-apiserver because it was missing
2026-01-28T09:35:00.010725360Z I0128 09:35:00.010608       1 event.go:377] Event(v1.ObjectReference{Kind:"Deployment", Namespace:"openshift-kube-apiserver-operator", Name:"kube-apiserver-operator", UID:"0f90e131-ac50-4cb2-87c5-ad12ae1902a5", APIVersion:"apps/v1", ResourceVersion:"", FieldPath:""}): type: 'Warning' reason: 'RequiredInstallerResourcesMissing' configmaps: bound-sa-token-signing-certs-0,config-0,etcd-serving-ca-0,kube-apiserver-audit-policies-0,kube-apiserver-cert-syncer-kubeconfig-0,kube-apiserver-pod-0,kubelet-serving-ca-0,sa-token-signing-certs-0, secrets: etcd-client-0,localhost-recovery-client-token-0,localhost-recovery-serving-certkey-0
2026-01-28T09:35:00.011392338Z E0128 09:35:00.011328       1 base_controller.go:279] "Unhandled Error" err="Installer reconciliation failed: missing required resources: [configmaps: bound-sa-token-signing-certs-0,config-0,etcd-serving-ca-0,kube-apiserver-audit-policies-0,kube-apiserver-cert-syncer-kubeconfig-0,kube-apiserver-pod-0,kubelet-serving-ca-0,sa-token-signing-certs-0, secrets: etcd-client-0,localhost-recovery-client-token-0,localhost-recovery-serving-certkey-0]"
2026-01-28T09:35:00.586339088Z I0128 09:35:00.586289       1 event.go:377] Event(v1.ObjectReference{Kind:"Deployment", Namespace:"openshift-kube-apiserver-operator", Name:"kube-apiserver-operator", UID:"0f90e131-ac50-4cb2-87c5-ad12ae1902a5", APIVersion:"apps/v1", ResourceVersion:"", FieldPath:""}): type: 'Normal' reason: 'SecretCreated' Created Secret/localhost-recovery-client-token-1 -n openshift-kube-apiserver because it was missing
2026-01-28T09:35:00.593138019Z I0128 09:35:00.593089       1 event.go:377] Event(v1.ObjectReference{Kind:"Deployment", Namespace:"openshift-kube-apiserver-operator", Name:"kube-apiserver-operator", UID:"0f90e131-ac50-4cb2-87c5-ad12ae1902a5", APIVersion:"apps/v1", ResourceVersion:"", FieldPath:""}): type: 'Warning' reason: 'RequiredInstallerResourcesMissing' configmaps: bound-sa-token-signing-certs-0,config-0,etcd-serving-ca-0,kube-apiserver-audit-policies-0,kube-apiserver-cert-syncer-kubeconfig-0,kube-apiserver-pod-0,kubelet-serving-ca-0,sa-token-signing-certs-0, secrets: etcd-client-0,localhost-recovery-client-token-0,localhost-recovery-serving-certkey-0
2026-01-28T09:35:00.594432821Z E0128 09:35:00.594392       1 base_controller.go:279] "Unhandled Error" err="Installer reconciliation failed: missing required resources: [configmaps: bound-sa-token-signing-certs-0,config-0,etcd-serving-ca-0,kube-apiserver-audit-policies-0,kube-apiserver-cert-syncer-kubeconfig-0,kube-apiserver-pod-0,kubelet-serving-ca-0,sa-token-signing-certs-0, secrets: etcd-client-0,localhost-recovery-client-token-0,localhost-recovery-serving-certkey-0]"
2026-01-28T09:35:01.002563322Z E0128 09:35:01.002393       1 guard_controller.go:310] Missing operand on node ip-10-0-102-200.us-west-1.compute.internal
2026-01-28T09:35:01.002563322Z E0128 09:35:01.002540       1 guard_controller.go:310] Missing operand on node ip-10-0-108-54.us-west-1.compute.internal
2026-01-28T09:35:01.002563322Z E0128 09:35:01.002552       1 guard_controller.go:310] Missing operand on node ip-10-0-3-203.us-west-1.compute.internal
2026-01-28T09:35:01.007126618Z E0128 09:35:01.006584       1 base_controller.go:279] "Unhandled Error" err="GuardController reconciliation failed: [Missing operand on node ip-10-0-102-200.us-west-1.compute.internal, Missing operand on node ip-10-0-108-54.us-west-1.compute.internal, Missing operand on node ip-10-0-3-203.us-west-1.compute.internal]"
2026-01-28T09:35:01.384215950Z I0128 09:35:01.383868       1 event.go:377] Event(v1.ObjectReference{Kind:"Deployment", Namespace:"openshift-kube-apiserver-operator", Name:"kube-apiserver-operator", UID:"0f90e131-ac50-4cb2-87c5-ad12ae1902a5", APIVersion:"apps/v1", ResourceVersion:"", FieldPath:""}): type: 'Normal' reason: 'SecretCreated' Created Secret/webhook-authenticator-1 -n openshift-kube-apiserver because it was missing
2026-01-28T09:35:01.396467837Z I0128 09:35:01.394957       1 event.go:377] Event(v1.ObjectReference{Kind:"Deployment", Namespace:"openshift-kube-apiserver-operator", Name:"kube-apiserver-operator", UID:"0f90e131-ac50-4cb2-87c5-ad12ae1902a5", APIVersion:"apps/v1", ResourceVersion:"", FieldPath:""}): type: 'Warning' reason: 'RequiredInstallerResourcesMissing' configmaps: bound-sa-token-signing-certs-0,config-0,etcd-serving-ca-0,kube-apiserver-audit-policies-0,kube-apiserver-cert-syncer-kubeconfig-0,kube-apiserver-pod-0,kubelet-serving-ca-0,sa-token-signing-certs-0, secrets: etcd-client-0,localhost-recovery-client-token-0,localhost-recovery-serving-certkey-0
2026-01-28T09:35:01.396467837Z E0128 09:35:01.396290       1 base_controller.go:279] "Unhandled Error" err="Installer reconciliation failed: missing required resources: [configmaps: bound-sa-token-signing-certs-0,config-0,etcd-serving-ca-0,kube-apiserver-audit-policies-0,kube-apiserver-cert-syncer-kubeconfig-0,kube-apiserver-pod-0,kubelet-serving-ca-0,sa-token-signing-certs-0, secrets: etcd-client-0,localhost-recovery-client-token-0,localhost-recovery-serving-certkey-0]"
2026-01-28T09:35:01.997140008Z E0128 09:35:01.997101       1 base_controller.go:279] "Unhandled Error" err="TargetConfigController reconciliation failed: KubeAPIServer.operator.openshift.io \"cluster\" is invalid: [status.nodeStatuses[0].currentRevision: Invalid value: \"object\": cannot be unset once set, status.nodeStatuses[1].currentRevision: Invalid value: \"object\": cannot be unset once set, status.nodeStatuses[2].currentRevision: Invalid value: \"object\": cannot be unset once set]"
2026-01-28T09:35:02.188085458Z I0128 09:35:02.186983       1 event.go:377] Event(v1.ObjectReference{Kind:"Deployment", Namespace:"openshift-kube-apiserver-operator", Name:"kube-apiserver-operator", UID:"0f90e131-ac50-4cb2-87c5-ad12ae1902a5", APIVersion:"apps/v1", ResourceVersion:"", FieldPath:""}): type: 'Normal' reason: 'RevisionTriggered' new revision 1 triggered by "configmap \"kube-apiserver-pod-0\" not found"
2026-01-28T09:35:02.194053833Z I0128 09:35:02.193320       1 event.go:377] Event(v1.ObjectReference{Kind:"Deployment", Namespace:"openshift-kube-apiserver-operator", Name:"kube-apiserver-operator", UID:"0f90e131-ac50-4cb2-87c5-ad12ae1902a5", APIVersion:"apps/v1", ResourceVersion:"", FieldPath:""}): type: 'Warning' reason: 'RequiredInstallerResourcesMissing' configmaps: bound-sa-token-signing-certs-0,config-0,etcd-serving-ca-0,kube-apiserver-audit-policies-0,kube-apiserver-cert-syncer-kubeconfig-0,kube-apiserver-pod-0,kubelet-serving-ca-0,sa-token-signing-certs-0, secrets: etcd-client-0,localhost-recovery-client-token-0,localhost-recovery-serving-certkey-0
2026-01-28T09:35:02.194053833Z E0128 09:35:02.193845       1 base_controller.go:279] "Unhandled Error" err="Installer reconciliation failed: missing required resources: [configmaps: bound-sa-token-signing-certs-0,config-0,etcd-serving-ca-0,kube-apiserver-audit-policies-0,kube-apiserver-cert-syncer-kubeconfig-0,kube-apiserver-pod-0,kubelet-serving-ca-0,sa-token-signing-certs-0, secrets: etcd-client-0,localhost-recovery-client-token-0,localhost-recovery-serving-certkey-0]"
2026-01-28T09:35:02.213761086Z I0128 09:35:02.212360       1 connectivity_check_controller.go:172] ConnectivityCheckController is waiting for transition to desired version (4.20.0-0-2026-01-28-090915-test-ci-ln-vjb5l1t-latest) to be completed.
2026-01-28T09:35:02.213761086Z I0128 09:35:02.213557       1 prune_controller.go:277] Nothing to prune
2026-01-28T09:35:02.236710851Z I0128 09:35:02.236638       1 status_controller.go:230] clusteroperator/kube-apiserver diff {"status":{"conditions":[{"lastTransitionTime":"2026-01-28T09:32:36Z","message":"GuardControllerDegraded: [Missing operand on node ip-10-0-102-200.us-west-1.compute.internal, Missing operand on node ip-10-0-108-54.us-west-1.compute.internal, Missing operand on node ip-10-0-3-203.us-west-1.compute.internal]\nInstallerControllerDegraded: missing required resources: [configmaps: bound-sa-token-signing-certs-0,config-0,etcd-serving-ca-0,kube-apiserver-audit-policies-0,kube-apiserver-cert-syncer-kubeconfig-0,kube-apiserver-pod-0,kubelet-serving-ca-0,sa-token-signing-certs-0, secrets: etcd-client-0,localhost-recovery-client-token-0,localhost-recovery-serving-certkey-0]","reason":"GuardController_SyncError::InstallerController_Error","status":"True","type":"Degraded"},{"lastTransitionTime":"2026-01-28T09:30:35Z","message":"NodeInstallerProgressing: 3 nodes are at revision 0","reason":"AsExpected","status":"False","type":"Progressing"},{"lastTransitionTime":"2026-01-28T09:30:35Z","message":"StaticPodsAvailable: 0 nodes are active; 3 nodes are at revision 0","reason":"StaticPods_ZeroNodesActive","status":"False","type":"Available"},{"lastTransitionTime":"2026-01-28T09:30:35Z","message":"KubeletMinorVersionUpgradeable: Kubelet and API server minor versions are synced.","reason":"AsExpected","status":"True","type":"Upgradeable"},{"lastTransitionTime":"2026-01-28T09:31:21Z","message":"PodSecurityInconclusiveEvaluationConditionsDetected: Could not evaluate violations for namespaces: [kube-node-lease openshift openshift-apiserver-operator openshift-cloud-credential-operator openshift-cloud-network-config-controller openshift-cluster-olm-operator openshift-cluster-samples-operator openshift-cluster-storage-operator openshift-config-managed openshift-config-operator openshift-console openshift-console-operator openshift-console-user-settings openshift-controller-manager-operator openshift-dns-operator openshift-host-network openshift-ingress-operator openshift-kube-controller-manager-operator openshift-kube-storage-version-migrator openshift-kube-storage-version-migrator-operator openshift-network-console openshift-network-diagnostics openshift-node openshift-service-ca openshift-service-ca-operator openshift-user-workload-monitoring]","reason":"PodSecurityInconclusive_PSViolationDecisionInconclusive","status":"True","type":"EvaluationConditionsDetected"}]}}
2026-01-28T09:35:02.258304670Z I0128 09:35:02.258256       1 event.go:377] Event(v1.ObjectReference{Kind:"Deployment", Namespace:"openshift-kube-apiserver-operator", Name:"kube-apiserver-operator", UID:"0f90e131-ac50-4cb2-87c5-ad12ae1902a5", APIVersion:"apps/v1", ResourceVersion:"", FieldPath:""}): type: 'Normal' reason: 'OperatorStatusChanged' Status for clusteroperator/kube-apiserver changed: Degraded message changed from "GuardControllerDegraded: [Missing operand on node ip-10-0-102-200.us-west-1.compute.internal, Missing operand on node ip-10-0-108-54.us-west-1.compute.internal, Missing operand on node ip-10-0-3-203.us-west-1.compute.internal]\nInstallerControllerDegraded: missing required resources: [configmaps: bound-sa-token-signing-certs-0,config-0,etcd-serving-ca-0,kube-apiserver-audit-policies-0,kube-apiserver-cert-syncer-kubeconfig-0,kube-apiserver-pod-0,kubelet-serving-ca-0,sa-token-signing-certs-0, secrets: etcd-client-0,localhost-recovery-client-token-0,localhost-recovery-serving-certkey-0]\nRevisionControllerDegraded: configmap \"kube-apiserver-pod\" not found" to "GuardControllerDegraded: [Missing operand on node ip-10-0-102-200.us-west-1.compute.internal, Missing operand on node ip-10-0-108-54.us-west-1.compute.internal, Missing operand on node ip-10-0-3-203.us-west-1.compute.internal]\nInstallerControllerDegraded: missing required resources: [configmaps: bound-sa-token-signing-certs-0,config-0,etcd-serving-ca-0,kube-apiserver-audit-policies-0,kube-apiserver-cert-syncer-kubeconfig-0,kube-apiserver-pod-0,kubelet-serving-ca-0,sa-token-signing-certs-0, secrets: etcd-client-0,localhost-recovery-client-token-0,localhost-recovery-serving-certkey-0]"
2026-01-28T09:35:02.261782325Z I0128 09:35:02.261739       1 connectivity_check_controller.go:172] ConnectivityCheckController is waiting for transition to desired version (4.20.0-0-2026-01-28-090915-test-ci-ln-vjb5l1t-latest) to be completed.
2026-01-28T09:35:02.271558502Z I0128 09:35:02.271518       1 prune_controller.go:277] Nothing to prune
2026-01-28T09:35:02.436176949Z I0128 09:35:02.436111       1 connectivity_check_controller.go:172] ConnectivityCheckController is waiting for transition to desired version (4.20.0-0-2026-01-28-090915-test-ci-ln-vjb5l1t-latest) to be completed.
2026-01-28T09:35:02.439970341Z I0128 09:35:02.439903       1 connectivity_check_controller.go:172] ConnectivityCheckController is waiting for transition to desired version (4.20.0-0-2026-01-28-090915-test-ci-ln-vjb5l1t-latest) to be completed.
2026-01-28T09:35:02.475379094Z I0128 09:35:02.475211       1 connectivity_check_controller.go:172] ConnectivityCheckController is waiting for transition to desired version (4.20.0-0-2026-01-28-090915-test-ci-ln-vjb5l1t-latest) to be completed.
2026-01-28T09:35:03.379663464Z I0128 09:35:03.379610       1 request.go:752] "Waited before sending request" delay="1.164987857s" reason="client-side throttling, not priority and fairness" verb="GET" URL="https://172.30.0.1:443/api/v1/namespaces/openshift-kube-apiserver/serviceaccounts/installer-sa"
2026-01-28T09:35:04.579738397Z I0128 09:35:04.579685       1 request.go:752] "Waited before sending request" delay="1.398199446s" reason="client-side throttling, not priority and fairness" verb="GET" URL="https://172.30.0.1:443/api/v1/namespaces/openshift-kube-apiserver/pods/kube-apiserver-ip-10-0-108-54.us-west-1.compute.internal"
2026-01-28T09:35:05.078727246Z E0128 09:35:05.078666       1 base_controller.go:279] "Unhandled Error" err="CertRotationController reconciliation failed: KubeAPIServer.operator.openshift.io \"cluster\" is invalid: [status.nodeStatuses[0].currentRevision: Invalid value: \"object\": cannot be unset once set, status.nodeStatuses[1].currentRevision: Invalid value: \"object\": cannot be unset once set, status.nodeStatuses[2].currentRevision: Invalid value: \"object\": cannot be unset once set]"
2026-01-28T09:35:05.106847793Z E0128 09:35:05.106803       1 base_controller.go:279] "Unhandled Error" err="CertRotationController reconciliation failed: KubeAPIServer.operator.openshift.io \"cluster\" is invalid: [status.nodeStatuses[0].currentRevision: Invalid value: \"object\": cannot be unset once set, status.nodeStatuses[1].currentRevision: Invalid value: \"object\": cannot be unset once set, status.nodeStatuses[2].currentRevision: Invalid value: \"object\": cannot be unset once set]"
2026-01-28T09:35:05.109156339Z E0128 09:35:05.109125       1 base_controller.go:279] "Unhandled Error" err="CertRotationController reconciliation failed: KubeAPIServer.operator.openshift.io \"cluster\" is invalid: [status.nodeStatuses[0].currentRevision: Invalid value: \"object\": cannot be unset once set, status.nodeStatuses[1].currentRevision: Invalid value: \"object\": cannot be unset once set, status.nodeStatuses[2].currentRevision: Invalid value: \"object\": cannot be unset once set]"
2026-01-28T09:35:05.111987340Z E0128 09:35:05.111943       1 base_controller.go:279] "Unhandled Error" err="CertRotationController reconciliation failed: KubeAPIServer.operator.openshift.io \"cluster\" is invalid: [status.nodeStatuses[0].currentRevision: Invalid value: \"object\": cannot be unset once set, status.nodeStatuses[1].currentRevision: Invalid value: \"object\": cannot be unset once set, status.nodeStatuses[2].currentRevision: Invalid value: \"object\": cannot be unset once set]"
2026-01-28T09:35:05.114344469Z E0128 09:35:05.114307       1 base_controller.go:279] "Unhandled Error" err="CertRotationController reconciliation failed: KubeAPIServer.operator.openshift.io \"cluster\" is invalid: [status.nodeStatuses[0].currentRevision: Invalid value: \"object\": cannot be unset once set, status.nodeStatuses[1].currentRevision: Invalid value: \"object\": cannot be unset once set, status.nodeStatuses[2].currentRevision: Invalid value: \"object\": cannot be unset once set]"
2026-01-28T09:35:05.115332858Z E0128 09:35:05.115298       1 base_controller.go:279] "Unhandled Error" err="CertRotationController reconciliation failed: KubeAPIServer.operator.openshift.io \"cluster\" is invalid: [status.nodeStatuses[0].currentRevision: Invalid value: \"object\": cannot be unset once set, status.nodeStatuses[1].currentRevision: Invalid value: \"object\": cannot be unset once set, status.nodeStatuses[2].currentRevision: Invalid value: \"object\": cannot be unset once set]"
2026-01-28T09:35:05.116922618Z E0128 09:35:05.116893       1 base_controller.go:279] "Unhandled Error" err="CertRotationController reconciliation failed: KubeAPIServer.operator.openshift.io \"cluster\" is invalid: [status.nodeStatuses[0].currentRevision: Invalid value: \"object\": cannot be unset once set, status.nodeStatuses[1].currentRevision: Invalid value: \"object\": cannot be unset once set, status.nodeStatuses[2].currentRevision: Invalid value: \"object\": cannot be unset once set]"
2026-01-28T09:35:05.119547359Z E0128 09:35:05.119504       1 base_controller.go:279] "Unhandled Error" err="CertRotationController reconciliation failed: KubeAPIServer.operator.openshift.io \"cluster\" is invalid: [status.nodeStatuses[0].currentRevision: Invalid value: \"object\": cannot be unset once set, status.nodeStatuses[1].currentRevision: Invalid value: \"object\": cannot be unset once set, status.nodeStatuses[2].currentRevision: Invalid value: \"object\": cannot be unset once set]"
2026-01-28T09:35:05.130423533Z E0128 09:35:05.130385       1 base_controller.go:279] "Unhandled Error" err="CertRotationController reconciliation failed: KubeAPIServer.operator.openshift.io \"cluster\" is invalid: [status.nodeStatuses[0].currentRevision: Invalid value: \"object\": cannot be unset once set, status.nodeStatuses[1].currentRevision: Invalid value: \"object\": cannot be unset once set, status.nodeStatuses[2].currentRevision: Invalid value: \"object\": cannot be unset once set]"
2026-01-28T09:35:05.130423533Z E0128 09:35:05.130406       1 base_controller.go:279] "Unhandled Error" err="CertRotationController reconciliation failed: KubeAPIServer.operator.openshift.io \"cluster\" is invalid: [status.nodeStatuses[0].currentRevision: Invalid value: \"object\": cannot be unset once set, status.nodeStatuses[1].currentRevision: Invalid value: \"object\": cannot be unset once set, status.nodeStatuses[2].currentRevision: Invalid value: \"object\": cannot be unset once set]"
2026-01-28T09:35:05.279615839Z E0128 09:35:05.279576       1 base_controller.go:279] "Unhandled Error" err="CertRotationController reconciliation failed: KubeAPIServer.operator.openshift.io \"cluster\" is invalid: [status.nodeStatuses[0].currentRevision: Invalid value: \"object\": cannot be unset once set, status.nodeStatuses[1].currentRevision: Invalid value: \"object\": cannot be unset once set, status.nodeStatuses[2].currentRevision: Invalid value: \"object\": cannot be unset once set]"
2026-01-28T09:35:05.480398526Z E0128 09:35:05.480355       1 base_controller.go:279] "Unhandled Error" err="CertRotationController reconciliation failed: KubeAPIServer.operator.openshift.io \"cluster\" is invalid: [status.nodeStatuses[0].currentRevision: Invalid value: \"object\": cannot be unset once set, status.nodeStatuses[1].currentRevision: Invalid value: \"object\": cannot be unset once set, status.nodeStatuses[2].currentRevision: Invalid value: \"object\": cannot be unset once set]"
2026-01-28T09:35:05.697336881Z E0128 09:35:05.697257       1 guard_controller.go:310] Missing operand on node ip-10-0-102-200.us-west-1.compute.internal
2026-01-28T09:35:05.697409305Z E0128 09:35:05.697397       1 guard_controller.go:310] Missing operand on node ip-10-0-108-54.us-west-1.compute.internal
2026-01-28T09:35:05.697442406Z E0128 09:35:05.697431       1 guard_controller.go:310] Missing operand on node ip-10-0-3-203.us-west-1.compute.internal
2026-01-28T09:35:05.699708010Z E0128 09:35:05.699672       1 base_controller.go:279] "Unhandled Error" err="GuardController reconciliation failed: [Missing operand on node ip-10-0-102-200.us-west-1.compute.internal, Missing operand on node ip-10-0-108-54.us-west-1.compute.internal, Missing operand on node ip-10-0-3-203.us-west-1.compute.internal]"
2026-01-28T09:35:05.779421729Z I0128 09:35:05.779371       1 request.go:752] "Waited before sending request" delay="1.022818491s" reason="client-side throttling, not priority and fairness" verb="GET" URL="https://172.30.0.1:443/api/v1/namespaces/openshift-kube-apiserver/configmaps/kube-apiserver-audit-policies"
2026-01-28T09:35:06.779842399Z I0128 09:35:06.779774       1 request.go:752] "Waited before sending request" delay="1.393001296s" reason="client-side throttling, not priority and fairness" verb="GET" URL="https://172.30.0.1:443/api/v1/namespaces/openshift-kube-apiserver/serviceaccounts/localhost-recovery-client"
2026-01-28T09:35:07.182823354Z I0128 09:35:07.182769       1 installer_controller.go:562] node ip-10-0-102-200.us-west-1.compute.internal static pod not found and needs new revision 1
2026-01-28T09:35:07.182878657Z I0128 09:35:07.182824       1 installer_controller.go:570] "ip-10-0-102-200.us-west-1.compute.internal" moving to (v1.NodeStatus) {
2026-01-28T09:35:07.182878657Z  NodeName: (string) (len=42) "ip-10-0-102-200.us-west-1.compute.internal",
2026-01-28T09:35:07.182878657Z  CurrentRevision: (int32) 0,
2026-01-28T09:35:07.182878657Z  TargetRevision: (int32) 1,
2026-01-28T09:35:07.182878657Z  LastFailedRevision: (int32) 0,
2026-01-28T09:35:07.182878657Z  LastFailedTime: (*v1.Time)(<nil>),
2026-01-28T09:35:07.182878657Z  LastFailedReason: (string) "",
2026-01-28T09:35:07.182878657Z  LastFailedCount: (int) 0,
2026-01-28T09:35:07.182878657Z  LastFallbackCount: (int) 0,
2026-01-28T09:35:07.182878657Z  LastFailedRevisionErrors: ([]string) <nil>
2026-01-28T09:35:07.182878657Z }
2026-01-28T09:35:07.206663277Z I0128 09:35:07.205298       1 event.go:377] Event(v1.ObjectReference{Kind:"Deployment", Namespace:"openshift-kube-apiserver-operator", Name:"kube-apiserver-operator", UID:"0f90e131-ac50-4cb2-87c5-ad12ae1902a5", APIVersion:"apps/v1", ResourceVersion:"", FieldPath:""}): type: 'Normal' reason: 'NodeTargetRevisionChanged' Updating node "ip-10-0-102-200.us-west-1.compute.internal" from revision 0 to 1 because node ip-10-0-102-200.us-west-1.compute.internal static pod not found
2026-01-28T09:35:07.220215625Z I0128 09:35:07.220150       1 connectivity_check_controller.go:172] ConnectivityCheckController is waiting for transition to desired version (4.20.0-0-2026-01-28-090915-test-ci-ln-vjb5l1t-latest) to be completed.
2026-01-28T09:35:07.230231157Z I0128 09:35:07.230181       1 prune_controller.go:277] Nothing to prune
2026-01-28T09:35:07.234606335Z I0128 09:35:07.234561       1 status_controller.go:230] clusteroperator/kube-apiserver diff {"status":{"conditions":[{"lastTransitionTime":"2026-01-28T09:32:36Z","message":"GuardControllerDegraded: [Missing operand on node ip-10-0-102-200.us-west-1.compute.internal, Missing operand on node ip-10-0-108-54.us-west-1.compute.internal, Missing operand on node ip-10-0-3-203.us-west-1.compute.internal]","reason":"GuardController_SyncError","status":"True","type":"Degraded"},{"lastTransitionTime":"2026-01-28T09:35:07Z","message":"NodeInstallerProgressing: 3 nodes are at revision 0; 0 nodes have achieved new revision 1","reason":"NodeInstaller","status":"True","type":"Progressing"},{"lastTransitionTime":"2026-01-28T09:30:35Z","message":"StaticPodsAvailable: 0 nodes are active; 3 nodes are at revision 0; 0 nodes have achieved new revision 1","reason":"StaticPods_ZeroNodesActive","status":"False","type":"Available"},{"lastTransitionTime":"2026-01-28T09:30:35Z","message":"KubeletMinorVersionUpgradeable: Kubelet and API server minor versions are synced.","reason":"AsExpected","status":"True","type":"Upgradeable"},{"lastTransitionTime":"2026-01-28T09:31:21Z","message":"PodSecurityInconclusiveEvaluationConditionsDetected: Could not evaluate violations for namespaces: [kube-node-lease openshift openshift-apiserver-operator openshift-cloud-credential-operator openshift-cloud-network-config-controller openshift-cluster-olm-operator openshift-cluster-samples-operator openshift-cluster-storage-operator openshift-config-managed openshift-config-operator openshift-console openshift-console-operator openshift-console-user-settings openshift-controller-manager-operator openshift-dns-operator openshift-host-network openshift-ingress-operator openshift-kube-controller-manager-operator openshift-kube-storage-version-migrator openshift-kube-storage-version-migrator-operator openshift-network-console openshift-network-diagnostics openshift-node openshift-service-ca openshift-service-ca-operator openshift-user-workload-monitoring]","reason":"PodSecurityInconclusive_PSViolationDecisionInconclusive","status":"True","type":"EvaluationConditionsDetected"}]}}
2026-01-28T09:35:07.250401386Z I0128 09:35:07.245464       1 event.go:377] Event(v1.ObjectReference{Kind:"Deployment", Namespace:"openshift-kube-apiserver-operator", Name:"kube-apiserver-operator", UID:"0f90e131-ac50-4cb2-87c5-ad12ae1902a5", APIVersion:"apps/v1", ResourceVersion:"", FieldPath:""}): type: 'Normal' reason: 'OperatorStatusChanged' Status for clusteroperator/kube-apiserver changed: Degraded message changed from "GuardControllerDegraded: [Missing operand on node ip-10-0-102-200.us-west-1.compute.internal, Missing operand on node ip-10-0-108-54.us-west-1.compute.internal, Missing operand on node ip-10-0-3-203.us-west-1.compute.internal]\nInstallerControllerDegraded: missing required resources: [configmaps: bound-sa-token-signing-certs-0,config-0,etcd-serving-ca-0,kube-apiserver-audit-policies-0,kube-apiserver-cert-syncer-kubeconfig-0,kube-apiserver-pod-0,kubelet-serving-ca-0,sa-token-signing-certs-0, secrets: etcd-client-0,localhost-recovery-client-token-0,localhost-recovery-serving-certkey-0]" to "GuardControllerDegraded: [Missing operand on node ip-10-0-102-200.us-west-1.compute.internal, Missing operand on node ip-10-0-108-54.us-west-1.compute.internal, Missing operand on node ip-10-0-3-203.us-west-1.compute.internal]",Progressing changed from False to True ("NodeInstallerProgressing: 3 nodes are at revision 0; 0 nodes have achieved new revision 1"),Available message changed from "StaticPodsAvailable: 0 nodes are active; 3 nodes are at revision 0" to "StaticPodsAvailable: 0 nodes are active; 3 nodes are at revision 0; 0 nodes have achieved new revision 1"
2026-01-28T09:35:07.598163498Z E0128 09:35:07.598122       1 base_controller.go:279] "Unhandled Error" err="TargetConfigController reconciliation failed: KubeAPIServer.operator.openshift.io \"cluster\" is invalid: [status.nodeStatuses[0].currentRevision: Invalid value: \"object\": cannot be unset once set, status.nodeStatuses[1].currentRevision: Invalid value: \"object\": cannot be unset once set, status.nodeStatuses[2].currentRevision: Invalid value: \"object\": cannot be unset once set]"
2026-01-28T09:35:08.379552218Z I0128 09:35:08.379492       1 request.go:752] "Waited before sending request" delay="1.1494956s" reason="client-side throttling, not priority and fairness" verb="GET" URL="https://172.30.0.1:443/api/v1/namespaces/openshift-kube-apiserver/serviceaccounts/installer-sa"
2026-01-28T09:35:11.054466447Z E0128 09:35:11.054426       1 guard_controller.go:310] Missing operand on node ip-10-0-108-54.us-west-1.compute.internal
2026-01-28T09:35:11.054538000Z E0128 09:35:11.054524       1 guard_controller.go:310] Missing operand on node ip-10-0-3-203.us-west-1.compute.internal
2026-01-28T09:35:11.054636225Z E0128 09:35:11.054596       1 guard_controller.go:310] Missing operand on node ip-10-0-102-200.us-west-1.compute.internal
2026-01-28T09:35:11.059101530Z E0128 09:35:11.059062       1 base_controller.go:279] "Unhandled Error" err="GuardController reconciliation failed: [Missing operand on node ip-10-0-102-200.us-west-1.compute.internal, Missing operand on node ip-10-0-108-54.us-west-1.compute.internal, Missing operand on node ip-10-0-3-203.us-west-1.compute.internal]"
2026-01-28T09:35:11.787314086Z I0128 09:35:11.787255       1 warnings.go:110] "Warning: metadata.name: this is used in the Pod's hostname, which can result in surprising behavior; a DNS label is recommended: [must not contain dots]"
2026-01-28T09:35:11.787467834Z I0128 09:35:11.787431       1 event.go:377] Event(v1.ObjectReference{Kind:"Deployment", Namespace:"openshift-kube-apiserver-operator", Name:"kube-apiserver-operator", UID:"0f90e131-ac50-4cb2-87c5-ad12ae1902a5", APIVersion:"apps/v1", ResourceVersion:"", FieldPath:""}): type: 'Normal' reason: 'PodCreated' Created Pod/installer-1-ip-10-0-102-200.us-west-1.compute.internal -n openshift-kube-apiserver because it was missing
2026-01-28T09:35:11.789929048Z E0128 09:35:11.789904       1 guard_controller.go:310] Missing operand on node ip-10-0-102-200.us-west-1.compute.internal
2026-01-28T09:35:11.789996311Z E0128 09:35:11.789984       1 guard_controller.go:310] Missing operand on node ip-10-0-108-54.us-west-1.compute.internal
2026-01-28T09:35:11.790052814Z E0128 09:35:11.790040       1 guard_controller.go:310] Missing operand on node ip-10-0-3-203.us-west-1.compute.internal
2026-01-28T09:35:11.793731169Z E0128 09:35:11.793703       1 base_controller.go:279] "Unhandled Error" err="GuardController reconciliation failed: [Missing operand on node ip-10-0-102-200.us-west-1.compute.internal, Missing operand on node ip-10-0-108-54.us-west-1.compute.internal, Missing operand on node ip-10-0-3-203.us-west-1.compute.internal]"
2026-01-28T09:35:11.800468607Z E0128 09:35:11.800428       1 guard_controller.go:310] Missing operand on node ip-10-0-102-200.us-west-1.compute.internal
2026-01-28T09:35:11.800468607Z E0128 09:35:11.800458       1 guard_controller.go:310] Missing operand on node ip-10-0-108-54.us-west-1.compute.internal
2026-01-28T09:35:11.800507549Z E0128 09:35:11.800465       1 guard_controller.go:310] Missing operand on node ip-10-0-3-203.us-west-1.compute.internal
2026-01-28T09:35:11.802011325Z E0128 09:35:11.801902       1 base_controller.go:279] "Unhandled Error" err="GuardController reconciliation failed: [Missing operand on node ip-10-0-102-200.us-west-1.compute.internal, Missing operand on node ip-10-0-108-54.us-west-1.compute.internal, Missing operand on node ip-10-0-3-203.us-west-1.compute.internal]"
2026-01-28T09:35:11.809202986Z E0128 09:35:11.809137       1 guard_controller.go:310] Missing operand on node ip-10-0-102-200.us-west-1.compute.internal
2026-01-28T09:35:11.809259829Z E0128 09:35:11.809245       1 guard_controller.go:310] Missing operand on node ip-10-0-108-54.us-west-1.compute.internal
2026-01-28T09:35:11.809300711Z E0128 09:35:11.809288       1 guard_controller.go:310] Missing operand on node ip-10-0-3-203.us-west-1.compute.internal
2026-01-28T09:35:11.810844519Z E0128 09:35:11.810822       1 base_controller.go:279] "Unhandled Error" err="GuardController reconciliation failed: [Missing operand on node ip-10-0-102-200.us-west-1.compute.internal, Missing operand on node ip-10-0-108-54.us-west-1.compute.internal, Missing operand on node ip-10-0-3-203.us-west-1.compute.internal]"
2026-01-28T09:35:11.992581070Z E0128 09:35:11.992534       1 base_controller.go:279] "Unhandled Error" err="TargetConfigController reconciliation failed: KubeAPIServer.operator.openshift.io \"cluster\" is invalid: [status.nodeStatuses[0].currentRevision: Invalid value: \"object\": cannot be unset once set, status.nodeStatuses[1].currentRevision: Invalid value: \"object\": cannot be unset once set, status.nodeStatuses[2].currentRevision: Invalid value: \"object\": cannot be unset once set]"
2026-01-28T09:35:12.180822577Z I0128 09:35:12.180775       1 installer_controller.go:550] "ip-10-0-102-200.us-west-1.compute.internal" is in transition to 1, but has not made progress because installer is not finished, but in Pending phase
2026-01-28T09:35:12.435887872Z E0128 09:35:12.435840       1 guard_controller.go:310] Missing operand on node ip-10-0-102-200.us-west-1.compute.internal
2026-01-28T09:35:12.435887872Z E0128 09:35:12.435875       1 guard_controller.go:310] Missing operand on node ip-10-0-108-54.us-west-1.compute.internal
2026-01-28T09:35:12.435887872Z E0128 09:35:12.435881       1 guard_controller.go:310] Missing operand on node ip-10-0-3-203.us-west-1.compute.internal
2026-01-28T09:35:12.437590288Z E0128 09:35:12.437554       1 base_controller.go:279] "Unhandled Error" err="GuardController reconciliation failed: [Missing operand on node ip-10-0-102-200.us-west-1.compute.internal, Missing operand on node ip-10-0-108-54.us-west-1.compute.internal, Missing operand on node ip-10-0-3-203.us-west-1.compute.internal]"
2026-01-28T09:35:12.631637357Z E0128 09:35:12.631250       1 guard_controller.go:310] Missing operand on node ip-10-0-102-200.us-west-1.compute.internal
2026-01-28T09:35:12.631637357Z E0128 09:35:12.631280       1 guard_controller.go:310] Missing operand on node ip-10-0-108-54.us-west-1.compute.internal
2026-01-28T09:35:12.631637357Z E0128 09:35:12.631290       1 guard_controller.go:310] Missing operand on node ip-10-0-3-203.us-west-1.compute.internal
2026-01-28T09:35:12.632899961Z E0128 09:35:12.632873       1 base_controller.go:279] "Unhandled Error" err="GuardController reconciliation failed: [Missing operand on node ip-10-0-102-200.us-west-1.compute.internal, Missing operand on node ip-10-0-108-54.us-west-1.compute.internal, Missing operand on node ip-10-0-3-203.us-west-1.compute.internal]"
2026-01-28T09:35:15.181550311Z I0128 09:35:15.181497       1 installer_controller.go:550] "ip-10-0-102-200.us-west-1.compute.internal" is in transition to 1, but has not made progress because installer is not finished, but in Running phase
2026-01-28T09:35:17.196053974Z E0128 09:35:17.195990       1 base_controller.go:279] "Unhandled Error" err="TargetConfigController reconciliation failed: KubeAPIServer.operator.openshift.io \"cluster\" is invalid: [status.nodeStatuses[0].currentRevision: Invalid value: \"object\": cannot be unset once set, status.nodeStatuses[1].currentRevision: Invalid value: \"object\": cannot be unset once set, status.nodeStatuses[2].currentRevision: Invalid value: \"object\": cannot be unset once set]"
2026-01-28T09:35:17.381933733Z I0128 09:35:17.381855       1 installer_controller.go:550] "ip-10-0-102-200.us-west-1.compute.internal" is in transition to 1, but has not made progress because installer is not finished, but in Running phase
2026-01-28T09:35:21.438403050Z E0128 09:35:21.438359       1 guard_controller.go:310] Missing operand on node ip-10-0-102-200.us-west-1.compute.internal
2026-01-28T09:35:21.438476713Z E0128 09:35:21.438464       1 guard_controller.go:310] Missing operand on node ip-10-0-108-54.us-west-1.compute.internal
2026-01-28T09:35:21.438511895Z E0128 09:35:21.438501       1 guard_controller.go:310] Missing operand on node ip-10-0-3-203.us-west-1.compute.internal
2026-01-28T09:35:21.440594320Z E0128 09:35:21.440569       1 base_controller.go:279] "Unhandled Error" err="GuardController reconciliation failed: [Missing operand on node ip-10-0-102-200.us-west-1.compute.internal, Missing operand on node ip-10-0-108-54.us-west-1.compute.internal, Missing operand on node ip-10-0-3-203.us-west-1.compute.internal]"
2026-01-28T09:35:25.796536362Z E0128 09:35:25.796458       1 guard_controller.go:310] Missing operand on node ip-10-0-102-200.us-west-1.compute.internal
2026-01-28T09:35:25.796536362Z E0128 09:35:25.796492       1 guard_controller.go:310] Missing operand on node ip-10-0-108-54.us-west-1.compute.internal
2026-01-28T09:35:25.796536362Z E0128 09:35:25.796503       1 guard_controller.go:310] Missing operand on node ip-10-0-3-203.us-west-1.compute.internal
2026-01-28T09:35:25.798695821Z E0128 09:35:25.798650       1 base_controller.go:279] "Unhandled Error" err="GuardController reconciliation failed: [Missing operand on node ip-10-0-102-200.us-west-1.compute.internal, Missing operand on node ip-10-0-108-54.us-west-1.compute.internal, Missing operand on node ip-10-0-3-203.us-west-1.compute.internal]"
2026-01-28T09:35:26.428014069Z E0128 09:35:26.427970       1 guard_controller.go:310] Missing operand on node ip-10-0-102-200.us-west-1.compute.internal
2026-01-28T09:35:26.435233402Z E0128 09:35:26.435173       1 guard_controller.go:310] Missing operand on node ip-10-0-108-54.us-west-1.compute.internal
2026-01-28T09:35:26.435312346Z E0128 09:35:26.435299       1 guard_controller.go:310] Missing operand on node ip-10-0-3-203.us-west-1.compute.internal
2026-01-28T09:35:26.437310456Z E0128 09:35:26.437285       1 base_controller.go:279] "Unhandled Error" err="GuardController reconciliation failed: [Missing operand on node ip-10-0-102-200.us-west-1.compute.internal, Missing operand on node ip-10-0-108-54.us-west-1.compute.internal, Missing operand on node ip-10-0-3-203.us-west-1.compute.internal]"
2026-01-28T09:35:31.661692882Z E0128 09:35:31.661635       1 guard_controller.go:310] Missing operand on node ip-10-0-3-203.us-west-1.compute.internal
2026-01-28T09:35:31.661803607Z E0128 09:35:31.661790       1 guard_controller.go:310] Missing operand on node ip-10-0-102-200.us-west-1.compute.internal
2026-01-28T09:35:31.661842399Z E0128 09:35:31.661830       1 guard_controller.go:310] Missing operand on node ip-10-0-108-54.us-west-1.compute.internal
2026-01-28T09:35:31.663873970Z E0128 09:35:31.663849       1 base_controller.go:279] "Unhandled Error" err="GuardController reconciliation failed: [Missing operand on node ip-10-0-102-200.us-west-1.compute.internal, Missing operand on node ip-10-0-108-54.us-west-1.compute.internal, Missing operand on node ip-10-0-3-203.us-west-1.compute.internal]"
2026-01-28T09:35:36.597797950Z E0128 09:35:36.597750       1 guard_controller.go:310] Missing operand on node ip-10-0-108-54.us-west-1.compute.internal
2026-01-28T09:35:36.597872004Z E0128 09:35:36.597857       1 guard_controller.go:310] Missing operand on node ip-10-0-3-203.us-west-1.compute.internal
2026-01-28T09:35:36.597921636Z E0128 09:35:36.597901       1 guard_controller.go:310] Missing operand on node ip-10-0-102-200.us-west-1.compute.internal
2026-01-28T09:35:36.600553818Z E0128 09:35:36.600017       1 base_controller.go:279] "Unhandled Error" err="GuardController reconciliation failed: [Missing operand on node ip-10-0-102-200.us-west-1.compute.internal, Missing operand on node ip-10-0-108-54.us-west-1.compute.internal, Missing operand on node ip-10-0-3-203.us-west-1.compute.internal]"
2026-01-28T09:35:42.037725987Z E0128 09:35:42.030310       1 guard_controller.go:310] Missing operand on node ip-10-0-102-200.us-west-1.compute.internal
2026-01-28T09:35:42.037725987Z E0128 09:35:42.030342       1 guard_controller.go:310] Missing operand on node ip-10-0-108-54.us-west-1.compute.internal
2026-01-28T09:35:42.037725987Z E0128 09:35:42.030354       1 guard_controller.go:310] Missing operand on node ip-10-0-3-203.us-west-1.compute.internal
2026-01-28T09:35:42.037725987Z E0128 09:35:42.032823       1 base_controller.go:279] "Unhandled Error" err="GuardController reconciliation failed: [Missing operand on node ip-10-0-102-200.us-west-1.compute.internal, Missing operand on node ip-10-0-108-54.us-west-1.compute.internal, Missing operand on node ip-10-0-3-203.us-west-1.compute.internal]"
2026-01-28T09:35:50.268685118Z E0128 09:35:50.268627       1 guard_controller.go:316] Missing PodIP in operand kube-apiserver-ip-10-0-102-200.us-west-1.compute.internal on node ip-10-0-102-200.us-west-1.compute.internal
2026-01-28T09:35:50.268685118Z E0128 09:35:50.268677       1 guard_controller.go:310] Missing operand on node ip-10-0-108-54.us-west-1.compute.internal
2026-01-28T09:35:50.268850916Z E0128 09:35:50.268832       1 guard_controller.go:310] Missing operand on node ip-10-0-3-203.us-west-1.compute.internal
2026-01-28T09:35:50.275547191Z I0128 09:35:50.275513       1 event.go:377] Event(v1.ObjectReference{Kind:"Deployment", Namespace:"openshift-kube-apiserver-operator", Name:"kube-apiserver-operator", UID:"0f90e131-ac50-4cb2-87c5-ad12ae1902a5", APIVersion:"apps/v1", ResourceVersion:"", FieldPath:""}): type: 'Normal' reason: 'OperatorVersionChanged' clusteroperator/kube-apiserver version "kube-apiserver" changed from "" to "1.33.6"
2026-01-28T09:35:50.275634705Z I0128 09:35:50.275613       1 event.go:377] Event(v1.ObjectReference{Kind:"Deployment", Namespace:"openshift-kube-apiserver-operator", Name:"kube-apiserver-operator", UID:"0f90e131-ac50-4cb2-87c5-ad12ae1902a5", APIVersion:"apps/v1", ResourceVersion:"", FieldPath:""}): type: 'Normal' reason: 'OperatorVersionChanged' clusteroperator/kube-apiserver version "operator" changed from "" to "4.20.0-0-2026-01-28-090915-test-ci-ln-vjb5l1t-latest"
2026-01-28T09:35:50.275919560Z I0128 09:35:50.275893       1 status_controller.go:230] clusteroperator/kube-apiserver diff {"status":{"versions":[{"name":"raw-internal","version":"4.20.0-0-2026-01-28-090915-test-ci-ln-vjb5l1t-latest"},{"name":"kube-apiserver","version":"1.33.6"},{"name":"operator","version":"4.20.0-0-2026-01-28-090915-test-ci-ln-vjb5l1t-latest"}]}}
2026-01-28T09:35:50.284369102Z I0128 09:35:50.284332       1 event.go:377] Event(v1.ObjectReference{Kind:"Deployment", Namespace:"openshift-kube-apiserver-operator", Name:"kube-apiserver-operator", UID:"0f90e131-ac50-4cb2-87c5-ad12ae1902a5", APIVersion:"apps/v1", ResourceVersion:"", FieldPath:""}): type: 'Normal' reason: 'OperatorStatusChanged' Status for clusteroperator/kube-apiserver changed: status.versions changed from [{"raw-internal" "4.20.0-0-2026-01-28-090915-test-ci-ln-vjb5l1t-latest"}] to [{"raw-internal" "4.20.0-0-2026-01-28-090915-test-ci-ln-vjb5l1t-latest"} {"kube-apiserver" "1.33.6"} {"operator" "4.20.0-0-2026-01-28-090915-test-ci-ln-vjb5l1t-latest"}]
2026-01-28T09:35:50.294272328Z I0128 09:35:50.285152       1 status_controller.go:230] clusteroperator/kube-apiserver diff {"status":{"versions":[{"name":"raw-internal","version":"4.20.0-0-2026-01-28-090915-test-ci-ln-vjb5l1t-latest"},{"name":"kube-apiserver","version":"1.33.6"},{"name":"operator","version":"4.20.0-0-2026-01-28-090915-test-ci-ln-vjb5l1t-latest"}]}}
2026-01-28T09:35:50.294272328Z I0128 09:35:50.285350       1 event.go:377] Event(v1.ObjectReference{Kind:"Deployment", Namespace:"openshift-kube-apiserver-operator", Name:"kube-apiserver-operator", UID:"0f90e131-ac50-4cb2-87c5-ad12ae1902a5", APIVersion:"apps/v1", ResourceVersion:"", FieldPath:""}): type: 'Normal' reason: 'OperatorVersionChanged' clusteroperator/kube-apiserver version "kube-apiserver" changed from "" to "1.33.6"
2026-01-28T09:35:50.294272328Z I0128 09:35:50.285363       1 event.go:377] Event(v1.ObjectReference{Kind:"Deployment", Namespace:"openshift-kube-apiserver-operator", Name:"kube-apiserver-operator", UID:"0f90e131-ac50-4cb2-87c5-ad12ae1902a5", APIVersion:"apps/v1", ResourceVersion:"", FieldPath:""}): type: 'Normal' reason: 'OperatorVersionChanged' clusteroperator/kube-apiserver version "operator" changed from "" to "4.20.0-0-2026-01-28-090915-test-ci-ln-vjb5l1t-latest"
2026-01-28T09:35:50.294272328Z I0128 09:35:50.290875       1 installer_controller.go:550] "ip-10-0-102-200.us-west-1.compute.internal" is in transition to 1, but has not made progress because installer is not finished, but in Running phase
2026-01-28T09:35:50.294272328Z E0128 09:35:50.291903       1 base_controller.go:279] "Unhandled Error" err="StatusSyncer_kube-apiserver reconciliation failed: Operation cannot be fulfilled on clusteroperators.config.openshift.io \"kube-apiserver\": the object has been modified; please apply your changes to the latest version and try again"
2026-01-28T09:35:50.306169613Z I0128 09:35:50.304598       1 prune_controller.go:277] Nothing to prune
2026-01-28T09:35:50.306169613Z I0128 09:35:50.305495       1 connectivity_check_controller.go:172] ConnectivityCheckController is waiting for transition to desired version (4.20.0-0-2026-01-28-090915-test-ci-ln-vjb5l1t-latest) to be completed.
2026-01-28T09:35:50.309351622Z E0128 09:35:50.309322       1 base_controller.go:279] "Unhandled Error" err="GuardController reconciliation failed: [Missing PodIP in operand kube-apiserver-ip-10-0-102-200.us-west-1.compute.internal on node ip-10-0-102-200.us-west-1.compute.internal, Missing operand on node ip-10-0-108-54.us-west-1.compute.internal, Missing operand on node ip-10-0-3-203.us-west-1.compute.internal]"
2026-01-28T09:35:50.313991924Z I0128 09:35:50.313953       1 status_controller.go:230] clusteroperator/kube-apiserver diff {"status":{"conditions":[{"lastTransitionTime":"2026-01-28T09:32:36Z","message":"GuardControllerDegraded: [Missing PodIP in operand kube-apiserver-ip-10-0-102-200.us-west-1.compute.internal on node ip-10-0-102-200.us-west-1.compute.internal, Missing operand on node ip-10-0-108-54.us-west-1.compute.internal, Missing operand on node ip-10-0-3-203.us-west-1.compute.internal]","reason":"GuardController_SyncError","status":"True","type":"Degraded"},{"lastTransitionTime":"2026-01-28T09:35:07Z","message":"NodeInstallerProgressing: 3 nodes are at revision 0; 0 nodes have achieved new revision 1","reason":"NodeInstaller","status":"True","type":"Progressing"},{"lastTransitionTime":"2026-01-28T09:30:35Z","message":"StaticPodsAvailable: 0 nodes are active; 3 nodes are at revision 0; 0 nodes have achieved new revision 1","reason":"StaticPods_ZeroNodesActive","status":"False","type":"Available"},{"lastTransitionTime":"2026-01-28T09:30:35Z","message":"KubeletMinorVersionUpgradeable: Kubelet and API server minor versions are synced.","reason":"AsExpected","status":"True","type":"Upgradeable"},{"lastTransitionTime":"2026-01-28T09:31:21Z","message":"PodSecurityInconclusiveEvaluationConditionsDetected: Could not evaluate violations for namespaces: [kube-node-lease openshift openshift-apiserver-operator openshift-cloud-credential-operator openshift-cloud-network-config-controller openshift-cluster-olm-operator openshift-cluster-samples-operator openshift-cluster-storage-operator openshift-config-managed openshift-config-operator openshift-console openshift-console-operator openshift-console-user-settings openshift-controller-manager-operator openshift-dns-operator openshift-host-network openshift-ingress-operator openshift-kube-controller-manager-operator openshift-kube-storage-version-migrator openshift-kube-storage-version-migrator-operator openshift-network-console openshift-network-diagnostics openshift-node openshift-service-ca openshift-service-ca-operator openshift-user-workload-monitoring]","reason":"PodSecurityInconclusive_PSViolationDecisionInconclusive","status":"True","type":"EvaluationConditionsDetected"}]}}
2026-01-28T09:35:50.327787945Z I0128 09:35:50.327372       1 event.go:377] Event(v1.ObjectReference{Kind:"Deployment", Namespace:"openshift-kube-apiserver-operator", Name:"kube-apiserver-operator", UID:"0f90e131-ac50-4cb2-87c5-ad12ae1902a5", APIVersion:"apps/v1", ResourceVersion:"", FieldPath:""}): type: 'Normal' reason: 'OperatorStatusChanged' Status for clusteroperator/kube-apiserver changed: Degraded message changed from "GuardControllerDegraded: [Missing operand on node ip-10-0-102-200.us-west-1.compute.internal, Missing operand on node ip-10-0-108-54.us-west-1.compute.internal, Missing operand on node ip-10-0-3-203.us-west-1.compute.internal]" to "GuardControllerDegraded: [Missing PodIP in operand kube-apiserver-ip-10-0-102-200.us-west-1.compute.internal on node ip-10-0-102-200.us-west-1.compute.internal, Missing operand on node ip-10-0-108-54.us-west-1.compute.internal, Missing operand on node ip-10-0-3-203.us-west-1.compute.internal]"
2026-01-28T09:35:50.792849022Z E0128 09:35:50.792740       1 guard_controller.go:310] Missing operand on node ip-10-0-3-203.us-west-1.compute.internal
2026-01-28T09:35:51.468671274Z I0128 09:35:51.468594       1 request.go:752] "Waited before sending request" delay="1.149938213s" reason="client-side throttling, not priority and fairness" verb="GET" URL="https://172.30.0.1:443/api/v1/namespaces/openshift-kube-apiserver/pods/kube-apiserver-ip-10-0-102-200.us-west-1.compute.internal"
2026-01-28T09:35:52.668758086Z I0128 09:35:52.668711       1 request.go:752] "Waited before sending request" delay="1.398109059s" reason="client-side throttling, not priority and fairness" verb="GET" URL="https://172.30.0.1:443/api/v1/namespaces/openshift-kube-apiserver/services/apiserver"
2026-01-28T09:35:53.585119243Z I0128 09:35:53.581671       1 tlsconfig.go:181] "Loaded client CA" index=0 certName="client-ca::kube-system::extension-apiserver-authentication::client-ca-file,client-ca::kube-system::extension-apiserver-authentication::requestheader-client-ca-file" certDetail="\"admin-kubeconfig-signer\" [] issuer=\"<self>\" (2026-01-28 09:13:02 +0000 UTC to 2036-01-26 09:13:02 +0000 UTC (now=2026-01-28 09:35:53.581631178 +0000 UTC))"
2026-01-28T09:35:53.585231988Z I0128 09:35:53.585208       1 tlsconfig.go:181] "Loaded client CA" index=1 certName="client-ca::kube-system::extension-apiserver-authentication::client-ca-file,client-ca::kube-system::extension-apiserver-authentication::requestheader-client-ca-file" certDetail="\"kubelet-signer\" [] issuer=\"<self>\" (2026-01-28 09:13:06 +0000 UTC to 2026-01-29 09:13:06 +0000 UTC (now=2026-01-28 09:35:53.585179146 +0000 UTC))"
2026-01-28T09:35:53.585289421Z I0128 09:35:53.585272       1 tlsconfig.go:181] "Loaded client CA" index=2 certName="client-ca::kube-system::extension-apiserver-authentication::client-ca-file,client-ca::kube-system::extension-apiserver-authentication::requestheader-client-ca-file" certDetail="\"kube-control-plane-signer\" [] issuer=\"<self>\" (2026-01-28 09:13:06 +0000 UTC to 2027-01-28 09:13:06 +0000 UTC (now=2026-01-28 09:35:53.585256529 +0000 UTC))"
2026-01-28T09:35:53.585392146Z I0128 09:35:53.585327       1 tlsconfig.go:181] "Loaded client CA" index=3 certName="client-ca::kube-system::extension-apiserver-authentication::client-ca-file,client-ca::kube-system::extension-apiserver-authentication::requestheader-client-ca-file" certDetail="\"kube-apiserver-to-kubelet-signer\" [] issuer=\"<self>\" (2026-01-28 09:13:07 +0000 UTC to 2027-01-28 09:13:07 +0000 UTC (now=2026-01-28 09:35:53.585311162 +0000 UTC))"
2026-01-28T09:35:53.585392146Z I0128 09:35:53.585349       1 tlsconfig.go:181] "Loaded client CA" index=4 certName="client-ca::kube-system::extension-apiserver-authentication::client-ca-file,client-ca::kube-system::extension-apiserver-authentication::requestheader-client-ca-file" certDetail="\"kubelet-bootstrap-kubeconfig-signer\" [] issuer=\"<self>\" (2026-01-28 09:13:03 +0000 UTC to 2036-01-26 09:13:03 +0000 UTC (now=2026-01-28 09:35:53.585338914 +0000 UTC))"
2026-01-28T09:35:53.585392146Z I0128 09:35:53.585368       1 tlsconfig.go:181] "Loaded client CA" index=5 certName="client-ca::kube-system::extension-apiserver-authentication::client-ca-file,client-ca::kube-system::extension-apiserver-authentication::requestheader-client-ca-file" certDetail="\"kube-csr-signer_@1769592636\" [] issuer=\"kubelet-signer\" (2026-01-28 09:30:35 +0000 UTC to 2026-01-29 09:13:06 +0000 UTC (now=2026-01-28 09:35:53.585356025 +0000 UTC))"
2026-01-28T09:35:53.585392146Z I0128 09:35:53.585385       1 tlsconfig.go:181] "Loaded client CA" index=6 certName="client-ca::kube-system::extension-apiserver-authentication::client-ca-file,client-ca::kube-system::extension-apiserver-authentication::requestheader-client-ca-file" certDetail="\"openshift-kube-apiserver-operator_node-system-admin-signer@1769592635\" [] issuer=\"<self>\" (2026-01-28 09:30:35 +0000 UTC to 2029-01-27 09:30:36 +0000 UTC (now=2026-01-28 09:35:53.585373735 +0000 UTC))"
2026-01-28T09:35:53.585412717Z I0128 09:35:53.585402       1 tlsconfig.go:181] "Loaded client CA" index=7 certName="client-ca::kube-system::extension-apiserver-authentication::client-ca-file,client-ca::kube-system::extension-apiserver-authentication::requestheader-client-ca-file" certDetail="\"aggregator-signer\" [] issuer=\"<self>\" (2026-01-28 09:13:04 +0000 UTC to 2026-01-29 09:13:04 +0000 UTC (now=2026-01-28 09:35:53.585392196 +0000 UTC))"
2026-01-28T09:35:53.585701332Z I0128 09:35:53.585680       1 tlsconfig.go:203] "Loaded serving cert" certName="serving-cert::/var/run/secrets/serving-cert/tls.crt::/var/run/secrets/serving-cert/tls.key" certDetail="\"metrics.openshift-kube-apiserver-operator.svc\" [serving] validServingFor=[metrics.openshift-kube-apiserver-operator.svc,metrics.openshift-kube-apiserver-operator.svc.cluster.local] issuer=\"openshift-service-serving-signer@1769592635\" (2026-01-28 09:30:45 +0000 UTC to 2028-01-28 09:30:46 +0000 UTC (now=2026-01-28 09:35:53.58566164 +0000 UTC))"
2026-01-28T09:35:53.587815937Z I0128 09:35:53.587791       1 named_certificates.go:53] "Loaded SNI cert" index=0 certName="self-signed loopback" certDetail="\"apiserver-loopback-client@1769592724\" [serving] validServingFor=[apiserver-loopback-client] issuer=\"apiserver-loopback-client-ca@1769592724\" (2026-01-28 08:32:03 +0000 UTC to 2029-01-28 08:32:03 +0000 UTC (now=2026-01-28 09:35:53.585846059 +0000 UTC))"
2026-01-28T09:35:53.867971304Z I0128 09:35:53.867922       1 request.go:752] "Waited before sending request" delay="1.397988254s" reason="client-side throttling, not priority and fairness" verb="GET" URL="https://172.30.0.1:443/api/v1/namespaces/openshift-kube-apiserver/pods/kube-apiserver-guard-ip-10-0-102-200.us-west-1.compute.internal"
2026-01-28T09:35:54.868461270Z I0128 09:35:54.868407       1 request.go:752] "Waited before sending request" delay="1.306515416s" reason="client-side throttling, not priority and fairness" verb="GET" URL="https://172.30.0.1:443/api/v1/namespaces/openshift-kube-apiserver/secrets/node-kubeconfigs"
2026-01-28T09:35:55.072979782Z I0128 09:35:55.072920       1 warnings.go:110] "Warning: metadata.name: this is used in the Pod's hostname, which can result in surprising behavior; a DNS label is recommended: [must not contain dots]"
2026-01-28T09:35:55.073081647Z E0128 09:35:55.073066       1 guard_controller.go:310] Missing operand on node ip-10-0-108-54.us-west-1.compute.internal
2026-01-28T09:35:55.075822144Z I0128 09:35:55.075772       1 event.go:377] Event(v1.ObjectReference{Kind:"Deployment", Namespace:"openshift-kube-apiserver-operator", Name:"kube-apiserver-operator", UID:"0f90e131-ac50-4cb2-87c5-ad12ae1902a5", APIVersion:"apps/v1", ResourceVersion:"", FieldPath:""}): type: 'Normal' reason: 'PodCreated' Created Pod/kube-apiserver-guard-ip-10-0-102-200.us-west-1.compute.internal -n openshift-kube-apiserver because it was missing
2026-01-28T09:35:55.100313790Z E0128 09:35:55.100134       1 base_controller.go:279] "Unhandled Error" err="GuardController reconciliation failed: [Missing operand on node ip-10-0-108-54.us-west-1.compute.internal, Missing operand on node ip-10-0-3-203.us-west-1.compute.internal]"
2026-01-28T09:35:55.126991465Z I0128 09:35:55.126628       1 connectivity_check_controller.go:172] ConnectivityCheckController is waiting for transition to desired version (4.20.0-0-2026-01-28-090915-test-ci-ln-vjb5l1t-latest) to be completed.
2026-01-28T09:35:55.130473369Z I0128 09:35:55.130449       1 prune_controller.go:277] Nothing to prune
2026-01-28T09:35:55.136285410Z I0128 09:35:55.136249       1 status_controller.go:230] clusteroperator/kube-apiserver diff {"status":{"conditions":[{"lastTransitionTime":"2026-01-28T09:32:36Z","message":"GuardControllerDegraded: [Missing operand on node ip-10-0-108-54.us-west-1.compute.internal, Missing operand on node ip-10-0-3-203.us-west-1.compute.internal]","reason":"GuardController_SyncError","status":"True","type":"Degraded"},{"lastTransitionTime":"2026-01-28T09:35:07Z","message":"NodeInstallerProgressing: 3 nodes are at revision 0; 0 nodes have achieved new revision 1","reason":"NodeInstaller","status":"True","type":"Progressing"},{"lastTransitionTime":"2026-01-28T09:30:35Z","message":"StaticPodsAvailable: 0 nodes are active; 3 nodes are at revision 0; 0 nodes have achieved new revision 1","reason":"StaticPods_ZeroNodesActive","status":"False","type":"Available"},{"lastTransitionTime":"2026-01-28T09:30:35Z","message":"KubeletMinorVersionUpgradeable: Kubelet and API server minor versions are synced.","reason":"AsExpected","status":"True","type":"Upgradeable"},{"lastTransitionTime":"2026-01-28T09:31:21Z","message":"PodSecurityInconclusiveEvaluationConditionsDetected: Could not evaluate violations for namespaces: [kube-node-lease openshift openshift-apiserver-operator openshift-cloud-credential-operator openshift-cloud-network-config-controller openshift-cluster-olm-operator openshift-cluster-samples-operator openshift-cluster-storage-operator openshift-config-managed openshift-config-operator openshift-console openshift-console-operator openshift-console-user-settings openshift-controller-manager-operator openshift-dns-operator openshift-host-network openshift-ingress-operator openshift-kube-controller-manager-operator openshift-kube-storage-version-migrator openshift-kube-storage-version-migrator-operator openshift-network-console openshift-network-diagnostics openshift-node openshift-service-ca openshift-service-ca-operator openshift-user-workload-monitoring]","reason":"PodSecurityInconclusive_PSViolationDecisionInconclusive","status":"True","type":"EvaluationConditionsDetected"}]}}
2026-01-28T09:35:55.181616138Z I0128 09:35:55.181520       1 event.go:377] Event(v1.ObjectReference{Kind:"Deployment", Namespace:"openshift-kube-apiserver-operator", Name:"kube-apiserver-operator", UID:"0f90e131-ac50-4cb2-87c5-ad12ae1902a5", APIVersion:"apps/v1", ResourceVersion:"", FieldPath:""}): type: 'Normal' reason: 'OperatorStatusChanged' Status for clusteroperator/kube-apiserver changed: Degraded message changed from "GuardControllerDegraded: [Missing PodIP in operand kube-apiserver-ip-10-0-102-200.us-west-1.compute.internal on node ip-10-0-102-200.us-west-1.compute.internal, Missing operand on node ip-10-0-108-54.us-west-1.compute.internal, Missing operand on node ip-10-0-3-203.us-west-1.compute.internal]" to "GuardControllerDegraded: [Missing operand on node ip-10-0-108-54.us-west-1.compute.internal, Missing operand on node ip-10-0-3-203.us-west-1.compute.internal]"
2026-01-28T09:35:55.205317243Z I0128 09:35:55.200421       1 connectivity_check_controller.go:172] ConnectivityCheckController is waiting for transition to desired version (4.20.0-0-2026-01-28-090915-test-ci-ln-vjb5l1t-latest) to be completed.
2026-01-28T09:35:55.869155246Z I0128 09:35:55.869116       1 request.go:752] "Waited before sending request" delay="1.198778346s" reason="client-side throttling, not priority and fairness" verb="GET" URL="https://172.30.0.1:443/api/v1/namespaces/openshift-kube-apiserver/pods/kube-apiserver-ip-10-0-108-54.us-west-1.compute.internal"
2026-01-28T09:35:57.068940613Z I0128 09:35:57.068884       1 request.go:752] "Waited before sending request" delay="1.936238602s" reason="client-side throttling, not priority and fairness" verb="GET" URL="https://172.30.0.1:443/api/v1/namespaces/openshift-kube-apiserver/configmaps/kube-apiserver-audit-policies"
2026-01-28T09:35:57.682885509Z E0128 09:35:57.682834       1 base_controller.go:279] "Unhandled Error" err="TargetConfigController reconciliation failed: KubeAPIServer.operator.openshift.io \"cluster\" is invalid: [status.nodeStatuses[0].currentRevision: Invalid value: \"object\": cannot be unset once set, status.nodeStatuses[1].currentRevision: Invalid value: \"object\": cannot be unset once set, status.nodeStatuses[2].currentRevision: Invalid value: \"object\": cannot be unset once set]"
2026-01-28T09:35:58.268890428Z I0128 09:35:58.268837       1 request.go:752] "Waited before sending request" delay="1.996683577s" reason="client-side throttling, not priority and fairness" verb="GET" URL="https://172.30.0.1:443/api/v1/namespaces/openshift-kube-apiserver/pods?labelSelector=app%3Dinstaller"
2026-01-28T09:35:58.471341577Z I0128 09:35:58.471287       1 core.go:220] Pod "openshift-kube-apiserver/kube-apiserver-guard-ip-10-0-102-200.us-west-1.compute.internal" changes: {"apiVersion":"v1","kind":"Pod","metadata":{"annotations":{"k8s.ovn.org/pod-networks":null,"k8s.v1.cni.cncf.io/network-status":null,"target.workload.openshift.io/management":"{\"effect\": \"PreferredDuringScheduling\"}"},"creationTimestamp":null,"generation":null,"managedFields":null,"resourceVersion":null,"uid":null},"spec":{"containers":[{"args":["-c","# properly handle TERM and exit as soon as it is signaled\nset -euo pipefail\ntrap 'jobs -p | xargs -r kill; exit 0' TERM\nsleep infinity \u0026 wait\n"],"command":["/bin/bash"],"image":"registry.build11.ci.openshift.org/ci-ln-vjb5l1t/stable@sha256:0554bda0a96d190367ed63955b942dd3552e1d90e8586dfd9f8879c964bf245d","imagePullPolicy":"IfNotPresent","name":"guard","readinessProbe":{"failureThreshold":3,"httpGet":{"host":"10.0.102.200","path":"readyz","port":6443,"scheme":"HTTPS"},"periodSeconds":5,"successThreshold":1,"timeoutSeconds":5},"resources":{"requests":{"cpu":"10m","memory":"5Mi"}},"terminationMessagePolicy":"FallbackToLogsOnError"}],"dnsPolicy":null,"enableServiceLinks":null,"preemptionPolicy":null,"priority":null,"restartPolicy":null,"schedulerName":null,"securityContext":null,"serviceAccount":null,"serviceAccountName":null,"volumes":null},"status":{"conditions":null,"containerStatuses":null,"hostIP":null,"hostIPs":null,"phase":null,"podIP":null,"podIPs":null,"qosClass":null,"startTime":null}}
2026-01-28T09:35:58.870216303Z I0128 09:35:58.870158       1 installer_controller.go:550] "ip-10-0-102-200.us-west-1.compute.internal" is in transition to 1, but has not made progress because static pod is pending
2026-01-28T09:35:59.468433402Z I0128 09:35:59.468369       1 request.go:752] "Waited before sending request" delay="1.397759801s" reason="client-side throttling, not priority and fairness" verb="GET" URL="https://172.30.0.1:443/api/v1/namespaces/openshift-kube-apiserver/pods?labelSelector=app%3Dopenshift-kube-apiserver"
2026-01-28T09:35:59.875989284Z E0128 09:35:59.875911       1 guard_controller.go:310] Missing operand on node ip-10-0-108-54.us-west-1.compute.internal
2026-01-28T09:35:59.875989284Z E0128 09:35:59.875941       1 guard_controller.go:310] Missing operand on node ip-10-0-3-203.us-west-1.compute.internal
2026-01-28T09:35:59.877946752Z I0128 09:35:59.877622       1 event.go:377] Event(v1.ObjectReference{Kind:"Deployment", Namespace:"openshift-kube-apiserver-operator", Name:"kube-apiserver-operator", UID:"0f90e131-ac50-4cb2-87c5-ad12ae1902a5", APIVersion:"apps/v1", ResourceVersion:"", FieldPath:""}): type: 'Normal' reason: 'PodUpdated' Updated Pod/kube-apiserver-guard-ip-10-0-102-200.us-west-1.compute.internal -n openshift-kube-apiserver because it changed
2026-01-28T09:35:59.877946752Z E0128 09:35:59.877900       1 base_controller.go:279] "Unhandled Error" err="GuardController reconciliation failed: [Missing operand on node ip-10-0-108-54.us-west-1.compute.internal, Missing operand on node ip-10-0-3-203.us-west-1.compute.internal]"
2026-01-28T09:36:00.246561863Z I0128 09:36:00.245676       1 connectivity_check_controller.go:172] ConnectivityCheckController is waiting for transition to desired version (4.20.0-0-2026-01-28-090915-test-ci-ln-vjb5l1t-latest) to be completed.
2026-01-28T09:36:00.248106910Z I0128 09:36:00.247426       1 connectivity_check_controller.go:172] ConnectivityCheckController is waiting for transition to desired version (4.20.0-0-2026-01-28-090915-test-ci-ln-vjb5l1t-latest) to be completed.
2026-01-28T09:36:00.283281132Z I0128 09:36:00.283157       1 connectivity_check_controller.go:172] ConnectivityCheckController is waiting for transition to desired version (4.20.0-0-2026-01-28-090915-test-ci-ln-vjb5l1t-latest) to be completed.
2026-01-28T09:36:00.468704674Z I0128 09:36:00.468649       1 request.go:752] "Waited before sending request" delay="1.396699575s" reason="client-side throttling, not priority and fairness" verb="GET" URL="https://172.30.0.1:443/api/v1/namespaces/openshift-kube-apiserver/configmaps/kube-apiserver-pod"
2026-01-28T09:36:01.468756904Z I0128 09:36:01.468704       1 request.go:752] "Waited before sending request" delay="1.397452242s" reason="client-side throttling, not priority and fairness" verb="GET" URL="https://172.30.0.1:443/api/v1/namespaces/openshift-kube-apiserver/services/apiserver"
2026-01-28T09:36:02.270518307Z E0128 09:36:02.270468       1 guard_controller.go:310] Missing operand on node ip-10-0-108-54.us-west-1.compute.internal
2026-01-28T09:36:02.270518307Z E0128 09:36:02.270492       1 guard_controller.go:310] Missing operand on node ip-10-0-3-203.us-west-1.compute.internal
2026-01-28T09:36:02.271828583Z E0128 09:36:02.271795       1 base_controller.go:279] "Unhandled Error" err="GuardController reconciliation failed: [Missing operand on node ip-10-0-108-54.us-west-1.compute.internal, Missing operand on node ip-10-0-3-203.us-west-1.compute.internal]"
2026-01-28T09:36:03.336744603Z I0128 09:36:03.335528       1 connectivity_check_controller.go:172] ConnectivityCheckController is waiting for transition to desired version (4.20.0-0-2026-01-28-090915-test-ci-ln-vjb5l1t-latest) to be completed.
2026-01-28T09:36:03.683371862Z E0128 09:36:03.683336       1 base_controller.go:279] "Unhandled Error" err="TargetConfigController reconciliation failed: KubeAPIServer.operator.openshift.io \"cluster\" is invalid: [status.nodeStatuses[0].currentRevision: Invalid value: \"object\": cannot be unset once set, status.nodeStatuses[1].currentRevision: Invalid value: \"object\": cannot be unset once set, status.nodeStatuses[2].currentRevision: Invalid value: \"object\": cannot be unset once set]"
2026-01-28T09:36:04.069902620Z E0128 09:36:04.069846       1 guard_controller.go:310] Missing operand on node ip-10-0-108-54.us-west-1.compute.internal
2026-01-28T09:36:04.069902620Z E0128 09:36:04.069872       1 guard_controller.go:310] Missing operand on node ip-10-0-3-203.us-west-1.compute.internal
2026-01-28T09:36:04.071447897Z E0128 09:36:04.071423       1 base_controller.go:279] "Unhandled Error" err="GuardController reconciliation failed: [Missing operand on node ip-10-0-108-54.us-west-1.compute.internal, Missing operand on node ip-10-0-3-203.us-west-1.compute.internal]"
2026-01-28T09:36:04.072897970Z E0128 09:36:04.072866       1 guard_controller.go:310] Missing operand on node ip-10-0-3-203.us-west-1.compute.internal
2026-01-28T09:36:04.870964509Z I0128 09:36:04.870906       1 installer_controller.go:550] "ip-10-0-102-200.us-west-1.compute.internal" is in transition to 1, but has not made progress because static pod is pending
2026-01-28T09:36:05.070382271Z E0128 09:36:05.070329       1 guard_controller.go:310] Missing operand on node ip-10-0-108-54.us-west-1.compute.internal
2026-01-28T09:36:05.071634294Z E0128 09:36:05.071602       1 base_controller.go:279] "Unhandled Error" err="GuardController reconciliation failed: [Missing operand on node ip-10-0-108-54.us-west-1.compute.internal, Missing operand on node ip-10-0-3-203.us-west-1.compute.internal]"
2026-01-28T09:36:05.075621834Z E0128 09:36:05.075594       1 base_controller.go:279] "Unhandled Error" err="CertRotationController reconciliation failed: KubeAPIServer.operator.openshift.io \"cluster\" is invalid: [status.nodeStatuses[0].currentRevision: Invalid value: \"object\": cannot be unset once set, status.nodeStatuses[1].currentRevision: Invalid value: \"object\": cannot be unset once set, status.nodeStatuses[2].currentRevision: Invalid value: \"object\": cannot be unset once set]"
2026-01-28T09:36:05.110744154Z E0128 09:36:05.110686       1 base_controller.go:279] "Unhandled Error" err="CertRotationController reconciliation failed: KubeAPIServer.operator.openshift.io \"cluster\" is invalid: [status.nodeStatuses[0].currentRevision: Invalid value: \"object\": cannot be unset once set, status.nodeStatuses[1].currentRevision: Invalid value: \"object\": cannot be unset once set, status.nodeStatuses[2].currentRevision: Invalid value: \"object\": cannot be unset once set]"
2026-01-28T09:36:05.110855299Z E0128 09:36:05.110828       1 base_controller.go:279] "Unhandled Error" err="CertRotationController reconciliation failed: KubeAPIServer.operator.openshift.io \"cluster\" is invalid: [status.nodeStatuses[0].currentRevision: Invalid value: \"object\": cannot be unset once set, status.nodeStatuses[1].currentRevision: Invalid value: \"object\": cannot be unset once set, status.nodeStatuses[2].currentRevision: Invalid value: \"object\": cannot be unset once set]"
2026-01-28T09:36:05.113712332Z E0128 09:36:05.113688       1 base_controller.go:279] "Unhandled Error" err="CertRotationController reconciliation failed: KubeAPIServer.operator.openshift.io \"cluster\" is invalid: [status.nodeStatuses[0].currentRevision: Invalid value: \"object\": cannot be unset once set, status.nodeStatuses[1].currentRevision: Invalid value: \"object\": cannot be unset once set, status.nodeStatuses[2].currentRevision: Invalid value: \"object\": cannot be unset once set]"
2026-01-28T09:36:05.113837618Z E0128 09:36:05.113808       1 base_controller.go:279] "Unhandled Error" err="CertRotationController reconciliation failed: KubeAPIServer.operator.openshift.io \"cluster\" is invalid: [status.nodeStatuses[0].currentRevision: Invalid value: \"object\": cannot be unset once set, status.nodeStatuses[1].currentRevision: Invalid value: \"object\": cannot be unset once set, status.nodeStatuses[2].currentRevision: Invalid value: \"object\": cannot be unset once set]"
2026-01-28T09:36:05.115375015Z E0128 09:36:05.115335       1 base_controller.go:279] "Unhandled Error" err="CertRotationController reconciliation failed: KubeAPIServer.operator.openshift.io \"cluster\" is invalid: [status.nodeStatuses[0].currentRevision: Invalid value: \"object\": cannot be unset once set, status.nodeStatuses[1].currentRevision: Invalid value: \"object\": cannot be unset once set, status.nodeStatuses[2].currentRevision: Invalid value: \"object\": cannot be unset once set]"
2026-01-28T09:36:05.115951984Z E0128 09:36:05.115929       1 base_controller.go:279] "Unhandled Error" err="CertRotationController reconciliation failed: KubeAPIServer.operator.openshift.io \"cluster\" is invalid: [status.nodeStatuses[0].currentRevision: Invalid value: \"object\": cannot be unset once set, status.nodeStatuses[1].currentRevision: Invalid value: \"object\": cannot be unset once set, status.nodeStatuses[2].currentRevision: Invalid value: \"object\": cannot be unset once set]"
2026-01-28T09:36:05.117270041Z E0128 09:36:05.117242       1 base_controller.go:279] "Unhandled Error" err="CertRotationController reconciliation failed: KubeAPIServer.operator.openshift.io \"cluster\" is invalid: [status.nodeStatuses[0].currentRevision: Invalid value: \"object\": cannot be unset once set, status.nodeStatuses[1].currentRevision: Invalid value: \"object\": cannot be unset once set, status.nodeStatuses[2].currentRevision: Invalid value: \"object\": cannot be unset once set]"
2026-01-28T09:36:05.127387708Z E0128 09:36:05.127336       1 base_controller.go:279] "Unhandled Error" err="CertRotationController reconciliation failed: KubeAPIServer.operator.openshift.io \"cluster\" is invalid: [status.nodeStatuses[0].currentRevision: Invalid value: \"object\": cannot be unset once set, status.nodeStatuses[1].currentRevision: Invalid value: \"object\": cannot be unset once set, status.nodeStatuses[2].currentRevision: Invalid value: \"object\": cannot be unset once set]"
2026-01-28T09:36:05.127387708Z E0128 09:36:05.127336       1 base_controller.go:279] "Unhandled Error" err="CertRotationController reconciliation failed: KubeAPIServer.operator.openshift.io \"cluster\" is invalid: [status.nodeStatuses[0].currentRevision: Invalid value: \"object\": cannot be unset once set, status.nodeStatuses[1].currentRevision: Invalid value: \"object\": cannot be unset once set, status.nodeStatuses[2].currentRevision: Invalid value: \"object\": cannot be unset once set]"
2026-01-28T09:36:05.285124401Z E0128 09:36:05.285068       1 base_controller.go:279] "Unhandled Error" err="CertRotationController reconciliation failed: KubeAPIServer.operator.openshift.io \"cluster\" is invalid: [status.nodeStatuses[0].currentRevision: Invalid value: \"object\": cannot be unset once set, status.nodeStatuses[1].currentRevision: Invalid value: \"object\": cannot be unset once set, status.nodeStatuses[2].currentRevision: Invalid value: \"object\": cannot be unset once set]"
2026-01-28T09:36:05.485013327Z E0128 09:36:05.484973       1 base_controller.go:279] "Unhandled Error" err="CertRotationController reconciliation failed: KubeAPIServer.operator.openshift.io \"cluster\" is invalid: [status.nodeStatuses[0].currentRevision: Invalid value: \"object\": cannot be unset once set, status.nodeStatuses[1].currentRevision: Invalid value: \"object\": cannot be unset once set, status.nodeStatuses[2].currentRevision: Invalid value: \"object\": cannot be unset once set]"
2026-01-28T09:36:05.868598217Z I0128 09:36:05.868525       1 request.go:752] "Waited before sending request" delay="1.110494603s" reason="client-side throttling, not priority and fairness" verb="GET" URL="https://172.30.0.1:443/api/v1/namespaces/openshift-kube-apiserver/pods/kube-apiserver-ip-10-0-102-200.us-west-1.compute.internal"
2026-01-28T09:36:07.868102457Z I0128 09:36:07.868048       1 request.go:752] "Waited before sending request" delay="1.043451954s" reason="client-side throttling, not priority and fairness" verb="GET" URL="https://172.30.0.1:443/api/v1/namespaces/openshift-kube-apiserver/pods/kube-apiserver-guard-ip-10-0-102-200.us-west-1.compute.internal"
2026-01-28T09:36:08.871007990Z E0128 09:36:08.870949       1 guard_controller.go:310] Missing operand on node ip-10-0-108-54.us-west-1.compute.internal
2026-01-28T09:36:08.871007990Z E0128 09:36:08.871000       1 guard_controller.go:310] Missing operand on node ip-10-0-3-203.us-west-1.compute.internal
2026-01-28T09:36:08.873763898Z E0128 09:36:08.873731       1 base_controller.go:279] "Unhandled Error" err="GuardController reconciliation failed: [Missing operand on node ip-10-0-108-54.us-west-1.compute.internal, Missing operand on node ip-10-0-3-203.us-west-1.compute.internal]"
2026-01-28T09:36:08.875120776Z E0128 09:36:08.875092       1 guard_controller.go:310] Missing operand on node ip-10-0-3-203.us-west-1.compute.internal
2026-01-28T09:36:10.284655853Z E0128 09:36:10.284606       1 base_controller.go:279] "Unhandled Error" err="TargetConfigController reconciliation failed: KubeAPIServer.operator.openshift.io \"cluster\" is invalid: [status.nodeStatuses[0].currentRevision: Invalid value: \"object\": cannot be unset once set, status.nodeStatuses[1].currentRevision: Invalid value: \"object\": cannot be unset once set, status.nodeStatuses[2].currentRevision: Invalid value: \"object\": cannot be unset once set]"
2026-01-28T09:36:10.470781060Z E0128 09:36:10.470734       1 guard_controller.go:310] Missing operand on node ip-10-0-108-54.us-west-1.compute.internal
2026-01-28T09:36:10.472293696Z E0128 09:36:10.472262       1 base_controller.go:279] "Unhandled Error" err="GuardController reconciliation failed: [Missing operand on node ip-10-0-108-54.us-west-1.compute.internal, Missing operand on node ip-10-0-3-203.us-west-1.compute.internal]"
2026-01-28T09:36:10.871094779Z I0128 09:36:10.871010       1 installer_controller.go:540] "ip-10-0-102-200.us-west-1.compute.internal" moving to (v1.NodeStatus) {
2026-01-28T09:36:10.871094779Z  NodeName: (string) (len=42) "ip-10-0-102-200.us-west-1.compute.internal",
2026-01-28T09:36:10.871094779Z  CurrentRevision: (int32) 1,
2026-01-28T09:36:10.871094779Z  TargetRevision: (int32) 0,
2026-01-28T09:36:10.871094779Z  LastFailedRevision: (int32) 0,
2026-01-28T09:36:10.871094779Z  LastFailedTime: (*v1.Time)(<nil>),
2026-01-28T09:36:10.871094779Z  LastFailedReason: (string) "",
2026-01-28T09:36:10.871094779Z  LastFailedCount: (int) 0,
2026-01-28T09:36:10.871094779Z  LastFallbackCount: (int) 0,
2026-01-28T09:36:10.871094779Z  LastFailedRevisionErrors: ([]string) <nil>
2026-01-28T09:36:10.871094779Z }
2026-01-28T09:36:10.871094779Z  because static pod is ready
2026-01-28T09:36:10.928370129Z I0128 09:36:10.928318       1 event.go:377] Event(v1.ObjectReference{Kind:"Deployment", Namespace:"openshift-kube-apiserver-operator", Name:"kube-apiserver-operator", UID:"0f90e131-ac50-4cb2-87c5-ad12ae1902a5", APIVersion:"apps/v1", ResourceVersion:"", FieldPath:""}): type: 'Normal' reason: 'NodeCurrentRevisionChanged' Updated node "ip-10-0-102-200.us-west-1.compute.internal" from revision 0 to 1 because static pod is ready
2026-01-28T09:36:11.002381347Z I0128 09:36:10.987691       1 prune_controller.go:277] Nothing to prune
2026-01-28T09:36:11.044184062Z I0128 09:36:11.043754       1 status_controller.go:230] clusteroperator/kube-apiserver diff {"status":{"conditions":[{"lastTransitionTime":"2026-01-28T09:32:36Z","message":"GuardControllerDegraded: [Missing operand on node ip-10-0-108-54.us-west-1.compute.internal, Missing operand on node ip-10-0-3-203.us-west-1.compute.internal]","reason":"GuardController_SyncError","status":"True","type":"Degraded"},{"lastTransitionTime":"2026-01-28T09:35:07Z","message":"NodeInstallerProgressing: 2 nodes are at revision 0; 1 node is at revision 1","reason":"NodeInstaller","status":"True","type":"Progressing"},{"lastTransitionTime":"2026-01-28T09:36:11Z","message":"StaticPodsAvailable: 1 nodes are active; 2 nodes are at revision 0; 1 node is at revision 1","reason":"AsExpected","status":"True","type":"Available"},{"lastTransitionTime":"2026-01-28T09:30:35Z","message":"KubeletMinorVersionUpgradeable: Kubelet and API server minor versions are synced.","reason":"AsExpected","status":"True","type":"Upgradeable"},{"lastTransitionTime":"2026-01-28T09:31:21Z","message":"PodSecurityInconclusiveEvaluationConditionsDetected: Could not evaluate violations for namespaces: [kube-node-lease openshift openshift-apiserver-operator openshift-cloud-credential-operator openshift-cloud-network-config-controller openshift-cluster-olm-operator openshift-cluster-samples-operator openshift-cluster-storage-operator openshift-config-managed openshift-config-operator openshift-console openshift-console-operator openshift-console-user-settings openshift-controller-manager-operator openshift-dns-operator openshift-host-network openshift-ingress-operator openshift-kube-controller-manager-operator openshift-kube-storage-version-migrator openshift-kube-storage-version-migrator-operator openshift-network-console openshift-network-diagnostics openshift-node openshift-service-ca openshift-service-ca-operator openshift-user-workload-monitoring]","reason":"PodSecurityInconclusive_PSViolationDecisionInconclusive","status":"True","type":"EvaluationConditionsDetected"}]}}
2026-01-28T09:36:11.051614084Z I0128 09:36:11.046168       1 connectivity_check_controller.go:172] ConnectivityCheckController is waiting for transition to desired version (4.20.0-0-2026-01-28-090915-test-ci-ln-vjb5l1t-latest) to be completed.
2026-01-28T09:36:11.105481023Z I0128 09:36:11.095194       1 status_controller.go:230] clusteroperator/kube-apiserver diff {"status":{"conditions":[{"lastTransitionTime":"2026-01-28T09:32:36Z","message":"GuardControllerDegraded: [Missing operand on node ip-10-0-108-54.us-west-1.compute.internal, Missing operand on node ip-10-0-3-203.us-west-1.compute.internal]","reason":"GuardController_SyncError","status":"True","type":"Degraded"},{"lastTransitionTime":"2026-01-28T09:35:07Z","message":"NodeInstallerProgressing: 2 nodes are at revision 0; 1 node is at revision 1","reason":"NodeInstaller","status":"True","type":"Progressing"},{"lastTransitionTime":"2026-01-28T09:36:11Z","message":"StaticPodsAvailable: 1 nodes are active; 2 nodes are at revision 0; 1 node is at revision 1","reason":"AsExpected","status":"True","type":"Available"},{"lastTransitionTime":"2026-01-28T09:30:35Z","message":"KubeletMinorVersionUpgradeable: Kubelet and API server minor versions are synced.","reason":"AsExpected","status":"True","type":"Upgradeable"},{"lastTransitionTime":"2026-01-28T09:31:21Z","message":"PodSecurityInconclusiveEvaluationConditionsDetected: Could not evaluate violations for namespaces: [kube-node-lease openshift openshift-apiserver-operator openshift-cloud-credential-operator openshift-cloud-network-config-controller openshift-cluster-olm-operator openshift-cluster-samples-operator openshift-cluster-storage-operator openshift-config-managed openshift-config-operator openshift-console openshift-console-operator openshift-console-user-settings openshift-controller-manager-operator openshift-dns-operator openshift-host-network openshift-ingress-operator openshift-kube-controller-manager-operator openshift-kube-storage-version-migrator openshift-kube-storage-version-migrator-operator openshift-network-console openshift-network-diagnostics openshift-node openshift-service-ca openshift-service-ca-operator openshift-user-workload-monitoring]","reason":"PodSecurityInconclusive_PSViolationDecisionInconclusive","status":"True","type":"EvaluationConditionsDetected"}]}}
2026-01-28T09:36:11.105481023Z I0128 09:36:11.095929       1 event.go:377] Event(v1.ObjectReference{Kind:"Deployment", Namespace:"openshift-kube-apiserver-operator", Name:"kube-apiserver-operator", UID:"0f90e131-ac50-4cb2-87c5-ad12ae1902a5", APIVersion:"apps/v1", ResourceVersion:"", FieldPath:""}): type: 'Normal' reason: 'OperatorStatusChanged' Status for clusteroperator/kube-apiserver changed: Progressing message changed from "NodeInstallerProgressing: 3 nodes are at revision 0; 0 nodes have achieved new revision 1" to "NodeInstallerProgressing: 2 nodes are at revision 0; 1 node is at revision 1",Available changed from False to True ("StaticPodsAvailable: 1 nodes are active; 2 nodes are at revision 0; 1 node is at revision 1")
2026-01-28T09:36:11.106588669Z E0128 09:36:11.106559       1 base_controller.go:279] "Unhandled Error" err="StatusSyncer_kube-apiserver reconciliation failed: Operation cannot be fulfilled on clusteroperators.config.openshift.io \"kube-apiserver\": the object has been modified; please apply your changes to the latest version and try again"
2026-01-28T09:36:12.068070956Z I0128 09:36:12.067998       1 request.go:752] "Waited before sending request" delay="1.026165679s" reason="client-side throttling, not priority and fairness" verb="GET" URL="https://172.30.0.1:443/api/v1/namespaces/openshift-kube-apiserver/serviceaccounts/installer-sa"
2026-01-28T09:36:12.470426888Z E0128 09:36:12.470381       1 guard_controller.go:310] Missing operand on node ip-10-0-108-54.us-west-1.compute.internal
2026-01-28T09:36:12.470426888Z E0128 09:36:12.470407       1 guard_controller.go:310] Missing operand on node ip-10-0-3-203.us-west-1.compute.internal
2026-01-28T09:36:12.471754744Z E0128 09:36:12.471732       1 base_controller.go:279] "Unhandled Error" err="GuardController reconciliation failed: [Missing operand on node ip-10-0-108-54.us-west-1.compute.internal, Missing operand on node ip-10-0-3-203.us-west-1.compute.internal]"
2026-01-28T09:36:13.068905096Z I0128 09:36:13.068855       1 request.go:752] "Waited before sending request" delay="1.198071193s" reason="client-side throttling, not priority and fairness" verb="GET" URL="https://172.30.0.1:443/api/v1/namespaces/openshift-kube-apiserver/pods/kube-apiserver-ip-10-0-108-54.us-west-1.compute.internal"
2026-01-28T09:36:14.474592112Z E0128 09:36:14.474535       1 guard_controller.go:310] Missing operand on node ip-10-0-108-54.us-west-1.compute.internal
2026-01-28T09:36:14.474682916Z E0128 09:36:14.474671       1 guard_controller.go:310] Missing operand on node ip-10-0-3-203.us-west-1.compute.internal
2026-01-28T09:36:14.476403362Z E0128 09:36:14.476371       1 base_controller.go:279] "Unhandled Error" err="GuardController reconciliation failed: [Missing operand on node ip-10-0-108-54.us-west-1.compute.internal, Missing operand on node ip-10-0-3-203.us-west-1.compute.internal]"
2026-01-28T09:36:15.669902838Z E0128 09:36:15.669861       1 guard_controller.go:310] Missing operand on node ip-10-0-108-54.us-west-1.compute.internal
2026-01-28T09:36:15.669902838Z E0128 09:36:15.669883       1 guard_controller.go:310] Missing operand on node ip-10-0-3-203.us-west-1.compute.internal
2026-01-28T09:36:15.671300857Z E0128 09:36:15.671276       1 base_controller.go:279] "Unhandled Error" err="GuardController reconciliation failed: [Missing operand on node ip-10-0-108-54.us-west-1.compute.internal, Missing operand on node ip-10-0-3-203.us-west-1.compute.internal]"
2026-01-28T09:36:15.882677075Z E0128 09:36:15.882619       1 base_controller.go:279] "Unhandled Error" err="TargetConfigController reconciliation failed: KubeAPIServer.operator.openshift.io \"cluster\" is invalid: [status.nodeStatuses[1].currentRevision: Invalid value: \"object\": cannot be unset once set, status.nodeStatuses[2].currentRevision: Invalid value: \"object\": cannot be unset once set]"
2026-01-28T09:36:16.269836181Z E0128 09:36:16.269775       1 guard_controller.go:310] Missing operand on node ip-10-0-108-54.us-west-1.compute.internal
2026-01-28T09:36:16.269836181Z E0128 09:36:16.269810       1 guard_controller.go:310] Missing operand on node ip-10-0-3-203.us-west-1.compute.internal
2026-01-28T09:36:16.271212119Z E0128 09:36:16.271170       1 base_controller.go:279] "Unhandled Error" err="GuardController reconciliation failed: [Missing operand on node ip-10-0-108-54.us-west-1.compute.internal, Missing operand on node ip-10-0-3-203.us-west-1.compute.internal]"
2026-01-28T09:36:16.272454431Z E0128 09:36:16.272432       1 guard_controller.go:310] Missing operand on node ip-10-0-108-54.us-west-1.compute.internal
2026-01-28T09:36:16.272476752Z E0128 09:36:16.272451       1 guard_controller.go:310] Missing operand on node ip-10-0-3-203.us-west-1.compute.internal
2026-01-28T09:36:16.674550929Z E0128 09:36:16.674484       1 base_controller.go:279] "Unhandled Error" err="GuardController reconciliation failed: [Missing operand on node ip-10-0-108-54.us-west-1.compute.internal, Missing operand on node ip-10-0-3-203.us-west-1.compute.internal]"
2026-01-28T09:36:21.190745334Z E0128 09:36:21.189883       1 guard_controller.go:310] Missing operand on node ip-10-0-108-54.us-west-1.compute.internal
2026-01-28T09:36:21.190745334Z E0128 09:36:21.189913       1 guard_controller.go:310] Missing operand on node ip-10-0-3-203.us-west-1.compute.internal
2026-01-28T09:36:21.192232768Z E0128 09:36:21.192101       1 base_controller.go:279] "Unhandled Error" err="GuardController reconciliation failed: [Missing operand on node ip-10-0-108-54.us-west-1.compute.internal, Missing operand on node ip-10-0-3-203.us-west-1.compute.internal]"
2026-01-28T09:36:25.699387454Z I0128 09:36:25.699344       1 connectivity_check_controller.go:172] ConnectivityCheckController is waiting for transition to desired version (4.20.0-0-2026-01-28-090915-test-ci-ln-vjb5l1t-latest) to be completed.
2026-01-28T09:36:29.750521591Z E0128 09:36:29.750459       1 base_controller.go:279] "Unhandled Error" err="CertRotationController reconciliation failed: KubeAPIServer.operator.openshift.io \"cluster\" is invalid: [status.nodeStatuses[1].currentRevision: Invalid value: \"object\": cannot be unset once set, status.nodeStatuses[2].currentRevision: Invalid value: \"object\": cannot be unset once set]"
2026-01-28T09:36:33.103747054Z E0128 09:36:33.102722       1 guard_controller.go:310] Missing operand on node ip-10-0-108-54.us-west-1.compute.internal
2026-01-28T09:36:33.103747054Z E0128 09:36:33.102758       1 guard_controller.go:310] Missing operand on node ip-10-0-3-203.us-west-1.compute.internal
2026-01-28T09:36:33.105965363Z E0128 09:36:33.105136       1 base_controller.go:279] "Unhandled Error" err="GuardController reconciliation failed: [Missing operand on node ip-10-0-108-54.us-west-1.compute.internal, Missing operand on node ip-10-0-3-203.us-west-1.compute.internal]"
2026-01-28T09:36:36.011574221Z I0128 09:36:36.011528       1 installer_controller.go:562] node ip-10-0-108-54.us-west-1.compute.internal static pod not found and needs new revision 1
2026-01-28T09:36:36.011574221Z I0128 09:36:36.011567       1 installer_controller.go:570] "ip-10-0-108-54.us-west-1.compute.internal" moving to (v1.NodeStatus) {
2026-01-28T09:36:36.011574221Z  NodeName: (string) (len=41) "ip-10-0-108-54.us-west-1.compute.internal",
2026-01-28T09:36:36.011574221Z  CurrentRevision: (int32) 0,
2026-01-28T09:36:36.011574221Z  TargetRevision: (int32) 1,
2026-01-28T09:36:36.011574221Z  LastFailedRevision: (int32) 0,
2026-01-28T09:36:36.011574221Z  LastFailedTime: (*v1.Time)(<nil>),
2026-01-28T09:36:36.011574221Z  LastFailedReason: (string) "",
2026-01-28T09:36:36.011574221Z  LastFailedCount: (int) 0,
2026-01-28T09:36:36.011574221Z  LastFallbackCount: (int) 0,
2026-01-28T09:36:36.011574221Z  LastFailedRevisionErrors: ([]string) <nil>
2026-01-28T09:36:36.011574221Z }
2026-01-28T09:36:36.030011103Z I0128 09:36:36.029959       1 event.go:377] Event(v1.ObjectReference{Kind:"Deployment", Namespace:"openshift-kube-apiserver-operator", Name:"kube-apiserver-operator", UID:"0f90e131-ac50-4cb2-87c5-ad12ae1902a5", APIVersion:"apps/v1", ResourceVersion:"", FieldPath:""}): type: 'Normal' reason: 'NodeTargetRevisionChanged' Updating node "ip-10-0-108-54.us-west-1.compute.internal" from revision 0 to 1 because node ip-10-0-108-54.us-west-1.compute.internal static pod not found
2026-01-28T09:36:36.036410610Z I0128 09:36:36.036379       1 prune_controller.go:277] Nothing to prune
2026-01-28T09:36:36.041256670Z I0128 09:36:36.041226       1 connectivity_check_controller.go:172] ConnectivityCheckController is waiting for transition to desired version (4.20.0-0-2026-01-28-090915-test-ci-ln-vjb5l1t-latest) to be completed.
2026-01-28T09:36:38.805848598Z E0128 09:36:38.805802       1 guard_controller.go:310] Missing operand on node ip-10-0-108-54.us-west-1.compute.internal
2026-01-28T09:36:38.805848598Z E0128 09:36:38.805824       1 guard_controller.go:310] Missing operand on node ip-10-0-3-203.us-west-1.compute.internal
2026-01-28T09:36:38.807329731Z E0128 09:36:38.807287       1 base_controller.go:279] "Unhandled Error" err="GuardController reconciliation failed: [Missing operand on node ip-10-0-108-54.us-west-1.compute.internal, Missing operand on node ip-10-0-3-203.us-west-1.compute.internal]"
2026-01-28T09:36:39.021345563Z E0128 09:36:39.021298       1 base_controller.go:279] "Unhandled Error" err="TargetConfigController reconciliation failed: KubeAPIServer.operator.openshift.io \"cluster\" is invalid: [status.nodeStatuses[1].currentRevision: Invalid value: \"object\": cannot be unset once set, status.nodeStatuses[2].currentRevision: Invalid value: \"object\": cannot be unset once set]"
2026-01-28T09:36:39.212285103Z I0128 09:36:39.212233       1 warnings.go:110] "Warning: metadata.name: this is used in the Pod's hostname, which can result in surprising behavior; a DNS label is recommended: [must not contain dots]"
2026-01-28T09:36:39.212827700Z I0128 09:36:39.212799       1 event.go:377] Event(v1.ObjectReference{Kind:"Deployment", Namespace:"openshift-kube-apiserver-operator", Name:"kube-apiserver-operator", UID:"0f90e131-ac50-4cb2-87c5-ad12ae1902a5", APIVersion:"apps/v1", ResourceVersion:"", FieldPath:""}): type: 'Normal' reason: 'PodCreated' Created Pod/installer-1-ip-10-0-108-54.us-west-1.compute.internal -n openshift-kube-apiserver because it was missing
2026-01-28T09:36:39.607624809Z I0128 09:36:39.607579       1 installer_controller.go:550] "ip-10-0-108-54.us-west-1.compute.internal" is in transition to 1, but has not made progress because installer is not finished, but in Pending phase
2026-01-28T09:36:40.413644512Z E0128 09:36:40.413597       1 guard_controller.go:310] Missing operand on node ip-10-0-108-54.us-west-1.compute.internal
2026-01-28T09:36:40.413720996Z E0128 09:36:40.413708       1 guard_controller.go:310] Missing operand on node ip-10-0-3-203.us-west-1.compute.internal
2026-01-28T09:36:40.415410159Z E0128 09:36:40.415375       1 base_controller.go:279] "Unhandled Error" err="GuardController reconciliation failed: [Missing operand on node ip-10-0-108-54.us-west-1.compute.internal, Missing operand on node ip-10-0-3-203.us-west-1.compute.internal]"
2026-01-28T09:36:42.407689123Z E0128 09:36:42.407625       1 guard_controller.go:310] Missing operand on node ip-10-0-108-54.us-west-1.compute.internal
2026-01-28T09:36:42.407689123Z E0128 09:36:42.407656       1 guard_controller.go:310] Missing operand on node ip-10-0-3-203.us-west-1.compute.internal
2026-01-28T09:36:42.409687222Z E0128 09:36:42.409632       1 base_controller.go:279] "Unhandled Error" err="GuardController reconciliation failed: [Missing operand on node ip-10-0-108-54.us-west-1.compute.internal, Missing operand on node ip-10-0-3-203.us-west-1.compute.internal]"
2026-01-28T09:36:42.410996436Z E0128 09:36:42.410966       1 guard_controller.go:310] Missing operand on node ip-10-0-3-203.us-west-1.compute.internal
2026-01-28T09:36:43.610517124Z E0128 09:36:43.609695       1 guard_controller.go:310] Missing operand on node ip-10-0-108-54.us-west-1.compute.internal
2026-01-28T09:36:43.614129213Z E0128 09:36:43.612956       1 base_controller.go:279] "Unhandled Error" err="GuardController reconciliation failed: [Missing operand on node ip-10-0-108-54.us-west-1.compute.internal, Missing operand on node ip-10-0-3-203.us-west-1.compute.internal]"
2026-01-28T09:36:43.614277100Z E0128 09:36:43.614253       1 guard_controller.go:310] Missing operand on node ip-10-0-108-54.us-west-1.compute.internal
2026-01-28T09:36:43.614277100Z E0128 09:36:43.614269       1 guard_controller.go:310] Missing operand on node ip-10-0-3-203.us-west-1.compute.internal
2026-01-28T09:36:43.806594338Z I0128 09:36:43.806545       1 installer_controller.go:550] "ip-10-0-108-54.us-west-1.compute.internal" is in transition to 1, but has not made progress because installer is not finished, but in Running phase
2026-01-28T09:36:44.608258445Z E0128 09:36:44.608213       1 base_controller.go:279] "Unhandled Error" err="GuardController reconciliation failed: [Missing operand on node ip-10-0-108-54.us-west-1.compute.internal, Missing operand on node ip-10-0-3-203.us-west-1.compute.internal]"
2026-01-28T09:36:45.406616417Z E0128 09:36:45.406572       1 guard_controller.go:310] Missing operand on node ip-10-0-108-54.us-west-1.compute.internal
2026-01-28T09:36:45.406616417Z E0128 09:36:45.406600       1 guard_controller.go:310] Missing operand on node ip-10-0-3-203.us-west-1.compute.internal
2026-01-28T09:36:45.408446478Z E0128 09:36:45.408422       1 base_controller.go:279] "Unhandled Error" err="GuardController reconciliation failed: [Missing operand on node ip-10-0-108-54.us-west-1.compute.internal, Missing operand on node ip-10-0-3-203.us-west-1.compute.internal]"
2026-01-28T09:36:45.780269351Z I0128 09:36:45.779100       1 event.go:377] Event(v1.ObjectReference{Kind:"Deployment", Namespace:"openshift-kube-apiserver-operator", Name:"kube-apiserver-operator", UID:"0f90e131-ac50-4cb2-87c5-ad12ae1902a5", APIVersion:"apps/v1", ResourceVersion:"", FieldPath:""}): type: 'Normal' reason: 'ObserveStorageUpdated' Updated storage urls to https://10.0.102.200:2379,https://10.0.108.54:2379,https://10.0.161.159:2379,https://10.0.3.203:2379,https://localhost:2379
2026-01-28T09:36:45.785452157Z I0128 09:36:45.784999       1 event.go:377] Event(v1.ObjectReference{Kind:"Deployment", Namespace:"openshift-kube-apiserver-operator", Name:"kube-apiserver-operator", UID:"0f90e131-ac50-4cb2-87c5-ad12ae1902a5", APIVersion:"apps/v1", ResourceVersion:"", FieldPath:""}): type: 'Normal' reason: 'ObservedConfigChanged' Writing updated observed config:   map[string]any{
2026-01-28T09:36:45.785452157Z   	"admission": map[string]any{"pluginConfig": map[string]any{"PodSecurity": map[string]any{"configuration": map[string]any{"defaults": map[string]any{"audit": string("restricted"), "audit-version": string("latest"), "enforce": string("privileged"), "enforce-version": string("latest"), ...}}}, "network.openshift.io/ExternalIPRanger": map[string]any{"configuration": map[string]any{"allowIngressIP": bool(false), "apiVersion": string("network.openshift.io/v1"), "kind": string("ExternalIPRangerAdmissionConfig")}}, "network.openshift.io/RestrictedEndpointsAdmission": map[string]any{"configuration": map[string]any{"apiVersion": string("network.openshift.io/v1"), "kind": string("RestrictedEndpointsAdmissionConfig"), "restrictedCIDRs": []any{string("10.128.0.0/14"), string("172.30.0.0/16")}}}}},
2026-01-28T09:36:45.785452157Z   	"apiServerArguments": map[string]any{
2026-01-28T09:36:45.785452157Z   		... // 3 identical entries
2026-01-28T09:36:45.785452157Z   		"authorization-mode":       []any{string("Scope"), string("SystemMasters"), string("RBAC"), string("Node")},
2026-01-28T09:36:45.785452157Z   		"enable-admission-plugins": []any{string("authorization.openshift.io/RestrictSubjectBindings"), string("authorization.openshift.io/ValidateRoleBindingRestriction")},
2026-01-28T09:36:45.785452157Z   		"etcd-servers": []any{
2026-01-28T09:36:45.785452157Z   			string("https://10.0.102.200:2379"),
2026-01-28T09:36:45.785452157Z   			string("https://10.0.108.54:2379"),
2026-01-28T09:36:45.785452157Z   			string("https://10.0.161.159:2379"),
2026-01-28T09:36:45.785452157Z + 			string("https://10.0.3.203:2379"),
2026-01-28T09:36:45.785452157Z   			string("https://localhost:2379"),
2026-01-28T09:36:45.785452157Z   		},
2026-01-28T09:36:45.785452157Z   		"feature-gates": []any{string("AdditionalRoutingCapabilities=true"), string("AdminNetworkPolicy=true"), string("AlibabaPlatform=true"), string("AzureWorkloadIdentity=true"), ...},
2026-01-28T09:36:45.785452157Z   		"goaway-chance": []any{string("0.001")},
2026-01-28T09:36:45.785452157Z   		... // 4 identical entries
2026-01-28T09:36:45.785452157Z   	},
2026-01-28T09:36:45.785452157Z   	"corsAllowedOrigins":          []any{string(`//127\.0\.0\.1(:|$)`), string("//localhost(:|$)")},
2026-01-28T09:36:45.785452157Z   	"gracefulTerminationDuration": string("194"),
2026-01-28T09:36:45.785452157Z   	... // 2 identical entries
2026-01-28T09:36:45.785452157Z   }
2026-01-28T09:36:45.810176071Z I0128 09:36:45.808044       1 installer_controller.go:550] "ip-10-0-108-54.us-west-1.compute.internal" is in transition to 1, but has not made progress because installer is not finished, but in Running phase
2026-01-28T09:36:45.829237804Z I0128 09:36:45.829195       1 connectivity_check_controller.go:172] ConnectivityCheckController is waiting for transition to desired version (4.20.0-0-2026-01-28-090915-test-ci-ln-vjb5l1t-latest) to be completed.
2026-01-28T09:36:45.838745905Z I0128 09:36:45.838688       1 prune_controller.go:277] Nothing to prune
2026-01-28T09:36:47.004660940Z I0128 09:36:47.004608       1 request.go:752] "Waited before sending request" delay="1.151404956s" reason="client-side throttling, not priority and fairness" verb="GET" URL="https://172.30.0.1:443/api/v1/namespaces/openshift-kube-apiserver/secrets/node-kubeconfigs"
2026-01-28T09:36:48.013071660Z I0128 09:36:48.010325       1 core.go:352] ConfigMap "openshift-kube-apiserver/config" changes: {"apiVersion":"v1","data":{"config.yaml":"{\"admission\":{\"pluginConfig\":{\"PodSecurity\":{\"configuration\":{\"apiVersion\":\"pod-security.admission.config.k8s.io/v1\",\"defaults\":{\"audit\":\"restricted\",\"audit-version\":\"latest\",\"enforce\":\"privileged\",\"enforce-version\":\"latest\",\"warn\":\"restricted\",\"warn-version\":\"latest\"},\"exemptions\":{\"usernames\":[\"system:serviceaccount:openshift-infra:build-controller\"]},\"kind\":\"PodSecurityConfiguration\"}},\"network.openshift.io/ExternalIPRanger\":{\"configuration\":{\"allowIngressIP\":false,\"apiVersion\":\"network.openshift.io/v1\",\"externalIPNetworkCIDRs\":null,\"kind\":\"ExternalIPRangerAdmissionConfig\"},\"location\":\"\"},\"network.openshift.io/RestrictedEndpointsAdmission\":{\"configuration\":{\"apiVersion\":\"network.openshift.io/v1\",\"kind\":\"RestrictedEndpointsAdmissionConfig\",\"restrictedCIDRs\":[\"10.128.0.0/14\",\"172.30.0.0/16\"]}}}},\"apiServerArguments\":{\"allow-privileged\":[\"true\"],\"anonymous-auth\":[\"true\"],\"api-audiences\":[\"https://kubernetes.default.svc\"],\"audit-log-format\":[\"json\"],\"audit-log-maxbackup\":[\"10\"],\"audit-log-maxsize\":[\"200\"],\"audit-log-path\":[\"/var/log/kube-apiserver/audit.log\"],\"audit-policy-file\":[\"/etc/kubernetes/static-pod-resources/configmaps/kube-apiserver-audit-policies/policy.yaml\"],\"authentication-token-webhook-config-file\":[\"/etc/kubernetes/static-pod-resources/secrets/webhook-authenticator/kubeConfig\"],\"authentication-token-webhook-version\":[\"v1\"],\"authorization-mode\":[\"Scope\",\"SystemMasters\",\"RBAC\",\"Node\"],\"client-ca-file\":[\"/etc/kubernetes/static-pod-certs/configmaps/client-ca/ca-bundle.crt\"],\"enable-admission-plugins\":[\"CertificateApproval\",\"CertificateSigning\",\"CertificateSubjectRestriction\",\"DefaultIngressClass\",\"DefaultStorageClass\",\"DefaultTolerationSeconds\",\"LimitRanger\",\"MutatingAdmissionWebhook\",\"NamespaceLifecycle\",\"NodeRestriction\",\"OwnerReferencesPermissionEnforcement\",\"PersistentVolumeClaimResize\",\"PodNodeSelector\",\"PodTolerationRestriction\",\"Priority\",\"ResourceQuota\",\"RuntimeClass\",\"ServiceAccount\",\"StorageObjectInUseProtection\",\"TaintNodesByCondition\",\"ValidatingAdmissionPolicy\",\"ValidatingAdmissionWebhook\",\"authorization.openshift.io/RestrictSubjectBindings\",\"authorization.openshift.io/ValidateRoleBindingRestriction\",\"config.openshift.io/DenyDeleteClusterConfiguration\",\"config.openshift.io/ValidateAPIServer\",\"config.openshift.io/ValidateAuthentication\",\"config.openshift.io/ValidateConsole\",\"config.openshift.io/ValidateFeatureGate\",\"config.openshift.io/ValidateImage\",\"config.openshift.io/ValidateOAuth\",\"config.openshift.io/ValidateProject\",\"config.openshift.io/ValidateScheduler\",\"image.openshift.io/ImagePolicy\",\"network.openshift.io/ExternalIPRanger\",\"network.openshift.io/RestrictedEndpointsAdmission\",\"quota.openshift.io/ClusterResourceQuota\",\"quota.openshift.io/ValidateClusterResourceQuota\",\"route.openshift.io/IngressAdmission\",\"scheduling.openshift.io/OriginPodNodeEnvironment\",\"security.openshift.io/DefaultSecurityContextConstraints\",\"security.openshift.io/SCCExecRestrictions\",\"security.openshift.io/SecurityContextConstraint\",\"security.openshift.io/ValidateSecurityContextConstraints\",\"storage.openshift.io/CSIInlineVolumeSecurity\"],\"enable-aggregator-routing\":[\"true\"],\"enable-logs-handler\":[\"false\"],\"endpoint-reconciler-type\":[\"lease\"],\"etcd-cafile\":[\"/etc/kubernetes/static-pod-resources/configmaps/etcd-serving-ca/ca-bundle.crt\"],\"etcd-certfile\":[\"/etc/kubernetes/static-pod-resources/secrets/etcd-client/tls.crt\"],\"etcd-healthcheck-timeout\":[\"9s\"],\"etcd-keyfile\":[\"/etc/kubernetes/static-pod-resources/secrets/etcd-client/tls.key\"],\"etcd-prefix\":[\"kubernetes.io\"],\"etcd-readycheck-timeout\":[\"9s\"],\"etcd-servers\":[\"https://10.0.102.200:2379\",\"https://10.0.108.54:2379\",\"https://10.0.161.159:2379\",\"https://10.0.3.203:2379\",\"https://localhost:2379\"],\"event-ttl\":[\"3h\"],\"feature-gates\":[\"AdditionalRoutingCapabilities=true\",\"AdminNetworkPolicy=true\",\"AlibabaPlatform=true\",\"AzureWorkloadIdentity=true\",\"BuildCSIVolumes=true\",\"CPMSMachineNamePrefix=true\",\"ConsolePluginContentSecurityPolicy=true\",\"ExternalOIDC=true\",\"ExternalOIDCWithUIDAndExtraClaimMappings=true\",\"GatewayAPI=true\",\"GatewayAPIController=true\",\"HighlyAvailableArbiter=true\",\"ImageVolume=true\",\"IngressControllerLBSubnetsAWS=true\",\"KMSv1=true\",\"MachineConfigNodes=true\",\"ManagedBootImages=true\",\"ManagedBootImagesAWS=true\",\"MetricsCollectionProfiles=true\",\"NetworkDiagnosticsConfig=true\",\"NetworkLiveMigration=true\",\"NetworkSegmentation=true\",\"NewOLM=true\",\"PinnedImages=true\",\"PreconfiguredUDNAddresses=true\",\"ProcMountType=true\",\"RouteAdvertisements=true\",\"RouteExternalCertificate=true\",\"ServiceAccountTokenNodeBinding=true\",\"SetEIPForNLBIngressController=true\",\"SigstoreImageVerification=true\",\"StoragePerformantSecurityPolicy=true\",\"UpgradeStatus=true\",\"UserNamespacesPodSecurityStandards=true\",\"UserNamespacesSupport=true\",\"VSphereMultiDisk=true\",\"VSphereMultiNetworks=true\",\"AWSClusterHostedDNS=false\",\"AWSClusterHostedDNSInstall=false\",\"AWSDedicatedHosts=false\",\"AWSServiceLBNetworkSecurityGroup=false\",\"AutomatedEtcdBackup=false\",\"AzureClusterHostedDNSInstall=false\",\"AzureDedicatedHosts=false\",\"AzureMultiDisk=false\",\"BootImageSkewEnforcement=false\",\"BootcNodeManagement=false\",\"ClusterAPIInstall=false\",\"ClusterAPIInstallIBMCloud=false\",\"ClusterMonitoringConfig=false\",\"ClusterVersionOperatorConfiguration=false\",\"DNSNameResolver=false\",\"DualReplica=false\",\"DyanmicServiceEndpointIBMCloud=false\",\"DynamicResourceAllocation=false\",\"EtcdBackendQuota=false\",\"EventedPLEG=false\",\"Example=false\",\"Example2=false\",\"ExternalSnapshotMetadata=false\",\"GCPClusterHostedDNS=false\",\"GCPClusterHostedDNSInstall=false\",\"GCPCustomAPIEndpoints=false\",\"GCPCustomAPIEndpointsInstall=false\",\"ImageModeStatusReporting=false\",\"ImageStreamImportMode=false\",\"IngressControllerDynamicConfigurationManager=false\",\"InsightsConfig=false\",\"InsightsConfigAPI=false\",\"InsightsOnDemandDataGather=false\",\"IrreconcilableMachineConfig=false\",\"KMSEncryptionProvider=false\",\"MachineAPIMigration=false\",\"MachineAPIOperatorDisableMachineHealthCheckController=false\",\"ManagedBootImagesAzure=false\",\"ManagedBootImagesvSphere=false\",\"MaxUnavailableStatefulSet=false\",\"MinimumKubeletVersion=false\",\"MixedCPUsAllocation=false\",\"MultiArchInstallAzure=false\",\"MultiDiskSetup=false\",\"MutatingAdmissionPolicy=false\",\"NewOLMCatalogdAPIV1Metas=false\",\"NewOLMOwnSingleNamespace=false\",\"NewOLMPreflightPermissionChecks=false\",\"NewOLMWebhookProviderOpenshiftServiceCA=false\",\"NoRegistryClusterOperations=false\",\"NodeSwap=false\",\"NutanixMultiSubnets=false\",\"OVNObservability=false\",\"OpenShiftPodSecurityAdmission=false\",\"SELinuxMount=false\",\"ShortCertRotation=false\",\"SignatureStores=false\",\"SigstoreImageVerificationPKI=false\",\"TranslateStreamCloseWebsocketRequests=false\",\"VSphereConfigurableMaxAllowedBlockVolumesPerNode=false\",\"VSphereHostVMGroupZonal=false\",\"VSphereMixedNodeEnv=false\",\"VolumeAttributesClass=false\",\"VolumeGroupSnapshot=false\"],\"goaway-chance\":[\"0.001\"],\"http2-max-streams-per-connection\":[\"2000\"],\"kubelet-certificate-authority\":[\"/etc/kubernetes/static-pod-resources/configmaps/kubelet-serving-ca/ca-bundle.crt\"],\"kubelet-client-certificate\":[\"/etc/kubernetes/static-pod-certs/secrets/kubelet-client/tls.crt\"],\"kubelet-client-key\":[\"/etc/kubernetes/static-pod-certs/secrets/kubelet-client/tls.key\"],\"kubelet-preferred-address-types\":[\"InternalIP\"],\"kubelet-read-only-port\":[\"0\"],\"kubernetes-service-node-port\":[\"0\"],\"max-mutating-requests-inflight\":[\"1000\"],\"max-requests-inflight\":[\"3000\"],\"min-request-timeout\":[\"3600\"],\"proxy-client-cert-file\":[\"/etc/kubernetes/static-pod-certs/secrets/aggregator-client/tls.crt\"],\"proxy-client-key-file\":[\"/etc/kubernetes/static-pod-certs/secrets/aggregator-client/tls.key\"],\"requestheader-allowed-names\":[\"kube-apiserver-proxy\",\"system:kube-apiserver-proxy\",\"system:openshift-aggregator\"],\"requestheader-client-ca-file\":[\"/etc/kubernetes/static-pod-certs/configmaps/aggregator-client-ca/ca-bundle.crt\"],\"requestheader-extra-headers-prefix\":[\"X-Remote-Extra-\"],\"requestheader-group-headers\":[\"X-Remote-Group\"],\"requestheader-username-headers\":[\"X-Remote-User\"],\"send-retry-after-while-not-ready-once\":[\"false\"],\"service-account-issuer\":[\"https://kubernetes.default.svc\"],\"service-account-jwks-uri\":[\"https://api.ci-ln-vjb5l1t-76ef8.XXXXXXXXXXXXXXXXXXXXXX:6443/openid/v1/jwks\"],\"service-account-lookup\":[\"true\"],\"service-account-signing-key-file\":[\"/etc/kubernetes/static-pod-certs/secrets/bound-service-account-signing-key/service-account.key\"],\"service-node-port-range\":[\"30000-32767\"],\"shutdown-delay-duration\":[\"129s\"],\"shutdown-send-retry-after\":[\"true\"],\"storage-backend\":[\"etcd3\"],\"storage-media-type\":[\"application/vnd.kubernetes.protobuf\"],\"strict-transport-security-directives\":[\"max-age=31536000,includeSubDomains,preload\"],\"tls-cert-file\":[\"/etc/kubernetes/static-pod-certs/secrets/service-network-serving-certkey/tls.crt\"],\"tls-private-key-file\":[\"/etc/kubernetes/static-pod-certs/secrets/service-network-serving-certkey/tls.key\"]},\"apiVersion\":\"kubecontrolplane.config.openshift.io/v1\",\"authConfig\":{\"oauthMetadataFile\":\"\"},\"consolePublicURL\":\"\",\"corsAllowedOrigins\":[\"//127\\\\.0\\\\.0\\\\.1(:|$)\",\"//localhost(:|$)\"],\"kind\":\"KubeAPIServerConfig\",\"projectConfig\":{\"defaultNodeSelector\":\"\"},\"serviceAccountPublicKeyFiles\":[\"/etc/kubernetes/static-pod-resources/configmaps/sa-token-signing-certs\",\"/etc/kubernetes/static-pod-resources/configmaps/bound-sa-token-signing-certs\"],\"servicesSubnet\":\"172.30.0.0/16\",\"servingInfo\":{\"bindAddress\":\"0.0.0.0:6443\",\"bindNetwork\":\"tcp4\",\"cipherSuites\":[\"TLS_AES_128_GCM_SHA256\",\"TLS_AES_256_GCM_SHA384\",\"TLS_CHACHA20_POLY1305_SHA256\",\"TLS_ECDHE_ECDSA_WITH_AES_128_GCM_SHA256\",\"TLS_ECDHE_RSA_WITH_AES_128_GCM_SHA256\",\"TLS_ECDHE_ECDSA_WITH_AES_256_GCM_SHA384\",\"TLS_ECDHE_RSA_WITH_AES_256_GCM_SHA384\",\"TLS_ECDHE_ECDSA_WITH_CHACHA20_POLY1305_SHA256\",\"TLS_ECDHE_RSA_WITH_CHACHA20_POLY1305_SHA256\"],\"minTLSVersion\":\"VersionTLS12\",\"namedCertificates\":[{\"certFile\":\"/etc/kubernetes/static-pod-certs/secrets/localhost-serving-cert-certkey/tls.crt\",\"keyFile\":\"/etc/kubernetes/static-pod-certs/secrets/localhost-serving-cert-certkey/tls.key\"},{\"certFile\":\"/etc/kubernetes/static-pod-certs/secrets/service-network-serving-certkey/tls.crt\",\"keyFile\":\"/etc/kubernetes/static-pod-certs/secrets/service-network-serving-certkey/tls.key\"},{\"certFile\":\"/etc/kubernetes/static-pod-certs/secrets/external-loadbalancer-serving-certkey/tls.crt\",\"keyFile\":\"/etc/kubernetes/static-pod-certs/secrets/external-loadbalancer-serving-certkey/tls.key\"},{\"certFile\":\"/etc/kubernetes/static-pod-certs/secrets/internal-loadbalancer-serving-certkey/tls.crt\",\"keyFile\":\"/etc/kubernetes/static-pod-certs/secrets/internal-loadbalancer-serving-certkey/tls.key\"},{\"certFile\":\"/etc/kubernetes/static-pod-resources/secrets/localhost-recovery-serving-certkey/tls.crt\",\"keyFile\":\"/etc/kubernetes/static-pod-resources/secrets/localhost-recovery-serving-certkey/tls.key\"}]}}"},"kind":"ConfigMap","metadata":{"creationTimestamp":null,"managedFields":null,"resourceVersion":null,"uid":null}}
2026-01-28T09:36:48.025956911Z I0128 09:36:48.025901       1 event.go:377] Event(v1.ObjectReference{Kind:"Deployment", Namespace:"openshift-kube-apiserver-operator", Name:"kube-apiserver-operator", UID:"0f90e131-ac50-4cb2-87c5-ad12ae1902a5", APIVersion:"apps/v1", ResourceVersion:"", FieldPath:""}): type: 'Normal' reason: 'ConfigMapUpdated' Updated ConfigMap/config -n openshift-kube-apiserver:
2026-01-28T09:36:48.025956911Z cause by changes in data.config.yaml
2026-01-28T09:36:48.026973042Z I0128 09:36:48.026938       1 prune_controller.go:277] Nothing to prune
2026-01-28T09:36:48.028197703Z I0128 09:36:48.027854       1 event.go:377] Event(v1.ObjectReference{Kind:"Deployment", Namespace:"openshift-kube-apiserver-operator", Name:"kube-apiserver-operator", UID:"0f90e131-ac50-4cb2-87c5-ad12ae1902a5", APIVersion:"apps/v1", ResourceVersion:"", FieldPath:""}): type: 'Normal' reason: 'StartingNewRevision' new revision 2 triggered by "required configmap/config has changed"
2026-01-28T09:36:49.204546067Z I0128 09:36:49.204491       1 request.go:752] "Waited before sending request" delay="1.177734743s" reason="client-side throttling, not priority and fairness" verb="GET" URL="https://172.30.0.1:443/api/v1/namespaces/openshift-kube-apiserver/configmaps/kube-apiserver-pod"
2026-01-28T09:36:49.609245108Z I0128 09:36:49.609188       1 prune_controller.go:277] Nothing to prune
2026-01-28T09:36:50.006909459Z E0128 09:36:50.006844       1 guard_controller.go:310] Missing operand on node ip-10-0-108-54.us-west-1.compute.internal
2026-01-28T09:36:50.006909459Z E0128 09:36:50.006880       1 guard_controller.go:310] Missing operand on node ip-10-0-3-203.us-west-1.compute.internal
2026-01-28T09:36:50.010279527Z E0128 09:36:50.009957       1 base_controller.go:279] "Unhandled Error" err="GuardController reconciliation failed: [Missing operand on node ip-10-0-108-54.us-west-1.compute.internal, Missing operand on node ip-10-0-3-203.us-west-1.compute.internal]"
2026-01-28T09:36:50.011428024Z E0128 09:36:50.011398       1 guard_controller.go:310] Missing operand on node ip-10-0-108-54.us-west-1.compute.internal
2026-01-28T09:36:50.011500227Z E0128 09:36:50.011476       1 guard_controller.go:310] Missing operand on node ip-10-0-3-203.us-west-1.compute.internal
2026-01-28T09:36:50.404856124Z I0128 09:36:50.404796       1 request.go:752] "Waited before sending request" delay="1.197441284s" reason="client-side throttling, not priority and fairness" verb="GET" URL="https://172.30.0.1:443/api/v1/namespaces/openshift-kube-apiserver/configmaps/trusted-ca-bundle"
2026-01-28T09:36:50.610649241Z I0128 09:36:50.610598       1 prune_controller.go:277] Nothing to prune
2026-01-28T09:36:50.615217928Z I0128 09:36:50.612822       1 event.go:377] Event(v1.ObjectReference{Kind:"Deployment", Namespace:"openshift-kube-apiserver-operator", Name:"kube-apiserver-operator", UID:"0f90e131-ac50-4cb2-87c5-ad12ae1902a5", APIVersion:"apps/v1", ResourceVersion:"", FieldPath:""}): type: 'Normal' reason: 'ConfigMapCreated' Created ConfigMap/kube-apiserver-pod-2 -n openshift-kube-apiserver because it was missing
2026-01-28T09:36:51.604469935Z I0128 09:36:51.604420       1 request.go:752] "Waited before sending request" delay="1.398198669s" reason="client-side throttling, not priority and fairness" verb="GET" URL="https://172.30.0.1:443/api/v1/namespaces/openshift-kube-apiserver/pods/installer-1-ip-10-0-108-54.us-west-1.compute.internal"
2026-01-28T09:36:51.606501816Z I0128 09:36:51.606475       1 installer_controller.go:550] "ip-10-0-108-54.us-west-1.compute.internal" is in transition to 1, but has not made progress because installer is not finished, but in Running phase
2026-01-28T09:36:52.010003157Z I0128 09:36:52.009942       1 event.go:377] Event(v1.ObjectReference{Kind:"Deployment", Namespace:"openshift-kube-apiserver-operator", Name:"kube-apiserver-operator", UID:"0f90e131-ac50-4cb2-87c5-ad12ae1902a5", APIVersion:"apps/v1", ResourceVersion:"", FieldPath:""}): type: 'Normal' reason: 'ConfigMapCreated' Created ConfigMap/config-2 -n openshift-kube-apiserver because it was missing
2026-01-28T09:36:52.010864050Z I0128 09:36:52.010839       1 prune_controller.go:277] Nothing to prune
2026-01-28T09:36:52.604622485Z I0128 09:36:52.604577       1 request.go:752] "Waited before sending request" delay="1.381635635s" reason="client-side throttling, not priority and fairness" verb="GET" URL="https://172.30.0.1:443/api/v1/namespaces/openshift-kube-apiserver/serviceaccounts/localhost-recovery-client"
2026-01-28T09:36:52.809469775Z E0128 09:36:52.809417       1 base_controller.go:279] "Unhandled Error" err="GuardController reconciliation failed: [Missing operand on node ip-10-0-108-54.us-west-1.compute.internal, Missing operand on node ip-10-0-3-203.us-west-1.compute.internal]"
2026-01-28T09:36:53.218518932Z E0128 09:36:53.218475       1 base_controller.go:279] "Unhandled Error" err="TargetConfigController reconciliation failed: KubeAPIServer.operator.openshift.io \"cluster\" is invalid: [status.nodeStatuses[1].currentRevision: Invalid value: \"object\": cannot be unset once set, status.nodeStatuses[2].currentRevision: Invalid value: \"object\": cannot be unset once set]"
2026-01-28T09:36:53.409405897Z I0128 09:36:53.409340       1 event.go:377] Event(v1.ObjectReference{Kind:"Deployment", Namespace:"openshift-kube-apiserver-operator", Name:"kube-apiserver-operator", UID:"0f90e131-ac50-4cb2-87c5-ad12ae1902a5", APIVersion:"apps/v1", ResourceVersion:"", FieldPath:""}): type: 'Normal' reason: 'ConfigMapCreated' Created ConfigMap/kube-apiserver-cert-syncer-kubeconfig-2 -n openshift-kube-apiserver because it was missing
2026-01-28T09:36:53.411326022Z I0128 09:36:53.411267       1 prune_controller.go:277] Nothing to prune
2026-01-28T09:36:53.804256747Z I0128 09:36:53.804209       1 request.go:752] "Waited before sending request" delay="1.395564208s" reason="client-side throttling, not priority and fairness" verb="GET" URL="https://172.30.0.1:443/api/v1/namespaces/openshift-kube-apiserver/configmaps/kube-apiserver-audit-policies"
2026-01-28T09:36:53.811892497Z I0128 09:36:53.811866       1 connectivity_check_controller.go:172] ConnectivityCheckController is waiting for transition to desired version (4.20.0-0-2026-01-28-090915-test-ci-ln-vjb5l1t-latest) to be completed.
2026-01-28T09:36:54.610530673Z I0128 09:36:54.610481       1 prune_controller.go:277] Nothing to prune
2026-01-28T09:36:54.610666730Z I0128 09:36:54.610636       1 event.go:377] Event(v1.ObjectReference{Kind:"Deployment", Namespace:"openshift-kube-apiserver-operator", Name:"kube-apiserver-operator", UID:"0f90e131-ac50-4cb2-87c5-ad12ae1902a5", APIVersion:"apps/v1", ResourceVersion:"", FieldPath:""}): type: 'Normal' reason: 'ConfigMapCreated' Created ConfigMap/bound-sa-token-signing-certs-2 -n openshift-kube-apiserver because it was missing
2026-01-28T09:36:55.004894330Z I0128 09:36:55.004836       1 request.go:752] "Waited before sending request" delay="1.391525477s" reason="client-side throttling, not priority and fairness" verb="GET" URL="https://172.30.0.1:443/api/v1/namespaces/openshift-kube-apiserver/secrets/node-kubeconfigs"
2026-01-28T09:36:56.009150534Z I0128 09:36:56.007158       1 request.go:752] "Waited before sending request" delay="1.396706825s" reason="client-side throttling, not priority and fairness" verb="POST" URL="https://172.30.0.1:443/api/v1/namespaces/openshift-kube-apiserver/configmaps"
2026-01-28T09:36:56.014503370Z I0128 09:36:56.013863       1 prune_controller.go:277] Nothing to prune
2026-01-28T09:36:56.019417224Z I0128 09:36:56.016258       1 event.go:377] Event(v1.ObjectReference{Kind:"Deployment", Namespace:"openshift-kube-apiserver-operator", Name:"kube-apiserver-operator", UID:"0f90e131-ac50-4cb2-87c5-ad12ae1902a5", APIVersion:"apps/v1", ResourceVersion:"", FieldPath:""}): type: 'Normal' reason: 'ConfigMapCreated' Created ConfigMap/etcd-serving-ca-2 -n openshift-kube-apiserver because it was missing
2026-01-28T09:36:56.206823336Z E0128 09:36:56.206774       1 guard_controller.go:310] Missing operand on node ip-10-0-108-54.us-west-1.compute.internal
2026-01-28T09:36:56.206823336Z E0128 09:36:56.206798       1 guard_controller.go:310] Missing operand on node ip-10-0-3-203.us-west-1.compute.internal
2026-01-28T09:36:56.208320621Z E0128 09:36:56.208294       1 base_controller.go:279] "Unhandled Error" err="GuardController reconciliation failed: [Missing operand on node ip-10-0-108-54.us-west-1.compute.internal, Missing operand on node ip-10-0-3-203.us-west-1.compute.internal]"
2026-01-28T09:36:57.204821519Z I0128 09:36:57.204757       1 request.go:752] "Waited before sending request" delay="1.397290464s" reason="client-side throttling, not priority and fairness" verb="GET" URL="https://172.30.0.1:443/api/v1/namespaces/openshift-kube-apiserver/configmaps/trusted-ca-bundle"
2026-01-28T09:36:57.427054653Z I0128 09:36:57.426405       1 prune_controller.go:277] Nothing to prune
2026-01-28T09:36:57.427054653Z I0128 09:36:57.426532       1 event.go:377] Event(v1.ObjectReference{Kind:"Deployment", Namespace:"openshift-kube-apiserver-operator", Name:"kube-apiserver-operator", UID:"0f90e131-ac50-4cb2-87c5-ad12ae1902a5", APIVersion:"apps/v1", ResourceVersion:"", FieldPath:""}): type: 'Normal' reason: 'ConfigMapCreated' Created ConfigMap/kube-apiserver-server-ca-2 -n openshift-kube-apiserver because it was missing
2026-01-28T09:36:57.830509092Z I0128 09:36:57.830452       1 connectivity_check_controller.go:172] ConnectivityCheckController is waiting for transition to desired version (4.20.0-0-2026-01-28-090915-test-ci-ln-vjb5l1t-latest) to be completed.
2026-01-28T09:36:57.832580205Z I0128 09:36:57.832548       1 connectivity_check_controller.go:172] ConnectivityCheckController is waiting for transition to desired version (4.20.0-0-2026-01-28-090915-test-ci-ln-vjb5l1t-latest) to be completed.
2026-01-28T09:36:57.859291964Z I0128 09:36:57.859229       1 connectivity_check_controller.go:172] ConnectivityCheckController is waiting for transition to desired version (4.20.0-0-2026-01-28-090915-test-ci-ln-vjb5l1t-latest) to be completed.
2026-01-28T09:36:57.862575447Z I0128 09:36:57.862536       1 connectivity_check_controller.go:172] ConnectivityCheckController is waiting for transition to desired version (4.20.0-0-2026-01-28-090915-test-ci-ln-vjb5l1t-latest) to be completed.
2026-01-28T09:36:58.206396580Z I0128 09:36:58.206343       1 installer_controller.go:550] "ip-10-0-108-54.us-west-1.compute.internal" is in transition to 1, but has not made progress because installer is not finished, but in Running phase
2026-01-28T09:36:58.404321465Z I0128 09:36:58.404269       1 request.go:752] "Waited before sending request" delay="1.192762651s" reason="client-side throttling, not priority and fairness" verb="GET" URL="https://172.30.0.1:443/api/v1/namespaces/openshift-kube-apiserver/serviceaccounts/localhost-recovery-client"
2026-01-28T09:36:58.810477058Z I0128 09:36:58.808928       1 prune_controller.go:277] Nothing to prune
2026-01-28T09:36:58.810477058Z I0128 09:36:58.809109       1 event.go:377] Event(v1.ObjectReference{Kind:"Deployment", Namespace:"openshift-kube-apiserver-operator", Name:"kube-apiserver-operator", UID:"0f90e131-ac50-4cb2-87c5-ad12ae1902a5", APIVersion:"apps/v1", ResourceVersion:"", FieldPath:""}): type: 'Normal' reason: 'ConfigMapCreated' Created ConfigMap/kubelet-serving-ca-2 -n openshift-kube-apiserver because it was missing
2026-01-28T09:36:59.404772820Z I0128 09:36:59.404722       1 request.go:752] "Waited before sending request" delay="1.396733917s" reason="client-side throttling, not priority and fairness" verb="GET" URL="https://172.30.0.1:443/api/v1/namespaces/openshift-kube-apiserver/services/apiserver"
2026-01-28T09:36:59.817913850Z E0128 09:36:59.817849       1 base_controller.go:279] "Unhandled Error" err="TargetConfigController reconciliation failed: KubeAPIServer.operator.openshift.io \"cluster\" is invalid: [status.nodeStatuses[1].currentRevision: Invalid value: \"object\": cannot be unset once set, status.nodeStatuses[2].currentRevision: Invalid value: \"object\": cannot be unset once set]"
2026-01-28T09:37:00.006564424Z E0128 09:37:00.006521       1 guard_controller.go:310] Missing operand on node ip-10-0-108-54.us-west-1.compute.internal
2026-01-28T09:37:00.006564424Z E0128 09:37:00.006548       1 guard_controller.go:310] Missing operand on node ip-10-0-3-203.us-west-1.compute.internal
2026-01-28T09:37:00.007827417Z E0128 09:37:00.007801       1 base_controller.go:279] "Unhandled Error" err="GuardController reconciliation failed: [Missing operand on node ip-10-0-108-54.us-west-1.compute.internal, Missing operand on node ip-10-0-3-203.us-west-1.compute.internal]"
2026-01-28T09:37:00.214879986Z I0128 09:37:00.214826       1 event.go:377] Event(v1.ObjectReference{Kind:"Deployment", Namespace:"openshift-kube-apiserver-operator", Name:"kube-apiserver-operator", UID:"0f90e131-ac50-4cb2-87c5-ad12ae1902a5", APIVersion:"apps/v1", ResourceVersion:"", FieldPath:""}): type: 'Normal' reason: 'ConfigMapCreated' Created ConfigMap/sa-token-signing-certs-2 -n openshift-kube-apiserver because it was missing
2026-01-28T09:37:00.217061265Z I0128 09:37:00.215661       1 prune_controller.go:277] Nothing to prune
2026-01-28T09:37:00.298579170Z E0128 09:37:00.298538       1 guard_controller.go:310] Missing operand on node ip-10-0-3-203.us-west-1.compute.internal
2026-01-28T09:37:00.405596533Z I0128 09:37:00.405527       1 request.go:752] "Waited before sending request" delay="1.391865615s" reason="client-side throttling, not priority and fairness" verb="GET" URL="https://172.30.0.1:443/api/v1/namespaces/openshift-kube-apiserver/secrets/node-kubeconfigs"
2026-01-28T09:37:01.410458737Z I0128 09:37:01.410398       1 event.go:377] Event(v1.ObjectReference{Kind:"Deployment", Namespace:"openshift-kube-apiserver-operator", Name:"kube-apiserver-operator", UID:"0f90e131-ac50-4cb2-87c5-ad12ae1902a5", APIVersion:"apps/v1", ResourceVersion:"", FieldPath:""}): type: 'Normal' reason: 'ConfigMapCreated' Created ConfigMap/kube-apiserver-audit-policies-2 -n openshift-kube-apiserver because it was missing
2026-01-28T09:37:01.410839536Z I0128 09:37:01.410812       1 prune_controller.go:277] Nothing to prune
2026-01-28T09:37:01.604216555Z I0128 09:37:01.604168       1 request.go:752] "Waited before sending request" delay="1.305160232s" reason="client-side throttling, not priority and fairness" verb="GET" URL="https://172.30.0.1:443/api/v1/namespaces/openshift-kube-apiserver/pods/kube-apiserver-guard-ip-10-0-102-200.us-west-1.compute.internal"
2026-01-28T09:37:02.604233059Z I0128 09:37:02.604178       1 request.go:752] "Waited before sending request" delay="1.394906236s" reason="client-side throttling, not priority and fairness" verb="GET" URL="https://172.30.0.1:443/api/v1/namespaces/openshift-kube-apiserver/configmaps/kube-apiserver-pod"
2026-01-28T09:37:02.810549361Z I0128 09:37:02.810458       1 event.go:377] Event(v1.ObjectReference{Kind:"Deployment", Namespace:"openshift-kube-apiserver-operator", Name:"kube-apiserver-operator", UID:"0f90e131-ac50-4cb2-87c5-ad12ae1902a5", APIVersion:"apps/v1", ResourceVersion:"", FieldPath:""}): type: 'Normal' reason: 'SecretCreated' Created Secret/etcd-client-2 -n openshift-kube-apiserver because it was missing
2026-01-28T09:37:03.007617774Z E0128 09:37:03.007572       1 guard_controller.go:310] Missing operand on node ip-10-0-108-54.us-west-1.compute.internal
2026-01-28T09:37:03.008864796Z E0128 09:37:03.008838       1 base_controller.go:279] "Unhandled Error" err="GuardController reconciliation failed: [Missing operand on node ip-10-0-108-54.us-west-1.compute.internal, Missing operand on node ip-10-0-3-203.us-west-1.compute.internal]"
2026-01-28T09:37:03.605088314Z I0128 09:37:03.604977       1 request.go:752] "Waited before sending request" delay="1.398218802s" reason="client-side throttling, not priority and fairness" verb="GET" URL="https://172.30.0.1:443/api/v1/namespaces/openshift-kube-apiserver/services/apiserver"
2026-01-28T09:37:04.806869685Z I0128 09:37:04.806818       1 installer_controller.go:550] "ip-10-0-108-54.us-west-1.compute.internal" is in transition to 1, but has not made progress because installer is not finished, but in Running phase
2026-01-28T09:37:05.076214504Z E0128 09:37:05.076155       1 base_controller.go:279] "Unhandled Error" err="CertRotationController reconciliation failed: KubeAPIServer.operator.openshift.io \"cluster\" is invalid: [status.nodeStatuses[1].currentRevision: Invalid value: \"object\": cannot be unset once set, status.nodeStatuses[2].currentRevision: Invalid value: \"object\": cannot be unset once set]"
2026-01-28T09:37:05.111075539Z E0128 09:37:05.110978       1 base_controller.go:279] "Unhandled Error" err="CertRotationController reconciliation failed: KubeAPIServer.operator.openshift.io \"cluster\" is invalid: [status.nodeStatuses[1].currentRevision: Invalid value: \"object\": cannot be unset once set, status.nodeStatuses[2].currentRevision: Invalid value: \"object\": cannot be unset once set]"
2026-01-28T09:37:05.111075539Z E0128 09:37:05.110978       1 base_controller.go:279] "Unhandled Error" err="CertRotationController reconciliation failed: KubeAPIServer.operator.openshift.io \"cluster\" is invalid: [status.nodeStatuses[1].currentRevision: Invalid value: \"object\": cannot be unset once set, status.nodeStatuses[2].currentRevision: Invalid value: \"object\": cannot be unset once set]"
2026-01-28T09:37:05.111075539Z E0128 09:37:05.110978       1 base_controller.go:279] "Unhandled Error" err="CertRotationController reconciliation failed: KubeAPIServer.operator.openshift.io \"cluster\" is invalid: [status.nodeStatuses[1].currentRevision: Invalid value: \"object\": cannot be unset once set, status.nodeStatuses[2].currentRevision: Invalid value: \"object\": cannot be unset once set]"
2026-01-28T09:37:05.114410076Z E0128 09:37:05.114359       1 base_controller.go:279] "Unhandled Error" err="CertRotationController reconciliation failed: KubeAPIServer.operator.openshift.io \"cluster\" is invalid: [status.nodeStatuses[1].currentRevision: Invalid value: \"object\": cannot be unset once set, status.nodeStatuses[2].currentRevision: Invalid value: \"object\": cannot be unset once set]"
2026-01-28T09:37:05.115996345Z E0128 09:37:05.115966       1 base_controller.go:279] "Unhandled Error" err="CertRotationController reconciliation failed: KubeAPIServer.operator.openshift.io \"cluster\" is invalid: [status.nodeStatuses[1].currentRevision: Invalid value: \"object\": cannot be unset once set, status.nodeStatuses[2].currentRevision: Invalid value: \"object\": cannot be unset once set]"
2026-01-28T09:37:05.117902441Z E0128 09:37:05.117869       1 base_controller.go:279] "Unhandled Error" err="CertRotationController reconciliation failed: KubeAPIServer.operator.openshift.io \"cluster\" is invalid: [status.nodeStatuses[1].currentRevision: Invalid value: \"object\": cannot be unset once set, status.nodeStatuses[2].currentRevision: Invalid value: \"object\": cannot be unset once set]"
2026-01-28T09:37:05.118218086Z E0128 09:37:05.118194       1 base_controller.go:279] "Unhandled Error" err="CertRotationController reconciliation failed: KubeAPIServer.operator.openshift.io \"cluster\" is invalid: [status.nodeStatuses[1].currentRevision: Invalid value: \"object\": cannot be unset once set, status.nodeStatuses[2].currentRevision: Invalid value: \"object\": cannot be unset once set]"
2026-01-28T09:37:05.131419377Z E0128 09:37:05.131384       1 base_controller.go:279] "Unhandled Error" err="CertRotationController reconciliation failed: KubeAPIServer.operator.openshift.io \"cluster\" is invalid: [status.nodeStatuses[1].currentRevision: Invalid value: \"object\": cannot be unset once set, status.nodeStatuses[2].currentRevision: Invalid value: \"object\": cannot be unset once set]"
2026-01-28T09:37:05.131606997Z E0128 09:37:05.131587       1 base_controller.go:279] "Unhandled Error" err="CertRotationController reconciliation failed: KubeAPIServer.operator.openshift.io \"cluster\" is invalid: [status.nodeStatuses[1].currentRevision: Invalid value: \"object\": cannot be unset once set, status.nodeStatuses[2].currentRevision: Invalid value: \"object\": cannot be unset once set]"
2026-01-28T09:37:05.214428132Z I0128 09:37:05.214368       1 event.go:377] Event(v1.ObjectReference{Kind:"Deployment", Namespace:"openshift-kube-apiserver-operator", Name:"kube-apiserver-operator", UID:"0f90e131-ac50-4cb2-87c5-ad12ae1902a5", APIVersion:"apps/v1", ResourceVersion:"", FieldPath:""}): type: 'Normal' reason: 'SecretCreated' Created Secret/localhost-recovery-serving-certkey-2 -n openshift-kube-apiserver because it was missing
2026-01-28T09:37:05.277953901Z E0128 09:37:05.277899       1 base_controller.go:279] "Unhandled Error" err="CertRotationController reconciliation failed: KubeAPIServer.operator.openshift.io \"cluster\" is invalid: [status.nodeStatuses[1].currentRevision: Invalid value: \"object\": cannot be unset once set, status.nodeStatuses[2].currentRevision: Invalid value: \"object\": cannot be unset once set]"
2026-01-28T09:37:05.307199724Z E0128 09:37:05.305075       1 guard_controller.go:310] Missing operand on node ip-10-0-3-203.us-west-1.compute.internal
2026-01-28T09:37:05.476628554Z E0128 09:37:05.476578       1 base_controller.go:279] "Unhandled Error" err="CertRotationController reconciliation failed: KubeAPIServer.operator.openshift.io \"cluster\" is invalid: [status.nodeStatuses[1].currentRevision: Invalid value: \"object\": cannot be unset once set, status.nodeStatuses[2].currentRevision: Invalid value: \"object\": cannot be unset once set]"
2026-01-28T09:37:05.804977616Z I0128 09:37:05.804919       1 request.go:752] "Waited before sending request" delay="1.046865822s" reason="client-side throttling, not priority and fairness" verb="GET" URL="https://172.30.0.1:443/api/v1/namespaces/openshift-kube-apiserver/pods?labelSelector=app%3Dinstaller"
2026-01-28T09:37:06.618666678Z E0128 09:37:06.618620       1 base_controller.go:279] "Unhandled Error" err="TargetConfigController reconciliation failed: KubeAPIServer.operator.openshift.io \"cluster\" is invalid: [status.nodeStatuses[1].currentRevision: Invalid value: \"object\": cannot be unset once set, status.nodeStatuses[2].currentRevision: Invalid value: \"object\": cannot be unset once set]"
2026-01-28T09:37:07.006155790Z I0128 09:37:07.005316       1 request.go:752] "Waited before sending request" delay="1.79555343s" reason="client-side throttling, not priority and fairness" verb="POST" URL="https://172.30.0.1:443/api/v1/namespaces/openshift-kube-apiserver/secrets"
2026-01-28T09:37:07.018309668Z I0128 09:37:07.018257       1 event.go:377] Event(v1.ObjectReference{Kind:"Deployment", Namespace:"openshift-kube-apiserver-operator", Name:"kube-apiserver-operator", UID:"0f90e131-ac50-4cb2-87c5-ad12ae1902a5", APIVersion:"apps/v1", ResourceVersion:"", FieldPath:""}): type: 'Normal' reason: 'SecretCreated' Created Secret/localhost-recovery-client-token-2 -n openshift-kube-apiserver because it was missing
2026-01-28T09:37:08.204996116Z I0128 09:37:08.204943       1 request.go:752] "Waited before sending request" delay="1.391635605s" reason="client-side throttling, not priority and fairness" verb="GET" URL="https://172.30.0.1:443/api/v1/namespaces/openshift-kube-apiserver/secrets/node-kubeconfigs"
2026-01-28T09:37:08.409561734Z I0128 09:37:08.409513       1 event.go:377] Event(v1.ObjectReference{Kind:"Deployment", Namespace:"openshift-kube-apiserver-operator", Name:"kube-apiserver-operator", UID:"0f90e131-ac50-4cb2-87c5-ad12ae1902a5", APIVersion:"apps/v1", ResourceVersion:"", FieldPath:""}): type: 'Normal' reason: 'SecretCreated' Created Secret/webhook-authenticator-2 -n openshift-kube-apiserver because it was missing
2026-01-28T09:37:08.606974714Z E0128 09:37:08.606911       1 guard_controller.go:310] Missing operand on node ip-10-0-108-54.us-west-1.compute.internal
2026-01-28T09:37:08.608843317Z E0128 09:37:08.608810       1 base_controller.go:279] "Unhandled Error" err="GuardController reconciliation failed: [Missing operand on node ip-10-0-108-54.us-west-1.compute.internal, Missing operand on node ip-10-0-3-203.us-west-1.compute.internal]"
2026-01-28T09:37:09.205630994Z I0128 09:37:09.205209       1 request.go:752] "Waited before sending request" delay="1.398271588s" reason="client-side throttling, not priority and fairness" verb="GET" URL="https://172.30.0.1:443/api/v1/namespaces/openshift-kube-apiserver/pods/kube-apiserver-ip-10-0-3-203.us-west-1.compute.internal"
2026-01-28T09:37:09.810451292Z I0128 09:37:09.810395       1 event.go:377] Event(v1.ObjectReference{Kind:"Deployment", Namespace:"openshift-kube-apiserver-operator", Name:"kube-apiserver-operator", UID:"0f90e131-ac50-4cb2-87c5-ad12ae1902a5", APIVersion:"apps/v1", ResourceVersion:"", FieldPath:""}): type: 'Normal' reason: 'RevisionTriggered' new revision 2 triggered by "required configmap/config has changed"
2026-01-28T09:37:09.810797000Z I0128 09:37:09.810776       1 prune_controller.go:277] Nothing to prune
2026-01-28T09:37:09.831400440Z I0128 09:37:09.831343       1 prune_controller.go:277] Nothing to prune
2026-01-28T09:37:09.836438533Z I0128 09:37:09.836408       1 connectivity_check_controller.go:172] ConnectivityCheckController is waiting for transition to desired version (4.20.0-0-2026-01-28-090915-test-ci-ln-vjb5l1t-latest) to be completed.
2026-01-28T09:37:10.405154814Z I0128 09:37:10.404977       1 request.go:752] "Waited before sending request" delay="1.19611608s" reason="client-side throttling, not priority and fairness" verb="GET" URL="https://172.30.0.1:443/api/v1/namespaces/openshift-kube-apiserver/pods/installer-1-ip-10-0-108-54.us-west-1.compute.internal"
2026-01-28T09:37:11.604676665Z I0128 09:37:11.604628       1 request.go:752] "Waited before sending request" delay="1.59752204s" reason="client-side throttling, not priority and fairness" verb="GET" URL="https://172.30.0.1:443/api/v1/namespaces/openshift-kube-apiserver/pods/kube-apiserver-guard-ip-10-0-102-200.us-west-1.compute.internal"
2026-01-28T09:37:11.606588741Z E0128 09:37:11.606564       1 guard_controller.go:310] Missing operand on node ip-10-0-108-54.us-west-1.compute.internal
2026-01-28T09:37:11.606616222Z E0128 09:37:11.606591       1 guard_controller.go:310] Missing operand on node ip-10-0-3-203.us-west-1.compute.internal
2026-01-28T09:37:11.607958249Z E0128 09:37:11.607929       1 base_controller.go:279] "Unhandled Error" err="GuardController reconciliation failed: [Missing operand on node ip-10-0-108-54.us-west-1.compute.internal, Missing operand on node ip-10-0-3-203.us-west-1.compute.internal]"
2026-01-28T09:37:12.006819471Z I0128 09:37:12.006768       1 installer_controller.go:550] "ip-10-0-108-54.us-west-1.compute.internal" is in transition to 1, but has not made progress because installer is not finished, but in Running phase
2026-01-28T09:37:12.804361734Z I0128 09:37:12.804307       1 request.go:752] "Waited before sending request" delay="1.597870926s" reason="client-side throttling, not priority and fairness" verb="GET" URL="https://172.30.0.1:443/api/v1/namespaces/openshift-kube-apiserver/pods/kube-apiserver-ip-10-0-108-54.us-west-1.compute.internal"
2026-01-28T09:37:13.619129200Z E0128 09:37:13.619080       1 base_controller.go:279] "Unhandled Error" err="TargetConfigController reconciliation failed: KubeAPIServer.operator.openshift.io \"cluster\" is invalid: [status.nodeStatuses[1].currentRevision: Invalid value: \"object\": cannot be unset once set, status.nodeStatuses[2].currentRevision: Invalid value: \"object\": cannot be unset once set]"
2026-01-28T09:37:13.811071515Z I0128 09:37:13.806182       1 request.go:752] "Waited before sending request" delay="1.000167224s" reason="client-side throttling, not priority and fairness" verb="GET" URL="https://172.30.0.1:443/api/v1/namespaces/openshift-kube-apiserver/pods/kube-apiserver-ip-10-0-3-203.us-west-1.compute.internal"
2026-01-28T09:37:14.007192730Z E0128 09:37:14.007145       1 guard_controller.go:310] Missing operand on node ip-10-0-108-54.us-west-1.compute.internal
2026-01-28T09:37:14.007192730Z E0128 09:37:14.007167       1 guard_controller.go:310] Missing operand on node ip-10-0-3-203.us-west-1.compute.internal
2026-01-28T09:37:14.008480085Z E0128 09:37:14.008453       1 base_controller.go:279] "Unhandled Error" err="GuardController reconciliation failed: [Missing operand on node ip-10-0-108-54.us-west-1.compute.internal, Missing operand on node ip-10-0-3-203.us-west-1.compute.internal]"
2026-01-28T09:37:15.607325429Z E0128 09:37:15.607280       1 guard_controller.go:310] Missing operand on node ip-10-0-108-54.us-west-1.compute.internal
2026-01-28T09:37:15.607325429Z E0128 09:37:15.607300       1 guard_controller.go:310] Missing operand on node ip-10-0-3-203.us-west-1.compute.internal
2026-01-28T09:37:15.608660866Z E0128 09:37:15.608639       1 base_controller.go:279] "Unhandled Error" err="GuardController reconciliation failed: [Missing operand on node ip-10-0-108-54.us-west-1.compute.internal, Missing operand on node ip-10-0-3-203.us-west-1.compute.internal]"
2026-01-28T09:37:16.611050521Z I0128 09:37:16.610954       1 installer_controller.go:540] "ip-10-0-108-54.us-west-1.compute.internal" moving to (v1.NodeStatus) {
2026-01-28T09:37:16.611050521Z  NodeName: (string) (len=41) "ip-10-0-108-54.us-west-1.compute.internal",
2026-01-28T09:37:16.611050521Z  CurrentRevision: (int32) 0,
2026-01-28T09:37:16.611050521Z  TargetRevision: (int32) 2,
2026-01-28T09:37:16.611050521Z  LastFailedRevision: (int32) 0,
2026-01-28T09:37:16.611050521Z  LastFailedTime: (*v1.Time)(<nil>),
2026-01-28T09:37:16.611050521Z  LastFailedReason: (string) "",
2026-01-28T09:37:16.611050521Z  LastFailedCount: (int) 0,
2026-01-28T09:37:16.611050521Z  LastFallbackCount: (int) 0,
2026-01-28T09:37:16.611050521Z  LastFailedRevisionErrors: ([]string) <nil>
2026-01-28T09:37:16.611050521Z }
2026-01-28T09:37:16.611050521Z  because new revision pending
2026-01-28T09:37:16.641721746Z I0128 09:37:16.641673       1 status_controller.go:230] clusteroperator/kube-apiserver diff {"status":{"conditions":[{"lastTransitionTime":"2026-01-28T09:32:36Z","message":"GuardControllerDegraded: [Missing operand on node ip-10-0-108-54.us-west-1.compute.internal, Missing operand on node ip-10-0-3-203.us-west-1.compute.internal]","reason":"GuardController_SyncError","status":"True","type":"Degraded"},{"lastTransitionTime":"2026-01-28T09:35:07Z","message":"NodeInstallerProgressing: 2 nodes are at revision 0; 1 node is at revision 1; 0 nodes have achieved new revision 2","reason":"NodeInstaller","status":"True","type":"Progressing"},{"lastTransitionTime":"2026-01-28T09:36:11Z","message":"StaticPodsAvailable: 1 nodes are active; 2 nodes are at revision 0; 1 node is at revision 1; 0 nodes have achieved new revision 2","reason":"AsExpected","status":"True","type":"Available"},{"lastTransitionTime":"2026-01-28T09:30:35Z","message":"KubeletMinorVersionUpgradeable: Kubelet and API server minor versions are synced.","reason":"AsExpected","status":"True","type":"Upgradeable"},{"lastTransitionTime":"2026-01-28T09:31:21Z","message":"PodSecurityInconclusiveEvaluationConditionsDetected: Could not evaluate violations for namespaces: [kube-node-lease openshift openshift-apiserver-operator openshift-cloud-credential-operator openshift-cloud-network-config-controller openshift-cluster-olm-operator openshift-cluster-samples-operator openshift-cluster-storage-operator openshift-config-managed openshift-config-operator openshift-console openshift-console-operator openshift-console-user-settings openshift-controller-manager-operator openshift-dns-operator openshift-host-network openshift-ingress-operator openshift-kube-controller-manager-operator openshift-kube-storage-version-migrator openshift-kube-storage-version-migrator-operator openshift-network-console openshift-network-diagnostics openshift-node openshift-service-ca openshift-service-ca-operator openshift-user-workload-monitoring]","reason":"PodSecurityInconclusive_PSViolationDecisionInconclusive","status":"True","type":"EvaluationConditionsDetected"}]}}
2026-01-28T09:37:16.658260044Z I0128 09:37:16.658167       1 connectivity_check_controller.go:172] ConnectivityCheckController is waiting for transition to desired version (4.20.0-0-2026-01-28-090915-test-ci-ln-vjb5l1t-latest) to be completed.
2026-01-28T09:37:16.662376430Z I0128 09:37:16.662342       1 prune_controller.go:277] Nothing to prune
2026-01-28T09:37:16.664128218Z I0128 09:37:16.663570       1 event.go:377] Event(v1.ObjectReference{Kind:"Deployment", Namespace:"openshift-kube-apiserver-operator", Name:"kube-apiserver-operator", UID:"0f90e131-ac50-4cb2-87c5-ad12ae1902a5", APIVersion:"apps/v1", ResourceVersion:"", FieldPath:""}): type: 'Normal' reason: 'OperatorStatusChanged' Status for clusteroperator/kube-apiserver changed: Progressing message changed from "NodeInstallerProgressing: 2 nodes are at revision 0; 1 node is at revision 1" to "NodeInstallerProgressing: 2 nodes are at revision 0; 1 node is at revision 1; 0 nodes have achieved new revision 2",Available message changed from "StaticPodsAvailable: 1 nodes are active; 2 nodes are at revision 0; 1 node is at revision 1" to "StaticPodsAvailable: 1 nodes are active; 2 nodes are at revision 0; 1 node is at revision 1; 0 nodes have achieved new revision 2"
2026-01-28T09:37:17.007358925Z E0128 09:37:17.007316       1 guard_controller.go:310] Missing operand on node ip-10-0-108-54.us-west-1.compute.internal
2026-01-28T09:37:17.007358925Z E0128 09:37:17.007337       1 guard_controller.go:310] Missing operand on node ip-10-0-3-203.us-west-1.compute.internal
2026-01-28T09:37:17.008837569Z E0128 09:37:17.008815       1 base_controller.go:279] "Unhandled Error" err="GuardController reconciliation failed: [Missing operand on node ip-10-0-108-54.us-west-1.compute.internal, Missing operand on node ip-10-0-3-203.us-west-1.compute.internal]"
2026-01-28T09:37:17.804723839Z I0128 09:37:17.804676       1 request.go:752] "Waited before sending request" delay="1.163789402s" reason="client-side throttling, not priority and fairness" verb="GET" URL="https://172.30.0.1:443/api/v1/namespaces/openshift-kube-apiserver"
2026-01-28T09:37:18.819296214Z E0128 09:37:18.819239       1 base_controller.go:279] "Unhandled Error" err="TargetConfigController reconciliation failed: KubeAPIServer.operator.openshift.io \"cluster\" is invalid: [status.nodeStatuses[1].currentRevision: Invalid value: \"object\": cannot be unset once set, status.nodeStatuses[2].currentRevision: Invalid value: \"object\": cannot be unset once set]"
2026-01-28T09:37:19.004894652Z I0128 09:37:19.004847       1 request.go:752] "Waited before sending request" delay="1.994141777s" reason="client-side throttling, not priority and fairness" verb="GET" URL="https://172.30.0.1:443/api/v1/namespaces/openshift-kube-apiserver/pods/kube-apiserver-guard-ip-10-0-102-200.us-west-1.compute.internal"
2026-01-28T09:37:20.204804704Z I0128 09:37:20.204750       1 request.go:752] "Waited before sending request" delay="1.381554273s" reason="client-side throttling, not priority and fairness" verb="GET" URL="https://172.30.0.1:443/api/v1/namespaces/openshift-kube-apiserver/configmaps/config"
2026-01-28T09:37:20.406839626Z E0128 09:37:20.406785       1 guard_controller.go:310] Missing operand on node ip-10-0-108-54.us-west-1.compute.internal
2026-01-28T09:37:20.406839626Z E0128 09:37:20.406805       1 guard_controller.go:310] Missing operand on node ip-10-0-3-203.us-west-1.compute.internal
2026-01-28T09:37:20.408106789Z E0128 09:37:20.408077       1 base_controller.go:279] "Unhandled Error" err="GuardController reconciliation failed: [Missing operand on node ip-10-0-108-54.us-west-1.compute.internal, Missing operand on node ip-10-0-3-203.us-west-1.compute.internal]"
2026-01-28T09:37:20.410082366Z E0128 09:37:20.410062       1 guard_controller.go:310] Missing operand on node ip-10-0-3-203.us-west-1.compute.internal
2026-01-28T09:37:21.404232594Z I0128 09:37:21.404142       1 request.go:752] "Waited before sending request" delay="1.397141437s" reason="client-side throttling, not priority and fairness" verb="GET" URL="https://172.30.0.1:443/api/v1/namespaces/openshift-kube-apiserver/pods/kube-apiserver-ip-10-0-3-203.us-west-1.compute.internal"
2026-01-28T09:37:22.606926044Z E0128 09:37:22.606884       1 guard_controller.go:310] Missing operand on node ip-10-0-108-54.us-west-1.compute.internal
2026-01-28T09:37:22.608315823Z E0128 09:37:22.608293       1 base_controller.go:279] "Unhandled Error" err="GuardController reconciliation failed: [Missing operand on node ip-10-0-108-54.us-west-1.compute.internal, Missing operand on node ip-10-0-3-203.us-west-1.compute.internal]"
2026-01-28T09:37:23.012259310Z E0128 09:37:23.012209       1 guard_controller.go:310] Missing operand on node ip-10-0-3-203.us-west-1.compute.internal
2026-01-28T09:37:23.016696848Z I0128 09:37:23.016661       1 warnings.go:110] "Warning: metadata.name: this is used in the Pod's hostname, which can result in surprising behavior; a DNS label is recommended: [must not contain dots]"
2026-01-28T09:37:23.016913809Z I0128 09:37:23.016885       1 event.go:377] Event(v1.ObjectReference{Kind:"Deployment", Namespace:"openshift-kube-apiserver-operator", Name:"kube-apiserver-operator", UID:"0f90e131-ac50-4cb2-87c5-ad12ae1902a5", APIVersion:"apps/v1", ResourceVersion:"", FieldPath:""}): type: 'Normal' reason: 'PodCreated' Created Pod/installer-2-ip-10-0-108-54.us-west-1.compute.internal -n openshift-kube-apiserver because it was missing
2026-01-28T09:37:24.006889341Z I0128 09:37:24.006839       1 installer_controller.go:550] "ip-10-0-108-54.us-west-1.compute.internal" is in transition to 2, but has not made progress because installer is not finished, but in Pending phase
2026-01-28T09:37:24.204841682Z I0128 09:37:24.204780       1 request.go:752] "Waited before sending request" delay="1.186907002s" reason="client-side throttling, not priority and fairness" verb="GET" URL="https://172.30.0.1:443/api/v1/namespaces/openshift-kube-apiserver/pods?labelSelector=app%3Dinstaller"
2026-01-28T09:37:24.418815422Z E0128 09:37:24.418775       1 base_controller.go:279] "Unhandled Error" err="TargetConfigController reconciliation failed: KubeAPIServer.operator.openshift.io \"cluster\" is invalid: [status.nodeStatuses[1].currentRevision: Invalid value: \"object\": cannot be unset once set, status.nodeStatuses[2].currentRevision: Invalid value: \"object\": cannot be unset once set]"
2026-01-28T09:37:24.807118018Z E0128 09:37:24.807069       1 guard_controller.go:310] Missing operand on node ip-10-0-108-54.us-west-1.compute.internal
2026-01-28T09:37:24.808493295Z E0128 09:37:24.808469       1 base_controller.go:279] "Unhandled Error" err="GuardController reconciliation failed: [Missing operand on node ip-10-0-108-54.us-west-1.compute.internal, Missing operand on node ip-10-0-3-203.us-west-1.compute.internal]"
2026-01-28T09:37:25.405134873Z I0128 09:37:25.405083       1 request.go:752] "Waited before sending request" delay="1.196665463s" reason="client-side throttling, not priority and fairness" verb="GET" URL="https://172.30.0.1:443/api/v1/namespaces/openshift-kube-apiserver/pods?labelSelector=app%3Dinstaller"
2026-01-28T09:37:26.807578723Z E0128 09:37:26.807524       1 guard_controller.go:310] Missing operand on node ip-10-0-108-54.us-west-1.compute.internal
2026-01-28T09:37:26.807578723Z E0128 09:37:26.807559       1 guard_controller.go:310] Missing operand on node ip-10-0-3-203.us-west-1.compute.internal
2026-01-28T09:37:26.808993222Z E0128 09:37:26.808951       1 base_controller.go:279] "Unhandled Error" err="GuardController reconciliation failed: [Missing operand on node ip-10-0-108-54.us-west-1.compute.internal, Missing operand on node ip-10-0-3-203.us-west-1.compute.internal]"
2026-01-28T09:37:27.806815931Z I0128 09:37:27.806763       1 installer_controller.go:550] "ip-10-0-108-54.us-west-1.compute.internal" is in transition to 2, but has not made progress because installer is not finished, but in Running phase
2026-01-28T09:37:29.007221349Z I0128 09:37:29.007162       1 installer_controller.go:550] "ip-10-0-108-54.us-west-1.compute.internal" is in transition to 2, but has not made progress because installer is not finished, but in Running phase
2026-01-28T09:37:34.230697680Z E0128 09:37:34.230461       1 guard_controller.go:310] Missing operand on node ip-10-0-108-54.us-west-1.compute.internal
2026-01-28T09:37:34.230697680Z E0128 09:37:34.230512       1 guard_controller.go:310] Missing operand on node ip-10-0-3-203.us-west-1.compute.internal
2026-01-28T09:37:34.246577833Z E0128 09:37:34.246528       1 base_controller.go:279] "Unhandled Error" err="GuardController reconciliation failed: [Missing operand on node ip-10-0-108-54.us-west-1.compute.internal, Missing operand on node ip-10-0-3-203.us-west-1.compute.internal]"
2026-01-28T09:37:43.620479406Z E0128 09:37:43.620316       1 guard_controller.go:310] Missing operand on node ip-10-0-108-54.us-west-1.compute.internal
2026-01-28T09:37:43.620479406Z E0128 09:37:43.620350       1 guard_controller.go:310] Missing operand on node ip-10-0-3-203.us-west-1.compute.internal
2026-01-28T09:37:43.622459725Z E0128 09:37:43.622436       1 base_controller.go:279] "Unhandled Error" err="GuardController reconciliation failed: [Missing operand on node ip-10-0-108-54.us-west-1.compute.internal, Missing operand on node ip-10-0-3-203.us-west-1.compute.internal]"
2026-01-28T09:37:44.409944979Z E0128 09:37:44.409850       1 guard_controller.go:310] Missing operand on node ip-10-0-108-54.us-west-1.compute.internal
2026-01-28T09:37:44.410074375Z E0128 09:37:44.410059       1 guard_controller.go:310] Missing operand on node ip-10-0-3-203.us-west-1.compute.internal
2026-01-28T09:37:44.412753469Z E0128 09:37:44.412731       1 base_controller.go:279] "Unhandled Error" err="GuardController reconciliation failed: [Missing operand on node ip-10-0-108-54.us-west-1.compute.internal, Missing operand on node ip-10-0-3-203.us-west-1.compute.internal]"
2026-01-28T09:37:51.188762989Z I0128 09:37:51.188714       1 connectivity_check_controller.go:172] ConnectivityCheckController is waiting for transition to desired version (4.20.0-0-2026-01-28-090915-test-ci-ln-vjb5l1t-latest) to be completed.
2026-01-28T09:37:51.190418071Z I0128 09:37:51.190392       1 connectivity_check_controller.go:172] ConnectivityCheckController is waiting for transition to desired version (4.20.0-0-2026-01-28-090915-test-ci-ln-vjb5l1t-latest) to be completed.
2026-01-28T09:37:54.722185353Z E0128 09:37:54.721634       1 guard_controller.go:310] Missing operand on node ip-10-0-108-54.us-west-1.compute.internal
2026-01-28T09:37:54.722185353Z E0128 09:37:54.721683       1 guard_controller.go:310] Missing operand on node ip-10-0-3-203.us-west-1.compute.internal
2026-01-28T09:37:54.723707350Z E0128 09:37:54.723674       1 base_controller.go:279] "Unhandled Error" err="GuardController reconciliation failed: [Missing operand on node ip-10-0-108-54.us-west-1.compute.internal, Missing operand on node ip-10-0-3-203.us-west-1.compute.internal]"
2026-01-28T09:37:55.213296598Z I0128 09:37:55.213252       1 connectivity_check_controller.go:172] ConnectivityCheckController is waiting for transition to desired version (4.20.0-0-2026-01-28-090915-test-ci-ln-vjb5l1t-latest) to be completed.
2026-01-28T09:37:55.243517449Z I0128 09:37:55.243472       1 connectivity_check_controller.go:172] ConnectivityCheckController is waiting for transition to desired version (4.20.0-0-2026-01-28-090915-test-ci-ln-vjb5l1t-latest) to be completed.
2026-01-28T09:38:01.557904277Z E0128 09:38:01.557848       1 guard_controller.go:316] Missing PodIP in operand kube-apiserver-ip-10-0-108-54.us-west-1.compute.internal on node ip-10-0-108-54.us-west-1.compute.internal
2026-01-28T09:38:01.557904277Z E0128 09:38:01.557893       1 guard_controller.go:310] Missing operand on node ip-10-0-3-203.us-west-1.compute.internal
2026-01-28T09:38:01.580067125Z E0128 09:38:01.579978       1 base_controller.go:279] "Unhandled Error" err="GuardController reconciliation failed: [Missing PodIP in operand kube-apiserver-ip-10-0-108-54.us-west-1.compute.internal on node ip-10-0-108-54.us-west-1.compute.internal, Missing operand on node ip-10-0-3-203.us-west-1.compute.internal]"
2026-01-28T09:38:01.602075365Z I0128 09:38:01.600478       1 connectivity_check_controller.go:172] ConnectivityCheckController is waiting for transition to desired version (4.20.0-0-2026-01-28-090915-test-ci-ln-vjb5l1t-latest) to be completed.
2026-01-28T09:38:01.604410321Z I0128 09:38:01.604366       1 status_controller.go:230] clusteroperator/kube-apiserver diff {"status":{"conditions":[{"lastTransitionTime":"2026-01-28T09:32:36Z","message":"GuardControllerDegraded: [Missing PodIP in operand kube-apiserver-ip-10-0-108-54.us-west-1.compute.internal on node ip-10-0-108-54.us-west-1.compute.internal, Missing operand on node ip-10-0-3-203.us-west-1.compute.internal]","reason":"GuardController_SyncError","status":"True","type":"Degraded"},{"lastTransitionTime":"2026-01-28T09:35:07Z","message":"NodeInstallerProgressing: 2 nodes are at revision 0; 1 node is at revision 1; 0 nodes have achieved new revision 2","reason":"NodeInstaller","status":"True","type":"Progressing"},{"lastTransitionTime":"2026-01-28T09:36:11Z","message":"StaticPodsAvailable: 1 nodes are active; 2 nodes are at revision 0; 1 node is at revision 1; 0 nodes have achieved new revision 2","reason":"AsExpected","status":"True","type":"Available"},{"lastTransitionTime":"2026-01-28T09:30:35Z","message":"KubeletMinorVersionUpgradeable: Kubelet and API server minor versions are synced.","reason":"AsExpected","status":"True","type":"Upgradeable"},{"lastTransitionTime":"2026-01-28T09:31:21Z","message":"PodSecurityInconclusiveEvaluationConditionsDetected: Could not evaluate violations for namespaces: [kube-node-lease openshift openshift-apiserver-operator openshift-cloud-credential-operator openshift-cloud-network-config-controller openshift-cluster-olm-operator openshift-cluster-samples-operator openshift-cluster-storage-operator openshift-config-managed openshift-config-operator openshift-console openshift-console-operator openshift-console-user-settings openshift-controller-manager-operator openshift-dns-operator openshift-host-network openshift-ingress-operator openshift-kube-controller-manager-operator openshift-kube-storage-version-migrator openshift-kube-storage-version-migrator-operator openshift-network-console openshift-network-diagnostics openshift-node openshift-service-ca openshift-service-ca-operator openshift-user-workload-monitoring]","reason":"PodSecurityInconclusive_PSViolationDecisionInconclusive","status":"True","type":"EvaluationConditionsDetected"}]}}
2026-01-28T09:38:01.605558759Z I0128 09:38:01.604416       1 prune_controller.go:277] Nothing to prune
2026-01-28T09:38:01.621486325Z I0128 09:38:01.620406       1 event.go:377] Event(v1.ObjectReference{Kind:"Deployment", Namespace:"openshift-kube-apiserver-operator", Name:"kube-apiserver-operator", UID:"0f90e131-ac50-4cb2-87c5-ad12ae1902a5", APIVersion:"apps/v1", ResourceVersion:"", FieldPath:""}): type: 'Normal' reason: 'OperatorStatusChanged' Status for clusteroperator/kube-apiserver changed: Degraded message changed from "GuardControllerDegraded: [Missing operand on node ip-10-0-108-54.us-west-1.compute.internal, Missing operand on node ip-10-0-3-203.us-west-1.compute.internal]" to "GuardControllerDegraded: [Missing PodIP in operand kube-apiserver-ip-10-0-108-54.us-west-1.compute.internal on node ip-10-0-108-54.us-west-1.compute.internal, Missing operand on node ip-10-0-3-203.us-west-1.compute.internal]"
2026-01-28T09:38:02.740747283Z I0128 09:38:02.740670       1 request.go:752] "Waited before sending request" delay="1.135158483s" reason="client-side throttling, not priority and fairness" verb="GET" URL="https://172.30.0.1:443/api/v1/namespaces/openshift-kube-apiserver/configmaps/kube-apiserver-audit-policies"
2026-01-28T09:38:03.742071447Z I0128 09:38:03.741014       1 request.go:752] "Waited before sending request" delay="1.901981067s" reason="client-side throttling, not priority and fairness" verb="GET" URL="https://172.30.0.1:443/api/v1/namespaces/openshift-kube-apiserver/pods/kube-apiserver-guard-ip-10-0-102-200.us-west-1.compute.internal"
2026-01-28T09:38:04.549666848Z I0128 09:38:04.549622       1 installer_controller.go:550] "ip-10-0-108-54.us-west-1.compute.internal" is in transition to 2, but has not made progress because static pod is pending
2026-01-28T09:38:04.741627062Z I0128 09:38:04.741583       1 request.go:752] "Waited before sending request" delay="1.394911644s" reason="client-side throttling, not priority and fairness" verb="GET" URL="https://172.30.0.1:443/api/v1/namespaces/openshift-kube-apiserver/pods?labelSelector=app%3Dinstaller"
2026-01-28T09:38:05.080860066Z E0128 09:38:05.080789       1 base_controller.go:279] "Unhandled Error" err="CertRotationController reconciliation failed: KubeAPIServer.operator.openshift.io \"cluster\" is invalid: [status.nodeStatuses[1].currentRevision: Invalid value: \"object\": cannot be unset once set, status.nodeStatuses[2].currentRevision: Invalid value: \"object\": cannot be unset once set]"
2026-01-28T09:38:05.109469746Z E0128 09:38:05.109415       1 base_controller.go:279] "Unhandled Error" err="CertRotationController reconciliation failed: KubeAPIServer.operator.openshift.io \"cluster\" is invalid: [status.nodeStatuses[1].currentRevision: Invalid value: \"object\": cannot be unset once set, status.nodeStatuses[2].currentRevision: Invalid value: \"object\": cannot be unset once set]"
2026-01-28T09:38:05.110374701Z E0128 09:38:05.110353       1 base_controller.go:279] "Unhandled Error" err="CertRotationController reconciliation failed: KubeAPIServer.operator.openshift.io \"cluster\" is invalid: [status.nodeStatuses[1].currentRevision: Invalid value: \"object\": cannot be unset once set, status.nodeStatuses[2].currentRevision: Invalid value: \"object\": cannot be unset once set]"
2026-01-28T09:38:05.113895147Z E0128 09:38:05.113865       1 base_controller.go:279] "Unhandled Error" err="CertRotationController reconciliation failed: KubeAPIServer.operator.openshift.io \"cluster\" is invalid: [status.nodeStatuses[1].currentRevision: Invalid value: \"object\": cannot be unset once set, status.nodeStatuses[2].currentRevision: Invalid value: \"object\": cannot be unset once set]"
2026-01-28T09:38:05.116166341Z E0128 09:38:05.116132       1 base_controller.go:279] "Unhandled Error" err="CertRotationController reconciliation failed: KubeAPIServer.operator.openshift.io \"cluster\" is invalid: [status.nodeStatuses[1].currentRevision: Invalid value: \"object\": cannot be unset once set, status.nodeStatuses[2].currentRevision: Invalid value: \"object\": cannot be unset once set]"
2026-01-28T09:38:05.116781411Z E0128 09:38:05.116740       1 base_controller.go:279] "Unhandled Error" err="CertRotationController reconciliation failed: KubeAPIServer.operator.openshift.io \"cluster\" is invalid: [status.nodeStatuses[1].currentRevision: Invalid value: \"object\": cannot be unset once set, status.nodeStatuses[2].currentRevision: Invalid value: \"object\": cannot be unset once set]"
2026-01-28T09:38:05.116904598Z E0128 09:38:05.116854       1 base_controller.go:279] "Unhandled Error" err="CertRotationController reconciliation failed: KubeAPIServer.operator.openshift.io \"cluster\" is invalid: [status.nodeStatuses[1].currentRevision: Invalid value: \"object\": cannot be unset once set, status.nodeStatuses[2].currentRevision: Invalid value: \"object\": cannot be unset once set]"
2026-01-28T09:38:05.124135739Z E0128 09:38:05.124083       1 base_controller.go:279] "Unhandled Error" err="CertRotationController reconciliation failed: KubeAPIServer.operator.openshift.io \"cluster\" is invalid: [status.nodeStatuses[1].currentRevision: Invalid value: \"object\": cannot be unset once set, status.nodeStatuses[2].currentRevision: Invalid value: \"object\": cannot be unset once set]"
2026-01-28T09:38:05.132277876Z E0128 09:38:05.132238       1 base_controller.go:279] "Unhandled Error" err="CertRotationController reconciliation failed: KubeAPIServer.operator.openshift.io \"cluster\" is invalid: [status.nodeStatuses[1].currentRevision: Invalid value: \"object\": cannot be unset once set, status.nodeStatuses[2].currentRevision: Invalid value: \"object\": cannot be unset once set]"
2026-01-28T09:38:05.132364430Z E0128 09:38:05.132238       1 base_controller.go:279] "Unhandled Error" err="CertRotationController reconciliation failed: KubeAPIServer.operator.openshift.io \"cluster\" is invalid: [status.nodeStatuses[1].currentRevision: Invalid value: \"object\": cannot be unset once set, status.nodeStatuses[2].currentRevision: Invalid value: \"object\": cannot be unset once set]"
2026-01-28T09:38:05.143449594Z E0128 09:38:05.143082       1 guard_controller.go:316] Missing PodIP in operand kube-apiserver-ip-10-0-108-54.us-west-1.compute.internal on node ip-10-0-108-54.us-west-1.compute.internal
2026-01-28T09:38:05.143449594Z E0128 09:38:05.143122       1 guard_controller.go:310] Missing operand on node ip-10-0-3-203.us-west-1.compute.internal
2026-01-28T09:38:05.145335168Z E0128 09:38:05.145302       1 base_controller.go:279] "Unhandled Error" err="GuardController reconciliation failed: [Missing PodIP in operand kube-apiserver-ip-10-0-108-54.us-west-1.compute.internal on node ip-10-0-108-54.us-west-1.compute.internal, Missing operand on node ip-10-0-3-203.us-west-1.compute.internal]"
2026-01-28T09:38:05.280343276Z E0128 09:38:05.280273       1 base_controller.go:279] "Unhandled Error" err="CertRotationController reconciliation failed: KubeAPIServer.operator.openshift.io \"cluster\" is invalid: [status.nodeStatuses[1].currentRevision: Invalid value: \"object\": cannot be unset once set, status.nodeStatuses[2].currentRevision: Invalid value: \"object\": cannot be unset once set]"
2026-01-28T09:38:05.489557782Z E0128 09:38:05.489513       1 base_controller.go:279] "Unhandled Error" err="CertRotationController reconciliation failed: KubeAPIServer.operator.openshift.io \"cluster\" is invalid: [status.nodeStatuses[1].currentRevision: Invalid value: \"object\": cannot be unset once set, status.nodeStatuses[2].currentRevision: Invalid value: \"object\": cannot be unset once set]"
2026-01-28T09:38:05.941334730Z I0128 09:38:05.941264       1 request.go:752] "Waited before sending request" delay="1.371278063s" reason="client-side throttling, not priority and fairness" verb="GET" URL="https://172.30.0.1:443/api/v1/namespaces/openshift-kube-apiserver/pods/kube-apiserver-ip-10-0-102-200.us-west-1.compute.internal"
2026-01-28T09:38:06.941466605Z I0128 09:38:06.941400       1 request.go:752] "Waited before sending request" delay="1.794543058s" reason="client-side throttling, not priority and fairness" verb="GET" URL="https://172.30.0.1:443/api/v1/namespaces/openshift-kube-apiserver/pods/kube-apiserver-guard-ip-10-0-102-200.us-west-1.compute.internal"
2026-01-28T09:38:08.141257258Z I0128 09:38:08.141205       1 request.go:752] "Waited before sending request" delay="1.196759671s" reason="client-side throttling, not priority and fairness" verb="GET" URL="https://172.30.0.1:443/api/v1/namespaces/openshift-kube-apiserver/pods/kube-apiserver-guard-ip-10-0-102-200.us-west-1.compute.internal"
2026-01-28T09:38:08.754575420Z E0128 09:38:08.754527       1 base_controller.go:279] "Unhandled Error" err="TargetConfigController reconciliation failed: KubeAPIServer.operator.openshift.io \"cluster\" is invalid: [status.nodeStatuses[1].currentRevision: Invalid value: \"object\": cannot be unset once set, status.nodeStatuses[2].currentRevision: Invalid value: \"object\": cannot be unset once set]"
2026-01-28T09:38:10.746750831Z I0128 09:38:10.746418       1 warnings.go:110] "Warning: metadata.name: this is used in the Pod's hostname, which can result in surprising behavior; a DNS label is recommended: [must not contain dots]"
2026-01-28T09:38:10.748132540Z E0128 09:38:10.747863       1 guard_controller.go:310] Missing operand on node ip-10-0-3-203.us-west-1.compute.internal
2026-01-28T09:38:10.750041416Z I0128 09:38:10.749988       1 event.go:377] Event(v1.ObjectReference{Kind:"Deployment", Namespace:"openshift-kube-apiserver-operator", Name:"kube-apiserver-operator", UID:"0f90e131-ac50-4cb2-87c5-ad12ae1902a5", APIVersion:"apps/v1", ResourceVersion:"", FieldPath:""}): type: 'Normal' reason: 'PodCreated' Created Pod/kube-apiserver-guard-ip-10-0-108-54.us-west-1.compute.internal -n openshift-kube-apiserver because it was missing
2026-01-28T09:38:10.779957433Z E0128 09:38:10.779859       1 base_controller.go:279] "Unhandled Error" err="GuardController reconciliation failed: Missing operand on node ip-10-0-3-203.us-west-1.compute.internal"
2026-01-28T09:38:10.822278811Z I0128 09:38:10.822218       1 prune_controller.go:277] Nothing to prune
2026-01-28T09:38:10.836017979Z I0128 09:38:10.835432       1 connectivity_check_controller.go:172] ConnectivityCheckController is waiting for transition to desired version (4.20.0-0-2026-01-28-090915-test-ci-ln-vjb5l1t-latest) to be completed.
2026-01-28T09:38:10.837275712Z I0128 09:38:10.837084       1 status_controller.go:230] clusteroperator/kube-apiserver diff {"status":{"conditions":[{"lastTransitionTime":"2026-01-28T09:32:36Z","message":"GuardControllerDegraded: Missing operand on node ip-10-0-3-203.us-west-1.compute.internal","reason":"GuardController_SyncError","status":"True","type":"Degraded"},{"lastTransitionTime":"2026-01-28T09:35:07Z","message":"NodeInstallerProgressing: 2 nodes are at revision 0; 1 node is at revision 1; 0 nodes have achieved new revision 2","reason":"NodeInstaller","status":"True","type":"Progressing"},{"lastTransitionTime":"2026-01-28T09:36:11Z","message":"StaticPodsAvailable: 1 nodes are active; 2 nodes are at revision 0; 1 node is at revision 1; 0 nodes have achieved new revision 2","reason":"AsExpected","status":"True","type":"Available"},{"lastTransitionTime":"2026-01-28T09:30:35Z","message":"KubeletMinorVersionUpgradeable: Kubelet and API server minor versions are synced.","reason":"AsExpected","status":"True","type":"Upgradeable"},{"lastTransitionTime":"2026-01-28T09:31:21Z","message":"PodSecurityInconclusiveEvaluationConditionsDetected: Could not evaluate violations for namespaces: [kube-node-lease openshift openshift-apiserver-operator openshift-cloud-credential-operator openshift-cloud-network-config-controller openshift-cluster-olm-operator openshift-cluster-samples-operator openshift-cluster-storage-operator openshift-config-managed openshift-config-operator openshift-console openshift-console-operator openshift-console-user-settings openshift-controller-manager-operator openshift-dns-operator openshift-host-network openshift-ingress-operator openshift-kube-controller-manager-operator openshift-kube-storage-version-migrator openshift-kube-storage-version-migrator-operator openshift-network-console openshift-network-diagnostics openshift-node openshift-service-ca openshift-service-ca-operator openshift-user-workload-monitoring]","reason":"PodSecurityInconclusive_PSViolationDecisionInconclusive","status":"True","type":"EvaluationConditionsDetected"}]}}
2026-01-28T09:38:10.849759607Z I0128 09:38:10.848433       1 event.go:377] Event(v1.ObjectReference{Kind:"Deployment", Namespace:"openshift-kube-apiserver-operator", Name:"kube-apiserver-operator", UID:"0f90e131-ac50-4cb2-87c5-ad12ae1902a5", APIVersion:"apps/v1", ResourceVersion:"", FieldPath:""}): type: 'Normal' reason: 'OperatorStatusChanged' Status for clusteroperator/kube-apiserver changed: Degraded message changed from "GuardControllerDegraded: [Missing PodIP in operand kube-apiserver-ip-10-0-108-54.us-west-1.compute.internal on node ip-10-0-108-54.us-west-1.compute.internal, Missing operand on node ip-10-0-3-203.us-west-1.compute.internal]" to "GuardControllerDegraded: Missing operand on node ip-10-0-3-203.us-west-1.compute.internal"
2026-01-28T09:38:11.146110649Z I0128 09:38:11.145700       1 installer_controller.go:550] "ip-10-0-108-54.us-west-1.compute.internal" is in transition to 2, but has not made progress because static pod is pending
2026-01-28T09:38:11.941131599Z I0128 09:38:11.941046       1 request.go:752] "Waited before sending request" delay="1.158833509s" reason="client-side throttling, not priority and fairness" verb="GET" URL="https://172.30.0.1:443/api/v1/namespaces/openshift-kube-apiserver/pods/kube-apiserver-guard-ip-10-0-102-200.us-west-1.compute.internal"
2026-01-28T09:38:12.941326499Z I0128 09:38:12.941269       1 request.go:752] "Waited before sending request" delay="1.992062422s" reason="client-side throttling, not priority and fairness" verb="GET" URL="https://172.30.0.1:443/api/v1/namespaces/openshift-kube-apiserver/serviceaccounts/localhost-recovery-client"
2026-01-28T09:38:14.141170090Z I0128 09:38:14.141118       1 request.go:752] "Waited before sending request" delay="1.397275352s" reason="client-side throttling, not priority and fairness" verb="GET" URL="https://172.30.0.1:443/api/v1/namespaces/openshift-kube-apiserver/services/apiserver"
2026-01-28T09:38:14.356765540Z E0128 09:38:14.356704       1 base_controller.go:279] "Unhandled Error" err="TargetConfigController reconciliation failed: KubeAPIServer.operator.openshift.io \"cluster\" is invalid: [status.nodeStatuses[1].currentRevision: Invalid value: \"object\": cannot be unset once set, status.nodeStatuses[2].currentRevision: Invalid value: \"object\": cannot be unset once set]"
2026-01-28T09:38:15.067917743Z I0128 09:38:15.067870       1 prune_controller.go:277] Nothing to prune
2026-01-28T09:38:15.076559695Z I0128 09:38:15.076521       1 connectivity_check_controller.go:172] ConnectivityCheckController is waiting for transition to desired version (4.20.0-0-2026-01-28-090915-test-ci-ln-vjb5l1t-latest) to be completed.
2026-01-28T09:38:15.340590440Z I0128 09:38:15.340530       1 request.go:752] "Waited before sending request" delay="1.397364057s" reason="client-side throttling, not priority and fairness" verb="GET" URL="https://172.30.0.1:443/api/v1/namespaces/openshift-kube-apiserver/pods/kube-apiserver-guard-ip-10-0-108-54.us-west-1.compute.internal"
2026-01-28T09:38:16.343050603Z I0128 09:38:16.342159       1 request.go:752] "Waited before sending request" delay="1.273570012s" reason="client-side throttling, not priority and fairness" verb="GET" URL="https://172.30.0.1:443/api/v1/namespaces/openshift-kube-apiserver/configmaps/kube-apiserver-audit-policies"
2026-01-28T09:38:16.944436312Z I0128 09:38:16.944383       1 core.go:220] Pod "openshift-kube-apiserver/kube-apiserver-guard-ip-10-0-108-54.us-west-1.compute.internal" changes: {"apiVersion":"v1","kind":"Pod","metadata":{"annotations":{"k8s.ovn.org/pod-networks":null,"k8s.v1.cni.cncf.io/network-status":null,"target.workload.openshift.io/management":"{\"effect\": \"PreferredDuringScheduling\"}"},"creationTimestamp":null,"generation":null,"managedFields":null,"resourceVersion":null,"uid":null},"spec":{"containers":[{"args":["-c","# properly handle TERM and exit as soon as it is signaled\nset -euo pipefail\ntrap 'jobs -p | xargs -r kill; exit 0' TERM\nsleep infinity \u0026 wait\n"],"command":["/bin/bash"],"image":"registry.build11.ci.openshift.org/ci-ln-vjb5l1t/stable@sha256:0554bda0a96d190367ed63955b942dd3552e1d90e8586dfd9f8879c964bf245d","imagePullPolicy":"IfNotPresent","name":"guard","readinessProbe":{"failureThreshold":3,"httpGet":{"host":"10.0.108.54","path":"readyz","port":6443,"scheme":"HTTPS"},"periodSeconds":5,"successThreshold":1,"timeoutSeconds":5},"resources":{"requests":{"cpu":"10m","memory":"5Mi"}},"terminationMessagePolicy":"FallbackToLogsOnError"}],"dnsPolicy":null,"enableServiceLinks":null,"preemptionPolicy":null,"priority":null,"restartPolicy":null,"schedulerName":null,"securityContext":null,"serviceAccount":null,"serviceAccountName":null,"volumes":null},"status":{"conditions":null,"containerStatuses":null,"hostIP":null,"hostIPs":null,"phase":null,"podIP":null,"podIPs":null,"qosClass":null,"startTime":null}}
2026-01-28T09:38:17.540584238Z I0128 09:38:17.540527       1 request.go:752] "Waited before sending request" delay="1.589125474s" reason="client-side throttling, not priority and fairness" verb="GET" URL="https://172.30.0.1:443/api/v1/namespaces/openshift-kube-apiserver/pods/installer-2-ip-10-0-108-54.us-west-1.compute.internal"
2026-01-28T09:38:17.949248571Z E0128 09:38:17.949202       1 guard_controller.go:310] Missing operand on node ip-10-0-3-203.us-west-1.compute.internal
2026-01-28T09:38:17.949649322Z I0128 09:38:17.949620       1 event.go:377] Event(v1.ObjectReference{Kind:"Deployment", Namespace:"openshift-kube-apiserver-operator", Name:"kube-apiserver-operator", UID:"0f90e131-ac50-4cb2-87c5-ad12ae1902a5", APIVersion:"apps/v1", ResourceVersion:"", FieldPath:""}): type: 'Normal' reason: 'PodUpdated' Updated Pod/kube-apiserver-guard-ip-10-0-108-54.us-west-1.compute.internal -n openshift-kube-apiserver because it changed
2026-01-28T09:38:17.952506574Z E0128 09:38:17.951344       1 base_controller.go:279] "Unhandled Error" err="GuardController reconciliation failed: Missing operand on node ip-10-0-3-203.us-west-1.compute.internal"
2026-01-28T09:38:19.141472702Z I0128 09:38:19.141413       1 request.go:752] "Waited before sending request" delay="1.188591549s" reason="client-side throttling, not priority and fairness" verb="GET" URL="https://172.30.0.1:443/api/v1/namespaces/openshift-kube-apiserver/pods?labelSelector=app%3Dopenshift-kube-apiserver"
2026-01-28T09:38:19.944067501Z I0128 09:38:19.944005       1 installer_controller.go:550] "ip-10-0-108-54.us-west-1.compute.internal" is in transition to 2, but has not made progress because static pod is pending
2026-01-28T09:38:20.141499562Z I0128 09:38:20.141447       1 request.go:752] "Waited before sending request" delay="1.395977548s" reason="client-side throttling, not priority and fairness" verb="GET" URL="https://172.30.0.1:443/api/v1/namespaces/openshift-kube-apiserver/pods/kube-apiserver-ip-10-0-102-200.us-west-1.compute.internal"
2026-01-28T09:38:20.554912674Z E0128 09:38:20.554866       1 base_controller.go:279] "Unhandled Error" err="TargetConfigController reconciliation failed: KubeAPIServer.operator.openshift.io \"cluster\" is invalid: [status.nodeStatuses[1].currentRevision: Invalid value: \"object\": cannot be unset once set, status.nodeStatuses[2].currentRevision: Invalid value: \"object\": cannot be unset once set]"
2026-01-28T09:38:21.943717822Z E0128 09:38:21.943666       1 guard_controller.go:310] Missing operand on node ip-10-0-3-203.us-west-1.compute.internal
2026-01-28T09:38:21.945714492Z E0128 09:38:21.945681       1 base_controller.go:279] "Unhandled Error" err="GuardController reconciliation failed: Missing operand on node ip-10-0-3-203.us-west-1.compute.internal"
2026-01-28T09:38:22.770679552Z I0128 09:38:22.770621       1 warnings.go:110] "Warning: v1 Endpoints is deprecated in v1.33+; use discovery.k8s.io/v1 EndpointSlice"
2026-01-28T09:38:22.940843208Z I0128 09:38:22.940769       1 request.go:752] "Waited before sending request" delay="1.014558578s" reason="client-side throttling, not priority and fairness" verb="GET" URL="https://172.30.0.1:443/api/v1/namespaces/openshift-kube-apiserver/pods/kube-apiserver-ip-10-0-102-200.us-west-1.compute.internal"
2026-01-28T09:38:24.955899925Z E0128 09:38:24.955854       1 base_controller.go:279] "Unhandled Error" err="TargetConfigController reconciliation failed: KubeAPIServer.operator.openshift.io \"cluster\" is invalid: [status.nodeStatuses[1].currentRevision: Invalid value: \"object\": cannot be unset once set, status.nodeStatuses[2].currentRevision: Invalid value: \"object\": cannot be unset once set]"
2026-01-28T09:38:25.144446041Z I0128 09:38:25.144390       1 installer_controller.go:540] "ip-10-0-108-54.us-west-1.compute.internal" moving to (v1.NodeStatus) {
2026-01-28T09:38:25.144446041Z  NodeName: (string) (len=41) "ip-10-0-108-54.us-west-1.compute.internal",
2026-01-28T09:38:25.144446041Z  CurrentRevision: (int32) 2,
2026-01-28T09:38:25.144446041Z  TargetRevision: (int32) 0,
2026-01-28T09:38:25.144446041Z  LastFailedRevision: (int32) 0,
2026-01-28T09:38:25.144446041Z  LastFailedTime: (*v1.Time)(<nil>),
2026-01-28T09:38:25.144446041Z  LastFailedReason: (string) "",
2026-01-28T09:38:25.144446041Z  LastFailedCount: (int) 0,
2026-01-28T09:38:25.144446041Z  LastFallbackCount: (int) 0,
2026-01-28T09:38:25.144446041Z  LastFailedRevisionErrors: ([]string) <nil>
2026-01-28T09:38:25.144446041Z }
2026-01-28T09:38:25.144446041Z  because static pod is ready
2026-01-28T09:38:25.163849923Z I0128 09:38:25.163665       1 event.go:377] Event(v1.ObjectReference{Kind:"Deployment", Namespace:"openshift-kube-apiserver-operator", Name:"kube-apiserver-operator", UID:"0f90e131-ac50-4cb2-87c5-ad12ae1902a5", APIVersion:"apps/v1", ResourceVersion:"", FieldPath:""}): type: 'Normal' reason: 'NodeCurrentRevisionChanged' Updated node "ip-10-0-108-54.us-west-1.compute.internal" from revision 0 to 2 because static pod is ready
2026-01-28T09:38:25.175681326Z I0128 09:38:25.175646       1 prune_controller.go:277] Nothing to prune
2026-01-28T09:38:25.199808425Z I0128 09:38:25.199448       1 status_controller.go:230] clusteroperator/kube-apiserver diff {"status":{"conditions":[{"lastTransitionTime":"2026-01-28T09:32:36Z","message":"GuardControllerDegraded: Missing operand on node ip-10-0-3-203.us-west-1.compute.internal","reason":"GuardController_SyncError","status":"True","type":"Degraded"},{"lastTransitionTime":"2026-01-28T09:35:07Z","message":"NodeInstallerProgressing: 1 node is at revision 0; 1 node is at revision 1; 1 node is at revision 2","reason":"NodeInstaller","status":"True","type":"Progressing"},{"lastTransitionTime":"2026-01-28T09:36:11Z","message":"StaticPodsAvailable: 2 nodes are active; 1 node is at revision 0; 1 node is at revision 1; 1 node is at revision 2","reason":"AsExpected","status":"True","type":"Available"},{"lastTransitionTime":"2026-01-28T09:30:35Z","message":"KubeletMinorVersionUpgradeable: Kubelet and API server minor versions are synced.","reason":"AsExpected","status":"True","type":"Upgradeable"},{"lastTransitionTime":"2026-01-28T09:31:21Z","message":"PodSecurityInconclusiveEvaluationConditionsDetected: Could not evaluate violations for namespaces: [kube-node-lease openshift openshift-apiserver-operator openshift-cloud-credential-operator openshift-cloud-network-config-controller openshift-cluster-olm-operator openshift-cluster-samples-operator openshift-cluster-storage-operator openshift-config-managed openshift-config-operator openshift-console openshift-console-operator openshift-console-user-settings openshift-controller-manager-operator openshift-dns-operator openshift-host-network openshift-ingress-operator openshift-kube-controller-manager-operator openshift-kube-storage-version-migrator openshift-kube-storage-version-migrator-operator openshift-network-console openshift-network-diagnostics openshift-node openshift-service-ca openshift-service-ca-operator openshift-user-workload-monitoring]","reason":"PodSecurityInconclusive_PSViolationDecisionInconclusive","status":"True","type":"EvaluationConditionsDetected"}]}}
2026-01-28T09:38:25.214083860Z I0128 09:38:25.206917       1 connectivity_check_controller.go:172] ConnectivityCheckController is waiting for transition to desired version (4.20.0-0-2026-01-28-090915-test-ci-ln-vjb5l1t-latest) to be completed.
2026-01-28T09:38:25.219477720Z I0128 09:38:25.219435       1 event.go:377] Event(v1.ObjectReference{Kind:"Deployment", Namespace:"openshift-kube-apiserver-operator", Name:"kube-apiserver-operator", UID:"0f90e131-ac50-4cb2-87c5-ad12ae1902a5", APIVersion:"apps/v1", ResourceVersion:"", FieldPath:""}): type: 'Normal' reason: 'OperatorStatusChanged' Status for clusteroperator/kube-apiserver changed: Progressing message changed from "NodeInstallerProgressing: 2 nodes are at revision 0; 1 node is at revision 1; 0 nodes have achieved new revision 2" to "NodeInstallerProgressing: 1 node is at revision 0; 1 node is at revision 1; 1 node is at revision 2",Available message changed from "StaticPodsAvailable: 1 nodes are active; 2 nodes are at revision 0; 1 node is at revision 1; 0 nodes have achieved new revision 2" to "StaticPodsAvailable: 2 nodes are active; 1 node is at revision 0; 1 node is at revision 1; 1 node is at revision 2"
2026-01-28T09:38:25.343810719Z E0128 09:38:25.343762       1 guard_controller.go:310] Missing operand on node ip-10-0-3-203.us-west-1.compute.internal
2026-01-28T09:38:25.345143576Z E0128 09:38:25.345121       1 base_controller.go:279] "Unhandled Error" err="GuardController reconciliation failed: Missing operand on node ip-10-0-3-203.us-west-1.compute.internal"
2026-01-28T09:38:25.346448411Z E0128 09:38:25.346423       1 guard_controller.go:310] Missing operand on node ip-10-0-3-203.us-west-1.compute.internal
2026-01-28T09:38:26.340687713Z I0128 09:38:26.340636       1 request.go:752] "Waited before sending request" delay="1.152126982s" reason="client-side throttling, not priority and fairness" verb="GET" URL="https://172.30.0.1:443/api/v1/namespaces/openshift-kube-apiserver/pods/kube-apiserver-ip-10-0-102-200.us-west-1.compute.internal"
2026-01-28T09:38:27.340835011Z I0128 09:38:27.340772       1 request.go:752] "Waited before sending request" delay="1.393885404s" reason="client-side throttling, not priority and fairness" verb="GET" URL="https://172.30.0.1:443/api/v1/namespaces/openshift-kube-apiserver/pods/kube-apiserver-ip-10-0-108-54.us-west-1.compute.internal"
2026-01-28T09:38:29.545276884Z E0128 09:38:29.545221       1 base_controller.go:279] "Unhandled Error" err="GuardController reconciliation failed: Missing operand on node ip-10-0-3-203.us-west-1.compute.internal"
2026-01-28T09:38:29.761343840Z E0128 09:38:29.761269       1 base_controller.go:279] "Unhandled Error" err="TargetConfigController reconciliation failed: KubeAPIServer.operator.openshift.io \"cluster\" is invalid: status.nodeStatuses[2].currentRevision: Invalid value: \"object\": cannot be unset once set"
2026-01-28T09:38:44.831190586Z E0128 09:38:44.831106       1 guard_controller.go:310] Missing operand on node ip-10-0-3-203.us-west-1.compute.internal
2026-01-28T09:38:44.832793776Z E0128 09:38:44.832767       1 base_controller.go:279] "Unhandled Error" err="GuardController reconciliation failed: Missing operand on node ip-10-0-3-203.us-west-1.compute.internal"
2026-01-28T09:38:48.209944292Z I0128 09:38:48.209893       1 connectivity_check_controller.go:172] ConnectivityCheckController is waiting for transition to desired version (4.20.0-0-2026-01-28-090915-test-ci-ln-vjb5l1t-latest) to be completed.
2026-01-28T09:38:48.210492930Z I0128 09:38:48.210473       1 connectivity_check_controller.go:172] ConnectivityCheckController is waiting for transition to desired version (4.20.0-0-2026-01-28-090915-test-ci-ln-vjb5l1t-latest) to be completed.
2026-01-28T09:38:51.213213588Z I0128 09:38:51.213170       1 installer_controller.go:562] node ip-10-0-3-203.us-west-1.compute.internal static pod not found and needs new revision 2
2026-01-28T09:38:51.213213588Z I0128 09:38:51.213205       1 installer_controller.go:570] "ip-10-0-3-203.us-west-1.compute.internal" moving to (v1.NodeStatus) {
2026-01-28T09:38:51.213213588Z  NodeName: (string) (len=40) "ip-10-0-3-203.us-west-1.compute.internal",
2026-01-28T09:38:51.213213588Z  CurrentRevision: (int32) 0,
2026-01-28T09:38:51.213213588Z  TargetRevision: (int32) 2,
2026-01-28T09:38:51.213213588Z  LastFailedRevision: (int32) 0,
2026-01-28T09:38:51.213213588Z  LastFailedTime: (*v1.Time)(<nil>),
2026-01-28T09:38:51.213213588Z  LastFailedReason: (string) "",
2026-01-28T09:38:51.213213588Z  LastFailedCount: (int) 0,
2026-01-28T09:38:51.213213588Z  LastFallbackCount: (int) 0,
2026-01-28T09:38:51.213213588Z  LastFailedRevisionErrors: ([]string) <nil>
2026-01-28T09:38:51.213213588Z }
2026-01-28T09:38:51.233081283Z I0128 09:38:51.233017       1 event.go:377] Event(v1.ObjectReference{Kind:"Deployment", Namespace:"openshift-kube-apiserver-operator", Name:"kube-apiserver-operator", UID:"0f90e131-ac50-4cb2-87c5-ad12ae1902a5", APIVersion:"apps/v1", ResourceVersion:"", FieldPath:""}): type: 'Normal' reason: 'NodeTargetRevisionChanged' Updating node "ip-10-0-3-203.us-west-1.compute.internal" from revision 0 to 2 because node ip-10-0-3-203.us-west-1.compute.internal static pod not found
2026-01-28T09:38:51.244684144Z I0128 09:38:51.244636       1 connectivity_check_controller.go:172] ConnectivityCheckController is waiting for transition to desired version (4.20.0-0-2026-01-28-090915-test-ci-ln-vjb5l1t-latest) to be completed.
2026-01-28T09:38:51.261094967Z I0128 09:38:51.254997       1 prune_controller.go:277] Nothing to prune
2026-01-28T09:38:52.229373305Z I0128 09:38:52.228372       1 connectivity_check_controller.go:172] ConnectivityCheckController is waiting for transition to desired version (4.20.0-0-2026-01-28-090915-test-ci-ln-vjb5l1t-latest) to be completed.
2026-01-28T09:38:52.261740316Z I0128 09:38:52.261687       1 connectivity_check_controller.go:172] ConnectivityCheckController is waiting for transition to desired version (4.20.0-0-2026-01-28-090915-test-ci-ln-vjb5l1t-latest) to be completed.
2026-01-28T09:38:52.264354677Z I0128 09:38:52.264302       1 connectivity_check_controller.go:172] ConnectivityCheckController is waiting for transition to desired version (4.20.0-0-2026-01-28-090915-test-ci-ln-vjb5l1t-latest) to be completed.
2026-01-28T09:38:52.400986662Z I0128 09:38:52.400926       1 request.go:752] "Waited before sending request" delay="1.134498906s" reason="client-side throttling, not priority and fairness" verb="GET" URL="https://172.30.0.1:443/api/v1/namespaces/openshift-kube-apiserver/pods/kube-apiserver-ip-10-0-102-200.us-west-1.compute.internal"
2026-01-28T09:38:53.816287665Z E0128 09:38:53.816234       1 base_controller.go:279] "Unhandled Error" err="TargetConfigController reconciliation failed: KubeAPIServer.operator.openshift.io \"cluster\" is invalid: status.nodeStatuses[2].currentRevision: Invalid value: \"object\": cannot be unset once set"
2026-01-28T09:38:54.208711965Z I0128 09:38:54.208660       1 warnings.go:110] "Warning: metadata.name: this is used in the Pod's hostname, which can result in surprising behavior; a DNS label is recommended: [must not contain dots]"
2026-01-28T09:38:54.209044601Z I0128 09:38:54.208963       1 event.go:377] Event(v1.ObjectReference{Kind:"Deployment", Namespace:"openshift-kube-apiserver-operator", Name:"kube-apiserver-operator", UID:"0f90e131-ac50-4cb2-87c5-ad12ae1902a5", APIVersion:"apps/v1", ResourceVersion:"", FieldPath:""}): type: 'Normal' reason: 'PodCreated' Created Pod/installer-2-ip-10-0-3-203.us-west-1.compute.internal -n openshift-kube-apiserver because it was missing
2026-01-28T09:38:54.404341535Z I0128 09:38:54.404290       1 installer_controller.go:550] "ip-10-0-3-203.us-west-1.compute.internal" is in transition to 2, but has not made progress because installer is not finished, but in Pending phase
2026-01-28T09:38:57.606046275Z E0128 09:38:57.605978       1 guard_controller.go:310] Missing operand on node ip-10-0-3-203.us-west-1.compute.internal
2026-01-28T09:38:57.608091257Z E0128 09:38:57.608066       1 base_controller.go:279] "Unhandled Error" err="GuardController reconciliation failed: Missing operand on node ip-10-0-3-203.us-west-1.compute.internal"
2026-01-28T09:38:58.603982809Z I0128 09:38:58.603933       1 installer_controller.go:550] "ip-10-0-3-203.us-west-1.compute.internal" is in transition to 2, but has not made progress because installer is not finished, but in Running phase
2026-01-28T09:38:59.804301755Z E0128 09:38:59.804257       1 guard_controller.go:310] Missing operand on node ip-10-0-3-203.us-west-1.compute.internal
2026-01-28T09:38:59.805508985Z E0128 09:38:59.805487       1 base_controller.go:279] "Unhandled Error" err="GuardController reconciliation failed: Missing operand on node ip-10-0-3-203.us-west-1.compute.internal"
2026-01-28T09:39:00.403552922Z I0128 09:39:00.403491       1 installer_controller.go:550] "ip-10-0-3-203.us-west-1.compute.internal" is in transition to 2, but has not made progress because installer is not finished, but in Running phase
2026-01-28T09:39:05.080148402Z E0128 09:39:05.080088       1 base_controller.go:279] "Unhandled Error" err="CertRotationController reconciliation failed: KubeAPIServer.operator.openshift.io \"cluster\" is invalid: status.nodeStatuses[2].currentRevision: Invalid value: \"object\": cannot be unset once set"
2026-01-28T09:39:05.107468349Z E0128 09:39:05.107419       1 base_controller.go:279] "Unhandled Error" err="CertRotationController reconciliation failed: KubeAPIServer.operator.openshift.io \"cluster\" is invalid: status.nodeStatuses[2].currentRevision: Invalid value: \"object\": cannot be unset once set"
2026-01-28T09:39:05.148734515Z E0128 09:39:05.148698       1 base_controller.go:279] "Unhandled Error" err="CertRotationController reconciliation failed: KubeAPIServer.operator.openshift.io \"cluster\" is invalid: status.nodeStatuses[2].currentRevision: Invalid value: \"object\": cannot be unset once set"
2026-01-28T09:39:05.168901115Z E0128 09:39:05.168862       1 base_controller.go:279] "Unhandled Error" err="CertRotationController reconciliation failed: KubeAPIServer.operator.openshift.io \"cluster\" is invalid: status.nodeStatuses[2].currentRevision: Invalid value: \"object\": cannot be unset once set"
2026-01-28T09:39:05.175295785Z E0128 09:39:05.175266       1 base_controller.go:279] "Unhandled Error" err="CertRotationController reconciliation failed: KubeAPIServer.operator.openshift.io \"cluster\" is invalid: status.nodeStatuses[2].currentRevision: Invalid value: \"object\": cannot be unset once set"
2026-01-28T09:39:05.196976820Z E0128 09:39:05.196927       1 base_controller.go:279] "Unhandled Error" err="CertRotationController reconciliation failed: KubeAPIServer.operator.openshift.io \"cluster\" is invalid: status.nodeStatuses[2].currentRevision: Invalid value: \"object\": cannot be unset once set"
2026-01-28T09:39:05.204447294Z E0128 09:39:05.204398       1 base_controller.go:279] "Unhandled Error" err="CertRotationController reconciliation failed: KubeAPIServer.operator.openshift.io \"cluster\" is invalid: status.nodeStatuses[2].currentRevision: Invalid value: \"object\": cannot be unset once set"
2026-01-28T09:39:05.204447294Z E0128 09:39:05.204408       1 base_controller.go:279] "Unhandled Error" err="CertRotationController reconciliation failed: KubeAPIServer.operator.openshift.io \"cluster\" is invalid: status.nodeStatuses[2].currentRevision: Invalid value: \"object\": cannot be unset once set"
2026-01-28T09:39:05.212705497Z E0128 09:39:05.212664       1 base_controller.go:279] "Unhandled Error" err="CertRotationController reconciliation failed: KubeAPIServer.operator.openshift.io \"cluster\" is invalid: status.nodeStatuses[2].currentRevision: Invalid value: \"object\": cannot be unset once set"
2026-01-28T09:39:05.218301038Z E0128 09:39:05.218273       1 base_controller.go:279] "Unhandled Error" err="CertRotationController reconciliation failed: KubeAPIServer.operator.openshift.io \"cluster\" is invalid: status.nodeStatuses[2].currentRevision: Invalid value: \"object\": cannot be unset once set"
2026-01-28T09:39:05.297068381Z E0128 09:39:05.297001       1 base_controller.go:279] "Unhandled Error" err="CertRotationController reconciliation failed: KubeAPIServer.operator.openshift.io \"cluster\" is invalid: status.nodeStatuses[2].currentRevision: Invalid value: \"object\": cannot be unset once set"
2026-01-28T09:39:05.478762616Z E0128 09:39:05.478720       1 base_controller.go:279] "Unhandled Error" err="CertRotationController reconciliation failed: KubeAPIServer.operator.openshift.io \"cluster\" is invalid: status.nodeStatuses[2].currentRevision: Invalid value: \"object\": cannot be unset once set"
2026-01-28T09:39:05.678556807Z E0128 09:39:05.678504       1 base_controller.go:279] "Unhandled Error" err="TargetConfigController reconciliation failed: KubeAPIServer.operator.openshift.io \"cluster\" is invalid: status.nodeStatuses[2].currentRevision: Invalid value: \"object\": cannot be unset once set"
2026-01-28T09:39:10.798960024Z E0128 09:39:10.798903       1 guard_controller.go:310] Missing operand on node ip-10-0-3-203.us-west-1.compute.internal
2026-01-28T09:39:10.821247800Z E0128 09:39:10.821195       1 base_controller.go:279] "Unhandled Error" err="GuardController reconciliation failed: Missing operand on node ip-10-0-3-203.us-west-1.compute.internal"
2026-01-28T09:39:10.926172642Z E0128 09:39:10.922688       1 guard_controller.go:310] Missing operand on node ip-10-0-3-203.us-west-1.compute.internal
2026-01-28T09:39:10.940639296Z E0128 09:39:10.940473       1 base_controller.go:279] "Unhandled Error" err="GuardController reconciliation failed: Missing operand on node ip-10-0-3-203.us-west-1.compute.internal"
2026-01-28T09:39:20.820761964Z E0128 09:39:20.820618       1 guard_controller.go:310] Missing operand on node ip-10-0-3-203.us-west-1.compute.internal
2026-01-28T09:39:20.824050658Z E0128 09:39:20.823443       1 base_controller.go:279] "Unhandled Error" err="GuardController reconciliation failed: Missing operand on node ip-10-0-3-203.us-west-1.compute.internal"
2026-01-28T09:39:21.204063198Z E0128 09:39:21.203971       1 guard_controller.go:310] Missing operand on node ip-10-0-3-203.us-west-1.compute.internal
2026-01-28T09:39:21.224716171Z E0128 09:39:21.224482       1 base_controller.go:279] "Unhandled Error" err="GuardController reconciliation failed: Missing operand on node ip-10-0-3-203.us-west-1.compute.internal"
2026-01-28T09:39:25.700518907Z I0128 09:39:25.700469       1 connectivity_check_controller.go:172] ConnectivityCheckController is waiting for transition to desired version (4.20.0-0-2026-01-28-090915-test-ci-ln-vjb5l1t-latest) to be completed.
2026-01-28T09:39:32.630948445Z E0128 09:39:32.630901       1 guard_controller.go:316] Missing PodIP in operand kube-apiserver-ip-10-0-3-203.us-west-1.compute.internal on node ip-10-0-3-203.us-west-1.compute.internal
2026-01-28T09:39:32.658433880Z E0128 09:39:32.658384       1 base_controller.go:279] "Unhandled Error" err="GuardController reconciliation failed: Missing PodIP in operand kube-apiserver-ip-10-0-3-203.us-west-1.compute.internal on node ip-10-0-3-203.us-west-1.compute.internal"
2026-01-28T09:39:32.662975317Z I0128 09:39:32.662938       1 status_controller.go:230] clusteroperator/kube-apiserver diff {"status":{"conditions":[{"lastTransitionTime":"2026-01-28T09:32:36Z","message":"GuardControllerDegraded: Missing PodIP in operand kube-apiserver-ip-10-0-3-203.us-west-1.compute.internal on node ip-10-0-3-203.us-west-1.compute.internal","reason":"GuardController_SyncError","status":"True","type":"Degraded"},{"lastTransitionTime":"2026-01-28T09:35:07Z","message":"NodeInstallerProgressing: 1 node is at revision 0; 1 node is at revision 1; 1 node is at revision 2","reason":"NodeInstaller","status":"True","type":"Progressing"},{"lastTransitionTime":"2026-01-28T09:36:11Z","message":"StaticPodsAvailable: 2 nodes are active; 1 node is at revision 0; 1 node is at revision 1; 1 node is at revision 2","reason":"AsExpected","status":"True","type":"Available"},{"lastTransitionTime":"2026-01-28T09:30:35Z","message":"KubeletMinorVersionUpgradeable: Kubelet and API server minor versions are synced.","reason":"AsExpected","status":"True","type":"Upgradeable"},{"lastTransitionTime":"2026-01-28T09:31:21Z","message":"PodSecurityInconclusiveEvaluationConditionsDetected: Could not evaluate violations for namespaces: [kube-node-lease openshift openshift-apiserver-operator openshift-cloud-credential-operator openshift-cloud-network-config-controller openshift-cluster-olm-operator openshift-cluster-samples-operator openshift-cluster-storage-operator openshift-config-managed openshift-config-operator openshift-console openshift-console-operator openshift-console-user-settings openshift-controller-manager-operator openshift-dns-operator openshift-host-network openshift-ingress-operator openshift-kube-controller-manager-operator openshift-kube-storage-version-migrator openshift-kube-storage-version-migrator-operator openshift-network-console openshift-network-diagnostics openshift-node openshift-service-ca openshift-service-ca-operator openshift-user-workload-monitoring]","reason":"PodSecurityInconclusive_PSViolationDecisionInconclusive","status":"True","type":"EvaluationConditionsDetected"}]}}
2026-01-28T09:39:32.678735665Z I0128 09:39:32.678697       1 prune_controller.go:277] Nothing to prune
2026-01-28T09:39:32.684790688Z I0128 09:39:32.684747       1 connectivity_check_controller.go:172] ConnectivityCheckController is waiting for transition to desired version (4.20.0-0-2026-01-28-090915-test-ci-ln-vjb5l1t-latest) to be completed.
2026-01-28T09:39:32.688390038Z I0128 09:39:32.688352       1 event.go:377] Event(v1.ObjectReference{Kind:"Deployment", Namespace:"openshift-kube-apiserver-operator", Name:"kube-apiserver-operator", UID:"0f90e131-ac50-4cb2-87c5-ad12ae1902a5", APIVersion:"apps/v1", ResourceVersion:"", FieldPath:""}): type: 'Normal' reason: 'OperatorStatusChanged' Status for clusteroperator/kube-apiserver changed: Degraded message changed from "GuardControllerDegraded: Missing operand on node ip-10-0-3-203.us-west-1.compute.internal" to "GuardControllerDegraded: Missing PodIP in operand kube-apiserver-ip-10-0-3-203.us-west-1.compute.internal on node ip-10-0-3-203.us-west-1.compute.internal"
2026-01-28T09:39:33.827187526Z I0128 09:39:33.827117       1 request.go:752] "Waited before sending request" delay="1.136577436s" reason="client-side throttling, not priority and fairness" verb="GET" URL="https://172.30.0.1:443/api/v1/namespaces/openshift-kube-apiserver/configmaps/config"
2026-01-28T09:39:34.827225371Z I0128 09:39:34.827158       1 request.go:752] "Waited before sending request" delay="1.840026035s" reason="client-side throttling, not priority and fairness" verb="GET" URL="https://172.30.0.1:443/api/v1/namespaces/openshift-kube-apiserver/pods?labelSelector=app%3Dopenshift-kube-apiserver"
2026-01-28T09:39:35.166513163Z I0128 09:39:35.166464       1 warnings.go:110] "Warning: v1 Endpoints is deprecated in v1.33+; use discovery.k8s.io/v1 EndpointSlice"
2026-01-28T09:39:35.827530390Z I0128 09:39:35.827395       1 request.go:752] "Waited before sending request" delay="1.396617804s" reason="client-side throttling, not priority and fairness" verb="GET" URL="https://172.30.0.1:443/api/v1/namespaces/openshift-kube-apiserver/pods?labelSelector=app%3Dinstaller"
2026-01-28T09:39:36.612457195Z I0128 09:39:36.609740       1 connectivity_check_controller.go:172] ConnectivityCheckController is waiting for transition to desired version (4.20.0-0-2026-01-28-090915-test-ci-ln-vjb5l1t-latest) to be completed.
2026-01-28T09:39:37.026695506Z I0128 09:39:37.026653       1 request.go:752] "Waited before sending request" delay="1.397678217s" reason="client-side throttling, not priority and fairness" verb="GET" URL="https://172.30.0.1:443/api/v1/namespaces/openshift-kube-apiserver/pods/installer-2-ip-10-0-3-203.us-west-1.compute.internal"
2026-01-28T09:39:38.030103251Z I0128 09:39:38.030061       1 installer_controller.go:550] "ip-10-0-3-203.us-west-1.compute.internal" is in transition to 2, but has not made progress because static pod is pending
2026-01-28T09:39:38.643331567Z E0128 09:39:38.643264       1 base_controller.go:279] "Unhandled Error" err="TargetConfigController reconciliation failed: KubeAPIServer.operator.openshift.io \"cluster\" is invalid: status.nodeStatuses[2].currentRevision: Invalid value: \"object\": cannot be unset once set"
2026-01-28T09:39:39.027189729Z I0128 09:39:39.027003       1 request.go:752] "Waited before sending request" delay="1.074828757s" reason="client-side throttling, not priority and fairness" verb="GET" URL="https://172.30.0.1:443/api/v1/namespaces/openshift-kube-apiserver/pods?labelSelector=app%3Dopenshift-kube-apiserver"
2026-01-28T09:39:41.033325033Z I0128 09:39:41.033255       1 warnings.go:110] "Warning: metadata.name: this is used in the Pod's hostname, which can result in surprising behavior; a DNS label is recommended: [must not contain dots]"
2026-01-28T09:39:41.035708192Z I0128 09:39:41.035630       1 event.go:377] Event(v1.ObjectReference{Kind:"Deployment", Namespace:"openshift-kube-apiserver-operator", Name:"kube-apiserver-operator", UID:"0f90e131-ac50-4cb2-87c5-ad12ae1902a5", APIVersion:"apps/v1", ResourceVersion:"", FieldPath:""}): type: 'Normal' reason: 'PodCreated' Created Pod/kube-apiserver-guard-ip-10-0-3-203.us-west-1.compute.internal -n openshift-kube-apiserver because it was missing
2026-01-28T09:39:41.080649880Z I0128 09:39:41.080546       1 connectivity_check_controller.go:172] ConnectivityCheckController is waiting for transition to desired version (4.20.0-0-2026-01-28-090915-test-ci-ln-vjb5l1t-latest) to be completed.
2026-01-28T09:39:41.084902793Z I0128 09:39:41.084865       1 status_controller.go:230] clusteroperator/kube-apiserver diff {"status":{"conditions":[{"lastTransitionTime":"2026-01-28T09:39:41Z","message":"NodeControllerDegraded: All master nodes are ready","reason":"AsExpected","status":"False","type":"Degraded"},{"lastTransitionTime":"2026-01-28T09:35:07Z","message":"NodeInstallerProgressing: 1 node is at revision 0; 1 node is at revision 1; 1 node is at revision 2","reason":"NodeInstaller","status":"True","type":"Progressing"},{"lastTransitionTime":"2026-01-28T09:36:11Z","message":"StaticPodsAvailable: 2 nodes are active; 1 node is at revision 0; 1 node is at revision 1; 1 node is at revision 2","reason":"AsExpected","status":"True","type":"Available"},{"lastTransitionTime":"2026-01-28T09:30:35Z","message":"KubeletMinorVersionUpgradeable: Kubelet and API server minor versions are synced.","reason":"AsExpected","status":"True","type":"Upgradeable"},{"lastTransitionTime":"2026-01-28T09:31:21Z","message":"PodSecurityInconclusiveEvaluationConditionsDetected: Could not evaluate violations for namespaces: [kube-node-lease openshift openshift-apiserver-operator openshift-cloud-credential-operator openshift-cloud-network-config-controller openshift-cluster-olm-operator openshift-cluster-samples-operator openshift-cluster-storage-operator openshift-config-managed openshift-config-operator openshift-console openshift-console-operator openshift-console-user-settings openshift-controller-manager-operator openshift-dns-operator openshift-host-network openshift-ingress-operator openshift-kube-controller-manager-operator openshift-kube-storage-version-migrator openshift-kube-storage-version-migrator-operator openshift-network-console openshift-network-diagnostics openshift-node openshift-service-ca openshift-service-ca-operator openshift-user-workload-monitoring]","reason":"PodSecurityInconclusive_PSViolationDecisionInconclusive","status":"True","type":"EvaluationConditionsDetected"}]}}
2026-01-28T09:39:41.091341875Z I0128 09:39:41.091301       1 prune_controller.go:277] Nothing to prune
2026-01-28T09:39:41.097828900Z I0128 09:39:41.097791       1 event.go:377] Event(v1.ObjectReference{Kind:"Deployment", Namespace:"openshift-kube-apiserver-operator", Name:"kube-apiserver-operator", UID:"0f90e131-ac50-4cb2-87c5-ad12ae1902a5", APIVersion:"apps/v1", ResourceVersion:"", FieldPath:""}): type: 'Normal' reason: 'OperatorStatusChanged' Status for clusteroperator/kube-apiserver changed: Degraded changed from True to False ("NodeControllerDegraded: All master nodes are ready")
2026-01-28T09:39:42.226691030Z I0128 09:39:42.226645       1 request.go:752] "Waited before sending request" delay="1.15704073s" reason="client-side throttling, not priority and fairness" verb="GET" URL="https://172.30.0.1:443/api/v1/namespaces/openshift-kube-apiserver/serviceaccounts/installer-sa"
2026-01-28T09:39:43.227339396Z I0128 09:39:43.227290       1 request.go:752] "Waited before sending request" delay="1.997102623s" reason="client-side throttling, not priority and fairness" verb="GET" URL="https://172.30.0.1:443/api/v1/namespaces/openshift-kube-apiserver/pods/kube-apiserver-ip-10-0-3-203.us-west-1.compute.internal"
2026-01-28T09:39:44.427203077Z I0128 09:39:44.427150       1 request.go:752] "Waited before sending request" delay="1.397894338s" reason="client-side throttling, not priority and fairness" verb="GET" URL="https://172.30.0.1:443/api/v1/namespaces/openshift-kube-apiserver/services/apiserver"
2026-01-28T09:39:44.829528383Z I0128 09:39:44.829449       1 installer_controller.go:550] "ip-10-0-3-203.us-west-1.compute.internal" is in transition to 2, but has not made progress because static pod is pending
2026-01-28T09:39:45.427202212Z I0128 09:39:45.427142       1 request.go:752] "Waited before sending request" delay="1.39753482s" reason="client-side throttling, not priority and fairness" verb="GET" URL="https://172.30.0.1:443/api/v1/namespaces/openshift-kube-apiserver/pods/kube-apiserver-guard-ip-10-0-108-54.us-west-1.compute.internal"
2026-01-28T09:39:47.440496113Z E0128 09:39:47.440443       1 base_controller.go:279] "Unhandled Error" err="TargetConfigController reconciliation failed: KubeAPIServer.operator.openshift.io \"cluster\" is invalid: status.nodeStatuses[2].currentRevision: Invalid value: \"object\": cannot be unset once set"
2026-01-28T09:39:47.830184536Z I0128 09:39:47.830131       1 core.go:220] Pod "openshift-kube-apiserver/kube-apiserver-guard-ip-10-0-3-203.us-west-1.compute.internal" changes: {"apiVersion":"v1","kind":"Pod","metadata":{"annotations":{"k8s.ovn.org/pod-networks":null,"k8s.v1.cni.cncf.io/network-status":null,"target.workload.openshift.io/management":"{\"effect\": \"PreferredDuringScheduling\"}"},"creationTimestamp":null,"generation":null,"managedFields":null,"resourceVersion":null,"uid":null},"spec":{"containers":[{"args":["-c","# properly handle TERM and exit as soon as it is signaled\nset -euo pipefail\ntrap 'jobs -p | xargs -r kill; exit 0' TERM\nsleep infinity \u0026 wait\n"],"command":["/bin/bash"],"image":"registry.build11.ci.openshift.org/ci-ln-vjb5l1t/stable@sha256:0554bda0a96d190367ed63955b942dd3552e1d90e8586dfd9f8879c964bf245d","imagePullPolicy":"IfNotPresent","name":"guard","readinessProbe":{"failureThreshold":3,"httpGet":{"host":"10.0.3.203","path":"readyz","port":6443,"scheme":"HTTPS"},"periodSeconds":5,"successThreshold":1,"timeoutSeconds":5},"resources":{"requests":{"cpu":"10m","memory":"5Mi"}},"terminationMessagePolicy":"FallbackToLogsOnError"}],"dnsPolicy":null,"enableServiceLinks":null,"preemptionPolicy":null,"priority":null,"restartPolicy":null,"schedulerName":null,"securityContext":null,"serviceAccount":null,"serviceAccountName":null,"volumes":null},"status":{"conditions":null,"containerStatuses":null,"hostIP":null,"hostIPs":null,"phase":null,"podIP":null,"podIPs":null,"qosClass":null,"startTime":null}}
2026-01-28T09:39:48.237888551Z I0128 09:39:48.237826       1 event.go:377] Event(v1.ObjectReference{Kind:"Deployment", Namespace:"openshift-kube-apiserver-operator", Name:"kube-apiserver-operator", UID:"0f90e131-ac50-4cb2-87c5-ad12ae1902a5", APIVersion:"apps/v1", ResourceVersion:"", FieldPath:""}): type: 'Normal' reason: 'PodUpdated' Updated Pod/kube-apiserver-guard-ip-10-0-3-203.us-west-1.compute.internal -n openshift-kube-apiserver because it changed
2026-01-28T09:39:49.429325770Z I0128 09:39:49.429270       1 installer_controller.go:540] "ip-10-0-3-203.us-west-1.compute.internal" moving to (v1.NodeStatus) {
2026-01-28T09:39:49.429325770Z  NodeName: (string) (len=40) "ip-10-0-3-203.us-west-1.compute.internal",
2026-01-28T09:39:49.429325770Z  CurrentRevision: (int32) 2,
2026-01-28T09:39:49.429325770Z  TargetRevision: (int32) 0,
2026-01-28T09:39:49.429325770Z  LastFailedRevision: (int32) 0,
2026-01-28T09:39:49.429325770Z  LastFailedTime: (*v1.Time)(<nil>),
2026-01-28T09:39:49.429325770Z  LastFailedReason: (string) "",
2026-01-28T09:39:49.429325770Z  LastFailedCount: (int) 0,
2026-01-28T09:39:49.429325770Z  LastFallbackCount: (int) 0,
2026-01-28T09:39:49.429325770Z  LastFailedRevisionErrors: ([]string) <nil>
2026-01-28T09:39:49.429325770Z }
2026-01-28T09:39:49.429325770Z  because static pod is ready
2026-01-28T09:39:49.448917380Z I0128 09:39:49.448778       1 event.go:377] Event(v1.ObjectReference{Kind:"Deployment", Namespace:"openshift-kube-apiserver-operator", Name:"kube-apiserver-operator", UID:"0f90e131-ac50-4cb2-87c5-ad12ae1902a5", APIVersion:"apps/v1", ResourceVersion:"", FieldPath:""}): type: 'Normal' reason: 'NodeCurrentRevisionChanged' Updated node "ip-10-0-3-203.us-west-1.compute.internal" from revision 0 to 2 because static pod is ready
2026-01-28T09:39:49.474797165Z I0128 09:39:49.474634       1 connectivity_check_controller.go:172] ConnectivityCheckController is waiting for transition to desired version (4.20.0-0-2026-01-28-090915-test-ci-ln-vjb5l1t-latest) to be completed.
2026-01-28T09:39:49.476123821Z I0128 09:39:49.476011       1 prune_controller.go:277] Nothing to prune
2026-01-28T09:39:49.488325651Z I0128 09:39:49.481264       1 status_controller.go:230] clusteroperator/kube-apiserver diff {"status":{"conditions":[{"lastTransitionTime":"2026-01-28T09:39:41Z","message":"NodeControllerDegraded: All master nodes are ready","reason":"AsExpected","status":"False","type":"Degraded"},{"lastTransitionTime":"2026-01-28T09:35:07Z","message":"NodeInstallerProgressing: 1 node is at revision 1; 2 nodes are at revision 2","reason":"NodeInstaller","status":"True","type":"Progressing"},{"lastTransitionTime":"2026-01-28T09:36:11Z","message":"StaticPodsAvailable: 3 nodes are active; 1 node is at revision 1; 2 nodes are at revision 2","reason":"AsExpected","status":"True","type":"Available"},{"lastTransitionTime":"2026-01-28T09:30:35Z","message":"KubeletMinorVersionUpgradeable: Kubelet and API server minor versions are synced.","reason":"AsExpected","status":"True","type":"Upgradeable"},{"lastTransitionTime":"2026-01-28T09:31:21Z","message":"PodSecurityInconclusiveEvaluationConditionsDetected: Could not evaluate violations for namespaces: [kube-node-lease openshift openshift-apiserver-operator openshift-cloud-credential-operator openshift-cloud-network-config-controller openshift-cluster-olm-operator openshift-cluster-samples-operator openshift-cluster-storage-operator openshift-config-managed openshift-config-operator openshift-console openshift-console-operator openshift-console-user-settings openshift-controller-manager-operator openshift-dns-operator openshift-host-network openshift-ingress-operator openshift-kube-controller-manager-operator openshift-kube-storage-version-migrator openshift-kube-storage-version-migrator-operator openshift-network-console openshift-network-diagnostics openshift-node openshift-service-ca openshift-service-ca-operator openshift-user-workload-monitoring]","reason":"PodSecurityInconclusive_PSViolationDecisionInconclusive","status":"True","type":"EvaluationConditionsDetected"}]}}
2026-01-28T09:39:49.510981535Z I0128 09:39:49.510883       1 event.go:377] Event(v1.ObjectReference{Kind:"Deployment", Namespace:"openshift-kube-apiserver-operator", Name:"kube-apiserver-operator", UID:"0f90e131-ac50-4cb2-87c5-ad12ae1902a5", APIVersion:"apps/v1", ResourceVersion:"", FieldPath:""}): type: 'Normal' reason: 'OperatorStatusChanged' Status for clusteroperator/kube-apiserver changed: Progressing message changed from "NodeInstallerProgressing: 1 node is at revision 0; 1 node is at revision 1; 1 node is at revision 2" to "NodeInstallerProgressing: 1 node is at revision 1; 2 nodes are at revision 2",Available message changed from "StaticPodsAvailable: 2 nodes are active; 1 node is at revision 0; 1 node is at revision 1; 1 node is at revision 2" to "StaticPodsAvailable: 3 nodes are active; 1 node is at revision 1; 2 nodes are at revision 2"
2026-01-28T09:39:50.626724648Z I0128 09:39:50.626669       1 request.go:752] "Waited before sending request" delay="1.167154304s" reason="client-side throttling, not priority and fairness" verb="GET" URL="https://172.30.0.1:443/api/v1/namespaces/openshift-kube-apiserver/serviceaccounts/installer-sa"
2026-01-28T09:39:51.820693303Z I0128 09:39:51.820610       1 event.go:377] Event(v1.ObjectReference{Kind:"Deployment", Namespace:"openshift-kube-apiserver-operator", Name:"kube-apiserver-operator", UID:"0f90e131-ac50-4cb2-87c5-ad12ae1902a5", APIVersion:"apps/v1", ResourceVersion:"", FieldPath:""}): type: 'Normal' reason: 'StartingNewRevision' new revision 3 triggered by "required secret/localhost-recovery-client-token has changed"
2026-01-28T09:39:51.827293193Z I0128 09:39:51.827250       1 request.go:752] "Waited before sending request" delay="1.997006826s" reason="client-side throttling, not priority and fairness" verb="GET" URL="https://172.30.0.1:443/api/v1/namespaces/openshift-kube-apiserver/pods/kube-apiserver-guard-ip-10-0-3-203.us-west-1.compute.internal"
2026-01-28T09:39:52.196145234Z I0128 09:39:52.195497       1 connectivity_check_controller.go:172] ConnectivityCheckController is waiting for transition to desired version (4.20.0-0-2026-01-28-090915-test-ci-ln-vjb5l1t-latest) to be completed.
2026-01-28T09:39:52.691921584Z I0128 09:39:52.691880       1 prune_controller.go:277] Nothing to prune
2026-01-28T09:39:53.028539823Z I0128 09:39:53.027959       1 request.go:752] "Waited before sending request" delay="1.211710203s" reason="client-side throttling, not priority and fairness" verb="POST" URL="https://172.30.0.1:443/api/v1/namespaces/openshift-kube-apiserver/configmaps"
2026-01-28T09:39:53.037414897Z I0128 09:39:53.037376       1 prune_controller.go:277] Nothing to prune
2026-01-28T09:39:53.572621990Z I0128 09:39:53.572310       1 reflector.go:430] "Caches populated" type="*v1.Authentication" reflector="k8s.io/client-go@v0.33.2/tools/cache/reflector.go:285"
2026-01-28T09:39:54.235076678Z I0128 09:39:54.234615       1 connectivity_check_controller.go:172] ConnectivityCheckController is waiting for transition to desired version (4.20.0-0-2026-01-28-090915-test-ci-ln-vjb5l1t-latest) to be completed.
2026-01-28T09:39:54.247064117Z I0128 09:39:54.244775       1 request.go:752] "Waited before sending request" delay="1.542352003s" reason="client-side throttling, not priority and fairness" verb="GET" URL="https://172.30.0.1:443/api/v1/namespaces/openshift-kube-apiserver/configmaps/kube-apiserver-audit-policies"
2026-01-28T09:39:54.320799826Z I0128 09:39:54.320739       1 prune_controller.go:277] Nothing to prune
2026-01-28T09:39:54.337507581Z I0128 09:39:54.337361       1 prune_controller.go:277] Nothing to prune
2026-01-28T09:39:54.360226028Z I0128 09:39:54.358989       1 connectivity_check_controller.go:172] ConnectivityCheckController is waiting for transition to desired version (4.20.0-0-2026-01-28-090915-test-ci-ln-vjb5l1t-latest) to be completed.
2026-01-28T09:39:54.637755871Z I0128 09:39:54.635953       1 event.go:377] Event(v1.ObjectReference{Kind:"Deployment", Namespace:"openshift-kube-apiserver-operator", Name:"kube-apiserver-operator", UID:"0f90e131-ac50-4cb2-87c5-ad12ae1902a5", APIVersion:"apps/v1", ResourceVersion:"", FieldPath:""}): type: 'Normal' reason: 'ConfigMapCreated' Created ConfigMap/kube-apiserver-pod-3 -n openshift-kube-apiserver because it was missing
2026-01-28T09:39:54.642495488Z I0128 09:39:54.642455       1 prune_controller.go:277] Nothing to prune
2026-01-28T09:39:55.356223481Z I0128 09:39:55.356179       1 prune_controller.go:277] Nothing to prune
2026-01-28T09:39:55.364800460Z I0128 09:39:55.364747       1 connectivity_check_controller.go:172] ConnectivityCheckController is waiting for transition to desired version (4.20.0-0-2026-01-28-090915-test-ci-ln-vjb5l1t-latest) to be completed.
2026-01-28T09:39:55.427618472Z I0128 09:39:55.427415       1 request.go:752] "Waited before sending request" delay="1.410834924s" reason="client-side throttling, not priority and fairness" verb="GET" URL="https://172.30.0.1:443/api/v1/namespaces/openshift-kube-apiserver"
2026-01-28T09:39:55.566532041Z I0128 09:39:55.566485       1 connectivity_check_controller.go:172] ConnectivityCheckController is waiting for transition to desired version (4.20.0-0-2026-01-28-090915-test-ci-ln-vjb5l1t-latest) to be completed.
2026-01-28T09:39:55.575593914Z I0128 09:39:55.571626       1 prune_controller.go:277] Nothing to prune
2026-01-28T09:39:56.428711210Z I0128 09:39:56.428241       1 request.go:752] "Waited before sending request" delay="1.792434693s" reason="client-side throttling, not priority and fairness" verb="POST" URL="https://172.30.0.1:443/api/v1/namespaces/openshift-kube-apiserver/configmaps"
2026-01-28T09:39:56.435047817Z I0128 09:39:56.434470       1 event.go:377] Event(v1.ObjectReference{Kind:"Deployment", Namespace:"openshift-kube-apiserver-operator", Name:"kube-apiserver-operator", UID:"0f90e131-ac50-4cb2-87c5-ad12ae1902a5", APIVersion:"apps/v1", ResourceVersion:"", FieldPath:""}): type: 'Normal' reason: 'ConfigMapCreated' Created ConfigMap/config-3 -n openshift-kube-apiserver because it was missing
2026-01-28T09:39:56.437646367Z I0128 09:39:56.437613       1 prune_controller.go:277] Nothing to prune
2026-01-28T09:39:57.082668883Z I0128 09:39:57.082615       1 connectivity_check_controller.go:172] ConnectivityCheckController is waiting for transition to desired version (4.20.0-0-2026-01-28-090915-test-ci-ln-vjb5l1t-latest) to be completed.
2026-01-28T09:39:57.092147757Z I0128 09:39:57.092106       1 prune_controller.go:277] Nothing to prune
2026-01-28T09:39:57.627191101Z I0128 09:39:57.627127       1 request.go:752] "Waited before sending request" delay="1.793552739s" reason="client-side throttling, not priority and fairness" verb="GET" URL="https://172.30.0.1:443/api/v1/namespaces/openshift-kube-apiserver/serviceaccounts/installer-sa"
2026-01-28T09:39:58.236677269Z I0128 09:39:58.236623       1 event.go:377] Event(v1.ObjectReference{Kind:"Deployment", Namespace:"openshift-kube-apiserver-operator", Name:"kube-apiserver-operator", UID:"0f90e131-ac50-4cb2-87c5-ad12ae1902a5", APIVersion:"apps/v1", ResourceVersion:"", FieldPath:""}): type: 'Normal' reason: 'ConfigMapCreated' Created ConfigMap/kube-apiserver-cert-syncer-kubeconfig-3 -n openshift-kube-apiserver because it was missing
2026-01-28T09:39:58.237233067Z I0128 09:39:58.237127       1 prune_controller.go:277] Nothing to prune
2026-01-28T09:39:58.478365519Z I0128 09:39:58.478327       1 prune_controller.go:277] Nothing to prune
2026-01-28T09:39:58.492992341Z I0128 09:39:58.492780       1 connectivity_check_controller.go:172] ConnectivityCheckController is waiting for transition to desired version (4.20.0-0-2026-01-28-090915-test-ci-ln-vjb5l1t-latest) to be completed.
2026-01-28T09:39:58.627396954Z I0128 09:39:58.627308       1 request.go:752] "Waited before sending request" delay="1.797501766s" reason="client-side throttling, not priority and fairness" verb="GET" URL="https://172.30.0.1:443/api/v1/namespaces/openshift-kube-apiserver/pods/kube-apiserver-ip-10-0-3-203.us-west-1.compute.internal"
2026-01-28T09:39:59.036626335Z I0128 09:39:59.036574       1 core.go:352] ConfigMap "openshift-kube-apiserver/sa-token-signing-certs" changes: {"data":{"service-account-002.pub":"-----BEGIN RSA PUBLIC KEY-----\nMIICIjANBgkqhkiG9w0BAQEFAAOCAg8AMIICCgKCAgEAvIC8lLnZvvg/tjUj82Vd\nhyxGnEQhWYTbytnbWlEHVjlVOrTKfYhM3mFezf4F5O3vtAgP8mmASZTBX4Ns71oZ\nxioDXsXjwTXOYk4kmO9u5NYZDGKMVJk6FAllmTXs8qvbEntpIAWsPqwPDG7mCHay\n4yBfBxkRfRy8Lh+dpF1WJrMODnQxvxHELnzcthqMnYqRsEoCaykpMlJyyX4+OV+j\nnwuPgZiLWrNJt0s4UR7plT9uU1TuZydRu1a7eWRKhVTPqZ4vbOlWUFtFb81pOcor\nqR7eVJbek8iYb4ksvy0jW/pmqNewv8FgvwsztIRh/WDomufCmIlai0JuWFRjxAP/\nX7WaG4OpKCSsFaTqfAViy7t5bOSGpxn8ry+bVwF9EmUIUhRYha7URDmukBUv0YUo\n/li5kL5R8Zu1RN2BKqteie1v1btSJu8fTKfS2SkbIwb+8nni9Y0Ugk4MBDH01o7n\naC30b+d3N1YzYzckc/83+Mw5l2ROibkJKvcjDQURr4/uuDVMKz0fFvig1V1LwfN8\nNWWFIy6MesMjuVIBjjjj36yxSlbmy9WywMiEmZ3i6t4MT7PnIrdFwL6D/IYBheLK\nCg8oAhEllWt3JzOPEAGGAq9RAirkNFQw/1SzWESng8uXFGQKPqwurPTQ82C+XDxs\nAQ/iWV5mJXn9QUBwcPGC/usCAwEAAQ==\n-----END RSA PUBLIC KEY-----\n"},"metadata":{"creationTimestamp":"2026-01-28T09:26:15Z","managedFields":[{"apiVersion":"v1","fieldsType":"FieldsV1","fieldsV1":{"f:data":{".":{},"f:service-account-001.pub":{}}},"manager":"cluster-bootstrap","operation":"Update","time":"2026-01-28T09:26:15Z"},{"apiVersion":"v1","fieldsType":"FieldsV1","fieldsV1":{"f:data":{"f:service-account-002.pub":{}}},"manager":"cluster-kube-controller-manager-operator","operation":"Update","time":"2026-01-28T09:39:57Z"}],"resourceVersion":null,"uid":"90b5a8bf-0ce0-4287-a54f-4a95f5b7dc6f"}}
2026-01-28T09:39:59.039539291Z I0128 09:39:59.039490       1 prune_controller.go:277] Nothing to prune
2026-01-28T09:39:59.042320920Z I0128 09:39:59.042198       1 event.go:377] Event(v1.ObjectReference{Kind:"Deployment", Namespace:"openshift-kube-apiserver-operator", Name:"kube-apiserver-operator", UID:"0f90e131-ac50-4cb2-87c5-ad12ae1902a5", APIVersion:"apps/v1", ResourceVersion:"", FieldPath:""}): type: 'Normal' reason: 'ConfigMapUpdated' Updated ConfigMap/sa-token-signing-certs -n openshift-kube-apiserver:
2026-01-28T09:39:59.042320920Z cause by changes in data.service-account-002.pub
2026-01-28T09:39:59.499564393Z I0128 09:39:59.499244       1 connectivity_check_controller.go:172] ConnectivityCheckController is waiting for transition to desired version (4.20.0-0-2026-01-28-090915-test-ci-ln-vjb5l1t-latest) to be completed.
2026-01-28T09:39:59.553397906Z I0128 09:39:59.552734       1 connectivity_check_controller.go:172] ConnectivityCheckController is waiting for transition to desired version (4.20.0-0-2026-01-28-090915-test-ci-ln-vjb5l1t-latest) to be completed.
2026-01-28T09:39:59.602940204Z I0128 09:39:59.602891       1 connectivity_check_controller.go:172] ConnectivityCheckController is waiting for transition to desired version (4.20.0-0-2026-01-28-090915-test-ci-ln-vjb5l1t-latest) to be completed.
2026-01-28T09:39:59.656870142Z I0128 09:39:59.656529       1 connectivity_check_controller.go:172] ConnectivityCheckController is waiting for transition to desired version (4.20.0-0-2026-01-28-090915-test-ci-ln-vjb5l1t-latest) to be completed.
2026-01-28T09:39:59.683989438Z I0128 09:39:59.676724       1 connectivity_check_controller.go:172] ConnectivityCheckController is waiting for transition to desired version (4.20.0-0-2026-01-28-090915-test-ci-ln-vjb5l1t-latest) to be completed.
2026-01-28T09:39:59.725715605Z I0128 09:39:59.725674       1 connectivity_check_controller.go:172] ConnectivityCheckController is waiting for transition to desired version (4.20.0-0-2026-01-28-090915-test-ci-ln-vjb5l1t-latest) to be completed.
2026-01-28T09:39:59.727393249Z I0128 09:39:59.727363       1 connectivity_check_controller.go:172] ConnectivityCheckController is waiting for transition to desired version (4.20.0-0-2026-01-28-090915-test-ci-ln-vjb5l1t-latest) to be completed.
2026-01-28T09:39:59.826772581Z I0128 09:39:59.826725       1 request.go:752] "Waited before sending request" delay="1.994349493s" reason="client-side throttling, not priority and fairness" verb="GET" URL="https://172.30.0.1:443/api/v1/namespaces/openshift-kube-apiserver/configmaps/kube-apiserver-audit-policies"
2026-01-28T09:40:00.232447184Z I0128 09:40:00.232401       1 event.go:377] Event(v1.ObjectReference{Kind:"Deployment", Namespace:"openshift-kube-apiserver-operator", Name:"kube-apiserver-operator", UID:"0f90e131-ac50-4cb2-87c5-ad12ae1902a5", APIVersion:"apps/v1", ResourceVersion:"", FieldPath:""}): type: 'Normal' reason: 'ConfigMapCreated' Created ConfigMap/bound-sa-token-signing-certs-3 -n openshift-kube-apiserver because it was missing
2026-01-28T09:40:00.234244753Z I0128 09:40:00.233240       1 prune_controller.go:277] Nothing to prune
2026-01-28T09:40:00.475525623Z I0128 09:40:00.475460       1 prune_controller.go:277] Nothing to prune
2026-01-28T09:40:00.483473081Z I0128 09:40:00.483306       1 connectivity_check_controller.go:172] ConnectivityCheckController is waiting for transition to desired version (4.20.0-0-2026-01-28-090915-test-ci-ln-vjb5l1t-latest) to be completed.
2026-01-28T09:40:00.827470348Z I0128 09:40:00.827423       1 request.go:752] "Waited before sending request" delay="1.994397525s" reason="client-side throttling, not priority and fairness" verb="GET" URL="https://172.30.0.1:443/api/v1/namespaces/openshift-kube-apiserver/configmaps/kube-apiserver-pod"
2026-01-28T09:40:00.897300421Z I0128 09:40:00.897254       1 prune_controller.go:277] Nothing to prune
2026-01-28T09:40:00.903276611Z I0128 09:40:00.903247       1 connectivity_check_controller.go:172] ConnectivityCheckController is waiting for transition to desired version (4.20.0-0-2026-01-28-090915-test-ci-ln-vjb5l1t-latest) to be completed.
2026-01-28T09:40:01.482707705Z I0128 09:40:01.482664       1 prune_controller.go:277] Nothing to prune
2026-01-28T09:40:01.484883674Z I0128 09:40:01.484855       1 connectivity_check_controller.go:172] ConnectivityCheckController is waiting for transition to desired version (4.20.0-0-2026-01-28-090915-test-ci-ln-vjb5l1t-latest) to be completed.
2026-01-28T09:40:01.676108200Z I0128 09:40:01.676066       1 prune_controller.go:277] Nothing to prune
2026-01-28T09:40:01.686732851Z I0128 09:40:01.686692       1 connectivity_check_controller.go:172] ConnectivityCheckController is waiting for transition to desired version (4.20.0-0-2026-01-28-090915-test-ci-ln-vjb5l1t-latest) to be completed.
2026-01-28T09:40:02.027290939Z I0128 09:40:02.027242       1 request.go:752] "Waited before sending request" delay="1.794978432s" reason="client-side throttling, not priority and fairness" verb="POST" URL="https://172.30.0.1:443/api/v1/namespaces/openshift-kube-apiserver/configmaps"
2026-01-28T09:40:02.034255512Z I0128 09:40:02.034219       1 event.go:377] Event(v1.ObjectReference{Kind:"Deployment", Namespace:"openshift-kube-apiserver-operator", Name:"kube-apiserver-operator", UID:"0f90e131-ac50-4cb2-87c5-ad12ae1902a5", APIVersion:"apps/v1", ResourceVersion:"", FieldPath:""}): type: 'Normal' reason: 'ConfigMapCreated' Created ConfigMap/etcd-serving-ca-3 -n openshift-kube-apiserver because it was missing
2026-01-28T09:40:02.038770535Z I0128 09:40:02.034576       1 prune_controller.go:277] Nothing to prune
2026-01-28T09:40:03.227183064Z I0128 09:40:03.227121       1 request.go:752] "Waited before sending request" delay="1.792664729s" reason="client-side throttling, not priority and fairness" verb="GET" URL="https://172.30.0.1:443/api/v1/namespaces/openshift-kube-apiserver/serviceaccounts/installer-sa"
2026-01-28T09:40:03.834954478Z I0128 09:40:03.834878       1 event.go:377] Event(v1.ObjectReference{Kind:"Deployment", Namespace:"openshift-kube-apiserver-operator", Name:"kube-apiserver-operator", UID:"0f90e131-ac50-4cb2-87c5-ad12ae1902a5", APIVersion:"apps/v1", ResourceVersion:"", FieldPath:""}): type: 'Normal' reason: 'ConfigMapCreated' Created ConfigMap/kube-apiserver-server-ca-3 -n openshift-kube-apiserver because it was missing
2026-01-28T09:40:03.836466643Z I0128 09:40:03.836438       1 prune_controller.go:277] Nothing to prune
2026-01-28T09:40:04.427012696Z I0128 09:40:04.426948       1 request.go:752] "Waited before sending request" delay="1.789228529s" reason="client-side throttling, not priority and fairness" verb="GET" URL="https://172.30.0.1:443/api/v1/namespaces/openshift-kube-apiserver/serviceaccounts/localhost-recovery-client"
2026-01-28T09:40:05.127179772Z I0128 09:40:05.127004       1 prune_controller.go:277] Nothing to prune
2026-01-28T09:40:05.129532358Z I0128 09:40:05.129501       1 connectivity_check_controller.go:172] ConnectivityCheckController is waiting for transition to desired version (4.20.0-0-2026-01-28-090915-test-ci-ln-vjb5l1t-latest) to be completed.
2026-01-28T09:40:05.148357077Z I0128 09:40:05.146969       1 prune_controller.go:277] Nothing to prune
2026-01-28T09:40:05.153524472Z I0128 09:40:05.153485       1 connectivity_check_controller.go:172] ConnectivityCheckController is waiting for transition to desired version (4.20.0-0-2026-01-28-090915-test-ci-ln-vjb5l1t-latest) to be completed.
2026-01-28T09:40:05.185557534Z I0128 09:40:05.185491       1 prune_controller.go:277] Nothing to prune
2026-01-28T09:40:05.192271885Z I0128 09:40:05.192229       1 connectivity_check_controller.go:172] ConnectivityCheckController is waiting for transition to desired version (4.20.0-0-2026-01-28-090915-test-ci-ln-vjb5l1t-latest) to be completed.
2026-01-28T09:40:05.627373215Z I0128 09:40:05.627165       1 request.go:752] "Waited before sending request" delay="1.792374004s" reason="client-side throttling, not priority and fairness" verb="POST" URL="https://172.30.0.1:443/api/v1/namespaces/openshift-kube-apiserver/configmaps"
2026-01-28T09:40:05.634076616Z I0128 09:40:05.633938       1 event.go:377] Event(v1.ObjectReference{Kind:"Deployment", Namespace:"openshift-kube-apiserver-operator", Name:"kube-apiserver-operator", UID:"0f90e131-ac50-4cb2-87c5-ad12ae1902a5", APIVersion:"apps/v1", ResourceVersion:"", FieldPath:""}): type: 'Normal' reason: 'ConfigMapCreated' Created ConfigMap/kubelet-serving-ca-3 -n openshift-kube-apiserver because it was missing
2026-01-28T09:40:05.634879035Z I0128 09:40:05.634156       1 prune_controller.go:277] Nothing to prune
2026-01-28T09:40:06.826986386Z I0128 09:40:06.826891       1 request.go:752] "Waited before sending request" delay="1.993353986s" reason="client-side throttling, not priority and fairness" verb="GET" URL="https://172.30.0.1:443/api/v1/namespaces/openshift-kube-apiserver/pods/kube-apiserver-ip-10-0-3-203.us-west-1.compute.internal"
2026-01-28T09:40:07.633539604Z I0128 09:40:07.633488       1 event.go:377] Event(v1.ObjectReference{Kind:"Deployment", Namespace:"openshift-kube-apiserver-operator", Name:"kube-apiserver-operator", UID:"0f90e131-ac50-4cb2-87c5-ad12ae1902a5", APIVersion:"apps/v1", ResourceVersion:"", FieldPath:""}): type: 'Normal' reason: 'ConfigMapCreated' Created ConfigMap/sa-token-signing-certs-3 -n openshift-kube-apiserver because it was missing
2026-01-28T09:40:07.634903431Z I0128 09:40:07.634876       1 prune_controller.go:277] Nothing to prune
2026-01-28T09:40:07.827434976Z I0128 09:40:07.827310       1 request.go:752] "Waited before sending request" delay="1.99788451s" reason="client-side throttling, not priority and fairness" verb="GET" URL="https://172.30.0.1:443/api/v1/namespaces/openshift-kube-apiserver/pods/kube-apiserver-guard-ip-10-0-3-203.us-west-1.compute.internal"
2026-01-28T09:40:08.828208271Z I0128 09:40:08.828162       1 request.go:752] "Waited before sending request" delay="1.792538213s" reason="client-side throttling, not priority and fairness" verb="GET" URL="https://172.30.0.1:443/api/v1/namespaces/openshift-kube-apiserver/serviceaccounts/installer-sa"
2026-01-28T09:40:09.448608309Z I0128 09:40:09.448559       1 event.go:377] Event(v1.ObjectReference{Kind:"Deployment", Namespace:"openshift-kube-apiserver-operator", Name:"kube-apiserver-operator", UID:"0f90e131-ac50-4cb2-87c5-ad12ae1902a5", APIVersion:"apps/v1", ResourceVersion:"", FieldPath:""}): type: 'Normal' reason: 'ConfigMapCreated' Created ConfigMap/kube-apiserver-audit-policies-3 -n openshift-kube-apiserver because it was missing
2026-01-28T09:40:09.461623611Z I0128 09:40:09.461580       1 prune_controller.go:277] Nothing to prune
2026-01-28T09:40:10.027291377Z I0128 09:40:10.027251       1 request.go:752] "Waited before sending request" delay="1.795139381s" reason="client-side throttling, not priority and fairness" verb="GET" URL="https://172.30.0.1:443/api/v1/namespaces/openshift-kube-apiserver/configmaps/kube-apiserver-pod"
2026-01-28T09:40:11.033854948Z I0128 09:40:11.033808       1 event.go:377] Event(v1.ObjectReference{Kind:"Deployment", Namespace:"openshift-kube-apiserver-operator", Name:"kube-apiserver-operator", UID:"0f90e131-ac50-4cb2-87c5-ad12ae1902a5", APIVersion:"apps/v1", ResourceVersion:"", FieldPath:""}): type: 'Normal' reason: 'SecretCreated' Created Secret/etcd-client-3 -n openshift-kube-apiserver because it was missing
2026-01-28T09:40:11.233415710Z I0128 09:40:11.233356       1 request.go:752] "Waited before sending request" delay="1.601325073s" reason="client-side throttling, not priority and fairness" verb="GET" URL="https://172.30.0.1:443/api/v1/namespaces/openshift-kube-apiserver/pods/kube-apiserver-guard-ip-10-0-102-200.us-west-1.compute.internal"
2026-01-28T09:40:12.426747361Z I0128 09:40:12.426704       1 request.go:752] "Waited before sending request" delay="1.590056056s" reason="client-side throttling, not priority and fairness" verb="GET" URL="https://172.30.0.1:443/api/v1/namespaces/openshift-kube-apiserver/secrets/node-kubeconfigs"
2026-01-28T09:40:12.622558508Z W0128 09:40:12.622505       1 degraded_webhook.go:147] failed to connect to webhook "pod-identity-webhook.aws.mutate.io" via service "pod-identity-webhook.openshift-cloud-credential-operator.svc:443": dial tcp 172.30.185.97:443: connect: connection refused
2026-01-28T09:40:13.626101680Z W0128 09:40:13.626039       1 degraded_webhook.go:147] failed to connect to webhook "pod-identity-webhook.aws.mutate.io" via service "pod-identity-webhook.openshift-cloud-credential-operator.svc:443": dial tcp 172.30.185.97:443: connect: connection refused
2026-01-28T09:40:13.627194684Z I0128 09:40:13.627165       1 request.go:752] "Waited before sending request" delay="1.180107859s" reason="client-side throttling, not priority and fairness" verb="GET" URL="https://172.30.0.1:443/api/v1/namespaces/openshift-kube-apiserver/secrets/node-kubeconfigs"
2026-01-28T09:40:13.845606926Z I0128 09:40:13.841251       1 event.go:377] Event(v1.ObjectReference{Kind:"Deployment", Namespace:"openshift-kube-apiserver-operator", Name:"kube-apiserver-operator", UID:"0f90e131-ac50-4cb2-87c5-ad12ae1902a5", APIVersion:"apps/v1", ResourceVersion:"", FieldPath:""}): type: 'Normal' reason: 'SecretCreated' Created Secret/localhost-recovery-serving-certkey-3 -n openshift-kube-apiserver because it was missing
2026-01-28T09:40:14.103873507Z I0128 09:40:14.103276       1 event.go:377] Event(v1.ObjectReference{Kind:"Deployment", Namespace:"openshift-kube-apiserver-operator", Name:"kube-apiserver-operator", UID:"0f90e131-ac50-4cb2-87c5-ad12ae1902a5", APIVersion:"apps/v1", ResourceVersion:"", FieldPath:""}): type: 'Normal' reason: 'ObservedConfigChanged' Writing updated observed config:   map[string]any{
2026-01-28T09:40:14.103873507Z   	"admission":          map[string]any{"pluginConfig": map[string]any{"PodSecurity": map[string]any{"configuration": map[string]any{"defaults": map[string]any{"audit": string("restricted"), "audit-version": string("latest"), "enforce": string("privileged"), "enforce-version": string("latest"), ...}}}, "network.openshift.io/ExternalIPRanger": map[string]any{"configuration": map[string]any{"allowIngressIP": bool(false), "apiVersion": string("network.openshift.io/v1"), "kind": string("ExternalIPRangerAdmissionConfig")}}, "network.openshift.io/RestrictedEndpointsAdmission": map[string]any{"configuration": map[string]any{"apiVersion": string("network.openshift.io/v1"), "kind": string("RestrictedEndpointsAdmissionConfig"), "restrictedCIDRs": []any{string("10.128.0.0/14"), string("172.30.0.0/16")}}}}},
2026-01-28T09:40:14.103873507Z   	"apiServerArguments": map[string]any{"api-audiences": []any{string("https://kubernetes.default.svc")}, "authentication-token-webhook-config-file": []any{string("/etc/kubernetes/static-pod-resources/secrets/webhook-authenticat"...)}, "authentication-token-webhook-version": []any{string("v1")}, "authorization-mode": []any{string("Scope"), string("SystemMasters"), string("RBAC"), string("Node")}, ...},
2026-01-28T09:40:14.103873507Z + 	"authConfig": map[string]any{
2026-01-28T09:40:14.103873507Z + 		"oauthMetadataFile": string("/etc/kubernetes/static-pod-resources/configmaps/oauth-metadata/oauthMetadata"),
2026-01-28T09:40:14.103873507Z + 	},
2026-01-28T09:40:14.103873507Z   	"corsAllowedOrigins":          []any{string(`//127\.0\.0\.1(:|$)`), string("//localhost(:|$)")},
2026-01-28T09:40:14.103873507Z   	"gracefulTerminationDuration": string("194"),
2026-01-28T09:40:14.103873507Z   	... // 2 identical entries
2026-01-28T09:40:14.103873507Z   }
2026-01-28T09:40:14.135372742Z I0128 09:40:14.135320       1 prune_controller.go:277] Nothing to prune
2026-01-28T09:40:14.155396110Z I0128 09:40:14.151165       1 connectivity_check_controller.go:172] ConnectivityCheckController is waiting for transition to desired version (4.20.0-0-2026-01-28-090915-test-ci-ln-vjb5l1t-latest) to be completed.
2026-01-28T09:40:14.501945828Z I0128 09:40:14.501123       1 connectivity_check_controller.go:172] ConnectivityCheckController is waiting for transition to desired version (4.20.0-0-2026-01-28-090915-test-ci-ln-vjb5l1t-latest) to be completed.
2026-01-28T09:40:14.523437149Z I0128 09:40:14.522958       1 connectivity_check_controller.go:172] ConnectivityCheckController is waiting for transition to desired version (4.20.0-0-2026-01-28-090915-test-ci-ln-vjb5l1t-latest) to be completed.
2026-01-28T09:40:14.542288540Z I0128 09:40:14.542243       1 connectivity_check_controller.go:172] ConnectivityCheckController is waiting for transition to desired version (4.20.0-0-2026-01-28-090915-test-ci-ln-vjb5l1t-latest) to be completed.
2026-01-28T09:40:14.838056742Z I0128 09:40:14.836712       1 event.go:377] Event(v1.ObjectReference{Kind:"Deployment", Namespace:"openshift-kube-apiserver-operator", Name:"kube-apiserver-operator", UID:"0f90e131-ac50-4cb2-87c5-ad12ae1902a5", APIVersion:"apps/v1", ResourceVersion:"", FieldPath:""}): type: 'Normal' reason: 'SecretCreated' Created Secret/localhost-recovery-client-token-3 -n openshift-kube-apiserver because it was missing
2026-01-28T09:40:15.027428561Z I0128 09:40:15.027385       1 request.go:752] "Waited before sending request" delay="1.181467496s" reason="client-side throttling, not priority and fairness" verb="GET" URL="https://172.30.0.1:443/api/v1/namespaces/openshift-kube-apiserver/secrets/node-kubeconfigs"
2026-01-28T09:40:16.226464714Z I0128 09:40:16.226420       1 request.go:752] "Waited before sending request" delay="1.792698731s" reason="client-side throttling, not priority and fairness" verb="GET" URL="https://172.30.0.1:443/api/v1/namespaces/openshift-kube-apiserver/configmaps/config"
2026-01-28T09:40:16.635587901Z I0128 09:40:16.635289       1 event.go:377] Event(v1.ObjectReference{Kind:"Deployment", Namespace:"openshift-kube-apiserver-operator", Name:"kube-apiserver-operator", UID:"0f90e131-ac50-4cb2-87c5-ad12ae1902a5", APIVersion:"apps/v1", ResourceVersion:"", FieldPath:""}): type: 'Normal' reason: 'SecretCreated' Created Secret/webhook-authenticator-3 -n openshift-kube-apiserver because it was missing
2026-01-28T09:40:17.226790677Z I0128 09:40:17.226735       1 request.go:752] "Waited before sending request" delay="1.595507286s" reason="client-side throttling, not priority and fairness" verb="GET" URL="https://172.30.0.1:443/api/v1/namespaces/openshift-kube-apiserver/pods/kube-apiserver-ip-10-0-108-54.us-west-1.compute.internal"
2026-01-28T09:40:17.636082123Z I0128 09:40:17.635980       1 prune_controller.go:277] Nothing to prune
2026-01-28T09:40:17.636118274Z I0128 09:40:17.636101       1 core.go:352] ConfigMap "openshift-kube-apiserver/config" changes: {"apiVersion":"v1","data":{"config.yaml":"{\"admission\":{\"pluginConfig\":{\"PodSecurity\":{\"configuration\":{\"apiVersion\":\"pod-security.admission.config.k8s.io/v1\",\"defaults\":{\"audit\":\"restricted\",\"audit-version\":\"latest\",\"enforce\":\"privileged\",\"enforce-version\":\"latest\",\"warn\":\"restricted\",\"warn-version\":\"latest\"},\"exemptions\":{\"usernames\":[\"system:serviceaccount:openshift-infra:build-controller\"]},\"kind\":\"PodSecurityConfiguration\"}},\"network.openshift.io/ExternalIPRanger\":{\"configuration\":{\"allowIngressIP\":false,\"apiVersion\":\"network.openshift.io/v1\",\"externalIPNetworkCIDRs\":null,\"kind\":\"ExternalIPRangerAdmissionConfig\"},\"location\":\"\"},\"network.openshift.io/RestrictedEndpointsAdmission\":{\"configuration\":{\"apiVersion\":\"network.openshift.io/v1\",\"kind\":\"RestrictedEndpointsAdmissionConfig\",\"restrictedCIDRs\":[\"10.128.0.0/14\",\"172.30.0.0/16\"]}}}},\"apiServerArguments\":{\"allow-privileged\":[\"true\"],\"anonymous-auth\":[\"true\"],\"api-audiences\":[\"https://kubernetes.default.svc\"],\"audit-log-format\":[\"json\"],\"audit-log-maxbackup\":[\"10\"],\"audit-log-maxsize\":[\"200\"],\"audit-log-path\":[\"/var/log/kube-apiserver/audit.log\"],\"audit-policy-file\":[\"/etc/kubernetes/static-pod-resources/configmaps/kube-apiserver-audit-policies/policy.yaml\"],\"authentication-token-webhook-config-file\":[\"/etc/kubernetes/static-pod-resources/secrets/webhook-authenticator/kubeConfig\"],\"authentication-token-webhook-version\":[\"v1\"],\"authorization-mode\":[\"Scope\",\"SystemMasters\",\"RBAC\",\"Node\"],\"client-ca-file\":[\"/etc/kubernetes/static-pod-certs/configmaps/client-ca/ca-bundle.crt\"],\"enable-admission-plugins\":[\"CertificateApproval\",\"CertificateSigning\",\"CertificateSubjectRestriction\",\"DefaultIngressClass\",\"DefaultStorageClass\",\"DefaultTolerationSeconds\",\"LimitRanger\",\"MutatingAdmissionWebhook\",\"NamespaceLifecycle\",\"NodeRestriction\",\"OwnerReferencesPermissionEnforcement\",\"PersistentVolumeClaimResize\",\"PodNodeSelector\",\"PodTolerationRestriction\",\"Priority\",\"ResourceQuota\",\"RuntimeClass\",\"ServiceAccount\",\"StorageObjectInUseProtection\",\"TaintNodesByCondition\",\"ValidatingAdmissionPolicy\",\"ValidatingAdmissionWebhook\",\"authorization.openshift.io/RestrictSubjectBindings\",\"authorization.openshift.io/ValidateRoleBindingRestriction\",\"config.openshift.io/DenyDeleteClusterConfiguration\",\"config.openshift.io/ValidateAPIServer\",\"config.openshift.io/ValidateAuthentication\",\"config.openshift.io/ValidateConsole\",\"config.openshift.io/ValidateFeatureGate\",\"config.openshift.io/ValidateImage\",\"config.openshift.io/ValidateOAuth\",\"config.openshift.io/ValidateProject\",\"config.openshift.io/ValidateScheduler\",\"image.openshift.io/ImagePolicy\",\"network.openshift.io/ExternalIPRanger\",\"network.openshift.io/RestrictedEndpointsAdmission\",\"quota.openshift.io/ClusterResourceQuota\",\"quota.openshift.io/ValidateClusterResourceQuota\",\"route.openshift.io/IngressAdmission\",\"scheduling.openshift.io/OriginPodNodeEnvironment\",\"security.openshift.io/DefaultSecurityContextConstraints\",\"security.openshift.io/SCCExecRestrictions\",\"security.openshift.io/SecurityContextConstraint\",\"security.openshift.io/ValidateSecurityContextConstraints\",\"storage.openshift.io/CSIInlineVolumeSecurity\"],\"enable-aggregator-routing\":[\"true\"],\"enable-logs-handler\":[\"false\"],\"endpoint-reconciler-type\":[\"lease\"],\"etcd-cafile\":[\"/etc/kubernetes/static-pod-resources/configmaps/etcd-serving-ca/ca-bundle.crt\"],\"etcd-certfile\":[\"/etc/kubernetes/static-pod-resources/secrets/etcd-client/tls.crt\"],\"etcd-healthcheck-timeout\":[\"9s\"],\"etcd-keyfile\":[\"/etc/kubernetes/static-pod-resources/secrets/etcd-client/tls.key\"],\"etcd-prefix\":[\"kubernetes.io\"],\"etcd-readycheck-timeout\":[\"9s\"],\"etcd-servers\":[\"https://10.0.102.200:2379\",\"https://10.0.108.54:2379\",\"https://10.0.161.159:2379\",\"https://10.0.3.203:2379\",\"https://localhost:2379\"],\"event-ttl\":[\"3h\"],\"feature-gates\":[\"AdditionalRoutingCapabilities=true\",\"AdminNetworkPolicy=true\",\"AlibabaPlatform=true\",\"AzureWorkloadIdentity=true\",\"BuildCSIVolumes=true\",\"CPMSMachineNamePrefix=true\",\"ConsolePluginContentSecurityPolicy=true\",\"ExternalOIDC=true\",\"ExternalOIDCWithUIDAndExtraClaimMappings=true\",\"GatewayAPI=true\",\"GatewayAPIController=true\",\"HighlyAvailableArbiter=true\",\"ImageVolume=true\",\"IngressControllerLBSubnetsAWS=true\",\"KMSv1=true\",\"MachineConfigNodes=true\",\"ManagedBootImages=true\",\"ManagedBootImagesAWS=true\",\"MetricsCollectionProfiles=true\",\"NetworkDiagnosticsConfig=true\",\"NetworkLiveMigration=true\",\"NetworkSegmentation=true\",\"NewOLM=true\",\"PinnedImages=true\",\"PreconfiguredUDNAddresses=true\",\"ProcMountType=true\",\"RouteAdvertisements=true\",\"RouteExternalCertificate=true\",\"ServiceAccountTokenNodeBinding=true\",\"SetEIPForNLBIngressController=true\",\"SigstoreImageVerification=true\",\"StoragePerformantSecurityPolicy=true\",\"UpgradeStatus=true\",\"UserNamespacesPodSecurityStandards=true\",\"UserNamespacesSupport=true\",\"VSphereMultiDisk=true\",\"VSphereMultiNetworks=true\",\"AWSClusterHostedDNS=false\",\"AWSClusterHostedDNSInstall=false\",\"AWSDedicatedHosts=false\",\"AWSServiceLBNetworkSecurityGroup=false\",\"AutomatedEtcdBackup=false\",\"AzureClusterHostedDNSInstall=false\",\"AzureDedicatedHosts=false\",\"AzureMultiDisk=false\",\"BootImageSkewEnforcement=false\",\"BootcNodeManagement=false\",\"ClusterAPIInstall=false\",\"ClusterAPIInstallIBMCloud=false\",\"ClusterMonitoringConfig=false\",\"ClusterVersionOperatorConfiguration=false\",\"DNSNameResolver=false\",\"DualReplica=false\",\"DyanmicServiceEndpointIBMCloud=false\",\"DynamicResourceAllocation=false\",\"EtcdBackendQuota=false\",\"EventedPLEG=false\",\"Example=false\",\"Example2=false\",\"ExternalSnapshotMetadata=false\",\"GCPClusterHostedDNS=false\",\"GCPClusterHostedDNSInstall=false\",\"GCPCustomAPIEndpoints=false\",\"GCPCustomAPIEndpointsInstall=false\",\"ImageModeStatusReporting=false\",\"ImageStreamImportMode=false\",\"IngressControllerDynamicConfigurationManager=false\",\"InsightsConfig=false\",\"InsightsConfigAPI=false\",\"InsightsOnDemandDataGather=false\",\"IrreconcilableMachineConfig=false\",\"KMSEncryptionProvider=false\",\"MachineAPIMigration=false\",\"MachineAPIOperatorDisableMachineHealthCheckController=false\",\"ManagedBootImagesAzure=false\",\"ManagedBootImagesvSphere=false\",\"MaxUnavailableStatefulSet=false\",\"MinimumKubeletVersion=false\",\"MixedCPUsAllocation=false\",\"MultiArchInstallAzure=false\",\"MultiDiskSetup=false\",\"MutatingAdmissionPolicy=false\",\"NewOLMCatalogdAPIV1Metas=false\",\"NewOLMOwnSingleNamespace=false\",\"NewOLMPreflightPermissionChecks=false\",\"NewOLMWebhookProviderOpenshiftServiceCA=false\",\"NoRegistryClusterOperations=false\",\"NodeSwap=false\",\"NutanixMultiSubnets=false\",\"OVNObservability=false\",\"OpenShiftPodSecurityAdmission=false\",\"SELinuxMount=false\",\"ShortCertRotation=false\",\"SignatureStores=false\",\"SigstoreImageVerificationPKI=false\",\"TranslateStreamCloseWebsocketRequests=false\",\"VSphereConfigurableMaxAllowedBlockVolumesPerNode=false\",\"VSphereHostVMGroupZonal=false\",\"VSphereMixedNodeEnv=false\",\"VolumeAttributesClass=false\",\"VolumeGroupSnapshot=false\"],\"goaway-chance\":[\"0.001\"],\"http2-max-streams-per-connection\":[\"2000\"],\"kubelet-certificate-authority\":[\"/etc/kubernetes/static-pod-resources/configmaps/kubelet-serving-ca/ca-bundle.crt\"],\"kubelet-client-certificate\":[\"/etc/kubernetes/static-pod-certs/secrets/kubelet-client/tls.crt\"],\"kubelet-client-key\":[\"/etc/kubernetes/static-pod-certs/secrets/kubelet-client/tls.key\"],\"kubelet-preferred-address-types\":[\"InternalIP\"],\"kubelet-read-only-port\":[\"0\"],\"kubernetes-service-node-port\":[\"0\"],\"max-mutating-requests-inflight\":[\"1000\"],\"max-requests-inflight\":[\"3000\"],\"min-request-timeout\":[\"3600\"],\"proxy-client-cert-file\":[\"/etc/kubernetes/static-pod-certs/secrets/aggregator-client/tls.crt\"],\"proxy-client-key-file\":[\"/etc/kubernetes/static-pod-certs/secrets/aggregator-client/tls.key\"],\"requestheader-allowed-names\":[\"kube-apiserver-proxy\",\"system:kube-apiserver-proxy\",\"system:openshift-aggregator\"],\"requestheader-client-ca-file\":[\"/etc/kubernetes/static-pod-certs/configmaps/aggregator-client-ca/ca-bundle.crt\"],\"requestheader-extra-headers-prefix\":[\"X-Remote-Extra-\"],\"requestheader-group-headers\":[\"X-Remote-Group\"],\"requestheader-username-headers\":[\"X-Remote-User\"],\"send-retry-after-while-not-ready-once\":[\"false\"],\"service-account-issuer\":[\"https://kubernetes.default.svc\"],\"service-account-jwks-uri\":[\"https://api.ci-ln-vjb5l1t-76ef8.XXXXXXXXXXXXXXXXXXXXXX:6443/openid/v1/jwks\"],\"service-account-lookup\":[\"true\"],\"service-account-signing-key-file\":[\"/etc/kubernetes/static-pod-certs/secrets/bound-service-account-signing-key/service-account.key\"],\"service-node-port-range\":[\"30000-32767\"],\"shutdown-delay-duration\":[\"129s\"],\"shutdown-send-retry-after\":[\"true\"],\"storage-backend\":[\"etcd3\"],\"storage-media-type\":[\"application/vnd.kubernetes.protobuf\"],\"strict-transport-security-directives\":[\"max-age=31536000,includeSubDomains,preload\"],\"tls-cert-file\":[\"/etc/kubernetes/static-pod-certs/secrets/service-network-serving-certkey/tls.crt\"],\"tls-private-key-file\":[\"/etc/kubernetes/static-pod-certs/secrets/service-network-serving-certkey/tls.key\"]},\"apiVersion\":\"kubecontrolplane.config.openshift.io/v1\",\"authConfig\":{\"oauthMetadataFile\":\"/etc/kubernetes/static-pod-resources/configmaps/oauth-metadata/oauthMetadata\"},\"consolePublicURL\":\"\",\"corsAllowedOrigins\":[\"//127\\\\.0\\\\.0\\\\.1(:|$)\",\"//localhost(:|$)\"],\"kind\":\"KubeAPIServerConfig\",\"projectConfig\":{\"defaultNodeSelector\":\"\"},\"serviceAccountPublicKeyFiles\":[\"/etc/kubernetes/static-pod-resources/configmaps/sa-token-signing-certs\",\"/etc/kubernetes/static-pod-resources/configmaps/bound-sa-token-signing-certs\"],\"servicesSubnet\":\"172.30.0.0/16\",\"servingInfo\":{\"bindAddress\":\"0.0.0.0:6443\",\"bindNetwork\":\"tcp4\",\"cipherSuites\":[\"TLS_AES_128_GCM_SHA256\",\"TLS_AES_256_GCM_SHA384\",\"TLS_CHACHA20_POLY1305_SHA256\",\"TLS_ECDHE_ECDSA_WITH_AES_128_GCM_SHA256\",\"TLS_ECDHE_RSA_WITH_AES_128_GCM_SHA256\",\"TLS_ECDHE_ECDSA_WITH_AES_256_GCM_SHA384\",\"TLS_ECDHE_RSA_WITH_AES_256_GCM_SHA384\",\"TLS_ECDHE_ECDSA_WITH_CHACHA20_POLY1305_SHA256\",\"TLS_ECDHE_RSA_WITH_CHACHA20_POLY1305_SHA256\"],\"minTLSVersion\":\"VersionTLS12\",\"namedCertificates\":[{\"certFile\":\"/etc/kubernetes/static-pod-certs/secrets/localhost-serving-cert-certkey/tls.crt\",\"keyFile\":\"/etc/kubernetes/static-pod-certs/secrets/localhost-serving-cert-certkey/tls.key\"},{\"certFile\":\"/etc/kubernetes/static-pod-certs/secrets/service-network-serving-certkey/tls.crt\",\"keyFile\":\"/etc/kubernetes/static-pod-certs/secrets/service-network-serving-certkey/tls.key\"},{\"certFile\":\"/etc/kubernetes/static-pod-certs/secrets/external-loadbalancer-serving-certkey/tls.crt\",\"keyFile\":\"/etc/kubernetes/static-pod-certs/secrets/external-loadbalancer-serving-certkey/tls.key\"},{\"certFile\":\"/etc/kubernetes/static-pod-certs/secrets/internal-loadbalancer-serving-certkey/tls.crt\",\"keyFile\":\"/etc/kubernetes/static-pod-certs/secrets/internal-loadbalancer-serving-certkey/tls.key\"},{\"certFile\":\"/etc/kubernetes/static-pod-resources/secrets/localhost-recovery-serving-certkey/tls.crt\",\"keyFile\":\"/etc/kubernetes/static-pod-resources/secrets/localhost-recovery-serving-certkey/tls.key\"}]}}"},"kind":"ConfigMap","metadata":{"creationTimestamp":null,"managedFields":null,"resourceVersion":null,"uid":null}}
2026-01-28T09:40:17.636809708Z I0128 09:40:17.636491       1 event.go:377] Event(v1.ObjectReference{Kind:"Deployment", Namespace:"openshift-kube-apiserver-operator", Name:"kube-apiserver-operator", UID:"0f90e131-ac50-4cb2-87c5-ad12ae1902a5", APIVersion:"apps/v1", ResourceVersion:"", FieldPath:""}): type: 'Normal' reason: 'ConfigMapUpdated' Updated ConfigMap/config -n openshift-kube-apiserver:
2026-01-28T09:40:17.636809708Z cause by changes in data.config.yaml
2026-01-28T09:40:18.033741204Z I0128 09:40:18.033700       1 prune_controller.go:277] Nothing to prune
2026-01-28T09:40:18.037971563Z I0128 09:40:18.037302       1 event.go:377] Event(v1.ObjectReference{Kind:"Deployment", Namespace:"openshift-kube-apiserver-operator", Name:"kube-apiserver-operator", UID:"0f90e131-ac50-4cb2-87c5-ad12ae1902a5", APIVersion:"apps/v1", ResourceVersion:"", FieldPath:""}): type: 'Normal' reason: 'ConfigMapCreated' Created ConfigMap/oauth-metadata -n openshift-kube-apiserver because it was missing
2026-01-28T09:40:18.227119357Z I0128 09:40:18.227051       1 request.go:752] "Waited before sending request" delay="1.591877044s" reason="client-side throttling, not priority and fairness" verb="PUT" URL="https://172.30.0.1:443/api/v1/namespaces/openshift-kube-apiserver/configmaps/revision-status-3"
2026-01-28T09:40:18.233245222Z I0128 09:40:18.233217       1 prune_controller.go:277] Nothing to prune
2026-01-28T09:40:18.237320469Z I0128 09:40:18.237051       1 event.go:377] Event(v1.ObjectReference{Kind:"Deployment", Namespace:"openshift-kube-apiserver-operator", Name:"kube-apiserver-operator", UID:"0f90e131-ac50-4cb2-87c5-ad12ae1902a5", APIVersion:"apps/v1", ResourceVersion:"", FieldPath:""}): type: 'Normal' reason: 'RevisionTriggered' new revision 3 triggered by "required secret/localhost-recovery-client-token has changed"
2026-01-28T09:40:18.258586334Z I0128 09:40:18.258532       1 connectivity_check_controller.go:172] ConnectivityCheckController is waiting for transition to desired version (4.20.0-0-2026-01-28-090915-test-ci-ln-vjb5l1t-latest) to be completed.
2026-01-28T09:40:18.276228785Z I0128 09:40:18.275620       1 event.go:377] Event(v1.ObjectReference{Kind:"Deployment", Namespace:"openshift-kube-apiserver-operator", Name:"kube-apiserver-operator", UID:"0f90e131-ac50-4cb2-87c5-ad12ae1902a5", APIVersion:"apps/v1", ResourceVersion:"", FieldPath:""}): type: 'Normal' reason: 'StartingNewRevision' new revision 4 triggered by "required configmap/config has changed,optional configmap/oauth-metadata has been created"
2026-01-28T09:40:18.282219834Z I0128 09:40:18.281820       1 prune_controller.go:277] Nothing to prune
2026-01-28T09:40:19.031148784Z I0128 09:40:19.030562       1 installer_controller.go:562] node ip-10-0-102-200.us-west-1.compute.internal with revision 1 is the oldest and needs new revision 2
2026-01-28T09:40:19.031148784Z I0128 09:40:19.030612       1 installer_controller.go:570] "ip-10-0-102-200.us-west-1.compute.internal" moving to (v1.NodeStatus) {
2026-01-28T09:40:19.031148784Z  NodeName: (string) (len=42) "ip-10-0-102-200.us-west-1.compute.internal",
2026-01-28T09:40:19.031148784Z  CurrentRevision: (int32) 1,
2026-01-28T09:40:19.031148784Z  TargetRevision: (int32) 2,
2026-01-28T09:40:19.031148784Z  LastFailedRevision: (int32) 0,
2026-01-28T09:40:19.031148784Z  LastFailedTime: (*v1.Time)(<nil>),
2026-01-28T09:40:19.031148784Z  LastFailedReason: (string) "",
2026-01-28T09:40:19.031148784Z  LastFailedCount: (int) 0,
2026-01-28T09:40:19.031148784Z  LastFallbackCount: (int) 0,
2026-01-28T09:40:19.031148784Z  LastFailedRevisionErrors: ([]string) <nil>
2026-01-28T09:40:19.031148784Z }
2026-01-28T09:40:19.072136570Z I0128 09:40:19.058961       1 event.go:377] Event(v1.ObjectReference{Kind:"Deployment", Namespace:"openshift-kube-apiserver-operator", Name:"kube-apiserver-operator", UID:"0f90e131-ac50-4cb2-87c5-ad12ae1902a5", APIVersion:"apps/v1", ResourceVersion:"", FieldPath:""}): type: 'Normal' reason: 'NodeTargetRevisionChanged' Updating node "ip-10-0-102-200.us-west-1.compute.internal" from revision 1 to 2 because node ip-10-0-102-200.us-west-1.compute.internal with revision 1 is the oldest
2026-01-28T09:40:19.083497218Z I0128 09:40:19.083457       1 prune_controller.go:277] Nothing to prune
2026-01-28T09:40:19.092756104Z I0128 09:40:19.092721       1 connectivity_check_controller.go:172] ConnectivityCheckController is waiting for transition to desired version (4.20.0-0-2026-01-28-090915-test-ci-ln-vjb5l1t-latest) to be completed.
2026-01-28T09:40:19.427184049Z I0128 09:40:19.427138       1 request.go:752] "Waited before sending request" delay="1.786624646s" reason="client-side throttling, not priority and fairness" verb="GET" URL="https://172.30.0.1:443/api/v1/namespaces/openshift-kube-apiserver/configmaps/kube-apiserver-pod"
2026-01-28T09:40:20.034628158Z I0128 09:40:20.033167       1 prune_controller.go:277] Nothing to prune
2026-01-28T09:40:20.626683675Z I0128 09:40:20.626642       1 request.go:752] "Waited before sending request" delay="1.794607009s" reason="client-side throttling, not priority and fairness" verb="GET" URL="https://172.30.0.1:443/api/v1/namespaces/openshift-kube-apiserver/pods/kube-apiserver-ip-10-0-102-200.us-west-1.compute.internal"
2026-01-28T09:40:21.827160097Z I0128 09:40:21.827110       1 request.go:752] "Waited before sending request" delay="1.794348166s" reason="client-side throttling, not priority and fairness" verb="POST" URL="https://172.30.0.1:443/api/v1/namespaces/openshift-kube-apiserver/configmaps"
2026-01-28T09:40:21.845476370Z I0128 09:40:21.837055       1 event.go:377] Event(v1.ObjectReference{Kind:"Deployment", Namespace:"openshift-kube-apiserver-operator", Name:"kube-apiserver-operator", UID:"0f90e131-ac50-4cb2-87c5-ad12ae1902a5", APIVersion:"apps/v1", ResourceVersion:"", FieldPath:""}): type: 'Normal' reason: 'ConfigMapCreated' Created ConfigMap/kube-apiserver-pod-4 -n openshift-kube-apiserver because it was missing
2026-01-28T09:40:21.846079059Z I0128 09:40:21.840796       1 prune_controller.go:277] Nothing to prune
2026-01-28T09:40:23.027214719Z I0128 09:40:23.027169       1 request.go:752] "Waited before sending request" delay="1.791271688s" reason="client-side throttling, not priority and fairness" verb="GET" URL="https://172.30.0.1:443/api/v1/namespaces/openshift-kube-apiserver/serviceaccounts/localhost-recovery-client"
2026-01-28T09:40:23.436440900Z I0128 09:40:23.436387       1 prune_controller.go:277] Nothing to prune
2026-01-28T09:40:23.440237283Z I0128 09:40:23.440124       1 event.go:377] Event(v1.ObjectReference{Kind:"Deployment", Namespace:"openshift-kube-apiserver-operator", Name:"kube-apiserver-operator", UID:"0f90e131-ac50-4cb2-87c5-ad12ae1902a5", APIVersion:"apps/v1", ResourceVersion:"", FieldPath:""}): type: 'Normal' reason: 'ConfigMapCreated' Created ConfigMap/config-4 -n openshift-kube-apiserver because it was missing
2026-01-28T09:40:24.226482092Z I0128 09:40:24.226419       1 request.go:752] "Waited before sending request" delay="1.595803513s" reason="client-side throttling, not priority and fairness" verb="GET" URL="https://172.30.0.1:443/api/v1/namespaces/openshift-kube-apiserver/pods/kube-apiserver-ip-10-0-3-203.us-west-1.compute.internal"
2026-01-28T09:40:25.041766522Z I0128 09:40:25.041707       1 event.go:377] Event(v1.ObjectReference{Kind:"Deployment", Namespace:"openshift-kube-apiserver-operator", Name:"kube-apiserver-operator", UID:"0f90e131-ac50-4cb2-87c5-ad12ae1902a5", APIVersion:"apps/v1", ResourceVersion:"", FieldPath:""}): type: 'Normal' reason: 'ConfigMapCreated' Created ConfigMap/kube-apiserver-cert-syncer-kubeconfig-4 -n openshift-kube-apiserver because it was missing
2026-01-28T09:40:25.044141897Z I0128 09:40:25.042082       1 prune_controller.go:277] Nothing to prune
2026-01-28T09:40:25.240752396Z I0128 09:40:25.240705       1 request.go:752] "Waited before sending request" delay="1.604889571s" reason="client-side throttling, not priority and fairness" verb="GET" URL="https://172.30.0.1:443/api/v1/namespaces/openshift-kube-apiserver/secrets/node-kubeconfigs"
2026-01-28T09:40:26.426455306Z I0128 09:40:26.426391       1 request.go:752] "Waited before sending request" delay="1.55590101s" reason="client-side throttling, not priority and fairness" verb="GET" URL="https://172.30.0.1:443/api/v1/namespaces/openshift-kube-apiserver"
2026-01-28T09:40:26.635848693Z I0128 09:40:26.635801       1 event.go:377] Event(v1.ObjectReference{Kind:"Deployment", Namespace:"openshift-kube-apiserver-operator", Name:"kube-apiserver-operator", UID:"0f90e131-ac50-4cb2-87c5-ad12ae1902a5", APIVersion:"apps/v1", ResourceVersion:"", FieldPath:""}): type: 'Normal' reason: 'ConfigMapCreated' Created ConfigMap/oauth-metadata-4 -n openshift-kube-apiserver because it was missing
2026-01-28T09:40:26.637952914Z I0128 09:40:26.637892       1 prune_controller.go:277] Nothing to prune
2026-01-28T09:40:27.429647086Z I0128 09:40:27.429582       1 installer_controller.go:540] "ip-10-0-102-200.us-west-1.compute.internal" moving to (v1.NodeStatus) {
2026-01-28T09:40:27.429647086Z  NodeName: (string) (len=42) "ip-10-0-102-200.us-west-1.compute.internal",
2026-01-28T09:40:27.429647086Z  CurrentRevision: (int32) 1,
2026-01-28T09:40:27.429647086Z  TargetRevision: (int32) 3,
2026-01-28T09:40:27.429647086Z  LastFailedRevision: (int32) 0,
2026-01-28T09:40:27.429647086Z  LastFailedTime: (*v1.Time)(<nil>),
2026-01-28T09:40:27.429647086Z  LastFailedReason: (string) "",
2026-01-28T09:40:27.429647086Z  LastFailedCount: (int) 0,
2026-01-28T09:40:27.429647086Z  LastFallbackCount: (int) 0,
2026-01-28T09:40:27.429647086Z  LastFailedRevisionErrors: ([]string) <nil>
2026-01-28T09:40:27.429647086Z }
2026-01-28T09:40:27.429647086Z  because new revision pending
2026-01-28T09:40:27.468660977Z I0128 09:40:27.468608       1 connectivity_check_controller.go:172] ConnectivityCheckController is waiting for transition to desired version (4.20.0-0-2026-01-28-090915-test-ci-ln-vjb5l1t-latest) to be completed.
2026-01-28T09:40:27.469290718Z I0128 09:40:27.469268       1 status_controller.go:230] clusteroperator/kube-apiserver diff {"status":{"conditions":[{"lastTransitionTime":"2026-01-28T09:39:41Z","message":"NodeControllerDegraded: All master nodes are ready","reason":"AsExpected","status":"False","type":"Degraded"},{"lastTransitionTime":"2026-01-28T09:35:07Z","message":"NodeInstallerProgressing: 1 node is at revision 1; 2 nodes are at revision 2; 0 nodes have achieved new revision 3","reason":"NodeInstaller","status":"True","type":"Progressing"},{"lastTransitionTime":"2026-01-28T09:36:11Z","message":"StaticPodsAvailable: 3 nodes are active; 1 node is at revision 1; 2 nodes are at revision 2; 0 nodes have achieved new revision 3","reason":"AsExpected","status":"True","type":"Available"},{"lastTransitionTime":"2026-01-28T09:30:35Z","message":"KubeletMinorVersionUpgradeable: Kubelet and API server minor versions are synced.","reason":"AsExpected","status":"True","type":"Upgradeable"},{"lastTransitionTime":"2026-01-28T09:31:21Z","message":"PodSecurityInconclusiveEvaluationConditionsDetected: Could not evaluate violations for namespaces: [kube-node-lease openshift openshift-apiserver-operator openshift-cloud-credential-operator openshift-cloud-network-config-controller openshift-cluster-olm-operator openshift-cluster-samples-operator openshift-cluster-storage-operator openshift-config-managed openshift-config-operator openshift-console openshift-console-operator openshift-console-user-settings openshift-controller-manager-operator openshift-dns-operator openshift-host-network openshift-ingress-operator openshift-kube-controller-manager-operator openshift-kube-storage-version-migrator openshift-kube-storage-version-migrator-operator openshift-network-console openshift-network-diagnostics openshift-node openshift-service-ca openshift-service-ca-operator openshift-user-workload-monitoring]","reason":"PodSecurityInconclusive_PSViolationDecisionInconclusive","status":"True","type":"EvaluationConditionsDetected"}]}}
2026-01-28T09:40:27.469878216Z I0128 09:40:27.469857       1 prune_controller.go:277] Nothing to prune
2026-01-28T09:40:27.493786179Z I0128 09:40:27.493655       1 event.go:377] Event(v1.ObjectReference{Kind:"Deployment", Namespace:"openshift-kube-apiserver-operator", Name:"kube-apiserver-operator", UID:"0f90e131-ac50-4cb2-87c5-ad12ae1902a5", APIVersion:"apps/v1", ResourceVersion:"", FieldPath:""}): type: 'Normal' reason: 'OperatorStatusChanged' Status for clusteroperator/kube-apiserver changed: Progressing message changed from "NodeInstallerProgressing: 1 node is at revision 1; 2 nodes are at revision 2" to "NodeInstallerProgressing: 1 node is at revision 1; 2 nodes are at revision 2; 0 nodes have achieved new revision 3",Available message changed from "StaticPodsAvailable: 3 nodes are active; 1 node is at revision 1; 2 nodes are at revision 2" to "StaticPodsAvailable: 3 nodes are active; 1 node is at revision 1; 2 nodes are at revision 2; 0 nodes have achieved new revision 3"
2026-01-28T09:40:27.627177791Z I0128 09:40:27.627126       1 request.go:752] "Waited before sending request" delay="1.59531211s" reason="client-side throttling, not priority and fairness" verb="GET" URL="https://172.30.0.1:443/api/v1/namespaces/openshift-kube-apiserver/configmaps/kube-apiserver-audit-policies"
2026-01-28T09:40:28.236421016Z I0128 09:40:28.235687       1 event.go:377] Event(v1.ObjectReference{Kind:"Deployment", Namespace:"openshift-kube-apiserver-operator", Name:"kube-apiserver-operator", UID:"0f90e131-ac50-4cb2-87c5-ad12ae1902a5", APIVersion:"apps/v1", ResourceVersion:"", FieldPath:""}): type: 'Normal' reason: 'ConfigMapCreated' Created ConfigMap/bound-sa-token-signing-certs-4 -n openshift-kube-apiserver because it was missing
2026-01-28T09:40:28.236421016Z I0128 09:40:28.236001       1 prune_controller.go:277] Nothing to prune
2026-01-28T09:40:28.827361689Z I0128 09:40:28.827303       1 request.go:752] "Waited before sending request" delay="1.596797711s" reason="client-side throttling, not priority and fairness" verb="GET" URL="https://172.30.0.1:443/api/v1/namespaces/openshift-kube-apiserver/pods/kube-apiserver-ip-10-0-3-203.us-west-1.compute.internal"
2026-01-28T09:40:29.497960592Z I0128 09:40:29.497890       1 connectivity_check_controller.go:172] ConnectivityCheckController is waiting for transition to desired version (4.20.0-0-2026-01-28-090915-test-ci-ln-vjb5l1t-latest) to be completed.
2026-01-28T09:40:30.026915546Z I0128 09:40:30.026868       1 request.go:752] "Waited before sending request" delay="1.793011012s" reason="client-side throttling, not priority and fairness" verb="POST" URL="https://172.30.0.1:443/api/v1/namespaces/openshift-kube-apiserver/configmaps"
2026-01-28T09:40:30.033504104Z I0128 09:40:30.033468       1 event.go:377] Event(v1.ObjectReference{Kind:"Deployment", Namespace:"openshift-kube-apiserver-operator", Name:"kube-apiserver-operator", UID:"0f90e131-ac50-4cb2-87c5-ad12ae1902a5", APIVersion:"apps/v1", ResourceVersion:"", FieldPath:""}): type: 'Normal' reason: 'ConfigMapCreated' Created ConfigMap/etcd-serving-ca-4 -n openshift-kube-apiserver because it was missing
2026-01-28T09:40:30.034353235Z I0128 09:40:30.033806       1 prune_controller.go:277] Nothing to prune
2026-01-28T09:40:31.027373475Z I0128 09:40:31.027288       1 request.go:752] "Waited before sending request" delay="1.594869648s" reason="client-side throttling, not priority and fairness" verb="GET" URL="https://172.30.0.1:443/api/v1/namespaces/openshift-kube-apiserver/configmaps/kube-apiserver-audit-policies"
2026-01-28T09:40:31.633607895Z I0128 09:40:31.632617       1 event.go:377] Event(v1.ObjectReference{Kind:"Deployment", Namespace:"openshift-kube-apiserver-operator", Name:"kube-apiserver-operator", UID:"0f90e131-ac50-4cb2-87c5-ad12ae1902a5", APIVersion:"apps/v1", ResourceVersion:"", FieldPath:""}): type: 'Normal' reason: 'ConfigMapCreated' Created ConfigMap/kube-apiserver-server-ca-4 -n openshift-kube-apiserver because it was missing
2026-01-28T09:40:31.636099365Z I0128 09:40:31.636070       1 prune_controller.go:277] Nothing to prune
2026-01-28T09:40:32.028224432Z I0128 09:40:32.028174       1 request.go:752] "Waited before sending request" delay="1.596839814s" reason="client-side throttling, not priority and fairness" verb="GET" URL="https://172.30.0.1:443/api/v1/namespaces/openshift-kube-apiserver/pods/kube-apiserver-guard-ip-10-0-108-54.us-west-1.compute.internal"
2026-01-28T09:40:33.226496037Z I0128 09:40:33.226451       1 request.go:752] "Waited before sending request" delay="1.594017077s" reason="client-side throttling, not priority and fairness" verb="POST" URL="https://172.30.0.1:443/api/v1/namespaces/openshift-kube-apiserver/configmaps"
2026-01-28T09:40:33.233735366Z I0128 09:40:33.233484       1 prune_controller.go:277] Nothing to prune
2026-01-28T09:40:33.235047200Z I0128 09:40:33.234889       1 event.go:377] Event(v1.ObjectReference{Kind:"Deployment", Namespace:"openshift-kube-apiserver-operator", Name:"kube-apiserver-operator", UID:"0f90e131-ac50-4cb2-87c5-ad12ae1902a5", APIVersion:"apps/v1", ResourceVersion:"", FieldPath:""}): type: 'Normal' reason: 'ConfigMapCreated' Created ConfigMap/kubelet-serving-ca-4 -n openshift-kube-apiserver because it was missing
2026-01-28T09:40:34.227211958Z I0128 09:40:34.227170       1 request.go:752] "Waited before sending request" delay="1.595155192s" reason="client-side throttling, not priority and fairness" verb="GET" URL="https://172.30.0.1:443/api/v1/namespaces/openshift-kube-apiserver/configmaps/kube-apiserver-audit-policies"
2026-01-28T09:40:34.832619680Z I0128 09:40:34.832565       1 prune_controller.go:277] Nothing to prune
2026-01-28T09:40:34.833531525Z I0128 09:40:34.833495       1 event.go:377] Event(v1.ObjectReference{Kind:"Deployment", Namespace:"openshift-kube-apiserver-operator", Name:"kube-apiserver-operator", UID:"0f90e131-ac50-4cb2-87c5-ad12ae1902a5", APIVersion:"apps/v1", ResourceVersion:"", FieldPath:""}): type: 'Normal' reason: 'ConfigMapCreated' Created ConfigMap/sa-token-signing-certs-4 -n openshift-kube-apiserver because it was missing
2026-01-28T09:40:35.430101154Z I0128 09:40:35.427500       1 request.go:752] "Waited before sending request" delay="1.397222261s" reason="client-side throttling, not priority and fairness" verb="POST" URL="https://172.30.0.1:443/api/v1/namespaces/openshift-kube-apiserver/pods"
2026-01-28T09:40:35.440221059Z I0128 09:40:35.440009       1 warnings.go:110] "Warning: metadata.name: this is used in the Pod's hostname, which can result in surprising behavior; a DNS label is recommended: [must not contain dots]"
2026-01-28T09:40:35.440602858Z I0128 09:40:35.440577       1 event.go:377] Event(v1.ObjectReference{Kind:"Deployment", Namespace:"openshift-kube-apiserver-operator", Name:"kube-apiserver-operator", UID:"0f90e131-ac50-4cb2-87c5-ad12ae1902a5", APIVersion:"apps/v1", ResourceVersion:"", FieldPath:""}): type: 'Normal' reason: 'PodCreated' Created Pod/installer-3-ip-10-0-102-200.us-west-1.compute.internal -n openshift-kube-apiserver because it was missing
2026-01-28T09:40:36.241067837Z I0128 09:40:36.240994       1 event.go:377] Event(v1.ObjectReference{Kind:"Deployment", Namespace:"openshift-kube-apiserver-operator", Name:"kube-apiserver-operator", UID:"0f90e131-ac50-4cb2-87c5-ad12ae1902a5", APIVersion:"apps/v1", ResourceVersion:"", FieldPath:""}): type: 'Normal' reason: 'ConfigMapCreated' Created ConfigMap/kube-apiserver-audit-policies-4 -n openshift-kube-apiserver because it was missing
2026-01-28T09:40:36.241632356Z I0128 09:40:36.241614       1 prune_controller.go:277] Nothing to prune
2026-01-28T09:40:36.626695293Z I0128 09:40:36.626649       1 request.go:752] "Waited before sending request" delay="1.396305122s" reason="client-side throttling, not priority and fairness" verb="GET" URL="https://172.30.0.1:443/api/v1/namespaces/openshift-kube-apiserver/pods/kube-apiserver-guard-ip-10-0-3-203.us-west-1.compute.internal"
2026-01-28T09:40:37.230632899Z I0128 09:40:37.230587       1 installer_controller.go:550] "ip-10-0-102-200.us-west-1.compute.internal" is in transition to 3, but has not made progress because installer is not finished, but in Running phase
2026-01-28T09:40:37.627119427Z I0128 09:40:37.627017       1 request.go:752] "Waited before sending request" delay="1.995147753s" reason="client-side throttling, not priority and fairness" verb="GET" URL="https://172.30.0.1:443/api/v1/namespaces/openshift-kube-apiserver/configmaps/kube-apiserver-audit-policies"
2026-01-28T09:40:38.234410260Z I0128 09:40:38.234362       1 event.go:377] Event(v1.ObjectReference{Kind:"Deployment", Namespace:"openshift-kube-apiserver-operator", Name:"kube-apiserver-operator", UID:"0f90e131-ac50-4cb2-87c5-ad12ae1902a5", APIVersion:"apps/v1", ResourceVersion:"", FieldPath:""}): type: 'Normal' reason: 'SecretCreated' Created Secret/etcd-client-4 -n openshift-kube-apiserver because it was missing
2026-01-28T09:40:38.627224845Z I0128 09:40:38.627169       1 request.go:752] "Waited before sending request" delay="1.995262518s" reason="client-side throttling, not priority and fairness" verb="GET" URL="https://172.30.0.1:443/api/v1/namespaces/openshift-kube-apiserver/pods/kube-apiserver-guard-ip-10-0-3-203.us-west-1.compute.internal"
2026-01-28T09:40:39.826998032Z I0128 09:40:39.826944       1 request.go:752] "Waited before sending request" delay="1.991978965s" reason="client-side throttling, not priority and fairness" verb="GET" URL="https://172.30.0.1:443/api/v1/namespaces/openshift-kube-apiserver/serviceaccounts/localhost-recovery-client"
2026-01-28T09:40:41.027195442Z I0128 09:40:41.027147       1 request.go:752] "Waited before sending request" delay="1.79661809s" reason="client-side throttling, not priority and fairness" verb="GET" URL="https://172.30.0.1:443/api/v1/namespaces/openshift-kube-apiserver/pods/kube-apiserver-ip-10-0-108-54.us-west-1.compute.internal"
2026-01-28T09:40:41.635662434Z I0128 09:40:41.634605       1 event.go:377] Event(v1.ObjectReference{Kind:"Deployment", Namespace:"openshift-kube-apiserver-operator", Name:"kube-apiserver-operator", UID:"0f90e131-ac50-4cb2-87c5-ad12ae1902a5", APIVersion:"apps/v1", ResourceVersion:"", FieldPath:""}): type: 'Normal' reason: 'SecretCreated' Created Secret/localhost-recovery-serving-certkey-4 -n openshift-kube-apiserver because it was missing
2026-01-28T09:40:42.227392591Z I0128 09:40:42.227351       1 request.go:752] "Waited before sending request" delay="1.196753738s" reason="client-side throttling, not priority and fairness" verb="GET" URL="https://172.30.0.1:443/api/v1/namespaces/openshift-kube-apiserver/pods/kube-apiserver-ip-10-0-3-203.us-west-1.compute.internal"
2026-01-28T09:40:42.834505105Z I0128 09:40:42.834460       1 event.go:377] Event(v1.ObjectReference{Kind:"Deployment", Namespace:"openshift-kube-apiserver-operator", Name:"kube-apiserver-operator", UID:"0f90e131-ac50-4cb2-87c5-ad12ae1902a5", APIVersion:"apps/v1", ResourceVersion:"", FieldPath:""}): type: 'Normal' reason: 'SecretCreated' Created Secret/localhost-recovery-client-token-4 -n openshift-kube-apiserver because it was missing
2026-01-28T09:40:43.426962839Z I0128 09:40:43.426906       1 request.go:752] "Waited before sending request" delay="1.39668165s" reason="client-side throttling, not priority and fairness" verb="GET" URL="https://172.30.0.1:443/api/v1/namespaces/openshift-kube-apiserver/pods/kube-apiserver-ip-10-0-108-54.us-west-1.compute.internal"
2026-01-28T09:40:44.233221927Z I0128 09:40:44.233156       1 event.go:377] Event(v1.ObjectReference{Kind:"Deployment", Namespace:"openshift-kube-apiserver-operator", Name:"kube-apiserver-operator", UID:"0f90e131-ac50-4cb2-87c5-ad12ae1902a5", APIVersion:"apps/v1", ResourceVersion:"", FieldPath:""}): type: 'Normal' reason: 'SecretCreated' Created Secret/webhook-authenticator-4 -n openshift-kube-apiserver because it was missing
2026-01-28T09:40:44.627240452Z I0128 09:40:44.627189       1 request.go:752] "Waited before sending request" delay="1.397015477s" reason="client-side throttling, not priority and fairness" verb="GET" URL="https://172.30.0.1:443/api/v1/namespaces/openshift-kube-apiserver/pods/kube-apiserver-guard-ip-10-0-108-54.us-west-1.compute.internal"
2026-01-28T09:40:45.030439294Z I0128 09:40:45.030392       1 installer_controller.go:550] "ip-10-0-102-200.us-west-1.compute.internal" is in transition to 3, but has not made progress because installer is not finished, but in Running phase
2026-01-28T09:40:45.641594451Z I0128 09:40:45.641506       1 prune_controller.go:277] Nothing to prune
2026-01-28T09:40:45.644495496Z I0128 09:40:45.644297       1 event.go:377] Event(v1.ObjectReference{Kind:"Deployment", Namespace:"openshift-kube-apiserver-operator", Name:"kube-apiserver-operator", UID:"0f90e131-ac50-4cb2-87c5-ad12ae1902a5", APIVersion:"apps/v1", ResourceVersion:"", FieldPath:""}): type: 'Normal' reason: 'RevisionTriggered' new revision 4 triggered by "required configmap/config has changed,optional configmap/oauth-metadata has been created"
2026-01-28T09:40:45.714939073Z I0128 09:40:45.714893       1 prune_controller.go:277] Nothing to prune
2026-01-28T09:40:45.733002526Z I0128 09:40:45.732943       1 connectivity_check_controller.go:172] ConnectivityCheckController is waiting for transition to desired version (4.20.0-0-2026-01-28-090915-test-ci-ln-vjb5l1t-latest) to be completed.
2026-01-28T09:40:45.828132205Z I0128 09:40:45.827184       1 request.go:752] "Waited before sending request" delay="1.390947264s" reason="client-side throttling, not priority and fairness" verb="GET" URL="https://172.30.0.1:443/api/v1/namespaces/openshift-kube-apiserver/secrets/node-kubeconfigs"
2026-01-28T09:40:46.827202622Z I0128 09:40:46.827144       1 request.go:752] "Waited before sending request" delay="1.19281441s" reason="client-side throttling, not priority and fairness" verb="GET" URL="https://172.30.0.1:443/api/v1/namespaces/openshift-kube-apiserver/configmaps/kube-apiserver-audit-policies"
2026-01-28T09:40:47.827244627Z I0128 09:40:47.827180       1 request.go:752] "Waited before sending request" delay="1.59676096s" reason="client-side throttling, not priority and fairness" verb="GET" URL="https://172.30.0.1:443/api/v1/namespaces/openshift-kube-apiserver/pods/kube-apiserver-ip-10-0-108-54.us-west-1.compute.internal"
2026-01-28T09:40:48.827259340Z I0128 09:40:48.827196       1 request.go:752] "Waited before sending request" delay="1.196578538s" reason="client-side throttling, not priority and fairness" verb="GET" URL="https://172.30.0.1:443/api/v1/namespaces/openshift-kube-apiserver/pods/kube-apiserver-guard-ip-10-0-102-200.us-west-1.compute.internal"
2026-01-28T09:40:50.830180573Z I0128 09:40:50.830131       1 installer_controller.go:550] "ip-10-0-102-200.us-west-1.compute.internal" is in transition to 3, but has not made progress because installer is not finished, but in Running phase
2026-01-28T09:40:53.035764492Z I0128 09:40:53.035621       1 installer_controller.go:540] "ip-10-0-102-200.us-west-1.compute.internal" moving to (v1.NodeStatus) {
2026-01-28T09:40:53.035764492Z  NodeName: (string) (len=42) "ip-10-0-102-200.us-west-1.compute.internal",
2026-01-28T09:40:53.035764492Z  CurrentRevision: (int32) 1,
2026-01-28T09:40:53.035764492Z  TargetRevision: (int32) 4,
2026-01-28T09:40:53.035764492Z  LastFailedRevision: (int32) 0,
2026-01-28T09:40:53.035764492Z  LastFailedTime: (*v1.Time)(<nil>),
2026-01-28T09:40:53.035764492Z  LastFailedReason: (string) "",
2026-01-28T09:40:53.035764492Z  LastFailedCount: (int) 0,
2026-01-28T09:40:53.035764492Z  LastFallbackCount: (int) 0,
2026-01-28T09:40:53.035764492Z  LastFailedRevisionErrors: ([]string) <nil>
2026-01-28T09:40:53.035764492Z }
2026-01-28T09:40:53.035764492Z  because new revision pending
2026-01-28T09:40:53.106180684Z I0128 09:40:53.106129       1 connectivity_check_controller.go:172] ConnectivityCheckController is waiting for transition to desired version (4.20.0-0-2026-01-28-090915-test-ci-ln-vjb5l1t-latest) to be completed.
2026-01-28T09:40:53.126709552Z I0128 09:40:53.121913       1 status_controller.go:230] clusteroperator/kube-apiserver diff {"status":{"conditions":[{"lastTransitionTime":"2026-01-28T09:39:41Z","message":"NodeControllerDegraded: All master nodes are ready","reason":"AsExpected","status":"False","type":"Degraded"},{"lastTransitionTime":"2026-01-28T09:35:07Z","message":"NodeInstallerProgressing: 1 node is at revision 1; 2 nodes are at revision 2; 0 nodes have achieved new revision 4","reason":"NodeInstaller","status":"True","type":"Progressing"},{"lastTransitionTime":"2026-01-28T09:36:11Z","message":"StaticPodsAvailable: 3 nodes are active; 1 node is at revision 1; 2 nodes are at revision 2; 0 nodes have achieved new revision 4","reason":"AsExpected","status":"True","type":"Available"},{"lastTransitionTime":"2026-01-28T09:30:35Z","message":"KubeletMinorVersionUpgradeable: Kubelet and API server minor versions are synced.","reason":"AsExpected","status":"True","type":"Upgradeable"},{"lastTransitionTime":"2026-01-28T09:31:21Z","message":"PodSecurityInconclusiveEvaluationConditionsDetected: Could not evaluate violations for namespaces: [kube-node-lease openshift openshift-apiserver-operator openshift-cloud-credential-operator openshift-cloud-network-config-controller openshift-cluster-olm-operator openshift-cluster-samples-operator openshift-cluster-storage-operator openshift-config-managed openshift-config-operator openshift-console openshift-console-operator openshift-console-user-settings openshift-controller-manager-operator openshift-dns-operator openshift-host-network openshift-ingress-operator openshift-kube-controller-manager-operator openshift-kube-storage-version-migrator openshift-kube-storage-version-migrator-operator openshift-network-console openshift-network-diagnostics openshift-node openshift-service-ca openshift-service-ca-operator openshift-user-workload-monitoring]","reason":"PodSecurityInconclusive_PSViolationDecisionInconclusive","status":"True","type":"EvaluationConditionsDetected"}]}}
2026-01-28T09:40:53.130427036Z I0128 09:40:53.130105       1 prune_controller.go:277] Nothing to prune
2026-01-28T09:40:53.144325735Z I0128 09:40:53.144281       1 event.go:377] Event(v1.ObjectReference{Kind:"Deployment", Namespace:"openshift-kube-apiserver-operator", Name:"kube-apiserver-operator", UID:"0f90e131-ac50-4cb2-87c5-ad12ae1902a5", APIVersion:"apps/v1", ResourceVersion:"", FieldPath:""}): type: 'Normal' reason: 'OperatorStatusChanged' Status for clusteroperator/kube-apiserver changed: Progressing message changed from "NodeInstallerProgressing: 1 node is at revision 1; 2 nodes are at revision 2; 0 nodes have achieved new revision 3" to "NodeInstallerProgressing: 1 node is at revision 1; 2 nodes are at revision 2; 0 nodes have achieved new revision 4",Available message changed from "StaticPodsAvailable: 3 nodes are active; 1 node is at revision 1; 2 nodes are at revision 2; 0 nodes have achieved new revision 3" to "StaticPodsAvailable: 3 nodes are active; 1 node is at revision 1; 2 nodes are at revision 2; 0 nodes have achieved new revision 4"
2026-01-28T09:40:54.227435284Z I0128 09:40:54.227386       1 request.go:752] "Waited before sending request" delay="1.121602897s" reason="client-side throttling, not priority and fairness" verb="GET" URL="https://172.30.0.1:443/api/v1/namespaces/openshift-kube-apiserver/configmaps/config"
2026-01-28T09:40:55.428281041Z I0128 09:40:55.427593       1 request.go:752] "Waited before sending request" delay="1.996905882s" reason="client-side throttling, not priority and fairness" verb="GET" URL="https://172.30.0.1:443/api/v1/namespaces/openshift-kube-apiserver/pods/kube-apiserver-ip-10-0-108-54.us-west-1.compute.internal"
2026-01-28T09:40:56.430078288Z I0128 09:40:56.429885       1 request.go:752] "Waited before sending request" delay="1.599222451s" reason="client-side throttling, not priority and fairness" verb="GET" URL="https://172.30.0.1:443/api/v1/namespaces/openshift-kube-apiserver/services/apiserver"
2026-01-28T09:40:59.033689805Z I0128 09:40:59.033587       1 warnings.go:110] "Warning: metadata.name: this is used in the Pod's hostname, which can result in surprising behavior; a DNS label is recommended: [must not contain dots]"
2026-01-28T09:40:59.033827471Z I0128 09:40:59.033799       1 event.go:377] Event(v1.ObjectReference{Kind:"Deployment", Namespace:"openshift-kube-apiserver-operator", Name:"kube-apiserver-operator", UID:"0f90e131-ac50-4cb2-87c5-ad12ae1902a5", APIVersion:"apps/v1", ResourceVersion:"", FieldPath:""}): type: 'Normal' reason: 'PodCreated' Created Pod/installer-4-ip-10-0-102-200.us-west-1.compute.internal -n openshift-kube-apiserver because it was missing
2026-01-28T09:40:59.629679898Z I0128 09:40:59.629620       1 installer_controller.go:550] "ip-10-0-102-200.us-west-1.compute.internal" is in transition to 4, but has not made progress because installer is not finished, but in Pending phase
2026-01-28T09:41:03.829439194Z I0128 09:41:03.829394       1 installer_controller.go:550] "ip-10-0-102-200.us-west-1.compute.internal" is in transition to 4, but has not made progress because installer is not finished, but in Running phase
2026-01-28T09:41:04.470390197Z I0128 09:41:04.470331       1 warnings.go:110] "Warning: v1 Endpoints is deprecated in v1.33+; use discovery.k8s.io/v1 EndpointSlice"
2026-01-28T09:41:04.548493300Z I0128 09:41:04.547346       1 warnings.go:110] "Warning: v1 Endpoints is deprecated in v1.33+; use discovery.k8s.io/v1 EndpointSlice"
2026-01-28T09:41:05.720180091Z I0128 09:41:05.720133       1 reflector.go:430] "Caches populated" type="*v1.Scheduler" reflector="k8s.io/client-go@v0.33.2/tools/cache/reflector.go:285"
2026-01-28T09:41:05.827424159Z I0128 09:41:05.827361       1 request.go:752] "Waited before sending request" delay="1.0659925s" reason="client-side throttling, not priority and fairness" verb="GET" URL="https://172.30.0.1:443/api/v1/namespaces/openshift-kube-apiserver/configmaps/kube-apiserver-audit-policies"
2026-01-28T09:41:06.962735456Z I0128 09:41:06.962656       1 reflector.go:430] "Caches populated" type="*v1.OAuth" reflector="k8s.io/client-go@v0.33.2/tools/cache/reflector.go:285"
2026-01-28T09:41:07.026912018Z I0128 09:41:07.026857       1 request.go:752] "Waited before sending request" delay="1.396691468s" reason="client-side throttling, not priority and fairness" verb="GET" URL="https://172.30.0.1:443/api/v1/namespaces/openshift-kube-apiserver/pods/kube-apiserver-ip-10-0-108-54.us-west-1.compute.internal"
2026-01-28T09:41:08.027177088Z I0128 09:41:08.027127       1 request.go:752] "Waited before sending request" delay="1.174879679s" reason="client-side throttling, not priority and fairness" verb="GET" URL="https://172.30.0.1:443/api/v1/namespaces/openshift-kube-apiserver/pods?labelSelector=app%3Dinstaller"
2026-01-28T09:41:09.027315067Z I0128 09:41:09.027251       1 request.go:752] "Waited before sending request" delay="1.195046225s" reason="client-side throttling, not priority and fairness" verb="GET" URL="https://172.30.0.1:443/api/v1/namespaces/openshift-kube-apiserver/configmaps/trusted-ca-bundle"
2026-01-28T09:41:09.588780355Z I0128 09:41:09.588732       1 installer_controller.go:550] "ip-10-0-102-200.us-west-1.compute.internal" is in transition to 4, but has not made progress because installer is not finished, but in Running phase
2026-01-28T09:41:12.429284860Z I0128 09:41:12.429239       1 installer_controller.go:550] "ip-10-0-102-200.us-west-1.compute.internal" is in transition to 4, but has not made progress because installer is not finished, but in Running phase
2026-01-28T09:41:29.496070524Z I0128 09:41:29.495988       1 connectivity_check_controller.go:172] ConnectivityCheckController is waiting for transition to desired version (4.20.0-0-2026-01-28-090915-test-ci-ln-vjb5l1t-latest) to be completed.
2026-01-28T09:41:47.626927511Z I0128 09:41:47.626849       1 termination_observer.go:236] Observed event "TerminationPreShutdownHooksFinished" for API server pod "kube-apiserver-ip-10-0-102-200.us-west-1.compute.internal" (last termination at 2026-01-28 09:35:50 +0000 UTC) at 2026-01-28 09:41:47 +0000 UTC
2026-01-28T09:41:52.312014067Z I0128 09:41:52.311891       1 installer_controller.go:550] "ip-10-0-102-200.us-west-1.compute.internal" is in transition to 4, but has not made progress because waiting for static pod of revision 4, found 1
2026-01-28T09:41:54.710397896Z I0128 09:41:54.710353       1 installer_controller.go:550] "ip-10-0-102-200.us-west-1.compute.internal" is in transition to 4, but has not made progress because waiting for static pod of revision 4, found 1
2026-01-28T09:41:56.547676366Z I0128 09:41:56.547569       1 event.go:377] Event(v1.ObjectReference{Kind:"Deployment", Namespace:"openshift-kube-apiserver-operator", Name:"kube-apiserver-operator", UID:"0f90e131-ac50-4cb2-87c5-ad12ae1902a5", APIVersion:"apps/v1", ResourceVersion:"", FieldPath:""}): type: 'Normal' reason: 'ObserveInternalRegistryHostnameChanged' Internal registry hostname changed to "image-registry.openshift-image-registry.svc:5000"
2026-01-28T09:41:56.550052484Z I0128 09:41:56.549958       1 event.go:377] Event(v1.ObjectReference{Kind:"Deployment", Namespace:"openshift-kube-apiserver-operator", Name:"kube-apiserver-operator", UID:"0f90e131-ac50-4cb2-87c5-ad12ae1902a5", APIVersion:"apps/v1", ResourceVersion:"", FieldPath:""}): type: 'Normal' reason: 'ObservedConfigChanged' Writing updated observed config:   map[string]any{
2026-01-28T09:41:56.550052484Z   	... // 3 identical entries
2026-01-28T09:41:56.550052484Z   	"corsAllowedOrigins":          []any{string(`//127\.0\.0\.1(:|$)`), string("//localhost(:|$)")},
2026-01-28T09:41:56.550052484Z   	"gracefulTerminationDuration": string("194"),
2026-01-28T09:41:56.550052484Z + 	"imagePolicyConfig": map[string]any{
2026-01-28T09:41:56.550052484Z + 		"internalRegistryHostname": string("image-registry.openshift-image-registry.svc:5000"),
2026-01-28T09:41:56.550052484Z + 	},
2026-01-28T09:41:56.550052484Z   	"servicesSubnet": string("172.30.0.0/16"),
2026-01-28T09:41:56.550052484Z   	"servingInfo":    map[string]any{"bindAddress": string("0.0.0.0:6443"), "bindNetwork": string("tcp4"), "cipherSuites": []any{string("TLS_AES_128_GCM_SHA256"), string("TLS_AES_256_GCM_SHA384"), string("TLS_CHACHA20_POLY1305_SHA256"), string("TLS_ECDHE_ECDSA_WITH_AES_128_GCM_SHA256"), ...}, "minTLSVersion": string("VersionTLS12"), ...},
2026-01-28T09:41:56.550052484Z   }
2026-01-28T09:41:56.626342366Z I0128 09:41:56.626301       1 prune_controller.go:277] Nothing to prune
2026-01-28T09:41:56.659865426Z I0128 09:41:56.629165       1 connectivity_check_controller.go:172] ConnectivityCheckController is waiting for transition to desired version (4.20.0-0-2026-01-28-090915-test-ci-ln-vjb5l1t-latest) to be completed.
2026-01-28T09:41:57.706499106Z I0128 09:41:57.706455       1 request.go:752] "Waited before sending request" delay="1.01473613s" reason="client-side throttling, not priority and fairness" verb="GET" URL="https://172.30.0.1:443/api/v1/namespaces/openshift-kube-apiserver/pods/kube-apiserver-ip-10-0-102-200.us-west-1.compute.internal"
2026-01-28T09:41:58.707258310Z I0128 09:41:58.707207       1 request.go:752] "Waited before sending request" delay="1.19734341s" reason="client-side throttling, not priority and fairness" verb="GET" URL="https://172.30.0.1:443/api/v1/namespaces/openshift-kube-apiserver/services/apiserver"
2026-01-28T09:42:01.113413130Z I0128 09:42:01.113358       1 core.go:352] ConfigMap "openshift-kube-apiserver/config" changes: {"apiVersion":"v1","data":{"config.yaml":"{\"admission\":{\"pluginConfig\":{\"PodSecurity\":{\"configuration\":{\"apiVersion\":\"pod-security.admission.config.k8s.io/v1\",\"defaults\":{\"audit\":\"restricted\",\"audit-version\":\"latest\",\"enforce\":\"privileged\",\"enforce-version\":\"latest\",\"warn\":\"restricted\",\"warn-version\":\"latest\"},\"exemptions\":{\"usernames\":[\"system:serviceaccount:openshift-infra:build-controller\"]},\"kind\":\"PodSecurityConfiguration\"}},\"network.openshift.io/ExternalIPRanger\":{\"configuration\":{\"allowIngressIP\":false,\"apiVersion\":\"network.openshift.io/v1\",\"externalIPNetworkCIDRs\":null,\"kind\":\"ExternalIPRangerAdmissionConfig\"},\"location\":\"\"},\"network.openshift.io/RestrictedEndpointsAdmission\":{\"configuration\":{\"apiVersion\":\"network.openshift.io/v1\",\"kind\":\"RestrictedEndpointsAdmissionConfig\",\"restrictedCIDRs\":[\"10.128.0.0/14\",\"172.30.0.0/16\"]}}}},\"apiServerArguments\":{\"allow-privileged\":[\"true\"],\"anonymous-auth\":[\"true\"],\"api-audiences\":[\"https://kubernetes.default.svc\"],\"audit-log-format\":[\"json\"],\"audit-log-maxbackup\":[\"10\"],\"audit-log-maxsize\":[\"200\"],\"audit-log-path\":[\"/var/log/kube-apiserver/audit.log\"],\"audit-policy-file\":[\"/etc/kubernetes/static-pod-resources/configmaps/kube-apiserver-audit-policies/policy.yaml\"],\"authentication-token-webhook-config-file\":[\"/etc/kubernetes/static-pod-resources/secrets/webhook-authenticator/kubeConfig\"],\"authentication-token-webhook-version\":[\"v1\"],\"authorization-mode\":[\"Scope\",\"SystemMasters\",\"RBAC\",\"Node\"],\"client-ca-file\":[\"/etc/kubernetes/static-pod-certs/configmaps/client-ca/ca-bundle.crt\"],\"enable-admission-plugins\":[\"CertificateApproval\",\"CertificateSigning\",\"CertificateSubjectRestriction\",\"DefaultIngressClass\",\"DefaultStorageClass\",\"DefaultTolerationSeconds\",\"LimitRanger\",\"MutatingAdmissionWebhook\",\"NamespaceLifecycle\",\"NodeRestriction\",\"OwnerReferencesPermissionEnforcement\",\"PersistentVolumeClaimResize\",\"PodNodeSelector\",\"PodTolerationRestriction\",\"Priority\",\"ResourceQuota\",\"RuntimeClass\",\"ServiceAccount\",\"StorageObjectInUseProtection\",\"TaintNodesByCondition\",\"ValidatingAdmissionPolicy\",\"ValidatingAdmissionWebhook\",\"authorization.openshift.io/RestrictSubjectBindings\",\"authorization.openshift.io/ValidateRoleBindingRestriction\",\"config.openshift.io/DenyDeleteClusterConfiguration\",\"config.openshift.io/ValidateAPIServer\",\"config.openshift.io/ValidateAuthentication\",\"config.openshift.io/ValidateConsole\",\"config.openshift.io/ValidateFeatureGate\",\"config.openshift.io/ValidateImage\",\"config.openshift.io/ValidateOAuth\",\"config.openshift.io/ValidateProject\",\"config.openshift.io/ValidateScheduler\",\"image.openshift.io/ImagePolicy\",\"network.openshift.io/ExternalIPRanger\",\"network.openshift.io/RestrictedEndpointsAdmission\",\"quota.openshift.io/ClusterResourceQuota\",\"quota.openshift.io/ValidateClusterResourceQuota\",\"route.openshift.io/IngressAdmission\",\"scheduling.openshift.io/OriginPodNodeEnvironment\",\"security.openshift.io/DefaultSecurityContextConstraints\",\"security.openshift.io/SCCExecRestrictions\",\"security.openshift.io/SecurityContextConstraint\",\"security.openshift.io/ValidateSecurityContextConstraints\",\"storage.openshift.io/CSIInlineVolumeSecurity\"],\"enable-aggregator-routing\":[\"true\"],\"enable-logs-handler\":[\"false\"],\"endpoint-reconciler-type\":[\"lease\"],\"etcd-cafile\":[\"/etc/kubernetes/static-pod-resources/configmaps/etcd-serving-ca/ca-bundle.crt\"],\"etcd-certfile\":[\"/etc/kubernetes/static-pod-resources/secrets/etcd-client/tls.crt\"],\"etcd-healthcheck-timeout\":[\"9s\"],\"etcd-keyfile\":[\"/etc/kubernetes/static-pod-resources/secrets/etcd-client/tls.key\"],\"etcd-prefix\":[\"kubernetes.io\"],\"etcd-readycheck-timeout\":[\"9s\"],\"etcd-servers\":[\"https://10.0.102.200:2379\",\"https://10.0.108.54:2379\",\"https://10.0.161.159:2379\",\"https://10.0.3.203:2379\",\"https://localhost:2379\"],\"event-ttl\":[\"3h\"],\"feature-gates\":[\"AdditionalRoutingCapabilities=true\",\"AdminNetworkPolicy=true\",\"AlibabaPlatform=true\",\"AzureWorkloadIdentity=true\",\"BuildCSIVolumes=true\",\"CPMSMachineNamePrefix=true\",\"ConsolePluginContentSecurityPolicy=true\",\"ExternalOIDC=true\",\"ExternalOIDCWithUIDAndExtraClaimMappings=true\",\"GatewayAPI=true\",\"GatewayAPIController=true\",\"HighlyAvailableArbiter=true\",\"ImageVolume=true\",\"IngressControllerLBSubnetsAWS=true\",\"KMSv1=true\",\"MachineConfigNodes=true\",\"ManagedBootImages=true\",\"ManagedBootImagesAWS=true\",\"MetricsCollectionProfiles=true\",\"NetworkDiagnosticsConfig=true\",\"NetworkLiveMigration=true\",\"NetworkSegmentation=true\",\"NewOLM=true\",\"PinnedImages=true\",\"PreconfiguredUDNAddresses=true\",\"ProcMountType=true\",\"RouteAdvertisements=true\",\"RouteExternalCertificate=true\",\"ServiceAccountTokenNodeBinding=true\",\"SetEIPForNLBIngressController=true\",\"SigstoreImageVerification=true\",\"StoragePerformantSecurityPolicy=true\",\"UpgradeStatus=true\",\"UserNamespacesPodSecurityStandards=true\",\"UserNamespacesSupport=true\",\"VSphereMultiDisk=true\",\"VSphereMultiNetworks=true\",\"AWSClusterHostedDNS=false\",\"AWSClusterHostedDNSInstall=false\",\"AWSDedicatedHosts=false\",\"AWSServiceLBNetworkSecurityGroup=false\",\"AutomatedEtcdBackup=false\",\"AzureClusterHostedDNSInstall=false\",\"AzureDedicatedHosts=false\",\"AzureMultiDisk=false\",\"BootImageSkewEnforcement=false\",\"BootcNodeManagement=false\",\"ClusterAPIInstall=false\",\"ClusterAPIInstallIBMCloud=false\",\"ClusterMonitoringConfig=false\",\"ClusterVersionOperatorConfiguration=false\",\"DNSNameResolver=false\",\"DualReplica=false\",\"DyanmicServiceEndpointIBMCloud=false\",\"DynamicResourceAllocation=false\",\"EtcdBackendQuota=false\",\"EventedPLEG=false\",\"Example=false\",\"Example2=false\",\"ExternalSnapshotMetadata=false\",\"GCPClusterHostedDNS=false\",\"GCPClusterHostedDNSInstall=false\",\"GCPCustomAPIEndpoints=false\",\"GCPCustomAPIEndpointsInstall=false\",\"ImageModeStatusReporting=false\",\"ImageStreamImportMode=false\",\"IngressControllerDynamicConfigurationManager=false\",\"InsightsConfig=false\",\"InsightsConfigAPI=false\",\"InsightsOnDemandDataGather=false\",\"IrreconcilableMachineConfig=false\",\"KMSEncryptionProvider=false\",\"MachineAPIMigration=false\",\"MachineAPIOperatorDisableMachineHealthCheckController=false\",\"ManagedBootImagesAzure=false\",\"ManagedBootImagesvSphere=false\",\"MaxUnavailableStatefulSet=false\",\"MinimumKubeletVersion=false\",\"MixedCPUsAllocation=false\",\"MultiArchInstallAzure=false\",\"MultiDiskSetup=false\",\"MutatingAdmissionPolicy=false\",\"NewOLMCatalogdAPIV1Metas=false\",\"NewOLMOwnSingleNamespace=false\",\"NewOLMPreflightPermissionChecks=false\",\"NewOLMWebhookProviderOpenshiftServiceCA=false\",\"NoRegistryClusterOperations=false\",\"NodeSwap=false\",\"NutanixMultiSubnets=false\",\"OVNObservability=false\",\"OpenShiftPodSecurityAdmission=false\",\"SELinuxMount=false\",\"ShortCertRotation=false\",\"SignatureStores=false\",\"SigstoreImageVerificationPKI=false\",\"TranslateStreamCloseWebsocketRequests=false\",\"VSphereConfigurableMaxAllowedBlockVolumesPerNode=false\",\"VSphereHostVMGroupZonal=false\",\"VSphereMixedNodeEnv=false\",\"VolumeAttributesClass=false\",\"VolumeGroupSnapshot=false\"],\"goaway-chance\":[\"0.001\"],\"http2-max-streams-per-connection\":[\"2000\"],\"kubelet-certificate-authority\":[\"/etc/kubernetes/static-pod-resources/configmaps/kubelet-serving-ca/ca-bundle.crt\"],\"kubelet-client-certificate\":[\"/etc/kubernetes/static-pod-certs/secrets/kubelet-client/tls.crt\"],\"kubelet-client-key\":[\"/etc/kubernetes/static-pod-certs/secrets/kubelet-client/tls.key\"],\"kubelet-preferred-address-types\":[\"InternalIP\"],\"kubelet-read-only-port\":[\"0\"],\"kubernetes-service-node-port\":[\"0\"],\"max-mutating-requests-inflight\":[\"1000\"],\"max-requests-inflight\":[\"3000\"],\"min-request-timeout\":[\"3600\"],\"proxy-client-cert-file\":[\"/etc/kubernetes/static-pod-certs/secrets/aggregator-client/tls.crt\"],\"proxy-client-key-file\":[\"/etc/kubernetes/static-pod-certs/secrets/aggregator-client/tls.key\"],\"requestheader-allowed-names\":[\"kube-apiserver-proxy\",\"system:kube-apiserver-proxy\",\"system:openshift-aggregator\"],\"requestheader-client-ca-file\":[\"/etc/kubernetes/static-pod-certs/configmaps/aggregator-client-ca/ca-bundle.crt\"],\"requestheader-extra-headers-prefix\":[\"X-Remote-Extra-\"],\"requestheader-group-headers\":[\"X-Remote-Group\"],\"requestheader-username-headers\":[\"X-Remote-User\"],\"send-retry-after-while-not-ready-once\":[\"false\"],\"service-account-issuer\":[\"https://kubernetes.default.svc\"],\"service-account-jwks-uri\":[\"https://api.ci-ln-vjb5l1t-76ef8.XXXXXXXXXXXXXXXXXXXXXX:6443/openid/v1/jwks\"],\"service-account-lookup\":[\"true\"],\"service-account-signing-key-file\":[\"/etc/kubernetes/static-pod-certs/secrets/bound-service-account-signing-key/service-account.key\"],\"service-node-port-range\":[\"30000-32767\"],\"shutdown-delay-duration\":[\"129s\"],\"shutdown-send-retry-after\":[\"true\"],\"storage-backend\":[\"etcd3\"],\"storage-media-type\":[\"application/vnd.kubernetes.protobuf\"],\"strict-transport-security-directives\":[\"max-age=31536000,includeSubDomains,preload\"],\"tls-cert-file\":[\"/etc/kubernetes/static-pod-certs/secrets/service-network-serving-certkey/tls.crt\"],\"tls-private-key-file\":[\"/etc/kubernetes/static-pod-certs/secrets/service-network-serving-certkey/tls.key\"]},\"apiVersion\":\"kubecontrolplane.config.openshift.io/v1\",\"authConfig\":{\"oauthMetadataFile\":\"/etc/kubernetes/static-pod-resources/configmaps/oauth-metadata/oauthMetadata\"},\"consolePublicURL\":\"\",\"corsAllowedOrigins\":[\"//127\\\\.0\\\\.0\\\\.1(:|$)\",\"//localhost(:|$)\"],\"imagePolicyConfig\":{\"internalRegistryHostname\":\"image-registry.openshift-image-registry.svc:5000\"},\"kind\":\"KubeAPIServerConfig\",\"projectConfig\":{\"defaultNodeSelector\":\"\"},\"serviceAccountPublicKeyFiles\":[\"/etc/kubernetes/static-pod-resources/configmaps/sa-token-signing-certs\",\"/etc/kubernetes/static-pod-resources/configmaps/bound-sa-token-signing-certs\"],\"servicesSubnet\":\"172.30.0.0/16\",\"servingInfo\":{\"bindAddress\":\"0.0.0.0:6443\",\"bindNetwork\":\"tcp4\",\"cipherSuites\":[\"TLS_AES_128_GCM_SHA256\",\"TLS_AES_256_GCM_SHA384\",\"TLS_CHACHA20_POLY1305_SHA256\",\"TLS_ECDHE_ECDSA_WITH_AES_128_GCM_SHA256\",\"TLS_ECDHE_RSA_WITH_AES_128_GCM_SHA256\",\"TLS_ECDHE_ECDSA_WITH_AES_256_GCM_SHA384\",\"TLS_ECDHE_RSA_WITH_AES_256_GCM_SHA384\",\"TLS_ECDHE_ECDSA_WITH_CHACHA20_POLY1305_SHA256\",\"TLS_ECDHE_RSA_WITH_CHACHA20_POLY1305_SHA256\"],\"minTLSVersion\":\"VersionTLS12\",\"namedCertificates\":[{\"certFile\":\"/etc/kubernetes/static-pod-certs/secrets/localhost-serving-cert-certkey/tls.crt\",\"keyFile\":\"/etc/kubernetes/static-pod-certs/secrets/localhost-serving-cert-certkey/tls.key\"},{\"certFile\":\"/etc/kubernetes/static-pod-certs/secrets/service-network-serving-certkey/tls.crt\",\"keyFile\":\"/etc/kubernetes/static-pod-certs/secrets/service-network-serving-certkey/tls.key\"},{\"certFile\":\"/etc/kubernetes/static-pod-certs/secrets/external-loadbalancer-serving-certkey/tls.crt\",\"keyFile\":\"/etc/kubernetes/static-pod-certs/secrets/external-loadbalancer-serving-certkey/tls.key\"},{\"certFile\":\"/etc/kubernetes/static-pod-certs/secrets/internal-loadbalancer-serving-certkey/tls.crt\",\"keyFile\":\"/etc/kubernetes/static-pod-certs/secrets/internal-loadbalancer-serving-certkey/tls.key\"},{\"certFile\":\"/etc/kubernetes/static-pod-resources/secrets/localhost-recovery-serving-certkey/tls.crt\",\"keyFile\":\"/etc/kubernetes/static-pod-resources/secrets/localhost-recovery-serving-certkey/tls.key\"}]}}"},"kind":"ConfigMap","metadata":{"creationTimestamp":null,"managedFields":null,"resourceVersion":null,"uid":null}}
2026-01-28T09:42:01.120291753Z I0128 09:42:01.113927       1 prune_controller.go:277] Nothing to prune
2026-01-28T09:42:01.122083972Z I0128 09:42:01.121619       1 event.go:377] Event(v1.ObjectReference{Kind:"Deployment", Namespace:"openshift-kube-apiserver-operator", Name:"kube-apiserver-operator", UID:"0f90e131-ac50-4cb2-87c5-ad12ae1902a5", APIVersion:"apps/v1", ResourceVersion:"", FieldPath:""}): type: 'Normal' reason: 'StartingNewRevision' new revision 5 triggered by "required configmap/config has changed"
2026-01-28T09:42:01.122083972Z I0128 09:42:01.121781       1 event.go:377] Event(v1.ObjectReference{Kind:"Deployment", Namespace:"openshift-kube-apiserver-operator", Name:"kube-apiserver-operator", UID:"0f90e131-ac50-4cb2-87c5-ad12ae1902a5", APIVersion:"apps/v1", ResourceVersion:"", FieldPath:""}): type: 'Normal' reason: 'ConfigMapUpdated' Updated ConfigMap/config -n openshift-kube-apiserver:
2026-01-28T09:42:01.122083972Z cause by changes in data.config.yaml
2026-01-28T09:42:02.306843824Z I0128 09:42:02.306801       1 request.go:752] "Waited before sending request" delay="1.185367692s" reason="client-side throttling, not priority and fairness" verb="POST" URL="https://172.30.0.1:443/api/v1/namespaces/openshift-kube-apiserver/configmaps"
2026-01-28T09:42:02.330387567Z I0128 09:42:02.330327       1 prune_controller.go:277] Nothing to prune
2026-01-28T09:42:02.709559560Z I0128 09:42:02.709512       1 installer_controller.go:550] "ip-10-0-102-200.us-west-1.compute.internal" is in transition to 4, but has not made progress because waiting for static pod of revision 4, found 1
2026-01-28T09:42:03.338457936Z I0128 09:42:03.329891       1 request.go:752] "Waited before sending request" delay="1.500979259s" reason="client-side throttling, not priority and fairness" verb="GET" URL="https://172.30.0.1:443/api/v1/namespaces/openshift-kube-apiserver/pods?labelSelector=app%3Dopenshift-kube-apiserver"
2026-01-28T09:42:03.565558131Z I0128 09:42:03.565454       1 connectivity_check_controller.go:172] ConnectivityCheckController is waiting for transition to desired version (4.20.0-0-2026-01-28-090915-test-ci-ln-vjb5l1t-latest) to be completed.
2026-01-28T09:42:03.913086888Z I0128 09:42:03.912934       1 event.go:377] Event(v1.ObjectReference{Kind:"Deployment", Namespace:"openshift-kube-apiserver-operator", Name:"kube-apiserver-operator", UID:"0f90e131-ac50-4cb2-87c5-ad12ae1902a5", APIVersion:"apps/v1", ResourceVersion:"", FieldPath:""}): type: 'Normal' reason: 'ConfigMapCreated' Created ConfigMap/kube-apiserver-pod-5 -n openshift-kube-apiserver because it was missing
2026-01-28T09:42:03.915002633Z I0128 09:42:03.914971       1 prune_controller.go:277] Nothing to prune
2026-01-28T09:42:04.506692534Z I0128 09:42:04.506630       1 request.go:752] "Waited before sending request" delay="1.997658145s" reason="client-side throttling, not priority and fairness" verb="GET" URL="https://172.30.0.1:443/api/v1/namespaces/openshift-kube-apiserver/configmaps/trusted-ca-bundle"
2026-01-28T09:42:04.602883718Z I0128 09:42:04.602836       1 prune_controller.go:277] Nothing to prune
2026-01-28T09:42:04.605756050Z I0128 09:42:04.605720       1 externalloadbalancer.go:27] syncing external loadbalancer hostnames: api.ci-ln-vjb5l1t-76ef8.XXXXXXXXXXXXXXXXXXXXXX
2026-01-28T09:42:04.624751547Z I0128 09:42:04.624709       1 connectivity_check_controller.go:172] ConnectivityCheckController is waiting for transition to desired version (4.20.0-0-2026-01-28-090915-test-ci-ln-vjb5l1t-latest) to be completed.
2026-01-28T09:42:04.635474601Z I0128 09:42:04.635199       1 servicehostname.go:46] syncing servicenetwork hostnames: [172.30.0.1 kubernetes kubernetes.default kubernetes.default.svc kubernetes.default.svc.cluster.local openshift openshift.default openshift.default.svc openshift.default.svc.cluster.local]
2026-01-28T09:42:04.647225527Z I0128 09:42:04.647150       1 prune_controller.go:277] Nothing to prune
2026-01-28T09:42:04.647770844Z I0128 09:42:04.647745       1 prune_controller.go:277] Nothing to prune
2026-01-28T09:42:04.648188685Z I0128 09:42:04.648168       1 prune_controller.go:277] Nothing to prune
2026-01-28T09:42:04.649217096Z I0128 09:42:04.649191       1 prune_controller.go:277] Nothing to prune
2026-01-28T09:42:04.651530461Z I0128 09:42:04.651497       1 prune_controller.go:277] Nothing to prune
2026-01-28T09:42:04.651983654Z I0128 09:42:04.651960       1 prune_controller.go:277] Nothing to prune
2026-01-28T09:42:04.652479018Z I0128 09:42:04.652454       1 prune_controller.go:277] Nothing to prune
2026-01-28T09:42:04.653285219Z I0128 09:42:04.653262       1 prune_controller.go:277] Nothing to prune
2026-01-28T09:42:04.659951221Z I0128 09:42:04.659923       1 prune_controller.go:277] Nothing to prune
2026-01-28T09:42:04.679771429Z I0128 09:42:04.678965       1 prune_controller.go:277] Nothing to prune
2026-01-28T09:42:04.679771429Z I0128 09:42:04.679442       1 prune_controller.go:277] Nothing to prune
2026-01-28T09:42:05.312618341Z I0128 09:42:05.312564       1 connectivity_check_controller.go:172] ConnectivityCheckController is waiting for transition to desired version (4.20.0-0-2026-01-28-090915-test-ci-ln-vjb5l1t-latest) to be completed.
2026-01-28T09:42:05.312774059Z I0128 09:42:05.312751       1 connectivity_check_controller.go:172] ConnectivityCheckController is waiting for transition to desired version (4.20.0-0-2026-01-28-090915-test-ci-ln-vjb5l1t-latest) to be completed.
2026-01-28T09:42:05.313060973Z I0128 09:42:05.312981       1 connectivity_check_controller.go:172] ConnectivityCheckController is waiting for transition to desired version (4.20.0-0-2026-01-28-090915-test-ci-ln-vjb5l1t-latest) to be completed.
2026-01-28T09:42:05.313248032Z I0128 09:42:05.313224       1 connectivity_check_controller.go:172] ConnectivityCheckController is waiting for transition to desired version (4.20.0-0-2026-01-28-090915-test-ci-ln-vjb5l1t-latest) to be completed.
2026-01-28T09:42:05.313467963Z I0128 09:42:05.313443       1 connectivity_check_controller.go:172] ConnectivityCheckController is waiting for transition to desired version (4.20.0-0-2026-01-28-090915-test-ci-ln-vjb5l1t-latest) to be completed.
2026-01-28T09:42:05.313685804Z I0128 09:42:05.313632       1 connectivity_check_controller.go:172] ConnectivityCheckController is waiting for transition to desired version (4.20.0-0-2026-01-28-090915-test-ci-ln-vjb5l1t-latest) to be completed.
2026-01-28T09:42:05.507073580Z I0128 09:42:05.506960       1 request.go:752] "Waited before sending request" delay="1.594193933s" reason="client-side throttling, not priority and fairness" verb="POST" URL="https://172.30.0.1:443/api/v1/namespaces/openshift-kube-apiserver/configmaps"
2026-01-28T09:42:05.519109450Z I0128 09:42:05.517636       1 event.go:377] Event(v1.ObjectReference{Kind:"Deployment", Namespace:"openshift-kube-apiserver-operator", Name:"kube-apiserver-operator", UID:"0f90e131-ac50-4cb2-87c5-ad12ae1902a5", APIVersion:"apps/v1", ResourceVersion:"", FieldPath:""}): type: 'Normal' reason: 'ConfigMapCreated' Created ConfigMap/config-5 -n openshift-kube-apiserver because it was missing
2026-01-28T09:42:05.520672657Z I0128 09:42:05.520478       1 prune_controller.go:277] Nothing to prune
2026-01-28T09:42:06.164182311Z I0128 09:42:06.164121       1 connectivity_check_controller.go:172] ConnectivityCheckController is waiting for transition to desired version (4.20.0-0-2026-01-28-090915-test-ci-ln-vjb5l1t-latest) to be completed.
2026-01-28T09:42:06.366325583Z I0128 09:42:06.366241       1 connectivity_check_controller.go:172] ConnectivityCheckController is waiting for transition to desired version (4.20.0-0-2026-01-28-090915-test-ci-ln-vjb5l1t-latest) to be completed.
2026-01-28T09:42:06.706932895Z I0128 09:42:06.706877       1 request.go:752] "Waited before sending request" delay="2.105571743s" reason="client-side throttling, not priority and fairness" verb="GET" URL="https://172.30.0.1:443/api/v1/namespaces/openshift-kube-apiserver/pods?labelSelector=app%3Dopenshift-kube-apiserver"
2026-01-28T09:42:07.707265957Z I0128 09:42:07.707185       1 request.go:752] "Waited before sending request" delay="2.189718825s" reason="client-side throttling, not priority and fairness" verb="POST" URL="https://172.30.0.1:443/api/v1/namespaces/openshift-kube-apiserver/configmaps"
2026-01-28T09:42:07.712605324Z I0128 09:42:07.712551       1 prune_controller.go:277] Nothing to prune
2026-01-28T09:42:07.712685117Z I0128 09:42:07.712572       1 event.go:377] Event(v1.ObjectReference{Kind:"Deployment", Namespace:"openshift-kube-apiserver-operator", Name:"kube-apiserver-operator", UID:"0f90e131-ac50-4cb2-87c5-ad12ae1902a5", APIVersion:"apps/v1", ResourceVersion:"", FieldPath:""}): type: 'Normal' reason: 'ConfigMapCreated' Created ConfigMap/kube-apiserver-cert-syncer-kubeconfig-5 -n openshift-kube-apiserver because it was missing
2026-01-28T09:42:08.907830327Z I0128 09:42:08.907785       1 request.go:752] "Waited before sending request" delay="2.197772107s" reason="client-side throttling, not priority and fairness" verb="GET" URL="https://172.30.0.1:443/api/v1/namespaces/openshift-kube-apiserver/pods?labelSelector=app%3Dopenshift-kube-apiserver"
2026-01-28T09:42:09.911388411Z I0128 09:42:09.911250       1 prune_controller.go:277] Nothing to prune
2026-01-28T09:42:09.912649904Z I0128 09:42:09.911944       1 event.go:377] Event(v1.ObjectReference{Kind:"Deployment", Namespace:"openshift-kube-apiserver-operator", Name:"kube-apiserver-operator", UID:"0f90e131-ac50-4cb2-87c5-ad12ae1902a5", APIVersion:"apps/v1", ResourceVersion:"", FieldPath:""}): type: 'Normal' reason: 'ConfigMapCreated' Created ConfigMap/oauth-metadata-5 -n openshift-kube-apiserver because it was missing
2026-01-28T09:42:10.106593497Z I0128 09:42:10.106497       1 request.go:752] "Waited before sending request" delay="2.179142028s" reason="client-side throttling, not priority and fairness" verb="GET" URL="https://172.30.0.1:443/api/v1/namespaces/openshift-kube-apiserver/configmaps/kube-apiserver-audit-policies"
2026-01-28T09:42:11.107319610Z I0128 09:42:11.107267       1 request.go:752] "Waited before sending request" delay="1.57627687s" reason="client-side throttling, not priority and fairness" verb="GET" URL="https://172.30.0.1:443/api/v1/namespaces/openshift-kube-apiserver/serviceaccounts/localhost-recovery-client"
2026-01-28T09:42:11.515774921Z I0128 09:42:11.515734       1 prune_controller.go:277] Nothing to prune
2026-01-28T09:42:11.529987079Z I0128 09:42:11.529588       1 event.go:377] Event(v1.ObjectReference{Kind:"Deployment", Namespace:"openshift-kube-apiserver-operator", Name:"kube-apiserver-operator", UID:"0f90e131-ac50-4cb2-87c5-ad12ae1902a5", APIVersion:"apps/v1", ResourceVersion:"", FieldPath:""}): type: 'Normal' reason: 'ConfigMapCreated' Created ConfigMap/bound-sa-token-signing-certs-5 -n openshift-kube-apiserver because it was missing
2026-01-28T09:42:12.306422383Z I0128 09:42:12.306378       1 request.go:752] "Waited before sending request" delay="1.597000738s" reason="client-side throttling, not priority and fairness" verb="GET" URL="https://172.30.0.1:443/api/v1/namespaces/openshift-kube-apiserver/pods/installer-4-ip-10-0-102-200.us-west-1.compute.internal"
2026-01-28T09:42:13.112486528Z I0128 09:42:13.112437       1 event.go:377] Event(v1.ObjectReference{Kind:"Deployment", Namespace:"openshift-kube-apiserver-operator", Name:"kube-apiserver-operator", UID:"0f90e131-ac50-4cb2-87c5-ad12ae1902a5", APIVersion:"apps/v1", ResourceVersion:"", FieldPath:""}): type: 'Normal' reason: 'ConfigMapCreated' Created ConfigMap/etcd-serving-ca-5 -n openshift-kube-apiserver because it was missing
2026-01-28T09:42:13.114726328Z I0128 09:42:13.112895       1 prune_controller.go:277] Nothing to prune
2026-01-28T09:42:13.306835867Z I0128 09:42:13.306745       1 request.go:752] "Waited before sending request" delay="1.594839379s" reason="client-side throttling, not priority and fairness" verb="GET" URL="https://172.30.0.1:443/api/v1/namespaces/openshift-kube-apiserver/configmaps/kube-apiserver-audit-policies"
2026-01-28T09:42:13.910829761Z I0128 09:42:13.910771       1 installer_controller.go:550] "ip-10-0-102-200.us-west-1.compute.internal" is in transition to 4, but has not made progress because waiting for static pod of revision 4, found 1
2026-01-28T09:42:14.306866194Z I0128 09:42:14.306751       1 request.go:752] "Waited before sending request" delay="1.59651966s" reason="client-side throttling, not priority and fairness" verb="GET" URL="https://172.30.0.1:443/api/v1/namespaces/openshift-kube-apiserver/services/apiserver"
2026-01-28T09:42:14.506176728Z I0128 09:42:14.505702       1 connectivity_check_controller.go:172] ConnectivityCheckController is waiting for transition to desired version (4.20.0-0-2026-01-28-090915-test-ci-ln-vjb5l1t-latest) to be completed.
2026-01-28T09:42:14.520092596Z I0128 09:42:14.518612       1 prune_controller.go:277] Nothing to prune
2026-01-28T09:42:14.525698933Z I0128 09:42:14.525138       1 event.go:377] Event(v1.ObjectReference{Kind:"Deployment", Namespace:"openshift-kube-apiserver-operator", Name:"kube-apiserver-operator", UID:"0f90e131-ac50-4cb2-87c5-ad12ae1902a5", APIVersion:"apps/v1", ResourceVersion:"", FieldPath:""}): type: 'Normal' reason: 'ConfigMapCreated' Created ConfigMap/kube-apiserver-server-ca-5 -n openshift-kube-apiserver because it was missing
2026-01-28T09:42:15.307379194Z I0128 09:42:15.307242       1 request.go:752] "Waited before sending request" delay="1.387375299s" reason="client-side throttling, not priority and fairness" verb="GET" URL="https://172.30.0.1:443/api/v1/namespaces/openshift-kube-apiserver/pods/kube-apiserver-ip-10-0-102-200.us-west-1.compute.internal"
2026-01-28T09:42:15.924195211Z I0128 09:42:15.921634       1 event.go:377] Event(v1.ObjectReference{Kind:"Deployment", Namespace:"openshift-kube-apiserver-operator", Name:"kube-apiserver-operator", UID:"0f90e131-ac50-4cb2-87c5-ad12ae1902a5", APIVersion:"apps/v1", ResourceVersion:"", FieldPath:""}): type: 'Normal' reason: 'ConfigMapCreated' Created ConfigMap/kubelet-serving-ca-5 -n openshift-kube-apiserver because it was missing
2026-01-28T09:42:15.924195211Z I0128 09:42:15.922689       1 prune_controller.go:277] Nothing to prune
2026-01-28T09:42:16.506633580Z I0128 09:42:16.506586       1 request.go:752] "Waited before sending request" delay="1.393772295s" reason="client-side throttling, not priority and fairness" verb="GET" URL="https://172.30.0.1:443/api/v1/namespaces/openshift-kube-apiserver/secrets/localhost-recovery-client-token"
2026-01-28T09:42:17.316254691Z I0128 09:42:17.315108       1 event.go:377] Event(v1.ObjectReference{Kind:"Deployment", Namespace:"openshift-kube-apiserver-operator", Name:"kube-apiserver-operator", UID:"0f90e131-ac50-4cb2-87c5-ad12ae1902a5", APIVersion:"apps/v1", ResourceVersion:"", FieldPath:""}): type: 'Normal' reason: 'ConfigMapCreated' Created ConfigMap/sa-token-signing-certs-5 -n openshift-kube-apiserver because it was missing
2026-01-28T09:42:17.317087512Z I0128 09:42:17.316785       1 prune_controller.go:277] Nothing to prune
2026-01-28T09:42:17.706767970Z I0128 09:42:17.706702       1 request.go:752] "Waited before sending request" delay="1.377232538s" reason="client-side throttling, not priority and fairness" verb="GET" URL="https://172.30.0.1:443/api/v1/namespaces/openshift-kube-apiserver/secrets/node-kubeconfigs"
2026-01-28T09:42:18.707050948Z I0128 09:42:18.706977       1 request.go:752] "Waited before sending request" delay="1.39207578s" reason="client-side throttling, not priority and fairness" verb="POST" URL="https://172.30.0.1:443/api/v1/namespaces/openshift-kube-apiserver/configmaps"
2026-01-28T09:42:18.717734346Z I0128 09:42:18.714121       1 prune_controller.go:277] Nothing to prune
2026-01-28T09:42:18.717734346Z I0128 09:42:18.716716       1 event.go:377] Event(v1.ObjectReference{Kind:"Deployment", Namespace:"openshift-kube-apiserver-operator", Name:"kube-apiserver-operator", UID:"0f90e131-ac50-4cb2-87c5-ad12ae1902a5", APIVersion:"apps/v1", ResourceVersion:"", FieldPath:""}): type: 'Normal' reason: 'ConfigMapCreated' Created ConfigMap/kube-apiserver-audit-policies-5 -n openshift-kube-apiserver because it was missing
2026-01-28T09:42:19.907403479Z I0128 09:42:19.907333       1 request.go:752] "Waited before sending request" delay="1.365606544s" reason="client-side throttling, not priority and fairness" verb="GET" URL="https://172.30.0.1:443/api/v1/namespaces/openshift-kube-apiserver/serviceaccounts/localhost-recovery-client"
2026-01-28T09:42:20.125812857Z I0128 09:42:20.120663       1 event.go:377] Event(v1.ObjectReference{Kind:"Deployment", Namespace:"openshift-kube-apiserver-operator", Name:"kube-apiserver-operator", UID:"0f90e131-ac50-4cb2-87c5-ad12ae1902a5", APIVersion:"apps/v1", ResourceVersion:"", FieldPath:""}): type: 'Normal' reason: 'SecretCreated' Created Secret/etcd-client-5 -n openshift-kube-apiserver because it was missing
2026-01-28T09:42:21.106914838Z I0128 09:42:21.106858       1 request.go:752] "Waited before sending request" delay="1.396839246s" reason="client-side throttling, not priority and fairness" verb="GET" URL="https://172.30.0.1:443/api/v1/namespaces/openshift-kube-apiserver/pods/kube-apiserver-guard-ip-10-0-108-54.us-west-1.compute.internal"
2026-01-28T09:42:22.110253778Z I0128 09:42:22.110210       1 installer_controller.go:550] "ip-10-0-102-200.us-west-1.compute.internal" is in transition to 4, but has not made progress because waiting for static pod of revision 4, found 1
2026-01-28T09:42:22.308202945Z I0128 09:42:22.306738       1 request.go:752] "Waited before sending request" delay="1.193698572s" reason="client-side throttling, not priority and fairness" verb="GET" URL="https://172.30.0.1:443/api/v1/namespaces/openshift-kube-apiserver/pods/kube-apiserver-guard-ip-10-0-102-200.us-west-1.compute.internal"
2026-01-28T09:42:22.716788897Z I0128 09:42:22.716734       1 event.go:377] Event(v1.ObjectReference{Kind:"Deployment", Namespace:"openshift-kube-apiserver-operator", Name:"kube-apiserver-operator", UID:"0f90e131-ac50-4cb2-87c5-ad12ae1902a5", APIVersion:"apps/v1", ResourceVersion:"", FieldPath:""}): type: 'Normal' reason: 'SecretCreated' Created Secret/localhost-recovery-serving-certkey-5 -n openshift-kube-apiserver because it was missing
2026-01-28T09:42:23.909254549Z I0128 09:42:23.907355       1 request.go:752] "Waited before sending request" delay="1.191389938s" reason="client-side throttling, not priority and fairness" verb="POST" URL="https://172.30.0.1:443/api/v1/namespaces/openshift-kube-apiserver/secrets"
2026-01-28T09:42:23.918055774Z I0128 09:42:23.916336       1 event.go:377] Event(v1.ObjectReference{Kind:"Deployment", Namespace:"openshift-kube-apiserver-operator", Name:"kube-apiserver-operator", UID:"0f90e131-ac50-4cb2-87c5-ad12ae1902a5", APIVersion:"apps/v1", ResourceVersion:"", FieldPath:""}): type: 'Normal' reason: 'SecretCreated' Created Secret/localhost-recovery-client-token-5 -n openshift-kube-apiserver because it was missing
2026-01-28T09:42:24.935146862Z I0128 09:42:24.923252       1 event.go:377] Event(v1.ObjectReference{Kind:"Deployment", Namespace:"openshift-kube-apiserver-operator", Name:"kube-apiserver-operator", UID:"0f90e131-ac50-4cb2-87c5-ad12ae1902a5", APIVersion:"apps/v1", ResourceVersion:"", FieldPath:""}): type: 'Normal' reason: 'SecretCreated' Created Secret/webhook-authenticator-5 -n openshift-kube-apiserver because it was missing
2026-01-28T09:42:25.106882465Z I0128 09:42:25.106822       1 request.go:752] "Waited before sending request" delay="1.189580009s" reason="client-side throttling, not priority and fairness" verb="GET" URL="https://172.30.0.1:443/api/v1/namespaces/openshift-kube-apiserver/secrets/node-kubeconfigs"
2026-01-28T09:42:26.107132582Z I0128 09:42:26.107059       1 request.go:752] "Waited before sending request" delay="1.184015684s" reason="client-side throttling, not priority and fairness" verb="PUT" URL="https://172.30.0.1:443/api/v1/namespaces/openshift-kube-apiserver/configmaps/revision-status-5"
2026-01-28T09:42:26.120098592Z I0128 09:42:26.118073       1 prune_controller.go:277] Nothing to prune
2026-01-28T09:42:26.120098592Z I0128 09:42:26.118617       1 event.go:377] Event(v1.ObjectReference{Kind:"Deployment", Namespace:"openshift-kube-apiserver-operator", Name:"kube-apiserver-operator", UID:"0f90e131-ac50-4cb2-87c5-ad12ae1902a5", APIVersion:"apps/v1", ResourceVersion:"", FieldPath:""}): type: 'Normal' reason: 'RevisionTriggered' new revision 5 triggered by "required configmap/config has changed"
2026-01-28T09:42:26.164827462Z I0128 09:42:26.157315       1 prune_controller.go:277] Nothing to prune
2026-01-28T09:42:26.204417597Z I0128 09:42:26.203987       1 connectivity_check_controller.go:172] ConnectivityCheckController is waiting for transition to desired version (4.20.0-0-2026-01-28-090915-test-ci-ln-vjb5l1t-latest) to be completed.
2026-01-28T09:42:27.307097914Z I0128 09:42:27.307004       1 request.go:752] "Waited before sending request" delay="1.188208031s" reason="client-side throttling, not priority and fairness" verb="GET" URL="https://172.30.0.1:443/api/v1/namespaces/openshift-kube-apiserver/configmaps/kube-apiserver-audit-policies"
2026-01-28T09:42:28.506581657Z I0128 09:42:28.506530       1 request.go:752] "Waited before sending request" delay="1.594714136s" reason="client-side throttling, not priority and fairness" verb="GET" URL="https://172.30.0.1:443/api/v1/namespaces/openshift-kube-apiserver/pods/kube-apiserver-guard-ip-10-0-3-203.us-west-1.compute.internal"
2026-01-28T09:42:29.510147241Z I0128 09:42:29.510102       1 installer_controller.go:550] "ip-10-0-102-200.us-west-1.compute.internal" is in transition to 4, but has not made progress because waiting for static pod of revision 4, found 1
2026-01-28T09:42:29.706805667Z I0128 09:42:29.706745       1 request.go:752] "Waited before sending request" delay="1.194733237s" reason="client-side throttling, not priority and fairness" verb="GET" URL="https://172.30.0.1:443/api/v1/namespaces/openshift-kube-apiserver/pods/kube-apiserver-guard-ip-10-0-108-54.us-west-1.compute.internal"
2026-01-28T09:42:32.512552100Z I0128 09:42:32.512493       1 installer_controller.go:540] "ip-10-0-102-200.us-west-1.compute.internal" moving to (v1.NodeStatus) {
2026-01-28T09:42:32.512552100Z  NodeName: (string) (len=42) "ip-10-0-102-200.us-west-1.compute.internal",
2026-01-28T09:42:32.512552100Z  CurrentRevision: (int32) 1,
2026-01-28T09:42:32.512552100Z  TargetRevision: (int32) 5,
2026-01-28T09:42:32.512552100Z  LastFailedRevision: (int32) 0,
2026-01-28T09:42:32.512552100Z  LastFailedTime: (*v1.Time)(<nil>),
2026-01-28T09:42:32.512552100Z  LastFailedReason: (string) "",
2026-01-28T09:42:32.512552100Z  LastFailedCount: (int) 0,
2026-01-28T09:42:32.512552100Z  LastFallbackCount: (int) 0,
2026-01-28T09:42:32.512552100Z  LastFailedRevisionErrors: ([]string) <nil>
2026-01-28T09:42:32.512552100Z }
2026-01-28T09:42:32.512552100Z  because new revision pending
2026-01-28T09:42:32.538375256Z I0128 09:42:32.538170       1 connectivity_check_controller.go:172] ConnectivityCheckController is waiting for transition to desired version (4.20.0-0-2026-01-28-090915-test-ci-ln-vjb5l1t-latest) to be completed.
2026-01-28T09:42:32.540926513Z I0128 09:42:32.539622       1 prune_controller.go:277] Nothing to prune
2026-01-28T09:42:32.565149540Z I0128 09:42:32.564384       1 status_controller.go:230] clusteroperator/kube-apiserver diff {"status":{"conditions":[{"lastTransitionTime":"2026-01-28T09:39:41Z","message":"NodeControllerDegraded: All master nodes are ready","reason":"AsExpected","status":"False","type":"Degraded"},{"lastTransitionTime":"2026-01-28T09:35:07Z","message":"NodeInstallerProgressing: 1 node is at revision 1; 2 nodes are at revision 2; 0 nodes have achieved new revision 5","reason":"NodeInstaller","status":"True","type":"Progressing"},{"lastTransitionTime":"2026-01-28T09:36:11Z","message":"StaticPodsAvailable: 3 nodes are active; 1 node is at revision 1; 2 nodes are at revision 2; 0 nodes have achieved new revision 5","reason":"AsExpected","status":"True","type":"Available"},{"lastTransitionTime":"2026-01-28T09:30:35Z","message":"KubeletMinorVersionUpgradeable: Kubelet and API server minor versions are synced.","reason":"AsExpected","status":"True","type":"Upgradeable"},{"lastTransitionTime":"2026-01-28T09:31:21Z","message":"PodSecurityInconclusiveEvaluationConditionsDetected: Could not evaluate violations for namespaces: [kube-node-lease openshift openshift-apiserver-operator openshift-cloud-credential-operator openshift-cloud-network-config-controller openshift-cluster-olm-operator openshift-cluster-samples-operator openshift-cluster-storage-operator openshift-config-managed openshift-config-operator openshift-console openshift-console-operator openshift-console-user-settings openshift-controller-manager-operator openshift-dns-operator openshift-host-network openshift-ingress-operator openshift-kube-controller-manager-operator openshift-kube-storage-version-migrator openshift-kube-storage-version-migrator-operator openshift-network-console openshift-network-diagnostics openshift-node openshift-service-ca openshift-service-ca-operator openshift-user-workload-monitoring]","reason":"PodSecurityInconclusive_PSViolationDecisionInconclusive","status":"True","type":"EvaluationConditionsDetected"}]}}
2026-01-28T09:42:32.585013900Z I0128 09:42:32.584430       1 event.go:377] Event(v1.ObjectReference{Kind:"Deployment", Namespace:"openshift-kube-apiserver-operator", Name:"kube-apiserver-operator", UID:"0f90e131-ac50-4cb2-87c5-ad12ae1902a5", APIVersion:"apps/v1", ResourceVersion:"", FieldPath:""}): type: 'Normal' reason: 'OperatorStatusChanged' Status for clusteroperator/kube-apiserver changed: Progressing message changed from "NodeInstallerProgressing: 1 node is at revision 1; 2 nodes are at revision 2; 0 nodes have achieved new revision 4" to "NodeInstallerProgressing: 1 node is at revision 1; 2 nodes are at revision 2; 0 nodes have achieved new revision 5",Available message changed from "StaticPodsAvailable: 3 nodes are active; 1 node is at revision 1; 2 nodes are at revision 2; 0 nodes have achieved new revision 4" to "StaticPodsAvailable: 3 nodes are active; 1 node is at revision 1; 2 nodes are at revision 2; 0 nodes have achieved new revision 5"
2026-01-28T09:42:33.708567221Z I0128 09:42:33.706759       1 request.go:752] "Waited before sending request" delay="1.143481974s" reason="client-side throttling, not priority and fairness" verb="GET" URL="https://172.30.0.1:443/api/v1/namespaces/openshift-kube-apiserver/pods/kube-apiserver-ip-10-0-102-200.us-west-1.compute.internal"
2026-01-28T09:42:37.323164747Z I0128 09:42:37.321751       1 warnings.go:110] "Warning: metadata.name: this is used in the Pod's hostname, which can result in surprising behavior; a DNS label is recommended: [must not contain dots]"
2026-01-28T09:42:37.323164747Z I0128 09:42:37.322114       1 event.go:377] Event(v1.ObjectReference{Kind:"Deployment", Namespace:"openshift-kube-apiserver-operator", Name:"kube-apiserver-operator", UID:"0f90e131-ac50-4cb2-87c5-ad12ae1902a5", APIVersion:"apps/v1", ResourceVersion:"", FieldPath:""}): type: 'Normal' reason: 'PodCreated' Created Pod/installer-5-ip-10-0-102-200.us-west-1.compute.internal -n openshift-kube-apiserver because it was missing
2026-01-28T09:42:37.912700346Z I0128 09:42:37.912543       1 installer_controller.go:550] "ip-10-0-102-200.us-west-1.compute.internal" is in transition to 5, but has not made progress because installer is not finished, but in Pending phase
2026-01-28T09:42:38.507256005Z I0128 09:42:38.507212       1 request.go:752] "Waited before sending request" delay="1.177553422s" reason="client-side throttling, not priority and fairness" verb="GET" URL="https://172.30.0.1:443/api/v1/namespaces/openshift-kube-apiserver/pods/kube-apiserver-ip-10-0-102-200.us-west-1.compute.internal"
2026-01-28T09:42:41.909882961Z I0128 09:42:41.909835       1 installer_controller.go:550] "ip-10-0-102-200.us-west-1.compute.internal" is in transition to 5, but has not made progress because installer is not finished, but in Running phase
2026-01-28T09:42:44.502577453Z I0128 09:42:44.502535       1 connectivity_check_controller.go:172] ConnectivityCheckController is waiting for transition to desired version (4.20.0-0-2026-01-28-090915-test-ci-ln-vjb5l1t-latest) to be completed.
2026-01-28T09:42:44.510816701Z I0128 09:42:44.510780       1 installer_controller.go:550] "ip-10-0-102-200.us-west-1.compute.internal" is in transition to 5, but has not made progress because installer is not finished, but in Running phase
2026-01-28T09:43:03.489993182Z I0128 09:43:03.489941       1 event.go:377] Event(v1.ObjectReference{Kind:"Deployment", Namespace:"openshift-kube-apiserver-operator", Name:"kube-apiserver-operator", UID:"0f90e131-ac50-4cb2-87c5-ad12ae1902a5", APIVersion:"apps/v1", ResourceVersion:"", FieldPath:""}): type: 'Normal' reason: 'ObserveStorageUpdated' Updated storage urls to https://10.0.102.200:2379,https://10.0.108.54:2379,https://10.0.3.203:2379,https://localhost:2379
2026-01-28T09:43:03.490114709Z I0128 09:43:03.490089       1 event.go:377] Event(v1.ObjectReference{Kind:"Deployment", Namespace:"openshift-kube-apiserver-operator", Name:"kube-apiserver-operator", UID:"0f90e131-ac50-4cb2-87c5-ad12ae1902a5", APIVersion:"apps/v1", ResourceVersion:"", FieldPath:""}): type: 'Normal' reason: 'ObservedConfigChanged' Writing updated observed config:   map[string]any{
2026-01-28T09:43:03.490114709Z   	"admission": map[string]any{"pluginConfig": map[string]any{"PodSecurity": map[string]any{"configuration": map[string]any{"defaults": map[string]any{"audit": string("restricted"), "audit-version": string("latest"), "enforce": string("privileged"), "enforce-version": string("latest"), ...}}}, "network.openshift.io/ExternalIPRanger": map[string]any{"configuration": map[string]any{"allowIngressIP": bool(false), "apiVersion": string("network.openshift.io/v1"), "kind": string("ExternalIPRangerAdmissionConfig")}}, "network.openshift.io/RestrictedEndpointsAdmission": map[string]any{"configuration": map[string]any{"apiVersion": string("network.openshift.io/v1"), "kind": string("RestrictedEndpointsAdmissionConfig"), "restrictedCIDRs": []any{string("10.128.0.0/14"), string("172.30.0.0/16")}}}}},
2026-01-28T09:43:03.490114709Z   	"apiServerArguments": map[string]any{
2026-01-28T09:43:03.490114709Z   		... // 3 identical entries
2026-01-28T09:43:03.490114709Z   		"authorization-mode":       []any{string("Scope"), string("SystemMasters"), string("RBAC"), string("Node")},
2026-01-28T09:43:03.490114709Z   		"enable-admission-plugins": []any{string("authorization.openshift.io/RestrictSubjectBindings"), string("authorization.openshift.io/ValidateRoleBindingRestriction")},
2026-01-28T09:43:03.490114709Z   		"etcd-servers": []any{
2026-01-28T09:43:03.490114709Z   			string("https://10.0.102.200:2379"),
2026-01-28T09:43:03.490114709Z   			string("https://10.0.108.54:2379"),
2026-01-28T09:43:03.490114709Z - 			string("https://10.0.161.159:2379"),
2026-01-28T09:43:03.490114709Z   			string("https://10.0.3.203:2379"),
2026-01-28T09:43:03.490114709Z   			string("https://localhost:2379"),
2026-01-28T09:43:03.490114709Z   		},
2026-01-28T09:43:03.490114709Z   		"feature-gates": []any{string("AdditionalRoutingCapabilities=true"), string("AdminNetworkPolicy=true"), string("AlibabaPlatform=true"), string("AzureWorkloadIdentity=true"), ...},
2026-01-28T09:43:03.490114709Z   		"goaway-chance": []any{string("0.001")},
2026-01-28T09:43:03.490114709Z   		... // 4 identical entries
2026-01-28T09:43:03.490114709Z   	},
2026-01-28T09:43:03.490114709Z   	"authConfig":         map[string]any{"oauthMetadataFile": string("/etc/kubernetes/static-pod-resources/configmaps/oauth-metadata/o"...)},
2026-01-28T09:43:03.490114709Z   	"corsAllowedOrigins": []any{string(`//127\.0\.0\.1(:|$)`), string("//localhost(:|$)")},
2026-01-28T09:43:03.490114709Z   	... // 4 identical entries
2026-01-28T09:43:03.490114709Z   }
2026-01-28T09:43:03.522351664Z I0128 09:43:03.522301       1 event.go:377] Event(v1.ObjectReference{Kind:"Deployment", Namespace:"openshift-kube-apiserver-operator", Name:"kube-apiserver-operator", UID:"0f90e131-ac50-4cb2-87c5-ad12ae1902a5", APIVersion:"apps/v1", ResourceVersion:"", FieldPath:""}): type: 'Normal' reason: 'ObserveStorageUpdated' Updated storage urls to https://10.0.102.200:2379,https://10.0.108.54:2379,https://10.0.3.203:2379,https://localhost:2379
2026-01-28T09:43:03.522419218Z I0128 09:43:03.522400       1 event.go:377] Event(v1.ObjectReference{Kind:"Deployment", Namespace:"openshift-kube-apiserver-operator", Name:"kube-apiserver-operator", UID:"0f90e131-ac50-4cb2-87c5-ad12ae1902a5", APIVersion:"apps/v1", ResourceVersion:"", FieldPath:""}): type: 'Normal' reason: 'ObservedConfigChanged' Writing updated observed config:   map[string]any{
2026-01-28T09:43:03.522419218Z   	"admission": map[string]any{"pluginConfig": map[string]any{"PodSecurity": map[string]any{"configuration": map[string]any{"defaults": map[string]any{"audit": string("restricted"), "audit-version": string("latest"), "enforce": string("privileged"), "enforce-version": string("latest"), ...}}}, "network.openshift.io/ExternalIPRanger": map[string]any{"configuration": map[string]any{"allowIngressIP": bool(false), "apiVersion": string("network.openshift.io/v1"), "kind": string("ExternalIPRangerAdmissionConfig")}}, "network.openshift.io/RestrictedEndpointsAdmission": map[string]any{"configuration": map[string]any{"apiVersion": string("network.openshift.io/v1"), "kind": string("RestrictedEndpointsAdmissionConfig"), "restrictedCIDRs": []any{string("10.128.0.0/14"), string("172.30.0.0/16")}}}}},
2026-01-28T09:43:03.522419218Z   	"apiServerArguments": map[string]any{
2026-01-28T09:43:03.522419218Z   		... // 3 identical entries
2026-01-28T09:43:03.522419218Z   		"authorization-mode":       []any{string("Scope"), string("SystemMasters"), string("RBAC"), string("Node")},
2026-01-28T09:43:03.522419218Z   		"enable-admission-plugins": []any{string("authorization.openshift.io/RestrictSubjectBindings"), string("authorization.openshift.io/ValidateRoleBindingRestriction")},
2026-01-28T09:43:03.522419218Z   		"etcd-servers": []any{
2026-01-28T09:43:03.522419218Z   			string("https://10.0.102.200:2379"),
2026-01-28T09:43:03.522419218Z   			string("https://10.0.108.54:2379"),
2026-01-28T09:43:03.522419218Z - 			string("https://10.0.161.159:2379"),
2026-01-28T09:43:03.522419218Z   			string("https://10.0.3.203:2379"),
2026-01-28T09:43:03.522419218Z   			string("https://localhost:2379"),
2026-01-28T09:43:03.522419218Z   		},
2026-01-28T09:43:03.522419218Z   		"feature-gates": []any{string("AdditionalRoutingCapabilities=true"), string("AdminNetworkPolicy=true"), string("AlibabaPlatform=true"), string("AzureWorkloadIdentity=true"), ...},
2026-01-28T09:43:03.522419218Z   		"goaway-chance": []any{string("0.001")},
2026-01-28T09:43:03.522419218Z   		... // 4 identical entries
2026-01-28T09:43:03.522419218Z   	},
2026-01-28T09:43:03.522419218Z   	"authConfig":         map[string]any{"oauthMetadataFile": string("/etc/kubernetes/static-pod-resources/configmaps/oauth-metadata/o"...)},
2026-01-28T09:43:03.522419218Z   	"corsAllowedOrigins": []any{string(`//127\.0\.0\.1(:|$)`), string("//localhost(:|$)")},
2026-01-28T09:43:03.522419218Z   	... // 4 identical entries
2026-01-28T09:43:03.522419218Z   }
2026-01-28T09:43:03.525441308Z I0128 09:43:03.525411       1 prune_controller.go:277] Nothing to prune
2026-01-28T09:43:03.533614795Z I0128 09:43:03.533576       1 connectivity_check_controller.go:172] ConnectivityCheckController is waiting for transition to desired version (4.20.0-0-2026-01-28-090915-test-ci-ln-vjb5l1t-latest) to be completed.
2026-01-28T09:43:03.574187387Z I0128 09:43:03.574132       1 core.go:352] ConfigMap "openshift-kube-apiserver/config" changes: {"apiVersion":"v1","data":{"config.yaml":"{\"admission\":{\"pluginConfig\":{\"PodSecurity\":{\"configuration\":{\"apiVersion\":\"pod-security.admission.config.k8s.io/v1\",\"defaults\":{\"audit\":\"restricted\",\"audit-version\":\"latest\",\"enforce\":\"privileged\",\"enforce-version\":\"latest\",\"warn\":\"restricted\",\"warn-version\":\"latest\"},\"exemptions\":{\"usernames\":[\"system:serviceaccount:openshift-infra:build-controller\"]},\"kind\":\"PodSecurityConfiguration\"}},\"network.openshift.io/ExternalIPRanger\":{\"configuration\":{\"allowIngressIP\":false,\"apiVersion\":\"network.openshift.io/v1\",\"externalIPNetworkCIDRs\":null,\"kind\":\"ExternalIPRangerAdmissionConfig\"},\"location\":\"\"},\"network.openshift.io/RestrictedEndpointsAdmission\":{\"configuration\":{\"apiVersion\":\"network.openshift.io/v1\",\"kind\":\"RestrictedEndpointsAdmissionConfig\",\"restrictedCIDRs\":[\"10.128.0.0/14\",\"172.30.0.0/16\"]}}}},\"apiServerArguments\":{\"allow-privileged\":[\"true\"],\"anonymous-auth\":[\"true\"],\"api-audiences\":[\"https://kubernetes.default.svc\"],\"audit-log-format\":[\"json\"],\"audit-log-maxbackup\":[\"10\"],\"audit-log-maxsize\":[\"200\"],\"audit-log-path\":[\"/var/log/kube-apiserver/audit.log\"],\"audit-policy-file\":[\"/etc/kubernetes/static-pod-resources/configmaps/kube-apiserver-audit-policies/policy.yaml\"],\"authentication-token-webhook-config-file\":[\"/etc/kubernetes/static-pod-resources/secrets/webhook-authenticator/kubeConfig\"],\"authentication-token-webhook-version\":[\"v1\"],\"authorization-mode\":[\"Scope\",\"SystemMasters\",\"RBAC\",\"Node\"],\"client-ca-file\":[\"/etc/kubernetes/static-pod-certs/configmaps/client-ca/ca-bundle.crt\"],\"enable-admission-plugins\":[\"CertificateApproval\",\"CertificateSigning\",\"CertificateSubjectRestriction\",\"DefaultIngressClass\",\"DefaultStorageClass\",\"DefaultTolerationSeconds\",\"LimitRanger\",\"MutatingAdmissionWebhook\",\"NamespaceLifecycle\",\"NodeRestriction\",\"OwnerReferencesPermissionEnforcement\",\"PersistentVolumeClaimResize\",\"PodNodeSelector\",\"PodTolerationRestriction\",\"Priority\",\"ResourceQuota\",\"RuntimeClass\",\"ServiceAccount\",\"StorageObjectInUseProtection\",\"TaintNodesByCondition\",\"ValidatingAdmissionPolicy\",\"ValidatingAdmissionWebhook\",\"authorization.openshift.io/RestrictSubjectBindings\",\"authorization.openshift.io/ValidateRoleBindingRestriction\",\"config.openshift.io/DenyDeleteClusterConfiguration\",\"config.openshift.io/ValidateAPIServer\",\"config.openshift.io/ValidateAuthentication\",\"config.openshift.io/ValidateConsole\",\"config.openshift.io/ValidateFeatureGate\",\"config.openshift.io/ValidateImage\",\"config.openshift.io/ValidateOAuth\",\"config.openshift.io/ValidateProject\",\"config.openshift.io/ValidateScheduler\",\"image.openshift.io/ImagePolicy\",\"network.openshift.io/ExternalIPRanger\",\"network.openshift.io/RestrictedEndpointsAdmission\",\"quota.openshift.io/ClusterResourceQuota\",\"quota.openshift.io/ValidateClusterResourceQuota\",\"route.openshift.io/IngressAdmission\",\"scheduling.openshift.io/OriginPodNodeEnvironment\",\"security.openshift.io/DefaultSecurityContextConstraints\",\"security.openshift.io/SCCExecRestrictions\",\"security.openshift.io/SecurityContextConstraint\",\"security.openshift.io/ValidateSecurityContextConstraints\",\"storage.openshift.io/CSIInlineVolumeSecurity\"],\"enable-aggregator-routing\":[\"true\"],\"enable-logs-handler\":[\"false\"],\"endpoint-reconciler-type\":[\"lease\"],\"etcd-cafile\":[\"/etc/kubernetes/static-pod-resources/configmaps/etcd-serving-ca/ca-bundle.crt\"],\"etcd-certfile\":[\"/etc/kubernetes/static-pod-resources/secrets/etcd-client/tls.crt\"],\"etcd-healthcheck-timeout\":[\"9s\"],\"etcd-keyfile\":[\"/etc/kubernetes/static-pod-resources/secrets/etcd-client/tls.key\"],\"etcd-prefix\":[\"kubernetes.io\"],\"etcd-readycheck-timeout\":[\"9s\"],\"etcd-servers\":[\"https://10.0.102.200:2379\",\"https://10.0.108.54:2379\",\"https://10.0.3.203:2379\",\"https://localhost:2379\"],\"event-ttl\":[\"3h\"],\"feature-gates\":[\"AdditionalRoutingCapabilities=true\",\"AdminNetworkPolicy=true\",\"AlibabaPlatform=true\",\"AzureWorkloadIdentity=true\",\"BuildCSIVolumes=true\",\"CPMSMachineNamePrefix=true\",\"ConsolePluginContentSecurityPolicy=true\",\"ExternalOIDC=true\",\"ExternalOIDCWithUIDAndExtraClaimMappings=true\",\"GatewayAPI=true\",\"GatewayAPIController=true\",\"HighlyAvailableArbiter=true\",\"ImageVolume=true\",\"IngressControllerLBSubnetsAWS=true\",\"KMSv1=true\",\"MachineConfigNodes=true\",\"ManagedBootImages=true\",\"ManagedBootImagesAWS=true\",\"MetricsCollectionProfiles=true\",\"NetworkDiagnosticsConfig=true\",\"NetworkLiveMigration=true\",\"NetworkSegmentation=true\",\"NewOLM=true\",\"PinnedImages=true\",\"PreconfiguredUDNAddresses=true\",\"ProcMountType=true\",\"RouteAdvertisements=true\",\"RouteExternalCertificate=true\",\"ServiceAccountTokenNodeBinding=true\",\"SetEIPForNLBIngressController=true\",\"SigstoreImageVerification=true\",\"StoragePerformantSecurityPolicy=true\",\"UpgradeStatus=true\",\"UserNamespacesPodSecurityStandards=true\",\"UserNamespacesSupport=true\",\"VSphereMultiDisk=true\",\"VSphereMultiNetworks=true\",\"AWSClusterHostedDNS=false\",\"AWSClusterHostedDNSInstall=false\",\"AWSDedicatedHosts=false\",\"AWSServiceLBNetworkSecurityGroup=false\",\"AutomatedEtcdBackup=false\",\"AzureClusterHostedDNSInstall=false\",\"AzureDedicatedHosts=false\",\"AzureMultiDisk=false\",\"BootImageSkewEnforcement=false\",\"BootcNodeManagement=false\",\"ClusterAPIInstall=false\",\"ClusterAPIInstallIBMCloud=false\",\"ClusterMonitoringConfig=false\",\"ClusterVersionOperatorConfiguration=false\",\"DNSNameResolver=false\",\"DualReplica=false\",\"DyanmicServiceEndpointIBMCloud=false\",\"DynamicResourceAllocation=false\",\"EtcdBackendQuota=false\",\"EventedPLEG=false\",\"Example=false\",\"Example2=false\",\"ExternalSnapshotMetadata=false\",\"GCPClusterHostedDNS=false\",\"GCPClusterHostedDNSInstall=false\",\"GCPCustomAPIEndpoints=false\",\"GCPCustomAPIEndpointsInstall=false\",\"ImageModeStatusReporting=false\",\"ImageStreamImportMode=false\",\"IngressControllerDynamicConfigurationManager=false\",\"InsightsConfig=false\",\"InsightsConfigAPI=false\",\"InsightsOnDemandDataGather=false\",\"IrreconcilableMachineConfig=false\",\"KMSEncryptionProvider=false\",\"MachineAPIMigration=false\",\"MachineAPIOperatorDisableMachineHealthCheckController=false\",\"ManagedBootImagesAzure=false\",\"ManagedBootImagesvSphere=false\",\"MaxUnavailableStatefulSet=false\",\"MinimumKubeletVersion=false\",\"MixedCPUsAllocation=false\",\"MultiArchInstallAzure=false\",\"MultiDiskSetup=false\",\"MutatingAdmissionPolicy=false\",\"NewOLMCatalogdAPIV1Metas=false\",\"NewOLMOwnSingleNamespace=false\",\"NewOLMPreflightPermissionChecks=false\",\"NewOLMWebhookProviderOpenshiftServiceCA=false\",\"NoRegistryClusterOperations=false\",\"NodeSwap=false\",\"NutanixMultiSubnets=false\",\"OVNObservability=false\",\"OpenShiftPodSecurityAdmission=false\",\"SELinuxMount=false\",\"ShortCertRotation=false\",\"SignatureStores=false\",\"SigstoreImageVerificationPKI=false\",\"TranslateStreamCloseWebsocketRequests=false\",\"VSphereConfigurableMaxAllowedBlockVolumesPerNode=false\",\"VSphereHostVMGroupZonal=false\",\"VSphereMixedNodeEnv=false\",\"VolumeAttributesClass=false\",\"VolumeGroupSnapshot=false\"],\"goaway-chance\":[\"0.001\"],\"http2-max-streams-per-connection\":[\"2000\"],\"kubelet-certificate-authority\":[\"/etc/kubernetes/static-pod-resources/configmaps/kubelet-serving-ca/ca-bundle.crt\"],\"kubelet-client-certificate\":[\"/etc/kubernetes/static-pod-certs/secrets/kubelet-client/tls.crt\"],\"kubelet-client-key\":[\"/etc/kubernetes/static-pod-certs/secrets/kubelet-client/tls.key\"],\"kubelet-preferred-address-types\":[\"InternalIP\"],\"kubelet-read-only-port\":[\"0\"],\"kubernetes-service-node-port\":[\"0\"],\"max-mutating-requests-inflight\":[\"1000\"],\"max-requests-inflight\":[\"3000\"],\"min-request-timeout\":[\"3600\"],\"proxy-client-cert-file\":[\"/etc/kubernetes/static-pod-certs/secrets/aggregator-client/tls.crt\"],\"proxy-client-key-file\":[\"/etc/kubernetes/static-pod-certs/secrets/aggregator-client/tls.key\"],\"requestheader-allowed-names\":[\"kube-apiserver-proxy\",\"system:kube-apiserver-proxy\",\"system:openshift-aggregator\"],\"requestheader-client-ca-file\":[\"/etc/kubernetes/static-pod-certs/configmaps/aggregator-client-ca/ca-bundle.crt\"],\"requestheader-extra-headers-prefix\":[\"X-Remote-Extra-\"],\"requestheader-group-headers\":[\"X-Remote-Group\"],\"requestheader-username-headers\":[\"X-Remote-User\"],\"send-retry-after-while-not-ready-once\":[\"false\"],\"service-account-issuer\":[\"https://kubernetes.default.svc\"],\"service-account-jwks-uri\":[\"https://api.ci-ln-vjb5l1t-76ef8.XXXXXXXXXXXXXXXXXXXXXX:6443/openid/v1/jwks\"],\"service-account-lookup\":[\"true\"],\"service-account-signing-key-file\":[\"/etc/kubernetes/static-pod-certs/secrets/bound-service-account-signing-key/service-account.key\"],\"service-node-port-range\":[\"30000-32767\"],\"shutdown-delay-duration\":[\"129s\"],\"shutdown-send-retry-after\":[\"true\"],\"storage-backend\":[\"etcd3\"],\"storage-media-type\":[\"application/vnd.kubernetes.protobuf\"],\"strict-transport-security-directives\":[\"max-age=31536000,includeSubDomains,preload\"],\"tls-cert-file\":[\"/etc/kubernetes/static-pod-certs/secrets/service-network-serving-certkey/tls.crt\"],\"tls-private-key-file\":[\"/etc/kubernetes/static-pod-certs/secrets/service-network-serving-certkey/tls.key\"]},\"apiVersion\":\"kubecontrolplane.config.openshift.io/v1\",\"authConfig\":{\"oauthMetadataFile\":\"/etc/kubernetes/static-pod-resources/configmaps/oauth-metadata/oauthMetadata\"},\"consolePublicURL\":\"\",\"corsAllowedOrigins\":[\"//127\\\\.0\\\\.0\\\\.1(:|$)\",\"//localhost(:|$)\"],\"imagePolicyConfig\":{\"internalRegistryHostname\":\"image-registry.openshift-image-registry.svc:5000\"},\"kind\":\"KubeAPIServerConfig\",\"projectConfig\":{\"defaultNodeSelector\":\"\"},\"serviceAccountPublicKeyFiles\":[\"/etc/kubernetes/static-pod-resources/configmaps/sa-token-signing-certs\",\"/etc/kubernetes/static-pod-resources/configmaps/bound-sa-token-signing-certs\"],\"servicesSubnet\":\"172.30.0.0/16\",\"servingInfo\":{\"bindAddress\":\"0.0.0.0:6443\",\"bindNetwork\":\"tcp4\",\"cipherSuites\":[\"TLS_AES_128_GCM_SHA256\",\"TLS_AES_256_GCM_SHA384\",\"TLS_CHACHA20_POLY1305_SHA256\",\"TLS_ECDHE_ECDSA_WITH_AES_128_GCM_SHA256\",\"TLS_ECDHE_RSA_WITH_AES_128_GCM_SHA256\",\"TLS_ECDHE_ECDSA_WITH_AES_256_GCM_SHA384\",\"TLS_ECDHE_RSA_WITH_AES_256_GCM_SHA384\",\"TLS_ECDHE_ECDSA_WITH_CHACHA20_POLY1305_SHA256\",\"TLS_ECDHE_RSA_WITH_CHACHA20_POLY1305_SHA256\"],\"minTLSVersion\":\"VersionTLS12\",\"namedCertificates\":[{\"certFile\":\"/etc/kubernetes/static-pod-certs/secrets/localhost-serving-cert-certkey/tls.crt\",\"keyFile\":\"/etc/kubernetes/static-pod-certs/secrets/localhost-serving-cert-certkey/tls.key\"},{\"certFile\":\"/etc/kubernetes/static-pod-certs/secrets/service-network-serving-certkey/tls.crt\",\"keyFile\":\"/etc/kubernetes/static-pod-certs/secrets/service-network-serving-certkey/tls.key\"},{\"certFile\":\"/etc/kubernetes/static-pod-certs/secrets/external-loadbalancer-serving-certkey/tls.crt\",\"keyFile\":\"/etc/kubernetes/static-pod-certs/secrets/external-loadbalancer-serving-certkey/tls.key\"},{\"certFile\":\"/etc/kubernetes/static-pod-certs/secrets/internal-loadbalancer-serving-certkey/tls.crt\",\"keyFile\":\"/etc/kubernetes/static-pod-certs/secrets/internal-loadbalancer-serving-certkey/tls.key\"},{\"certFile\":\"/etc/kubernetes/static-pod-resources/secrets/localhost-recovery-serving-certkey/tls.crt\",\"keyFile\":\"/etc/kubernetes/static-pod-resources/secrets/localhost-recovery-serving-certkey/tls.key\"}]}}"},"kind":"ConfigMap","metadata":{"creationTimestamp":null,"managedFields":null,"resourceVersion":null,"uid":null}}
2026-01-28T09:43:03.604916277Z I0128 09:43:03.604861       1 event.go:377] Event(v1.ObjectReference{Kind:"Deployment", Namespace:"openshift-kube-apiserver-operator", Name:"kube-apiserver-operator", UID:"0f90e131-ac50-4cb2-87c5-ad12ae1902a5", APIVersion:"apps/v1", ResourceVersion:"", FieldPath:""}): type: 'Normal' reason: 'ConfigMapUpdated' Updated ConfigMap/config -n openshift-kube-apiserver:
2026-01-28T09:43:03.604916277Z cause by changes in data.config.yaml
2026-01-28T09:43:03.632106572Z I0128 09:43:03.632060       1 prune_controller.go:277] Nothing to prune
2026-01-28T09:43:03.670604109Z I0128 09:43:03.669072       1 event.go:377] Event(v1.ObjectReference{Kind:"Deployment", Namespace:"openshift-kube-apiserver-operator", Name:"kube-apiserver-operator", UID:"0f90e131-ac50-4cb2-87c5-ad12ae1902a5", APIVersion:"apps/v1", ResourceVersion:"", FieldPath:""}): type: 'Normal' reason: 'StartingNewRevision' new revision 6 triggered by "required configmap/config has changed"
2026-01-28T09:43:04.726095756Z I0128 09:43:04.725985       1 request.go:752] "Waited before sending request" delay="1.06118277s" reason="client-side throttling, not priority and fairness" verb="POST" URL="https://172.30.0.1:443/api/v1/namespaces/openshift-kube-apiserver/configmaps"
2026-01-28T09:43:04.738953187Z I0128 09:43:04.738918       1 prune_controller.go:277] Nothing to prune
2026-01-28T09:43:05.925452019Z I0128 09:43:05.925390       1 request.go:752] "Waited before sending request" delay="1.170761289s" reason="client-side throttling, not priority and fairness" verb="POST" URL="https://172.30.0.1:443/api/v1/namespaces/openshift-kube-apiserver/configmaps"
2026-01-28T09:43:05.938438616Z I0128 09:43:05.938404       1 prune_controller.go:277] Nothing to prune
2026-01-28T09:43:05.941618904Z I0128 09:43:05.939094       1 event.go:377] Event(v1.ObjectReference{Kind:"Deployment", Namespace:"openshift-kube-apiserver-operator", Name:"kube-apiserver-operator", UID:"0f90e131-ac50-4cb2-87c5-ad12ae1902a5", APIVersion:"apps/v1", ResourceVersion:"", FieldPath:""}): type: 'Normal' reason: 'ConfigMapCreated' Created ConfigMap/kube-apiserver-pod-6 -n openshift-kube-apiserver because it was missing
2026-01-28T09:43:07.125457314Z I0128 09:43:07.125406       1 request.go:752] "Waited before sending request" delay="1.749372781s" reason="client-side throttling, not priority and fairness" verb="GET" URL="https://172.30.0.1:443/api/v1/namespaces/openshift-kube-apiserver"
2026-01-28T09:43:07.732563596Z I0128 09:43:07.732517       1 event.go:377] Event(v1.ObjectReference{Kind:"Deployment", Namespace:"openshift-kube-apiserver-operator", Name:"kube-apiserver-operator", UID:"0f90e131-ac50-4cb2-87c5-ad12ae1902a5", APIVersion:"apps/v1", ResourceVersion:"", FieldPath:""}): type: 'Normal' reason: 'ConfigMapCreated' Created ConfigMap/config-6 -n openshift-kube-apiserver because it was missing
2026-01-28T09:43:07.737727123Z I0128 09:43:07.737651       1 prune_controller.go:277] Nothing to prune
2026-01-28T09:43:08.126190774Z I0128 09:43:08.126134       1 request.go:752] "Waited before sending request" delay="1.986184737s" reason="client-side throttling, not priority and fairness" verb="GET" URL="https://172.30.0.1:443/api/v1/namespaces/openshift-kube-apiserver/pods/kube-apiserver-ip-10-0-108-54.us-west-1.compute.internal"
2026-01-28T09:43:08.532320124Z I0128 09:43:08.532280       1 installer_controller.go:550] "ip-10-0-102-200.us-west-1.compute.internal" is in transition to 5, but has not made progress because installer is not finished, but in Running phase
2026-01-28T09:43:09.131185045Z I0128 09:43:09.131115       1 event.go:377] Event(v1.ObjectReference{Kind:"Deployment", Namespace:"openshift-kube-apiserver-operator", Name:"kube-apiserver-operator", UID:"0f90e131-ac50-4cb2-87c5-ad12ae1902a5", APIVersion:"apps/v1", ResourceVersion:"", FieldPath:""}): type: 'Normal' reason: 'ConfigMapCreated' Created ConfigMap/kube-apiserver-cert-syncer-kubeconfig-6 -n openshift-kube-apiserver because it was missing
2026-01-28T09:43:09.131504981Z I0128 09:43:09.131477       1 prune_controller.go:277] Nothing to prune
2026-01-28T09:43:09.325276223Z I0128 09:43:09.325234       1 request.go:752] "Waited before sending request" delay="1.587875567s" reason="client-side throttling, not priority and fairness" verb="GET" URL="https://172.30.0.1:443/api/v1/namespaces/openshift-kube-apiserver/secrets/node-kubeconfigs"
2026-01-28T09:43:10.325473066Z I0128 09:43:10.325417       1 request.go:752] "Waited before sending request" delay="1.545104696s" reason="client-side throttling, not priority and fairness" verb="GET" URL="https://172.30.0.1:443/api/v1/namespaces/openshift-kube-apiserver/serviceaccounts/localhost-recovery-client"
2026-01-28T09:43:10.734953933Z I0128 09:43:10.734476       1 prune_controller.go:277] Nothing to prune
2026-01-28T09:43:10.735440857Z I0128 09:43:10.735400       1 event.go:377] Event(v1.ObjectReference{Kind:"Deployment", Namespace:"openshift-kube-apiserver-operator", Name:"kube-apiserver-operator", UID:"0f90e131-ac50-4cb2-87c5-ad12ae1902a5", APIVersion:"apps/v1", ResourceVersion:"", FieldPath:""}): type: 'Normal' reason: 'ConfigMapCreated' Created ConfigMap/oauth-metadata-6 -n openshift-kube-apiserver because it was missing
2026-01-28T09:43:11.326089259Z I0128 09:43:11.326036       1 request.go:752] "Waited before sending request" delay="1.393990168s" reason="client-side throttling, not priority and fairness" verb="GET" URL="https://172.30.0.1:443/api/v1/namespaces/openshift-kube-apiserver/configmaps/kube-apiserver-pod"
2026-01-28T09:43:12.134722219Z I0128 09:43:12.134679       1 prune_controller.go:277] Nothing to prune
2026-01-28T09:43:12.135468616Z I0128 09:43:12.135216       1 event.go:377] Event(v1.ObjectReference{Kind:"Deployment", Namespace:"openshift-kube-apiserver-operator", Name:"kube-apiserver-operator", UID:"0f90e131-ac50-4cb2-87c5-ad12ae1902a5", APIVersion:"apps/v1", ResourceVersion:"", FieldPath:""}): type: 'Normal' reason: 'ConfigMapCreated' Created ConfigMap/bound-sa-token-signing-certs-6 -n openshift-kube-apiserver because it was missing
2026-01-28T09:43:12.533431890Z I0128 09:43:12.525949       1 request.go:752] "Waited before sending request" delay="1.396074762s" reason="client-side throttling, not priority and fairness" verb="GET" URL="https://172.30.0.1:443/api/v1/namespaces/openshift-kube-apiserver/pods/kube-apiserver-guard-ip-10-0-108-54.us-west-1.compute.internal"
2026-01-28T09:43:13.534825722Z I0128 09:43:13.534785       1 prune_controller.go:277] Nothing to prune
2026-01-28T09:43:13.623279678Z I0128 09:43:13.623187       1 event.go:377] Event(v1.ObjectReference{Kind:"Deployment", Namespace:"openshift-kube-apiserver-operator", Name:"kube-apiserver-operator", UID:"0f90e131-ac50-4cb2-87c5-ad12ae1902a5", APIVersion:"apps/v1", ResourceVersion:"", FieldPath:""}): type: 'Normal' reason: 'ConfigMapCreated' Created ConfigMap/etcd-serving-ca-6 -n openshift-kube-apiserver because it was missing
2026-01-28T09:43:13.725178464Z I0128 09:43:13.725130       1 request.go:752] "Waited before sending request" delay="1.305009186s" reason="client-side throttling, not priority and fairness" verb="GET" URL="https://172.30.0.1:443/api/v1/namespaces/openshift-kube-apiserver/secrets/node-kubeconfigs"
2026-01-28T09:43:14.725980726Z I0128 09:43:14.725932       1 request.go:752] "Waited before sending request" delay="1.10273508s" reason="client-side throttling, not priority and fairness" verb="POST" URL="https://172.30.0.1:443/api/v1/namespaces/openshift-kube-apiserver/configmaps"
2026-01-28T09:43:14.732492791Z I0128 09:43:14.732460       1 prune_controller.go:277] Nothing to prune
2026-01-28T09:43:14.733552333Z I0128 09:43:14.733518       1 event.go:377] Event(v1.ObjectReference{Kind:"Deployment", Namespace:"openshift-kube-apiserver-operator", Name:"kube-apiserver-operator", UID:"0f90e131-ac50-4cb2-87c5-ad12ae1902a5", APIVersion:"apps/v1", ResourceVersion:"", FieldPath:""}): type: 'Normal' reason: 'ConfigMapCreated' Created ConfigMap/kube-apiserver-server-ca-6 -n openshift-kube-apiserver because it was missing
2026-01-28T09:43:15.728905305Z I0128 09:43:15.728853       1 installer_controller.go:550] "ip-10-0-102-200.us-west-1.compute.internal" is in transition to 5, but has not made progress because installer is not finished, but in Running phase
2026-01-28T09:43:15.925773311Z I0128 09:43:15.925733       1 request.go:752] "Waited before sending request" delay="1.389526296s" reason="client-side throttling, not priority and fairness" verb="GET" URL="https://172.30.0.1:443/api/v1/namespaces/openshift-kube-apiserver/configmaps/kube-apiserver-audit-policies"
2026-01-28T09:43:16.132782412Z I0128 09:43:16.132726       1 event.go:377] Event(v1.ObjectReference{Kind:"Deployment", Namespace:"openshift-kube-apiserver-operator", Name:"kube-apiserver-operator", UID:"0f90e131-ac50-4cb2-87c5-ad12ae1902a5", APIVersion:"apps/v1", ResourceVersion:"", FieldPath:""}): type: 'Normal' reason: 'ConfigMapCreated' Created ConfigMap/kubelet-serving-ca-6 -n openshift-kube-apiserver because it was missing
2026-01-28T09:43:16.137798052Z I0128 09:43:16.137772       1 prune_controller.go:277] Nothing to prune
2026-01-28T09:43:17.125823855Z I0128 09:43:17.125740       1 request.go:752] "Waited before sending request" delay="1.194726229s" reason="client-side throttling, not priority and fairness" verb="GET" URL="https://172.30.0.1:443/api/v1/namespaces/openshift-kube-apiserver/configmaps/kube-apiserver-audit-policies"
2026-01-28T09:43:17.335521007Z I0128 09:43:17.335475       1 event.go:377] Event(v1.ObjectReference{Kind:"Deployment", Namespace:"openshift-kube-apiserver-operator", Name:"kube-apiserver-operator", UID:"0f90e131-ac50-4cb2-87c5-ad12ae1902a5", APIVersion:"apps/v1", ResourceVersion:"", FieldPath:""}): type: 'Normal' reason: 'ConfigMapCreated' Created ConfigMap/sa-token-signing-certs-6 -n openshift-kube-apiserver because it was missing
2026-01-28T09:43:17.340154208Z I0128 09:43:17.337146       1 prune_controller.go:277] Nothing to prune
2026-01-28T09:43:18.325484550Z I0128 09:43:18.325432       1 request.go:752] "Waited before sending request" delay="1.96028046s" reason="client-side throttling, not priority and fairness" verb="GET" URL="https://172.30.0.1:443/api/v1/namespaces/openshift-kube-apiserver/pods?labelSelector=app%3Dopenshift-kube-apiserver"
2026-01-28T09:43:19.333810089Z I0128 09:43:19.333766       1 event.go:377] Event(v1.ObjectReference{Kind:"Deployment", Namespace:"openshift-kube-apiserver-operator", Name:"kube-apiserver-operator", UID:"0f90e131-ac50-4cb2-87c5-ad12ae1902a5", APIVersion:"apps/v1", ResourceVersion:"", FieldPath:""}): type: 'Normal' reason: 'ConfigMapCreated' Created ConfigMap/kube-apiserver-audit-policies-6 -n openshift-kube-apiserver because it was missing
2026-01-28T09:43:19.336821519Z I0128 09:43:19.336800       1 prune_controller.go:277] Nothing to prune
2026-01-28T09:43:19.525131464Z I0128 09:43:19.525085       1 request.go:752] "Waited before sending request" delay="1.993313433s" reason="client-side throttling, not priority and fairness" verb="GET" URL="https://172.30.0.1:443/api/v1/namespaces/openshift-kube-apiserver/pods/kube-apiserver-guard-ip-10-0-102-200.us-west-1.compute.internal"
2026-01-28T09:43:20.526533588Z I0128 09:43:20.526488       1 request.go:752] "Waited before sending request" delay="1.990341455s" reason="client-side throttling, not priority and fairness" verb="GET" URL="https://172.30.0.1:443/api/v1/namespaces/openshift-kube-apiserver/secrets/node-kubeconfigs"
2026-01-28T09:43:21.332375383Z I0128 09:43:21.332320       1 event.go:377] Event(v1.ObjectReference{Kind:"Deployment", Namespace:"openshift-kube-apiserver-operator", Name:"kube-apiserver-operator", UID:"0f90e131-ac50-4cb2-87c5-ad12ae1902a5", APIVersion:"apps/v1", ResourceVersion:"", FieldPath:""}): type: 'Normal' reason: 'SecretCreated' Created Secret/etcd-client-6 -n openshift-kube-apiserver because it was missing
2026-01-28T09:43:21.725917449Z I0128 09:43:21.725851       1 request.go:752] "Waited before sending request" delay="1.943823927s" reason="client-side throttling, not priority and fairness" verb="GET" URL="https://172.30.0.1:443/api/v1/namespaces/openshift-kube-apiserver"
2026-01-28T09:43:22.925425066Z I0128 09:43:22.925347       1 request.go:752] "Waited before sending request" delay="1.59318127s" reason="client-side throttling, not priority and fairness" verb="DELETE" URL="https://172.30.0.1:443/api/v1/namespaces/openshift-kube-apiserver/secrets/encryption-config-6"
2026-01-28T09:43:23.925738015Z I0128 09:43:23.925694       1 request.go:752] "Waited before sending request" delay="1.596147267s" reason="client-side throttling, not priority and fairness" verb="GET" URL="https://172.30.0.1:443/api/v1/namespaces/openshift-kube-apiserver/secrets/localhost-recovery-client-token"
2026-01-28T09:43:24.333523281Z I0128 09:43:24.333480       1 event.go:377] Event(v1.ObjectReference{Kind:"Deployment", Namespace:"openshift-kube-apiserver-operator", Name:"kube-apiserver-operator", UID:"0f90e131-ac50-4cb2-87c5-ad12ae1902a5", APIVersion:"apps/v1", ResourceVersion:"", FieldPath:""}): type: 'Normal' reason: 'SecretCreated' Created Secret/localhost-recovery-serving-certkey-6 -n openshift-kube-apiserver because it was missing
2026-01-28T09:43:24.925888616Z I0128 09:43:24.925802       1 request.go:752] "Waited before sending request" delay="1.3957641s" reason="client-side throttling, not priority and fairness" verb="GET" URL="https://172.30.0.1:443/api/v1/namespaces/openshift-kube-apiserver/pods/kube-apiserver-ip-10-0-108-54.us-west-1.compute.internal"
2026-01-28T09:43:25.330073662Z I0128 09:43:25.330001       1 installer_controller.go:550] "ip-10-0-102-200.us-west-1.compute.internal" is in transition to 5, but has not made progress because waiting for static pod of revision 5, found 1
2026-01-28T09:43:25.533592106Z I0128 09:43:25.533545       1 event.go:377] Event(v1.ObjectReference{Kind:"Deployment", Namespace:"openshift-kube-apiserver-operator", Name:"kube-apiserver-operator", UID:"0f90e131-ac50-4cb2-87c5-ad12ae1902a5", APIVersion:"apps/v1", ResourceVersion:"", FieldPath:""}): type: 'Normal' reason: 'SecretCreated' Created Secret/localhost-recovery-client-token-6 -n openshift-kube-apiserver because it was missing
2026-01-28T09:43:25.926126831Z I0128 09:43:25.926086       1 request.go:752] "Waited before sending request" delay="1.396247354s" reason="client-side throttling, not priority and fairness" verb="GET" URL="https://172.30.0.1:443/api/v1/namespaces/openshift-kube-apiserver/pods/kube-apiserver-guard-ip-10-0-3-203.us-west-1.compute.internal"
2026-01-28T09:43:26.932734254Z I0128 09:43:26.932684       1 event.go:377] Event(v1.ObjectReference{Kind:"Deployment", Namespace:"openshift-kube-apiserver-operator", Name:"kube-apiserver-operator", UID:"0f90e131-ac50-4cb2-87c5-ad12ae1902a5", APIVersion:"apps/v1", ResourceVersion:"", FieldPath:""}): type: 'Normal' reason: 'SecretCreated' Created Secret/webhook-authenticator-6 -n openshift-kube-apiserver because it was missing
2026-01-28T09:43:27.126054129Z I0128 09:43:27.125984       1 request.go:752] "Waited before sending request" delay="1.390642414s" reason="client-side throttling, not priority and fairness" verb="GET" URL="https://172.30.0.1:443/api/v1/namespaces/openshift-kube-apiserver/secrets/node-kubeconfigs"
2026-01-28T09:43:28.139187837Z I0128 09:43:28.139124       1 event.go:377] Event(v1.ObjectReference{Kind:"Deployment", Namespace:"openshift-kube-apiserver-operator", Name:"kube-apiserver-operator", UID:"0f90e131-ac50-4cb2-87c5-ad12ae1902a5", APIVersion:"apps/v1", ResourceVersion:"", FieldPath:""}): type: 'Normal' reason: 'RevisionTriggered' new revision 6 triggered by "required configmap/config has changed"
2026-01-28T09:43:28.143906832Z I0128 09:43:28.143870       1 prune_controller.go:277] Nothing to prune
2026-01-28T09:43:28.370722468Z I0128 09:43:28.370672       1 request.go:752] "Waited before sending request" delay="1.234182966s" reason="client-side throttling, not priority and fairness" verb="GET" URL="https://172.30.0.1:443/api/v1/namespaces/openshift-kube-apiserver/secrets/node-kubeconfigs"
2026-01-28T09:43:28.475118961Z I0128 09:43:28.475063       1 prune_controller.go:277] Nothing to prune
2026-01-28T09:43:28.508103085Z I0128 09:43:28.503518       1 connectivity_check_controller.go:172] ConnectivityCheckController is waiting for transition to desired version (4.20.0-0-2026-01-28-090915-test-ci-ln-vjb5l1t-latest) to be completed.
2026-01-28T09:43:29.526096365Z I0128 09:43:29.526043       1 request.go:752] "Waited before sending request" delay="1.151631581s" reason="client-side throttling, not priority and fairness" verb="GET" URL="https://172.30.0.1:443/api/v1/namespaces/openshift-kube-apiserver/serviceaccounts/installer-sa"
2026-01-28T09:43:30.725565201Z I0128 09:43:30.725509       1 request.go:752] "Waited before sending request" delay="1.595329267s" reason="client-side throttling, not priority and fairness" verb="GET" URL="https://172.30.0.1:443/api/v1/namespaces/openshift-kube-apiserver/pods/installer-5-ip-10-0-102-200.us-west-1.compute.internal"
2026-01-28T09:43:31.725835548Z I0128 09:43:31.725781       1 request.go:752] "Waited before sending request" delay="1.155509385s" reason="client-side throttling, not priority and fairness" verb="GET" URL="https://172.30.0.1:443/api/v1/namespaces/openshift-kube-apiserver/configmaps/config"
2026-01-28T09:43:33.373184377Z I0128 09:43:33.373123       1 installer_controller.go:550] "ip-10-0-102-200.us-west-1.compute.internal" is in transition to 5, but has not made progress because waiting for static pod of revision 5, found 1
2026-01-28T09:43:35.532549637Z I0128 09:43:35.532504       1 installer_controller.go:540] "ip-10-0-102-200.us-west-1.compute.internal" moving to (v1.NodeStatus) {
2026-01-28T09:43:35.532549637Z  NodeName: (string) (len=42) "ip-10-0-102-200.us-west-1.compute.internal",
2026-01-28T09:43:35.532549637Z  CurrentRevision: (int32) 1,
2026-01-28T09:43:35.532549637Z  TargetRevision: (int32) 6,
2026-01-28T09:43:35.532549637Z  LastFailedRevision: (int32) 0,
2026-01-28T09:43:35.532549637Z  LastFailedTime: (*v1.Time)(<nil>),
2026-01-28T09:43:35.532549637Z  LastFailedReason: (string) "",
2026-01-28T09:43:35.532549637Z  LastFailedCount: (int) 0,
2026-01-28T09:43:35.532549637Z  LastFallbackCount: (int) 0,
2026-01-28T09:43:35.532549637Z  LastFailedRevisionErrors: ([]string) <nil>
2026-01-28T09:43:35.532549637Z }
2026-01-28T09:43:35.532549637Z  because new revision pending
2026-01-28T09:43:35.564277858Z I0128 09:43:35.563106       1 connectivity_check_controller.go:172] ConnectivityCheckController is waiting for transition to desired version (4.20.0-0-2026-01-28-090915-test-ci-ln-vjb5l1t-latest) to be completed.
2026-01-28T09:43:35.597566077Z I0128 09:43:35.597481       1 status_controller.go:230] clusteroperator/kube-apiserver diff {"status":{"conditions":[{"lastTransitionTime":"2026-01-28T09:39:41Z","message":"NodeControllerDegraded: All master nodes are ready","reason":"AsExpected","status":"False","type":"Degraded"},{"lastTransitionTime":"2026-01-28T09:35:07Z","message":"NodeInstallerProgressing: 1 node is at revision 1; 2 nodes are at revision 2; 0 nodes have achieved new revision 6","reason":"NodeInstaller","status":"True","type":"Progressing"},{"lastTransitionTime":"2026-01-28T09:36:11Z","message":"StaticPodsAvailable: 3 nodes are active; 1 node is at revision 1; 2 nodes are at revision 2; 0 nodes have achieved new revision 6","reason":"AsExpected","status":"True","type":"Available"},{"lastTransitionTime":"2026-01-28T09:30:35Z","message":"KubeletMinorVersionUpgradeable: Kubelet and API server minor versions are synced.","reason":"AsExpected","status":"True","type":"Upgradeable"},{"lastTransitionTime":"2026-01-28T09:31:21Z","message":"PodSecurityInconclusiveEvaluationConditionsDetected: Could not evaluate violations for namespaces: [kube-node-lease openshift openshift-apiserver-operator openshift-cloud-credential-operator openshift-cloud-network-config-controller openshift-cluster-olm-operator openshift-cluster-samples-operator openshift-cluster-storage-operator openshift-config-managed openshift-config-operator openshift-console openshift-console-operator openshift-console-user-settings openshift-controller-manager-operator openshift-dns-operator openshift-host-network openshift-ingress-operator openshift-kube-controller-manager-operator openshift-kube-storage-version-migrator openshift-kube-storage-version-migrator-operator openshift-network-console openshift-network-diagnostics openshift-node openshift-service-ca openshift-service-ca-operator openshift-user-workload-monitoring]","reason":"PodSecurityInconclusive_PSViolationDecisionInconclusive","status":"True","type":"EvaluationConditionsDetected"}]}}
2026-01-28T09:43:35.600348746Z I0128 09:43:35.600312       1 prune_controller.go:277] Nothing to prune
2026-01-28T09:43:35.614761954Z I0128 09:43:35.614482       1 event.go:377] Event(v1.ObjectReference{Kind:"Deployment", Namespace:"openshift-kube-apiserver-operator", Name:"kube-apiserver-operator", UID:"0f90e131-ac50-4cb2-87c5-ad12ae1902a5", APIVersion:"apps/v1", ResourceVersion:"", FieldPath:""}): type: 'Normal' reason: 'OperatorStatusChanged' Status for clusteroperator/kube-apiserver changed: Progressing message changed from "NodeInstallerProgressing: 1 node is at revision 1; 2 nodes are at revision 2; 0 nodes have achieved new revision 5" to "NodeInstallerProgressing: 1 node is at revision 1; 2 nodes are at revision 2; 0 nodes have achieved new revision 6",Available message changed from "StaticPodsAvailable: 3 nodes are active; 1 node is at revision 1; 2 nodes are at revision 2; 0 nodes have achieved new revision 5" to "StaticPodsAvailable: 3 nodes are active; 1 node is at revision 1; 2 nodes are at revision 2; 0 nodes have achieved new revision 6"
2026-01-28T09:43:36.725848665Z I0128 09:43:36.725804       1 request.go:752] "Waited before sending request" delay="1.126025675s" reason="client-side throttling, not priority and fairness" verb="GET" URL="https://172.30.0.1:443/api/v1/namespaces/openshift-kube-apiserver/pods/kube-apiserver-ip-10-0-102-200.us-west-1.compute.internal"
2026-01-28T09:43:38.129914038Z I0128 09:43:38.129845       1 request.go:752] "Waited before sending request" delay="1.000489238s" reason="client-side throttling, not priority and fairness" verb="GET" URL="https://172.30.0.1:443/api/v1/namespaces/openshift-kube-apiserver/pods/kube-apiserver-ip-10-0-108-54.us-west-1.compute.internal"
2026-01-28T09:43:40.135343845Z I0128 09:43:40.135297       1 warnings.go:110] "Warning: metadata.name: this is used in the Pod's hostname, which can result in surprising behavior; a DNS label is recommended: [must not contain dots]"
2026-01-28T09:43:40.135512513Z I0128 09:43:40.135465       1 event.go:377] Event(v1.ObjectReference{Kind:"Deployment", Namespace:"openshift-kube-apiserver-operator", Name:"kube-apiserver-operator", UID:"0f90e131-ac50-4cb2-87c5-ad12ae1902a5", APIVersion:"apps/v1", ResourceVersion:"", FieldPath:""}): type: 'Normal' reason: 'PodCreated' Created Pod/installer-6-ip-10-0-102-200.us-west-1.compute.internal -n openshift-kube-apiserver because it was missing
2026-01-28T09:43:40.729161992Z I0128 09:43:40.729103       1 installer_controller.go:550] "ip-10-0-102-200.us-west-1.compute.internal" is in transition to 6, but has not made progress because installer is not finished, but in Pending phase
2026-01-28T09:43:41.325904846Z I0128 09:43:41.325841       1 request.go:752] "Waited before sending request" delay="1.171402276s" reason="client-side throttling, not priority and fairness" verb="GET" URL="https://172.30.0.1:443/api/v1/namespaces/openshift-kube-apiserver/pods?labelSelector=app%3Dopenshift-kube-apiserver"
2026-01-28T09:43:45.329173442Z I0128 09:43:45.329123       1 installer_controller.go:550] "ip-10-0-102-200.us-west-1.compute.internal" is in transition to 6, but has not made progress because installer is not finished, but in Running phase
2026-01-28T09:43:47.930092350Z I0128 09:43:47.930013       1 installer_controller.go:550] "ip-10-0-102-200.us-west-1.compute.internal" is in transition to 6, but has not made progress because installer is not finished, but in Running phase
2026-01-28T09:43:55.842755977Z I0128 09:43:55.842709       1 connectivity_check_controller.go:172] ConnectivityCheckController is waiting for transition to desired version (4.20.0-0-2026-01-28-090915-test-ci-ln-vjb5l1t-latest) to be completed.
2026-01-28T09:43:58.595478060Z I0128 09:43:58.595396       1 termination_observer.go:236] Observed event "TerminationGracefulTerminationFinished" for API server pod "kube-apiserver-ip-10-0-102-200.us-west-1.compute.internal" (last termination at 2026-01-28 09:35:50 +0000 UTC) at 2026-01-28 09:43:58 +0000 UTC
2026-01-28T09:43:58.608245546Z I0128 09:43:58.608171       1 warnings.go:110] "Warning: v1 Endpoints is deprecated in v1.33+; use discovery.k8s.io/v1 EndpointSlice"
2026-01-28T09:43:58.617734029Z I0128 09:43:58.617692       1 warnings.go:110] "Warning: v1 Endpoints is deprecated in v1.33+; use discovery.k8s.io/v1 EndpointSlice"
2026-01-28T09:43:59.874242856Z I0128 09:43:59.871887       1 connectivity_check_controller.go:172] ConnectivityCheckController is waiting for transition to desired version (4.20.0-0-2026-01-28-090915-test-ci-ln-vjb5l1t-latest) to be completed.
2026-01-28T09:43:59.952931299Z I0128 09:43:59.948272       1 connectivity_check_controller.go:172] ConnectivityCheckController is waiting for transition to desired version (4.20.0-0-2026-01-28-090915-test-ci-ln-vjb5l1t-latest) to be completed.
2026-01-28T09:44:11.312652506Z I0128 09:44:11.312606       1 termination_observer.go:130] Observed termination of API server pod "kube-apiserver-ip-10-0-102-200.us-west-1.compute.internal" at 2026-01-28 09:44:11 +0000 UTC
2026-01-28T09:44:13.685227512Z I0128 09:44:13.685119       1 installer_controller.go:550] "ip-10-0-102-200.us-west-1.compute.internal" is in transition to 6, but has not made progress because installer is not finished, but in Running phase
2026-01-28T09:44:17.480884408Z I0128 09:44:17.480827       1 installer_controller.go:550] "ip-10-0-102-200.us-west-1.compute.internal" is in transition to 6, but has not made progress because installer is not finished, but in Running phase
2026-01-28T09:44:18.713709761Z I0128 09:44:18.713641       1 termination_observer.go:236] Observed event "TerminationPreShutdownHooksFinished" for API server pod "kube-apiserver-ip-10-0-102-200.us-west-1.compute.internal" (last termination at 2026-01-28 09:44:11 +0000 UTC) at 2026-01-28 09:44:18 +0000 UTC
2026-01-28T09:44:22.698035383Z I0128 09:44:22.697977       1 installer_controller.go:550] "ip-10-0-102-200.us-west-1.compute.internal" is in transition to 6, but has not made progress because waiting for static pod of revision 6, found 5
2026-01-28T09:44:25.482664177Z I0128 09:44:25.482626       1 installer_controller.go:550] "ip-10-0-102-200.us-west-1.compute.internal" is in transition to 6, but has not made progress because waiting for static pod of revision 6, found 5
2026-01-28T09:44:35.608179384Z I0128 09:44:35.608138       1 installer_controller.go:550] "ip-10-0-102-200.us-west-1.compute.internal" is in transition to 6, but has not made progress because waiting for static pod of revision 6, found 5
2026-01-28T09:44:44.503278574Z I0128 09:44:44.500754       1 connectivity_check_controller.go:172] ConnectivityCheckController is waiting for transition to desired version (4.20.0-0-2026-01-28-090915-test-ci-ln-vjb5l1t-latest) to be completed.
2026-01-28T09:45:04.827040137Z I0128 09:45:04.826974       1 connectivity_check_controller.go:172] ConnectivityCheckController is waiting for transition to desired version (4.20.0-0-2026-01-28-090915-test-ci-ln-vjb5l1t-latest) to be completed.
2026-01-28T09:45:04.857158914Z I0128 09:45:04.856867       1 status_controller.go:230] clusteroperator/kube-apiserver diff {"status":{"conditions":[{"lastTransitionTime":"2026-01-28T09:39:41Z","message":"StaticPodsDegraded: pod/kube-apiserver-ip-10-0-102-200.us-west-1.compute.internal container \"kube-apiserver-check-endpoints\" started at 2026-01-28 09:44:12 +0000 UTC is still not ready\nNodeControllerDegraded: All master nodes are ready","reason":"AsExpected","status":"False","type":"Degraded"},{"lastTransitionTime":"2026-01-28T09:35:07Z","message":"NodeInstallerProgressing: 1 node is at revision 1; 2 nodes are at revision 2; 0 nodes have achieved new revision 6","reason":"NodeInstaller","status":"True","type":"Progressing"},{"lastTransitionTime":"2026-01-28T09:36:11Z","message":"StaticPodsAvailable: 3 nodes are active; 1 node is at revision 1; 2 nodes are at revision 2; 0 nodes have achieved new revision 6","reason":"AsExpected","status":"True","type":"Available"},{"lastTransitionTime":"2026-01-28T09:30:35Z","message":"KubeletMinorVersionUpgradeable: Kubelet and API server minor versions are synced.","reason":"AsExpected","status":"True","type":"Upgradeable"},{"lastTransitionTime":"2026-01-28T09:31:21Z","message":"PodSecurityInconclusiveEvaluationConditionsDetected: Could not evaluate violations for namespaces: [kube-node-lease openshift openshift-apiserver-operator openshift-cloud-credential-operator openshift-cloud-network-config-controller openshift-cluster-olm-operator openshift-cluster-samples-operator openshift-cluster-storage-operator openshift-config-managed openshift-config-operator openshift-console openshift-console-operator openshift-console-user-settings openshift-controller-manager-operator openshift-dns-operator openshift-host-network openshift-ingress-operator openshift-kube-controller-manager-operator openshift-kube-storage-version-migrator openshift-kube-storage-version-migrator-operator openshift-network-console openshift-network-diagnostics openshift-node openshift-service-ca openshift-service-ca-operator openshift-user-workload-monitoring]","reason":"PodSecurityInconclusive_PSViolationDecisionInconclusive","status":"True","type":"EvaluationConditionsDetected"}]}}
2026-01-28T09:45:04.866643709Z I0128 09:45:04.863767       1 prune_controller.go:277] Nothing to prune
2026-01-28T09:45:04.902651145Z I0128 09:45:04.902145       1 event.go:377] Event(v1.ObjectReference{Kind:"Deployment", Namespace:"openshift-kube-apiserver-operator", Name:"kube-apiserver-operator", UID:"0f90e131-ac50-4cb2-87c5-ad12ae1902a5", APIVersion:"apps/v1", ResourceVersion:"", FieldPath:""}): type: 'Normal' reason: 'OperatorStatusChanged' Status for clusteroperator/kube-apiserver changed: Degraded message changed from "NodeControllerDegraded: All master nodes are ready" to "StaticPodsDegraded: pod/kube-apiserver-ip-10-0-102-200.us-west-1.compute.internal container \"kube-apiserver-check-endpoints\" started at 2026-01-28 09:44:12 +0000 UTC is still not ready\nNodeControllerDegraded: All master nodes are ready"
2026-01-28T09:45:05.925632738Z I0128 09:45:05.925575       1 request.go:752] "Waited before sending request" delay="1.025285746s" reason="client-side throttling, not priority and fairness" verb="GET" URL="https://172.30.0.1:443/api/v1/namespaces/openshift-kube-apiserver"
2026-01-28T09:45:08.729809205Z I0128 09:45:08.729762       1 installer_controller.go:550] "ip-10-0-102-200.us-west-1.compute.internal" is in transition to 6, but has not made progress because waiting for static pod of revision 6, found 5
2026-01-28T09:45:52.078222543Z I0128 09:45:52.078157       1 connectivity_check_controller.go:172] ConnectivityCheckController is waiting for transition to desired version (4.20.0-0-2026-01-28-090915-test-ci-ln-vjb5l1t-latest) to be completed.
2026-01-28T09:45:56.155317885Z I0128 09:45:56.147712       1 connectivity_check_controller.go:172] ConnectivityCheckController is waiting for transition to desired version (4.20.0-0-2026-01-28-090915-test-ci-ln-vjb5l1t-latest) to be completed.
2026-01-28T09:45:56.163221218Z I0128 09:45:56.162234       1 connectivity_check_controller.go:172] ConnectivityCheckController is waiting for transition to desired version (4.20.0-0-2026-01-28-090915-test-ci-ln-vjb5l1t-latest) to be completed.
2026-01-28T09:45:56.247397658Z I0128 09:45:56.247342       1 connectivity_check_controller.go:172] ConnectivityCheckController is waiting for transition to desired version (4.20.0-0-2026-01-28-090915-test-ci-ln-vjb5l1t-latest) to be completed.
2026-01-28T09:45:56.264128471Z I0128 09:45:56.264085       1 connectivity_check_controller.go:172] ConnectivityCheckController is waiting for transition to desired version (4.20.0-0-2026-01-28-090915-test-ci-ln-vjb5l1t-latest) to be completed.
2026-01-28T09:46:29.691851419Z I0128 09:46:29.691780       1 termination_observer.go:236] Observed event "TerminationGracefulTerminationFinished" for API server pod "kube-apiserver-ip-10-0-102-200.us-west-1.compute.internal" (last termination at 2026-01-28 09:44:11 +0000 UTC) at 2026-01-28 09:46:29 +0000 UTC
2026-01-28T09:46:43.286645777Z I0128 09:46:43.286584       1 termination_observer.go:130] Observed termination of API server pod "kube-apiserver-ip-10-0-102-200.us-west-1.compute.internal" at 2026-01-28 09:46:42 +0000 UTC
2026-01-28T09:46:44.714135498Z I0128 09:46:44.713966       1 status_controller.go:230] clusteroperator/kube-apiserver diff {"status":{"conditions":[{"lastTransitionTime":"2026-01-28T09:39:41Z","message":"NodeControllerDegraded: All master nodes are ready","reason":"AsExpected","status":"False","type":"Degraded"},{"lastTransitionTime":"2026-01-28T09:35:07Z","message":"NodeInstallerProgressing: 1 node is at revision 1; 2 nodes are at revision 2; 0 nodes have achieved new revision 6","reason":"NodeInstaller","status":"True","type":"Progressing"},{"lastTransitionTime":"2026-01-28T09:36:11Z","message":"StaticPodsAvailable: 3 nodes are active; 1 node is at revision 1; 2 nodes are at revision 2; 0 nodes have achieved new revision 6","reason":"AsExpected","status":"True","type":"Available"},{"lastTransitionTime":"2026-01-28T09:30:35Z","message":"KubeletMinorVersionUpgradeable: Kubelet and API server minor versions are synced.","reason":"AsExpected","status":"True","type":"Upgradeable"},{"lastTransitionTime":"2026-01-28T09:31:21Z","message":"PodSecurityInconclusiveEvaluationConditionsDetected: Could not evaluate violations for namespaces: [kube-node-lease openshift openshift-apiserver-operator openshift-cloud-credential-operator openshift-cloud-network-config-controller openshift-cluster-olm-operator openshift-cluster-samples-operator openshift-cluster-storage-operator openshift-config-managed openshift-config-operator openshift-console openshift-console-operator openshift-console-user-settings openshift-controller-manager-operator openshift-dns-operator openshift-host-network openshift-ingress-operator openshift-kube-controller-manager-operator openshift-kube-storage-version-migrator openshift-kube-storage-version-migrator-operator openshift-network-console openshift-network-diagnostics openshift-node openshift-service-ca openshift-service-ca-operator openshift-user-workload-monitoring]","reason":"PodSecurityInconclusive_PSViolationDecisionInconclusive","status":"True","type":"EvaluationConditionsDetected"}]}}
2026-01-28T09:46:44.719077323Z I0128 09:46:44.717406       1 prune_controller.go:277] Nothing to prune
2026-01-28T09:46:44.733291340Z I0128 09:46:44.732831       1 event.go:377] Event(v1.ObjectReference{Kind:"Deployment", Namespace:"openshift-kube-apiserver-operator", Name:"kube-apiserver-operator", UID:"0f90e131-ac50-4cb2-87c5-ad12ae1902a5", APIVersion:"apps/v1", ResourceVersion:"", FieldPath:""}): type: 'Normal' reason: 'OperatorStatusChanged' Status for clusteroperator/kube-apiserver changed: Degraded message changed from "StaticPodsDegraded: pod/kube-apiserver-ip-10-0-102-200.us-west-1.compute.internal container \"kube-apiserver-check-endpoints\" started at 2026-01-28 09:44:12 +0000 UTC is still not ready\nNodeControllerDegraded: All master nodes are ready" to "NodeControllerDegraded: All master nodes are ready"
2026-01-28T09:46:44.742440915Z I0128 09:46:44.742395       1 connectivity_check_controller.go:172] ConnectivityCheckController is waiting for transition to desired version (4.20.0-0-2026-01-28-090915-test-ci-ln-vjb5l1t-latest) to be completed.
2026-01-28T09:46:45.881635482Z I0128 09:46:45.881556       1 request.go:752] "Waited before sending request" delay="1.129875465s" reason="client-side throttling, not priority and fairness" verb="GET" URL="https://172.30.0.1:443/api/v1/namespaces/openshift-kube-apiserver/secrets/node-kubeconfigs"
2026-01-28T09:46:46.881677112Z I0128 09:46:46.881622       1 request.go:752] "Waited before sending request" delay="1.588568309s" reason="client-side throttling, not priority and fairness" verb="GET" URL="https://172.30.0.1:443/api/v1/namespaces/openshift-kube-apiserver/pods?labelSelector=app%3Dinstaller"
2026-01-28T09:46:48.081008935Z I0128 09:46:48.080950       1 request.go:752] "Waited before sending request" delay="1.395545058s" reason="client-side throttling, not priority and fairness" verb="GET" URL="https://172.30.0.1:443/api/v1/namespaces/openshift-kube-apiserver/pods/kube-apiserver-ip-10-0-102-200.us-west-1.compute.internal"
2026-01-28T09:46:48.085591833Z I0128 09:46:48.085549       1 installer_controller.go:550] "ip-10-0-102-200.us-west-1.compute.internal" is in transition to 6, but has not made progress because static pod is pending
2026-01-28T09:46:49.081492847Z I0128 09:46:49.081412       1 request.go:752] "Waited before sending request" delay="1.364184595s" reason="client-side throttling, not priority and fairness" verb="GET" URL="https://172.30.0.1:443/api/v1/namespaces/openshift-kube-apiserver/serviceaccounts/localhost-recovery-client"
2026-01-28T09:46:50.288147125Z I0128 09:46:50.288098       1 request.go:752] "Waited before sending request" delay="1.396761646s" reason="client-side throttling, not priority and fairness" verb="GET" URL="https://172.30.0.1:443/api/v1/namespaces/openshift-kube-apiserver/serviceaccounts/localhost-recovery-client"
2026-01-28T09:46:51.481672761Z I0128 09:46:51.481628       1 request.go:752] "Waited before sending request" delay="1.17433373s" reason="client-side throttling, not priority and fairness" verb="GET" URL="https://172.30.0.1:443/api/v1/namespaces/openshift-kube-apiserver/secrets/localhost-recovery-client-token"
2026-01-28T09:46:53.686900886Z I0128 09:46:53.686853       1 installer_controller.go:550] "ip-10-0-102-200.us-west-1.compute.internal" is in transition to 6, but has not made progress because static pod is pending
2026-01-28T09:46:56.285727222Z I0128 09:46:56.285675       1 installer_controller.go:550] "ip-10-0-102-200.us-west-1.compute.internal" is in transition to 6, but has not made progress because static pod is pending
2026-01-28T09:47:29.501223605Z I0128 09:47:29.501170       1 connectivity_check_controller.go:172] ConnectivityCheckController is waiting for transition to desired version (4.20.0-0-2026-01-28-090915-test-ci-ln-vjb5l1t-latest) to be completed.
2026-01-28T09:47:30.623206105Z I0128 09:47:30.621776       1 installer_controller.go:540] "ip-10-0-102-200.us-west-1.compute.internal" moving to (v1.NodeStatus) {
2026-01-28T09:47:30.623206105Z  NodeName: (string) (len=42) "ip-10-0-102-200.us-west-1.compute.internal",
2026-01-28T09:47:30.623206105Z  CurrentRevision: (int32) 6,
2026-01-28T09:47:30.623206105Z  TargetRevision: (int32) 0,
2026-01-28T09:47:30.623206105Z  LastFailedRevision: (int32) 0,
2026-01-28T09:47:30.623206105Z  LastFailedTime: (*v1.Time)(<nil>),
2026-01-28T09:47:30.623206105Z  LastFailedReason: (string) "",
2026-01-28T09:47:30.623206105Z  LastFailedCount: (int) 0,
2026-01-28T09:47:30.623206105Z  LastFallbackCount: (int) 0,
2026-01-28T09:47:30.623206105Z  LastFailedRevisionErrors: ([]string) <nil>
2026-01-28T09:47:30.623206105Z }
2026-01-28T09:47:30.623206105Z  because static pod is ready
2026-01-28T09:47:30.658423957Z I0128 09:47:30.658374       1 event.go:377] Event(v1.ObjectReference{Kind:"Deployment", Namespace:"openshift-kube-apiserver-operator", Name:"kube-apiserver-operator", UID:"0f90e131-ac50-4cb2-87c5-ad12ae1902a5", APIVersion:"apps/v1", ResourceVersion:"", FieldPath:""}): type: 'Normal' reason: 'NodeCurrentRevisionChanged' Updated node "ip-10-0-102-200.us-west-1.compute.internal" from revision 1 to 6 because static pod is ready
2026-01-28T09:47:30.666754792Z I0128 09:47:30.666712       1 prune_controller.go:277] Nothing to prune
2026-01-28T09:47:30.681867974Z I0128 09:47:30.681821       1 status_controller.go:230] clusteroperator/kube-apiserver diff {"status":{"conditions":[{"lastTransitionTime":"2026-01-28T09:39:41Z","message":"NodeControllerDegraded: All master nodes are ready","reason":"AsExpected","status":"False","type":"Degraded"},{"lastTransitionTime":"2026-01-28T09:35:07Z","message":"NodeInstallerProgressing: 2 nodes are at revision 2; 1 node is at revision 6","reason":"NodeInstaller","status":"True","type":"Progressing"},{"lastTransitionTime":"2026-01-28T09:36:11Z","message":"StaticPodsAvailable: 3 nodes are active; 2 nodes are at revision 2; 1 node is at revision 6","reason":"AsExpected","status":"True","type":"Available"},{"lastTransitionTime":"2026-01-28T09:30:35Z","message":"KubeletMinorVersionUpgradeable: Kubelet and API server minor versions are synced.","reason":"AsExpected","status":"True","type":"Upgradeable"},{"lastTransitionTime":"2026-01-28T09:31:21Z","message":"PodSecurityInconclusiveEvaluationConditionsDetected: Could not evaluate violations for namespaces: [kube-node-lease openshift openshift-apiserver-operator openshift-cloud-credential-operator openshift-cloud-network-config-controller openshift-cluster-olm-operator openshift-cluster-samples-operator openshift-cluster-storage-operator openshift-config-managed openshift-config-operator openshift-console openshift-console-operator openshift-console-user-settings openshift-controller-manager-operator openshift-dns-operator openshift-host-network openshift-ingress-operator openshift-kube-controller-manager-operator openshift-kube-storage-version-migrator openshift-kube-storage-version-migrator-operator openshift-network-console openshift-network-diagnostics openshift-node openshift-service-ca openshift-service-ca-operator openshift-user-workload-monitoring]","reason":"PodSecurityInconclusive_PSViolationDecisionInconclusive","status":"True","type":"EvaluationConditionsDetected"}]}}
2026-01-28T09:47:30.705600175Z I0128 09:47:30.705518       1 connectivity_check_controller.go:172] ConnectivityCheckController is waiting for transition to desired version (4.20.0-0-2026-01-28-090915-test-ci-ln-vjb5l1t-latest) to be completed.
2026-01-28T09:47:30.709474007Z I0128 09:47:30.709446       1 event.go:377] Event(v1.ObjectReference{Kind:"Deployment", Namespace:"openshift-kube-apiserver-operator", Name:"kube-apiserver-operator", UID:"0f90e131-ac50-4cb2-87c5-ad12ae1902a5", APIVersion:"apps/v1", ResourceVersion:"", FieldPath:""}): type: 'Normal' reason: 'OperatorStatusChanged' Status for clusteroperator/kube-apiserver changed: Progressing message changed from "NodeInstallerProgressing: 1 node is at revision 1; 2 nodes are at revision 2; 0 nodes have achieved new revision 6" to "NodeInstallerProgressing: 2 nodes are at revision 2; 1 node is at revision 6",Available message changed from "StaticPodsAvailable: 3 nodes are active; 1 node is at revision 1; 2 nodes are at revision 2; 0 nodes have achieved new revision 6" to "StaticPodsAvailable: 3 nodes are active; 2 nodes are at revision 2; 1 node is at revision 6"
2026-01-28T09:47:34.389607871Z I0128 09:47:34.389563       1 installer_controller.go:562] node ip-10-0-108-54.us-west-1.compute.internal with revision 2 is the oldest and needs new revision 6
2026-01-28T09:47:34.389661563Z I0128 09:47:34.389610       1 installer_controller.go:570] "ip-10-0-108-54.us-west-1.compute.internal" moving to (v1.NodeStatus) {
2026-01-28T09:47:34.389661563Z  NodeName: (string) (len=41) "ip-10-0-108-54.us-west-1.compute.internal",
2026-01-28T09:47:34.389661563Z  CurrentRevision: (int32) 2,
2026-01-28T09:47:34.389661563Z  TargetRevision: (int32) 6,
2026-01-28T09:47:34.389661563Z  LastFailedRevision: (int32) 0,
2026-01-28T09:47:34.389661563Z  LastFailedTime: (*v1.Time)(<nil>),
2026-01-28T09:47:34.389661563Z  LastFailedReason: (string) "",
2026-01-28T09:47:34.389661563Z  LastFailedCount: (int) 0,
2026-01-28T09:47:34.389661563Z  LastFallbackCount: (int) 0,
2026-01-28T09:47:34.389661563Z  LastFailedRevisionErrors: ([]string) <nil>
2026-01-28T09:47:34.389661563Z }
2026-01-28T09:47:34.412575453Z I0128 09:47:34.411531       1 event.go:377] Event(v1.ObjectReference{Kind:"Deployment", Namespace:"openshift-kube-apiserver-operator", Name:"kube-apiserver-operator", UID:"0f90e131-ac50-4cb2-87c5-ad12ae1902a5", APIVersion:"apps/v1", ResourceVersion:"", FieldPath:""}): type: 'Normal' reason: 'NodeTargetRevisionChanged' Updating node "ip-10-0-108-54.us-west-1.compute.internal" from revision 2 to 6 because node ip-10-0-108-54.us-west-1.compute.internal with revision 2 is the oldest
2026-01-28T09:47:34.423008232Z I0128 09:47:34.422975       1 connectivity_check_controller.go:172] ConnectivityCheckController is waiting for transition to desired version (4.20.0-0-2026-01-28-090915-test-ci-ln-vjb5l1t-latest) to be completed.
2026-01-28T09:47:34.431942087Z I0128 09:47:34.431912       1 prune_controller.go:277] Nothing to prune
2026-01-28T09:47:35.584492401Z I0128 09:47:35.584437       1 request.go:752] "Waited before sending request" delay="1.144751616s" reason="client-side throttling, not priority and fairness" verb="GET" URL="https://172.30.0.1:443/api/v1/namespaces/openshift-kube-apiserver"
2026-01-28T09:47:38.198041194Z I0128 09:47:38.197962       1 warnings.go:110] "Warning: metadata.name: this is used in the Pod's hostname, which can result in surprising behavior; a DNS label is recommended: [must not contain dots]"
2026-01-28T09:47:38.203677785Z I0128 09:47:38.203633       1 event.go:377] Event(v1.ObjectReference{Kind:"Deployment", Namespace:"openshift-kube-apiserver-operator", Name:"kube-apiserver-operator", UID:"0f90e131-ac50-4cb2-87c5-ad12ae1902a5", APIVersion:"apps/v1", ResourceVersion:"", FieldPath:""}): type: 'Normal' reason: 'PodCreated' Created Pod/installer-6-ip-10-0-108-54.us-west-1.compute.internal -n openshift-kube-apiserver because it was missing
2026-01-28T09:47:38.987699217Z I0128 09:47:38.987649       1 installer_controller.go:550] "ip-10-0-108-54.us-west-1.compute.internal" is in transition to 6, but has not made progress because installer is not finished, but in Pending phase
2026-01-28T09:47:43.189448518Z I0128 09:47:43.189392       1 installer_controller.go:550] "ip-10-0-108-54.us-west-1.compute.internal" is in transition to 6, but has not made progress because installer is not finished, but in Running phase
2026-01-28T09:47:45.187799115Z I0128 09:47:45.187741       1 installer_controller.go:550] "ip-10-0-108-54.us-west-1.compute.internal" is in transition to 6, but has not made progress because installer is not finished, but in Running phase
2026-01-28T09:47:48.381812146Z I0128 09:47:48.381765       1 connectivity_check_controller.go:172] ConnectivityCheckController is waiting for transition to desired version (4.20.0-0-2026-01-28-090915-test-ci-ln-vjb5l1t-latest) to be completed.
2026-01-28T09:47:52.389349026Z I0128 09:47:52.389301       1 connectivity_check_controller.go:172] ConnectivityCheckController is waiting for transition to desired version (4.20.0-0-2026-01-28-090915-test-ci-ln-vjb5l1t-latest) to be completed.
2026-01-28T09:47:52.392524994Z I0128 09:47:52.392502       1 connectivity_check_controller.go:172] ConnectivityCheckController is waiting for transition to desired version (4.20.0-0-2026-01-28-090915-test-ci-ln-vjb5l1t-latest) to be completed.
2026-01-28T09:48:16.768774583Z I0128 09:48:16.768715       1 termination_observer.go:236] Observed event "TerminationPreShutdownHooksFinished" for API server pod "kube-apiserver-ip-10-0-108-54.us-west-1.compute.internal" (last termination at 2026-01-28 09:38:01 +0000 UTC) at 2026-01-28 09:48:16 +0000 UTC
2026-01-28T09:48:19.608194183Z I0128 09:48:19.608123       1 installer_controller.go:550] "ip-10-0-108-54.us-west-1.compute.internal" is in transition to 6, but has not made progress because waiting for static pod of revision 6, found 2
2026-01-28T09:48:22.408017274Z I0128 09:48:22.407970       1 installer_controller.go:550] "ip-10-0-108-54.us-west-1.compute.internal" is in transition to 6, but has not made progress because waiting for static pod of revision 6, found 2
2026-01-28T09:48:29.213119070Z I0128 09:48:29.213059       1 installer_controller.go:550] "ip-10-0-108-54.us-west-1.compute.internal" is in transition to 6, but has not made progress because waiting for static pod of revision 6, found 2
2026-01-28T09:49:31.612012988Z I0128 09:49:31.611966       1 warnings.go:110] "Warning: v1 Endpoints is deprecated in v1.33+; use discovery.k8s.io/v1 EndpointSlice"
2026-01-28T09:50:27.749671564Z I0128 09:50:27.749602       1 termination_observer.go:236] Observed event "TerminationGracefulTerminationFinished" for API server pod "kube-apiserver-ip-10-0-108-54.us-west-1.compute.internal" (last termination at 2026-01-28 09:38:01 +0000 UTC) at 2026-01-28 09:50:27 +0000 UTC
2026-01-28T09:50:39.202391561Z I0128 09:50:39.195859       1 termination_observer.go:130] Observed termination of API server pod "kube-apiserver-ip-10-0-108-54.us-west-1.compute.internal" at 2026-01-28 09:50:39 +0000 UTC
2026-01-28T09:50:41.175997383Z I0128 09:50:41.174720       1 request.go:752] "Waited before sending request" delay="1.000598715s" reason="client-side throttling, not priority and fairness" verb="GET" URL="https://172.30.0.1:443/api/v1/namespaces/openshift-kube-apiserver/pods?labelSelector=app%3Dopenshift-kube-apiserver"
2026-01-28T09:50:43.180097108Z I0128 09:50:43.180037       1 installer_controller.go:550] "ip-10-0-108-54.us-west-1.compute.internal" is in transition to 6, but has not made progress because static pod is pending
2026-01-28T09:50:47.570838126Z I0128 09:50:47.570749       1 installer_controller.go:550] "ip-10-0-108-54.us-west-1.compute.internal" is in transition to 6, but has not made progress because static pod is pending
2026-01-28T09:50:51.171016690Z I0128 09:50:51.170961       1 installer_controller.go:550] "ip-10-0-108-54.us-west-1.compute.internal" is in transition to 6, but has not made progress because static pod is pending
2026-01-28T09:50:53.571259671Z I0128 09:50:53.571210       1 installer_controller.go:550] "ip-10-0-108-54.us-west-1.compute.internal" is in transition to 6, but has not made progress because static pod is pending
2026-01-28T09:51:07.610047142Z I0128 09:51:07.609970       1 warnings.go:110] "Warning: v1 Endpoints is deprecated in v1.33+; use discovery.k8s.io/v1 EndpointSlice"
2026-01-28T09:51:25.420619244Z I0128 09:51:25.420563       1 installer_controller.go:540] "ip-10-0-108-54.us-west-1.compute.internal" moving to (v1.NodeStatus) {
2026-01-28T09:51:25.420619244Z  NodeName: (string) (len=41) "ip-10-0-108-54.us-west-1.compute.internal",
2026-01-28T09:51:25.420619244Z  CurrentRevision: (int32) 6,
2026-01-28T09:51:25.420619244Z  TargetRevision: (int32) 0,
2026-01-28T09:51:25.420619244Z  LastFailedRevision: (int32) 0,
2026-01-28T09:51:25.420619244Z  LastFailedTime: (*v1.Time)(<nil>),
2026-01-28T09:51:25.420619244Z  LastFailedReason: (string) "",
2026-01-28T09:51:25.420619244Z  LastFailedCount: (int) 0,
2026-01-28T09:51:25.420619244Z  LastFallbackCount: (int) 0,
2026-01-28T09:51:25.420619244Z  LastFailedRevisionErrors: ([]string) <nil>
2026-01-28T09:51:25.420619244Z }
2026-01-28T09:51:25.420619244Z  because static pod is ready
2026-01-28T09:51:25.448520257Z I0128 09:51:25.448461       1 event.go:377] Event(v1.ObjectReference{Kind:"Deployment", Namespace:"openshift-kube-apiserver-operator", Name:"kube-apiserver-operator", UID:"0f90e131-ac50-4cb2-87c5-ad12ae1902a5", APIVersion:"apps/v1", ResourceVersion:"", FieldPath:""}): type: 'Normal' reason: 'NodeCurrentRevisionChanged' Updated node "ip-10-0-108-54.us-west-1.compute.internal" from revision 2 to 6 because static pod is ready
2026-01-28T09:51:25.454256522Z I0128 09:51:25.452847       1 connectivity_check_controller.go:172] ConnectivityCheckController is waiting for transition to desired version (4.20.0-0-2026-01-28-090915-test-ci-ln-vjb5l1t-latest) to be completed.
2026-01-28T09:51:25.482522403Z I0128 09:51:25.482477       1 status_controller.go:230] clusteroperator/kube-apiserver diff {"status":{"conditions":[{"lastTransitionTime":"2026-01-28T09:39:41Z","message":"NodeControllerDegraded: All master nodes are ready","reason":"AsExpected","status":"False","type":"Degraded"},{"lastTransitionTime":"2026-01-28T09:35:07Z","message":"NodeInstallerProgressing: 1 node is at revision 2; 2 nodes are at revision 6","reason":"NodeInstaller","status":"True","type":"Progressing"},{"lastTransitionTime":"2026-01-28T09:36:11Z","message":"StaticPodsAvailable: 3 nodes are active; 1 node is at revision 2; 2 nodes are at revision 6","reason":"AsExpected","status":"True","type":"Available"},{"lastTransitionTime":"2026-01-28T09:30:35Z","message":"KubeletMinorVersionUpgradeable: Kubelet and API server minor versions are synced.","reason":"AsExpected","status":"True","type":"Upgradeable"},{"lastTransitionTime":"2026-01-28T09:31:21Z","message":"PodSecurityInconclusiveEvaluationConditionsDetected: Could not evaluate violations for namespaces: [kube-node-lease openshift openshift-apiserver-operator openshift-cloud-credential-operator openshift-cloud-network-config-controller openshift-cluster-olm-operator openshift-cluster-samples-operator openshift-cluster-storage-operator openshift-config-managed openshift-config-operator openshift-console openshift-console-operator openshift-console-user-settings openshift-controller-manager-operator openshift-dns-operator openshift-host-network openshift-ingress-operator openshift-kube-controller-manager-operator openshift-kube-storage-version-migrator openshift-kube-storage-version-migrator-operator openshift-network-console openshift-network-diagnostics openshift-node openshift-service-ca openshift-service-ca-operator openshift-user-workload-monitoring]","reason":"PodSecurityInconclusive_PSViolationDecisionInconclusive","status":"True","type":"EvaluationConditionsDetected"}]}}
2026-01-28T09:51:25.505687882Z I0128 09:51:25.505643       1 prune_controller.go:277] Nothing to prune
2026-01-28T09:51:25.521780749Z I0128 09:51:25.509793       1 event.go:377] Event(v1.ObjectReference{Kind:"Deployment", Namespace:"openshift-kube-apiserver-operator", Name:"kube-apiserver-operator", UID:"0f90e131-ac50-4cb2-87c5-ad12ae1902a5", APIVersion:"apps/v1", ResourceVersion:"", FieldPath:""}): type: 'Normal' reason: 'OperatorStatusChanged' Status for clusteroperator/kube-apiserver changed: Progressing message changed from "NodeInstallerProgressing: 2 nodes are at revision 2; 1 node is at revision 6" to "NodeInstallerProgressing: 1 node is at revision 2; 2 nodes are at revision 6",Available message changed from "StaticPodsAvailable: 3 nodes are active; 2 nodes are at revision 2; 1 node is at revision 6" to "StaticPodsAvailable: 3 nodes are active; 1 node is at revision 2; 2 nodes are at revision 6"
2026-01-28T09:51:26.600658996Z I0128 09:51:26.600612       1 request.go:752] "Waited before sending request" delay="1.067732144s" reason="client-side throttling, not priority and fairness" verb="GET" URL="https://172.30.0.1:443/api/v1/namespaces/openshift-kube-apiserver/configmaps/kube-apiserver-audit-policies"
2026-01-28T09:51:29.204913955Z I0128 09:51:29.204869       1 installer_controller.go:562] node ip-10-0-3-203.us-west-1.compute.internal with revision 2 is the oldest and needs new revision 6
2026-01-28T09:51:29.204956417Z I0128 09:51:29.204914       1 installer_controller.go:570] "ip-10-0-3-203.us-west-1.compute.internal" moving to (v1.NodeStatus) {
2026-01-28T09:51:29.204956417Z  NodeName: (string) (len=40) "ip-10-0-3-203.us-west-1.compute.internal",
2026-01-28T09:51:29.204956417Z  CurrentRevision: (int32) 2,
2026-01-28T09:51:29.204956417Z  TargetRevision: (int32) 6,
2026-01-28T09:51:29.204956417Z  LastFailedRevision: (int32) 0,
2026-01-28T09:51:29.204956417Z  LastFailedTime: (*v1.Time)(<nil>),
2026-01-28T09:51:29.204956417Z  LastFailedReason: (string) "",
2026-01-28T09:51:29.204956417Z  LastFailedCount: (int) 0,
2026-01-28T09:51:29.204956417Z  LastFallbackCount: (int) 0,
2026-01-28T09:51:29.204956417Z  LastFailedRevisionErrors: ([]string) <nil>
2026-01-28T09:51:29.204956417Z }
2026-01-28T09:51:29.227061562Z I0128 09:51:29.226984       1 event.go:377] Event(v1.ObjectReference{Kind:"Deployment", Namespace:"openshift-kube-apiserver-operator", Name:"kube-apiserver-operator", UID:"0f90e131-ac50-4cb2-87c5-ad12ae1902a5", APIVersion:"apps/v1", ResourceVersion:"", FieldPath:""}): type: 'Normal' reason: 'NodeTargetRevisionChanged' Updating node "ip-10-0-3-203.us-west-1.compute.internal" from revision 2 to 6 because node ip-10-0-3-203.us-west-1.compute.internal with revision 2 is the oldest
2026-01-28T09:51:29.233015238Z I0128 09:51:29.232975       1 connectivity_check_controller.go:172] ConnectivityCheckController is waiting for transition to desired version (4.20.0-0-2026-01-28-090915-test-ci-ln-vjb5l1t-latest) to be completed.
2026-01-28T09:51:29.233513613Z I0128 09:51:29.233492       1 prune_controller.go:277] Nothing to prune
2026-01-28T09:51:30.400222563Z I0128 09:51:30.400127       1 request.go:752] "Waited before sending request" delay="1.130113207s" reason="client-side throttling, not priority and fairness" verb="GET" URL="https://172.30.0.1:443/api/v1/namespaces/openshift-kube-apiserver/secrets/node-kubeconfigs"
2026-01-28T09:51:32.811479463Z I0128 09:51:32.811362       1 warnings.go:110] "Warning: metadata.name: this is used in the Pod's hostname, which can result in surprising behavior; a DNS label is recommended: [must not contain dots]"
2026-01-28T09:51:32.811963557Z I0128 09:51:32.811639       1 event.go:377] Event(v1.ObjectReference{Kind:"Deployment", Namespace:"openshift-kube-apiserver-operator", Name:"kube-apiserver-operator", UID:"0f90e131-ac50-4cb2-87c5-ad12ae1902a5", APIVersion:"apps/v1", ResourceVersion:"", FieldPath:""}): type: 'Normal' reason: 'PodCreated' Created Pod/installer-6-ip-10-0-3-203.us-west-1.compute.internal -n openshift-kube-apiserver because it was missing
2026-01-28T09:51:33.205388162Z I0128 09:51:33.204682       1 installer_controller.go:550] "ip-10-0-3-203.us-west-1.compute.internal" is in transition to 6, but has not made progress because installer is not finished, but in Pending phase
2026-01-28T09:51:34.000564143Z I0128 09:51:34.000506       1 request.go:752] "Waited before sending request" delay="1.184900462s" reason="client-side throttling, not priority and fairness" verb="GET" URL="https://172.30.0.1:443/api/v1/namespaces/openshift-kube-apiserver/pods?labelSelector=app%3Dopenshift-kube-apiserver"
2026-01-28T09:51:37.404582989Z I0128 09:51:37.404528       1 installer_controller.go:550] "ip-10-0-3-203.us-west-1.compute.internal" is in transition to 6, but has not made progress because installer is not finished, but in Running phase
2026-01-28T09:51:39.604408208Z I0128 09:51:39.604359       1 installer_controller.go:550] "ip-10-0-3-203.us-west-1.compute.internal" is in transition to 6, but has not made progress because installer is not finished, but in Running phase
2026-01-28T09:52:04.441797180Z I0128 09:52:04.441734       1 connectivity_check_controller.go:172] ConnectivityCheckController is waiting for transition to desired version (4.20.0-0-2026-01-28-090915-test-ci-ln-vjb5l1t-latest) to be completed.
2026-01-28T09:52:04.600371375Z I0128 09:52:04.600322       1 prune_controller.go:277] Nothing to prune
2026-01-28T09:52:04.616116347Z I0128 09:52:04.616080       1 prune_controller.go:277] Nothing to prune
2026-01-28T09:52:04.622543305Z I0128 09:52:04.622469       1 prune_controller.go:277] Nothing to prune
2026-01-28T09:52:04.626928033Z I0128 09:52:04.626896       1 prune_controller.go:277] Nothing to prune
2026-01-28T09:52:04.638886406Z I0128 09:52:04.634919       1 externalloadbalancer.go:27] syncing external loadbalancer hostnames: api.ci-ln-vjb5l1t-76ef8.XXXXXXXXXXXXXXXXXXXXXX
2026-01-28T09:52:04.638886406Z I0128 09:52:04.635067       1 servicehostname.go:46] syncing servicenetwork hostnames: [172.30.0.1 kubernetes kubernetes.default kubernetes.default.svc kubernetes.default.svc.cluster.local openshift openshift.default openshift.default.svc openshift.default.svc.cluster.local]
2026-01-28T09:52:04.650015138Z I0128 09:52:04.647413       1 prune_controller.go:277] Nothing to prune
2026-01-28T09:52:04.650015138Z I0128 09:52:04.648074       1 prune_controller.go:277] Nothing to prune
2026-01-28T09:52:04.650015138Z I0128 09:52:04.649071       1 prune_controller.go:277] Nothing to prune
2026-01-28T09:52:04.685251146Z I0128 09:52:04.685184       1 prune_controller.go:277] Nothing to prune
2026-01-28T09:52:04.685628635Z I0128 09:52:04.685597       1 prune_controller.go:277] Nothing to prune
2026-01-28T09:52:04.693660453Z I0128 09:52:04.692518       1 prune_controller.go:277] Nothing to prune
2026-01-28T09:52:04.693660453Z I0128 09:52:04.692952       1 prune_controller.go:277] Nothing to prune
2026-01-28T09:52:04.695229951Z I0128 09:52:04.694600       1 prune_controller.go:277] Nothing to prune
2026-01-28T09:52:04.696627440Z I0128 09:52:04.695943       1 prune_controller.go:277] Nothing to prune
2026-01-28T09:52:04.697606249Z I0128 09:52:04.697474       1 prune_controller.go:277] Nothing to prune
2026-01-28T09:52:04.720273243Z I0128 09:52:04.720214       1 connectivity_check_controller.go:172] ConnectivityCheckController is waiting for transition to desired version (4.20.0-0-2026-01-28-090915-test-ci-ln-vjb5l1t-latest) to be completed.
2026-01-28T09:52:04.734762612Z I0128 09:52:04.734717       1 trace.go:236] Trace[1985347415]: "RealFIFO Pop Process" ID:openshift-kube-apiserver/localhost-recovery-serving-certkey-6,Depth:36,Reason:slow event handlers blocking the queue (28-Jan-2026 09:52:04.615) (total time: 119ms):
2026-01-28T09:52:04.734762612Z Trace[1985347415]: [119.432465ms] [119.432465ms] END
2026-01-28T09:52:04.742954078Z I0128 09:52:04.742909       1 trace.go:236] Trace[1733084860]: "RealFIFO Pop Process" ID:openshift-kube-apiserver/kube-apiserver-guard-ip-10-0-108-54.us-west-1.compute.internal,Depth:11,Reason:slow event handlers blocking the queue (28-Jan-2026 09:52:04.614) (total time: 128ms):
2026-01-28T09:52:04.742954078Z Trace[1733084860]: [128.194429ms] [128.194429ms] END
2026-01-28T09:52:05.312921240Z I0128 09:52:05.312846       1 connectivity_check_controller.go:172] ConnectivityCheckController is waiting for transition to desired version (4.20.0-0-2026-01-28-090915-test-ci-ln-vjb5l1t-latest) to be completed.
2026-01-28T09:52:05.313155182Z I0128 09:52:05.313132       1 connectivity_check_controller.go:172] ConnectivityCheckController is waiting for transition to desired version (4.20.0-0-2026-01-28-090915-test-ci-ln-vjb5l1t-latest) to be completed.
2026-01-28T09:52:05.313399934Z I0128 09:52:05.313367       1 connectivity_check_controller.go:172] ConnectivityCheckController is waiting for transition to desired version (4.20.0-0-2026-01-28-090915-test-ci-ln-vjb5l1t-latest) to be completed.
2026-01-28T09:52:05.797996722Z I0128 09:52:05.797932       1 request.go:752] "Waited before sending request" delay="1.131962969s" reason="client-side throttling, not priority and fairness" verb="GET" URL="https://172.30.0.1:443/api/v1/namespaces/openshift-kube-apiserver/configmaps/kube-apiserver-audit-policies"
2026-01-28T09:52:06.165176045Z I0128 09:52:06.165129       1 connectivity_check_controller.go:172] ConnectivityCheckController is waiting for transition to desired version (4.20.0-0-2026-01-28-090915-test-ci-ln-vjb5l1t-latest) to be completed.
2026-01-28T09:52:06.366913382Z I0128 09:52:06.366868       1 connectivity_check_controller.go:172] ConnectivityCheckController is waiting for transition to desired version (4.20.0-0-2026-01-28-090915-test-ci-ln-vjb5l1t-latest) to be completed.
2026-01-28T09:52:06.998049709Z I0128 09:52:06.997984       1 request.go:752] "Waited before sending request" delay="1.989809661s" reason="client-side throttling, not priority and fairness" verb="GET" URL="https://172.30.0.1:443/api/v1/namespaces/openshift-kube-apiserver/configmaps/trusted-ca-bundle"
2026-01-28T09:52:08.197470944Z I0128 09:52:08.197411       1 request.go:752] "Waited before sending request" delay="1.98676745s" reason="client-side throttling, not priority and fairness" verb="GET" URL="https://172.30.0.1:443/api/v1/namespaces/openshift-kube-apiserver/serviceaccounts/installer-sa"
2026-01-28T09:52:09.398176703Z I0128 09:52:09.398097       1 request.go:752] "Waited before sending request" delay="1.997268482s" reason="client-side throttling, not priority and fairness" verb="GET" URL="https://172.30.0.1:443/api/v1/namespaces/openshift-kube-apiserver/pods/kube-apiserver-guard-ip-10-0-3-203.us-west-1.compute.internal"
2026-01-28T09:52:11.279904353Z I0128 09:52:11.279844       1 termination_observer.go:236] Observed event "TerminationPreShutdownHooksFinished" for API server pod "kube-apiserver-ip-10-0-3-203.us-west-1.compute.internal" (last termination at 2026-01-28 09:39:32 +0000 UTC) at 2026-01-28 09:52:11 +0000 UTC
2026-01-28T09:52:11.600825983Z I0128 09:52:11.600779       1 installer_controller.go:550] "ip-10-0-3-203.us-west-1.compute.internal" is in transition to 6, but has not made progress because installer is not finished, but in Running phase
2026-01-28T09:52:13.398195764Z I0128 09:52:13.398105       1 request.go:752] "Waited before sending request" delay="1.007007968s" reason="client-side throttling, not priority and fairness" verb="GET" URL="https://172.30.0.1:443/api/v1/namespaces/openshift-kube-apiserver/pods/kube-apiserver-ip-10-0-102-200.us-west-1.compute.internal"
2026-01-28T09:52:14.597959033Z I0128 09:52:14.597910       1 request.go:752] "Waited before sending request" delay="1.055519126s" reason="client-side throttling, not priority and fairness" verb="GET" URL="https://172.30.0.1:443/api/v1/namespaces/openshift-kube-apiserver/pods?labelSelector=app%3Dinstaller"
2026-01-28T09:52:16.402291989Z I0128 09:52:16.402237       1 installer_controller.go:550] "ip-10-0-3-203.us-west-1.compute.internal" is in transition to 6, but has not made progress because waiting for static pod of revision 6, found 2
2026-01-28T09:52:19.001638479Z I0128 09:52:19.001577       1 installer_controller.go:550] "ip-10-0-3-203.us-west-1.compute.internal" is in transition to 6, but has not made progress because waiting for static pod of revision 6, found 2
2026-01-28T09:52:24.200538128Z I0128 09:52:24.200476       1 installer_controller.go:550] "ip-10-0-3-203.us-west-1.compute.internal" is in transition to 6, but has not made progress because waiting for static pod of revision 6, found 2
2026-01-28T09:54:22.244504486Z I0128 09:54:22.244428       1 termination_observer.go:236] Observed event "TerminationGracefulTerminationFinished" for API server pod "kube-apiserver-ip-10-0-3-203.us-west-1.compute.internal" (last termination at 2026-01-28 09:39:32 +0000 UTC) at 2026-01-28 09:54:22 +0000 UTC
2026-01-28T09:54:22.341198814Z I0128 09:54:22.341006       1 warnings.go:110] "Warning: v1 Endpoints is deprecated in v1.33+; use discovery.k8s.io/v1 EndpointSlice"
2026-01-28T09:54:22.386108153Z I0128 09:54:22.386063       1 warnings.go:110] "Warning: v1 Endpoints is deprecated in v1.33+; use discovery.k8s.io/v1 EndpointSlice"
2026-01-28T09:54:23.953845682Z I0128 09:54:23.953800       1 reflector.go:430] "Caches populated" type="*v1.APIServer" reflector="k8s.io/client-go@v0.33.2/tools/cache/reflector.go:285"
2026-01-28T09:54:24.561613491Z I0128 09:54:24.561567       1 reflector.go:430] "Caches populated" type="*v1.Authentication" reflector="k8s.io/client-go@v0.33.2/tools/cache/reflector.go:285"
2026-01-28T09:54:25.061403895Z I0128 09:54:25.061357       1 reflector.go:430] "Caches populated" type="*v1alpha1.StorageVersionMigration" reflector="k8s.io/client-go@v0.33.2/tools/cache/reflector.go:285"
2026-01-28T09:54:25.066825403Z I0128 09:54:25.066783       1 termination_observer.go:130] Observed termination of API server pod "kube-apiserver-ip-10-0-3-203.us-west-1.compute.internal" at 2026-01-28 09:54:25 +0000 UTC
2026-01-28T09:54:25.096761082Z I0128 09:54:25.096701       1 reflector.go:430] "Caches populated" type="*v1.Image" reflector="k8s.io/client-go@v0.33.2/tools/cache/reflector.go:285"
2026-01-28T09:54:25.107939634Z I0128 09:54:25.107900       1 reflector.go:430] "Caches populated" type="*v1.OAuth" reflector="k8s.io/client-go@v0.33.2/tools/cache/reflector.go:285"
2026-01-28T09:54:29.197939335Z I0128 09:54:29.197894       1 installer_controller.go:550] "ip-10-0-3-203.us-west-1.compute.internal" is in transition to 6, but has not made progress because static pod is pending
2026-01-28T09:54:33.797226398Z I0128 09:54:33.797177       1 installer_controller.go:550] "ip-10-0-3-203.us-west-1.compute.internal" is in transition to 6, but has not made progress because static pod is pending
2026-01-28T09:54:36.197526183Z I0128 09:54:36.197476       1 installer_controller.go:550] "ip-10-0-3-203.us-west-1.compute.internal" is in transition to 6, but has not made progress because static pod is pending
2026-01-28T09:54:59.504624955Z I0128 09:54:59.503574       1 connectivity_check_controller.go:172] ConnectivityCheckController is waiting for transition to desired version (4.20.0-0-2026-01-28-090915-test-ci-ln-vjb5l1t-latest) to be completed.
2026-01-28T09:55:12.027126293Z I0128 09:55:12.025509       1 installer_controller.go:540] "ip-10-0-3-203.us-west-1.compute.internal" moving to (v1.NodeStatus) {
2026-01-28T09:55:12.027126293Z  NodeName: (string) (len=40) "ip-10-0-3-203.us-west-1.compute.internal",
2026-01-28T09:55:12.027126293Z  CurrentRevision: (int32) 6,
2026-01-28T09:55:12.027126293Z  TargetRevision: (int32) 0,
2026-01-28T09:55:12.027126293Z  LastFailedRevision: (int32) 0,
2026-01-28T09:55:12.027126293Z  LastFailedTime: (*v1.Time)(<nil>),
2026-01-28T09:55:12.027126293Z  LastFailedReason: (string) "",
2026-01-28T09:55:12.027126293Z  LastFailedCount: (int) 0,
2026-01-28T09:55:12.027126293Z  LastFallbackCount: (int) 0,
2026-01-28T09:55:12.027126293Z  LastFailedRevisionErrors: ([]string) <nil>
2026-01-28T09:55:12.027126293Z }
2026-01-28T09:55:12.027126293Z  because static pod is ready
2026-01-28T09:55:12.053275708Z I0128 09:55:12.053211       1 event.go:377] Event(v1.ObjectReference{Kind:"Deployment", Namespace:"openshift-kube-apiserver-operator", Name:"kube-apiserver-operator", UID:"0f90e131-ac50-4cb2-87c5-ad12ae1902a5", APIVersion:"apps/v1", ResourceVersion:"", FieldPath:""}): type: 'Normal' reason: 'NodeCurrentRevisionChanged' Updated node "ip-10-0-3-203.us-west-1.compute.internal" from revision 2 to 6 because static pod is ready
2026-01-28T09:55:12.069652639Z I0128 09:55:12.069473       1 status_controller.go:230] clusteroperator/kube-apiserver diff {"status":{"conditions":[{"lastTransitionTime":"2026-01-28T09:39:41Z","message":"NodeControllerDegraded: All master nodes are ready","reason":"AsExpected","status":"False","type":"Degraded"},{"lastTransitionTime":"2026-01-28T09:55:12Z","message":"NodeInstallerProgressing: 3 nodes are at revision 6","reason":"AsExpected","status":"False","type":"Progressing"},{"lastTransitionTime":"2026-01-28T09:36:11Z","message":"StaticPodsAvailable: 3 nodes are active; 3 nodes are at revision 6","reason":"AsExpected","status":"True","type":"Available"},{"lastTransitionTime":"2026-01-28T09:30:35Z","message":"KubeletMinorVersionUpgradeable: Kubelet and API server minor versions are synced.","reason":"AsExpected","status":"True","type":"Upgradeable"},{"lastTransitionTime":"2026-01-28T09:31:21Z","message":"PodSecurityInconclusiveEvaluationConditionsDetected: Could not evaluate violations for namespaces: [kube-node-lease openshift openshift-apiserver-operator openshift-cloud-credential-operator openshift-cloud-network-config-controller openshift-cluster-olm-operator openshift-cluster-samples-operator openshift-cluster-storage-operator openshift-config-managed openshift-config-operator openshift-console openshift-console-operator openshift-console-user-settings openshift-controller-manager-operator openshift-dns-operator openshift-host-network openshift-ingress-operator openshift-kube-controller-manager-operator openshift-kube-storage-version-migrator openshift-kube-storage-version-migrator-operator openshift-network-console openshift-network-diagnostics openshift-node openshift-service-ca openshift-service-ca-operator openshift-user-workload-monitoring]","reason":"PodSecurityInconclusive_PSViolationDecisionInconclusive","status":"True","type":"EvaluationConditionsDetected"}]}}
2026-01-28T09:55:12.108281063Z I0128 09:55:12.106597       1 connectivity_check_controller.go:172] ConnectivityCheckController is waiting for transition to desired version (4.20.0-0-2026-01-28-090915-test-ci-ln-vjb5l1t-latest) to be completed.
2026-01-28T09:55:12.109211419Z I0128 09:55:12.109141       1 event.go:377] Event(v1.ObjectReference{Kind:"Deployment", Namespace:"openshift-kube-apiserver-operator", Name:"kube-apiserver-operator", UID:"0f90e131-ac50-4cb2-87c5-ad12ae1902a5", APIVersion:"apps/v1", ResourceVersion:"", FieldPath:""}): type: 'Normal' reason: 'OperatorStatusChanged' Status for clusteroperator/kube-apiserver changed: Progressing changed from True to False ("NodeInstallerProgressing: 3 nodes are at revision 6"),Available message changed from "StaticPodsAvailable: 3 nodes are active; 1 node is at revision 2; 2 nodes are at revision 6" to "StaticPodsAvailable: 3 nodes are active; 3 nodes are at revision 6"
2026-01-28T09:55:13.201663646Z I0128 09:55:13.201611       1 request.go:752] "Waited before sending request" delay="1.083115894s" reason="client-side throttling, not priority and fairness" verb="POST" URL="https://172.30.0.1:443/api/v1/namespaces/openshift-kube-apiserver/pods"
2026-01-28T09:55:13.214548004Z I0128 09:55:13.214511       1 warnings.go:110] "Warning: metadata.name: this is used in the Pod's hostname, which can result in surprising behavior; a DNS label is recommended: [must not contain dots]"
2026-01-28T09:55:13.216280450Z I0128 09:55:13.216245       1 event.go:377] Event(v1.ObjectReference{Kind:"Deployment", Namespace:"openshift-kube-apiserver-operator", Name:"kube-apiserver-operator", UID:"0f90e131-ac50-4cb2-87c5-ad12ae1902a5", APIVersion:"apps/v1", ResourceVersion:"", FieldPath:""}): type: 'Normal' reason: 'PodCreated' Created Pod/revision-pruner-6-ip-10-0-102-200.us-west-1.compute.internal -n openshift-kube-apiserver because it was missing
2026-01-28T09:55:14.401742924Z I0128 09:55:14.401692       1 request.go:752] "Waited before sending request" delay="1.187357537s" reason="client-side throttling, not priority and fairness" verb="GET" URL="https://172.30.0.1:443/api/v1/namespaces/openshift-kube-apiserver/pods/kube-apiserver-guard-ip-10-0-102-200.us-west-1.compute.internal"
2026-01-28T09:55:15.402144741Z I0128 09:55:15.402076       1 request.go:752] "Waited before sending request" delay="1.394211445s" reason="client-side throttling, not priority and fairness" verb="GET" URL="https://172.30.0.1:443/api/v1/namespaces/openshift-kube-apiserver/pods/kube-apiserver-ip-10-0-102-200.us-west-1.compute.internal"
2026-01-28T09:55:16.009610313Z I0128 09:55:16.009562       1 warnings.go:110] "Warning: metadata.name: this is used in the Pod's hostname, which can result in surprising behavior; a DNS label is recommended: [must not contain dots]"
2026-01-28T09:55:16.016801309Z I0128 09:55:16.015755       1 event.go:377] Event(v1.ObjectReference{Kind:"Deployment", Namespace:"openshift-kube-apiserver-operator", Name:"kube-apiserver-operator", UID:"0f90e131-ac50-4cb2-87c5-ad12ae1902a5", APIVersion:"apps/v1", ResourceVersion:"", FieldPath:""}): type: 'Normal' reason: 'PodCreated' Created Pod/revision-pruner-6-ip-10-0-108-54.us-west-1.compute.internal -n openshift-kube-apiserver because it was missing
2026-01-28T09:55:16.404085674Z I0128 09:55:16.402107       1 request.go:752] "Waited before sending request" delay="1.396273508s" reason="client-side throttling, not priority and fairness" verb="GET" URL="https://172.30.0.1:443/api/v1/namespaces/openshift-kube-apiserver/configmaps/trusted-ca-bundle"
2026-01-28T09:55:17.601364194Z I0128 09:55:17.601310       1 request.go:752] "Waited before sending request" delay="1.393596155s" reason="client-side throttling, not priority and fairness" verb="GET" URL="https://172.30.0.1:443/api/v1/namespaces/openshift-kube-apiserver/pods?labelSelector=app%3Dinstaller"
2026-01-28T09:55:18.601782192Z I0128 09:55:18.601723       1 request.go:752] "Waited before sending request" delay="1.397085977s" reason="client-side throttling, not priority and fairness" verb="GET" URL="https://172.30.0.1:443/api/v1/namespaces/openshift-kube-apiserver/pods/kube-apiserver-guard-ip-10-0-108-54.us-west-1.compute.internal"
2026-01-28T09:55:18.809254449Z I0128 09:55:18.808883       1 warnings.go:110] "Warning: metadata.name: this is used in the Pod's hostname, which can result in surprising behavior; a DNS label is recommended: [must not contain dots]"
2026-01-28T09:55:18.809668690Z I0128 09:55:18.809615       1 event.go:377] Event(v1.ObjectReference{Kind:"Deployment", Namespace:"openshift-kube-apiserver-operator", Name:"kube-apiserver-operator", UID:"0f90e131-ac50-4cb2-87c5-ad12ae1902a5", APIVersion:"apps/v1", ResourceVersion:"", FieldPath:""}): type: 'Normal' reason: 'PodCreated' Created Pod/revision-pruner-6-ip-10-0-3-203.us-west-1.compute.internal -n openshift-kube-apiserver because it was missing
2026-01-28T09:55:19.801675631Z I0128 09:55:19.801614       1 request.go:752] "Waited before sending request" delay="1.396961812s" reason="client-side throttling, not priority and fairness" verb="GET" URL="https://172.30.0.1:443/api/v1/namespaces/openshift-kube-apiserver/pods?labelSelector=app%3Dopenshift-kube-apiserver"
2026-01-28T09:55:21.001880216Z I0128 09:55:21.001815       1 request.go:752] "Waited before sending request" delay="1.196416118s" reason="client-side throttling, not priority and fairness" verb="GET" URL="https://172.30.0.1:443/api/v1/namespaces/openshift-kube-apiserver/pods?labelSelector=app%3Dopenshift-kube-apiserver"
2026-01-28T09:55:22.201582115Z I0128 09:55:22.201529       1 request.go:752] "Waited before sending request" delay="1.978600804s" reason="client-side throttling, not priority and fairness" verb="GET" URL="https://172.30.0.1:443/api/v1/namespaces/openshift-kube-apiserver/pods/revision-pruner-6-ip-10-0-102-200.us-west-1.compute.internal"
2026-01-28T09:55:23.201998383Z I0128 09:55:23.201935       1 request.go:752] "Waited before sending request" delay="1.995321782s" reason="client-side throttling, not priority and fairness" verb="GET" URL="https://172.30.0.1:443/api/v1/namespaces/openshift-kube-apiserver/pods/kube-apiserver-guard-ip-10-0-108-54.us-west-1.compute.internal"
2026-01-28T09:55:24.401498312Z I0128 09:55:24.401448       1 request.go:752] "Waited before sending request" delay="1.993614307s" reason="client-side throttling, not priority and fairness" verb="GET" URL="https://172.30.0.1:443/api/v1/namespaces/openshift-kube-apiserver/pods?labelSelector=app%3Dinstaller"
2026-01-28T09:55:25.402328238Z I0128 09:55:25.402275       1 request.go:752] "Waited before sending request" delay="1.774104481s" reason="client-side throttling, not priority and fairness" verb="GET" URL="https://172.30.0.1:443/api/v1/namespaces/openshift-kube-apiserver/serviceaccounts/localhost-recovery-client"
2026-01-28T09:55:26.402347049Z I0128 09:55:26.402291       1 request.go:752] "Waited before sending request" delay="1.196717418s" reason="client-side throttling, not priority and fairness" verb="GET" URL="https://172.30.0.1:443/api/v1/namespaces/openshift-kube-apiserver/pods/kube-apiserver-guard-ip-10-0-3-203.us-west-1.compute.internal"
2026-01-28T09:55:27.601427254Z I0128 09:55:27.601364       1 request.go:752] "Waited before sending request" delay="1.194332551s" reason="client-side throttling, not priority and fairness" verb="GET" URL="https://172.30.0.1:443/api/v1/namespaces/openshift-kube-apiserver/pods/kube-apiserver-guard-ip-10-0-3-203.us-west-1.compute.internal"
2026-01-28T10:00:03.385316975Z I0128 10:00:03.385267       1 warnings.go:110] "Warning: v1 Endpoints is deprecated in v1.33+; use discovery.k8s.io/v1 EndpointSlice"
2026-01-28T10:02:04.443500136Z I0128 10:02:04.442191       1 connectivity_check_controller.go:172] ConnectivityCheckController is waiting for transition to desired version (4.20.0-0-2026-01-28-090915-test-ci-ln-vjb5l1t-latest) to be completed.
2026-01-28T10:02:04.649989678Z I0128 10:02:04.649917       1 servicehostname.go:46] syncing servicenetwork hostnames: [172.30.0.1 kubernetes kubernetes.default kubernetes.default.svc kubernetes.default.svc.cluster.local openshift openshift.default openshift.default.svc openshift.default.svc.cluster.local]
2026-01-28T10:02:04.723958704Z I0128 10:02:04.723745       1 trace.go:236] Trace[1285493091]: "RealFIFO Pop Process" ID:openshift-kube-apiserver/installer-2-ip-10-0-108-54.us-west-1.compute.internal,Depth:14,Reason:slow event handlers blocking the queue (28-Jan-2026 10:02:04.600) (total time: 123ms):
2026-01-28T10:02:04.723958704Z Trace[1285493091]: [123.18905ms] [123.18905ms] END
2026-01-28T10:02:04.725424298Z I0128 10:02:04.725404       1 trace.go:236] Trace[320588]: "RealFIFO Pop Process" ID:openshift-kube-apiserver/service-network-serving-certkey,Depth:32,Reason:slow event handlers blocking the queue (28-Jan-2026 10:02:04.619) (total time: 105ms):
2026-01-28T10:02:04.725424298Z Trace[320588]: [105.705739ms] [105.705739ms] END
2026-01-28T10:02:04.773876162Z I0128 10:02:04.773814       1 externalloadbalancer.go:27] syncing external loadbalancer hostnames: api.ci-ln-vjb5l1t-76ef8.XXXXXXXXXXXXXXXXXXXXXX
2026-01-28T10:02:04.840324114Z I0128 10:02:04.839665       1 trace.go:236] Trace[1844105233]: "RealFIFO Pop Process" ID:openshift-kube-apiserver/localhost-recovery-client-token-3,Depth:30,Reason:slow event handlers blocking the queue (28-Jan-2026 10:02:04.726) (total time: 113ms):
2026-01-28T10:02:04.840324114Z Trace[1844105233]: [113.574531ms] [113.574531ms] END
2026-01-28T10:02:04.850118482Z I0128 10:02:04.850074       1 connectivity_check_controller.go:172] ConnectivityCheckController is waiting for transition to desired version (4.20.0-0-2026-01-28-090915-test-ci-ln-vjb5l1t-latest) to be completed.
2026-01-28T10:02:05.313923678Z I0128 10:02:05.313865       1 connectivity_check_controller.go:172] ConnectivityCheckController is waiting for transition to desired version (4.20.0-0-2026-01-28-090915-test-ci-ln-vjb5l1t-latest) to be completed.
2026-01-28T10:02:05.314164000Z I0128 10:02:05.314127       1 connectivity_check_controller.go:172] ConnectivityCheckController is waiting for transition to desired version (4.20.0-0-2026-01-28-090915-test-ci-ln-vjb5l1t-latest) to be completed.
2026-01-28T10:02:05.314381341Z I0128 10:02:05.314352       1 connectivity_check_controller.go:172] ConnectivityCheckController is waiting for transition to desired version (4.20.0-0-2026-01-28-090915-test-ci-ln-vjb5l1t-latest) to be completed.
2026-01-28T10:02:05.314761260Z I0128 10:02:05.314570       1 connectivity_check_controller.go:172] ConnectivityCheckController is waiting for transition to desired version (4.20.0-0-2026-01-28-090915-test-ci-ln-vjb5l1t-latest) to be completed.
2026-01-28T10:02:05.314833633Z I0128 10:02:05.314802       1 connectivity_check_controller.go:172] ConnectivityCheckController is waiting for transition to desired version (4.20.0-0-2026-01-28-090915-test-ci-ln-vjb5l1t-latest) to be completed.
2026-01-28T10:02:05.315142369Z I0128 10:02:05.315110       1 connectivity_check_controller.go:172] ConnectivityCheckController is waiting for transition to desired version (4.20.0-0-2026-01-28-090915-test-ci-ln-vjb5l1t-latest) to be completed.
2026-01-28T10:02:05.315358709Z I0128 10:02:05.315317       1 connectivity_check_controller.go:172] ConnectivityCheckController is waiting for transition to desired version (4.20.0-0-2026-01-28-090915-test-ci-ln-vjb5l1t-latest) to be completed.
2026-01-28T10:02:05.801302219Z I0128 10:02:05.801239       1 request.go:752] "Waited before sending request" delay="1.077704284s" reason="client-side throttling, not priority and fairness" verb="GET" URL="https://172.30.0.1:443/api/v1/namespaces/openshift-kube-apiserver/pods/revision-pruner-6-ip-10-0-108-54.us-west-1.compute.internal"
2026-01-28T10:02:06.168014057Z I0128 10:02:06.166808       1 connectivity_check_controller.go:172] ConnectivityCheckController is waiting for transition to desired version (4.20.0-0-2026-01-28-090915-test-ci-ln-vjb5l1t-latest) to be completed.
2026-01-28T10:02:06.366950552Z I0128 10:02:06.366885       1 connectivity_check_controller.go:172] ConnectivityCheckController is waiting for transition to desired version (4.20.0-0-2026-01-28-090915-test-ci-ln-vjb5l1t-latest) to be completed.
2026-01-28T10:02:06.801945702Z I0128 10:02:06.801879       1 request.go:752] "Waited before sending request" delay="1.963278821s" reason="client-side throttling, not priority and fairness" verb="GET" URL="https://172.30.0.1:443/api/v1/namespaces/openshift-kube-apiserver/pods?labelSelector=app%3Dopenshift-kube-apiserver"
2026-01-28T10:02:08.010824704Z I0128 10:02:08.010778       1 request.go:752] "Waited before sending request" delay="2.198287324s" reason="client-side throttling, not priority and fairness" verb="GET" URL="https://172.30.0.1:443/api/v1/namespaces/openshift-kube-apiserver/pods/revision-pruner-6-ip-10-0-3-203.us-west-1.compute.internal"
2026-01-28T10:02:09.201872820Z I0128 10:02:09.201521       1 request.go:752] "Waited before sending request" delay="2.153654924s" reason="client-side throttling, not priority and fairness" verb="GET" URL="https://172.30.0.1:443/api/v1/namespaces/openshift-kube-apiserver"
2026-01-28T10:02:10.401284756Z I0128 10:02:10.401218       1 request.go:752] "Waited before sending request" delay="1.194415707s" reason="client-side throttling, not priority and fairness" verb="GET" URL="https://172.30.0.1:443/api/v1/namespaces/openshift-kube-apiserver/services/apiserver"
2026-01-28T10:02:11.604890671Z I0128 10:02:11.604106       1 request.go:752] "Waited before sending request" delay="1.173438182s" reason="client-side throttling, not priority and fairness" verb="GET" URL="https://172.30.0.1:443/api/v1/namespaces/openshift-kube-apiserver/serviceaccounts/localhost-recovery-client"
2026-01-28T10:02:39.341618049Z I0128 10:02:39.341560       1 warnings.go:110] "Warning: v1 Endpoints is deprecated in v1.33+; use discovery.k8s.io/v1 EndpointSlice"
2026-01-28T10:07:10.387396445Z I0128 10:07:10.387351       1 warnings.go:110] "Warning: v1 Endpoints is deprecated in v1.33+; use discovery.k8s.io/v1 EndpointSlice"
2026-01-28T10:07:37.881342288Z I0128 10:07:37.878567       1 reflector.go:430] "Caches populated" type="*v1.Event" reflector="k8s.io/client-go@v0.33.2/tools/cache/reflector.go:285"
2026-01-28T10:12:04.442814623Z I0128 10:12:04.442724       1 connectivity_check_controller.go:172] ConnectivityCheckController is waiting for transition to desired version (4.20.0-0-2026-01-28-090915-test-ci-ln-vjb5l1t-latest) to be completed.
2026-01-28T10:12:04.650718053Z I0128 10:12:04.650510       1 servicehostname.go:46] syncing servicenetwork hostnames: [172.30.0.1 kubernetes kubernetes.default kubernetes.default.svc kubernetes.default.svc.cluster.local openshift openshift.default openshift.default.svc openshift.default.svc.cluster.local]
2026-01-28T10:12:04.774227417Z I0128 10:12:04.774182       1 connectivity_check_controller.go:172] ConnectivityCheckController is waiting for transition to desired version (4.20.0-0-2026-01-28-090915-test-ci-ln-vjb5l1t-latest) to be completed.
2026-01-28T10:12:04.774305911Z I0128 10:12:04.774291       1 externalloadbalancer.go:27] syncing external loadbalancer hostnames: api.ci-ln-vjb5l1t-76ef8.XXXXXXXXXXXXXXXXXXXXXX
2026-01-28T10:12:05.314303968Z I0128 10:12:05.314255       1 connectivity_check_controller.go:172] ConnectivityCheckController is waiting for transition to desired version (4.20.0-0-2026-01-28-090915-test-ci-ln-vjb5l1t-latest) to be completed.
2026-01-28T10:12:05.314630685Z I0128 10:12:05.314610       1 connectivity_check_controller.go:172] ConnectivityCheckController is waiting for transition to desired version (4.20.0-0-2026-01-28-090915-test-ci-ln-vjb5l1t-latest) to be completed.
2026-01-28T10:12:05.314921179Z I0128 10:12:05.314900       1 connectivity_check_controller.go:172] ConnectivityCheckController is waiting for transition to desired version (4.20.0-0-2026-01-28-090915-test-ci-ln-vjb5l1t-latest) to be completed.
2026-01-28T10:12:05.803775409Z I0128 10:12:05.803728       1 request.go:752] "Waited before sending request" delay="1.144387994s" reason="client-side throttling, not priority and fairness" verb="GET" URL="https://172.30.0.1:443/api/v1/namespaces/openshift-kube-apiserver/configmaps/kube-apiserver-audit-policies"
2026-01-28T10:12:06.168111273Z I0128 10:12:06.167963       1 connectivity_check_controller.go:172] ConnectivityCheckController is waiting for transition to desired version (4.20.0-0-2026-01-28-090915-test-ci-ln-vjb5l1t-latest) to be completed.
2026-01-28T10:12:06.344501782Z I0128 10:12:06.344449       1 warnings.go:110] "Warning: v1 Endpoints is deprecated in v1.33+; use discovery.k8s.io/v1 EndpointSlice"
2026-01-28T10:12:06.368152821Z I0128 10:12:06.368092       1 connectivity_check_controller.go:172] ConnectivityCheckController is waiting for transition to desired version (4.20.0-0-2026-01-28-090915-test-ci-ln-vjb5l1t-latest) to be completed.
2026-01-28T10:12:07.003404705Z I0128 10:12:07.003352       1 request.go:752] "Waited before sending request" delay="1.992753607s" reason="client-side throttling, not priority and fairness" verb="GET" URL="https://172.30.0.1:443/api/v1/namespaces/openshift-kube-apiserver/pods/kube-apiserver-ip-10-0-3-203.us-west-1.compute.internal"
2026-01-28T10:12:08.003605021Z I0128 10:12:08.003546       1 request.go:752] "Waited before sending request" delay="1.994403426s" reason="client-side throttling, not priority and fairness" verb="GET" URL="https://172.30.0.1:443/api/v1/namespaces/openshift-kube-apiserver/pods/kube-apiserver-ip-10-0-108-54.us-west-1.compute.internal"
2026-01-28T10:12:09.003732373Z I0128 10:12:09.003684       1 request.go:752] "Waited before sending request" delay="1.797435693s" reason="client-side throttling, not priority and fairness" verb="GET" URL="https://172.30.0.1:443/api/v1/namespaces/openshift-kube-apiserver/secrets/localhost-recovery-client-token"
2026-01-28T10:12:10.203732520Z I0128 10:12:10.203670       1 request.go:752] "Waited before sending request" delay="1.193275754s" reason="client-side throttling, not priority and fairness" verb="GET" URL="https://172.30.0.1:443/api/v1/namespaces/openshift-kube-apiserver/configmaps/config"
2026-01-28T10:12:11.203831141Z I0128 10:12:11.203782       1 request.go:752] "Waited before sending request" delay="1.195841321s" reason="client-side throttling, not priority and fairness" verb="GET" URL="https://172.30.0.1:443/api/v1/namespaces/openshift-kube-apiserver/pods/kube-apiserver-ip-10-0-3-203.us-west-1.compute.internal"
2026-01-28T10:13:26.389698507Z I0128 10:13:26.389654       1 warnings.go:110] "Warning: v1 Endpoints is deprecated in v1.33+; use discovery.k8s.io/v1 EndpointSlice"
2026-01-28T10:19:30.346885578Z I0128 10:19:30.346828       1 warnings.go:110] "Warning: v1 Endpoints is deprecated in v1.33+; use discovery.k8s.io/v1 EndpointSlice"
2026-01-28T10:22:04.443444633Z I0128 10:22:04.443392       1 connectivity_check_controller.go:172] ConnectivityCheckController is waiting for transition to desired version (4.20.0-0-2026-01-28-090915-test-ci-ln-vjb5l1t-latest) to be completed.
2026-01-28T10:22:04.651722866Z I0128 10:22:04.651597       1 servicehostname.go:46] syncing servicenetwork hostnames: [172.30.0.1 kubernetes kubernetes.default kubernetes.default.svc kubernetes.default.svc.cluster.local openshift openshift.default openshift.default.svc openshift.default.svc.cluster.local]
2026-01-28T10:22:04.779904336Z I0128 10:22:04.779861       1 externalloadbalancer.go:27] syncing external loadbalancer hostnames: api.ci-ln-vjb5l1t-76ef8.XXXXXXXXXXXXXXXXXXXXXX
2026-01-28T10:22:04.780611212Z I0128 10:22:04.779600       1 connectivity_check_controller.go:172] ConnectivityCheckController is waiting for transition to desired version (4.20.0-0-2026-01-28-090915-test-ci-ln-vjb5l1t-latest) to be completed.
2026-01-28T10:22:05.315288650Z I0128 10:22:05.315222       1 connectivity_check_controller.go:172] ConnectivityCheckController is waiting for transition to desired version (4.20.0-0-2026-01-28-090915-test-ci-ln-vjb5l1t-latest) to be completed.
2026-01-28T10:22:05.315617566Z I0128 10:22:05.315485       1 connectivity_check_controller.go:172] ConnectivityCheckController is waiting for transition to desired version (4.20.0-0-2026-01-28-090915-test-ci-ln-vjb5l1t-latest) to be completed.
2026-01-28T10:22:05.315758263Z I0128 10:22:05.315734       1 connectivity_check_controller.go:172] ConnectivityCheckController is waiting for transition to desired version (4.20.0-0-2026-01-28-090915-test-ci-ln-vjb5l1t-latest) to be completed.
2026-01-28T10:22:05.315996295Z I0128 10:22:05.315969       1 connectivity_check_controller.go:172] ConnectivityCheckController is waiting for transition to desired version (4.20.0-0-2026-01-28-090915-test-ci-ln-vjb5l1t-latest) to be completed.
2026-01-28T10:22:05.794165470Z I0128 10:22:05.794114       1 request.go:752] "Waited before sending request" delay="1.158165483s" reason="client-side throttling, not priority and fairness" verb="GET" URL="https://172.30.0.1:443/api/v1/namespaces/openshift-kube-apiserver/pods/kube-apiserver-ip-10-0-102-200.us-west-1.compute.internal"
2026-01-28T10:22:06.167863160Z I0128 10:22:06.167808       1 connectivity_check_controller.go:172] ConnectivityCheckController is waiting for transition to desired version (4.20.0-0-2026-01-28-090915-test-ci-ln-vjb5l1t-latest) to be completed.
2026-01-28T10:22:06.368328181Z I0128 10:22:06.368270       1 connectivity_check_controller.go:172] ConnectivityCheckController is waiting for transition to desired version (4.20.0-0-2026-01-28-090915-test-ci-ln-vjb5l1t-latest) to be completed.
2026-01-28T10:22:06.994549888Z I0128 10:22:06.994495       1 request.go:752] "Waited before sending request" delay="2.184011472s" reason="client-side throttling, not priority and fairness" verb="GET" URL="https://172.30.0.1:443/api/v1/namespaces/openshift-kube-apiserver/pods?labelSelector=app%3Dopenshift-kube-apiserver"
2026-01-28T10:22:08.194259523Z I0128 10:22:08.194195       1 request.go:752] "Waited before sending request" delay="2.165863802s" reason="client-side throttling, not priority and fairness" verb="GET" URL="https://172.30.0.1:443/api/v1/namespaces/openshift-kube-apiserver/serviceaccounts/localhost-recovery-client"
2026-01-28T10:22:09.194534118Z I0128 10:22:09.194480       1 request.go:752] "Waited before sending request" delay="1.992749759s" reason="client-side throttling, not priority and fairness" verb="GET" URL="https://172.30.0.1:443/api/v1/namespaces/openshift-kube-apiserver/pods/kube-apiserver-ip-10-0-102-200.us-west-1.compute.internal"
2026-01-28T10:22:10.194743919Z I0128 10:22:10.194695       1 request.go:752] "Waited before sending request" delay="1.596224152s" reason="client-side throttling, not priority and fairness" verb="GET" URL="https://172.30.0.1:443/api/v1/namespaces/openshift-kube-apiserver/pods/revision-pruner-6-ip-10-0-108-54.us-west-1.compute.internal"
2026-01-28T10:22:11.394144029Z I0128 10:22:11.394098       1 request.go:752] "Waited before sending request" delay="1.195040557s" reason="client-side throttling, not priority and fairness" verb="GET" URL="https://172.30.0.1:443/api/v1/namespaces/openshift-kube-apiserver/pods/revision-pruner-6-ip-10-0-3-203.us-west-1.compute.internal"
2026-01-28T10:22:12.394860135Z I0128 10:22:12.394809       1 request.go:752] "Waited before sending request" delay="1.159169632s" reason="client-side throttling, not priority and fairness" verb="GET" URL="https://172.30.0.1:443/api/v1/namespaces/openshift-kube-apiserver/serviceaccounts/localhost-recovery-client"
2026-01-28T10:22:13.391869900Z I0128 10:22:13.391825       1 warnings.go:110] "Warning: v1 Endpoints is deprecated in v1.33+; use discovery.k8s.io/v1 EndpointSlice"
2026-01-28T10:22:41.150676151Z I0128 10:22:41.150612       1 reflector.go:430] "Caches populated" type="*v1.Event" reflector="k8s.io/client-go@v0.33.2/tools/cache/reflector.go:285"
2026-01-28T10:24:45.349188772Z I0128 10:24:45.349141       1 warnings.go:110] "Warning: v1 Endpoints is deprecated in v1.33+; use discovery.k8s.io/v1 EndpointSlice"
