2026-01-28T09:30:30.145082818Z W0128 09:30:30.142005       1 cmd.go:257] Using insecure, self-signed certificates
2026-01-28T09:30:30.145082818Z Validity period of the certificate for "kube-apiserver-operator-signer@1769592630" is unset, resetting to 43800h0m0s!
2026-01-28T09:30:31.692720551Z I0128 09:30:31.692289       1 leaderelection.go:121] The leader election gives 4 retries and allows for 30s of clock skew. The kube-apiserver downtime tolerance is 78s. Worst non-graceful lease acquisition is 2m43s. Worst graceful lease acquisition is {26s}.
2026-01-28T09:30:31.712156204Z I0128 09:30:31.712115       1 observer_polling.go:159] Starting file observer
2026-01-28T09:30:31.727591909Z I0128 09:30:31.727562       1 builder.go:304] kube-apiserver-operator version 4.20.0-202601161812.p2.g974542a.assembly.stream.el9-974542a-974542ae2ef86a631546b3a48fd0da3c2e3b74dd
2026-01-28T09:30:34.508548073Z I0128 09:30:34.485245       1 secure_serving.go:57] Forcing use of http/1.1 only
2026-01-28T09:30:34.508548073Z W0128 09:30:34.485275       1 secure_serving.go:69] Use of insecure cipher 'TLS_ECDHE_ECDSA_WITH_AES_128_CBC_SHA256' detected.
2026-01-28T09:30:34.508548073Z W0128 09:30:34.485280       1 secure_serving.go:69] Use of insecure cipher 'TLS_ECDHE_RSA_WITH_AES_128_CBC_SHA256' detected.
2026-01-28T09:30:34.508548073Z W0128 09:30:34.485290       1 secure_serving.go:69] Use of insecure cipher 'TLS_RSA_WITH_AES_128_GCM_SHA256' detected.
2026-01-28T09:30:34.508548073Z W0128 09:30:34.485294       1 secure_serving.go:69] Use of insecure cipher 'TLS_RSA_WITH_AES_256_GCM_SHA384' detected.
2026-01-28T09:30:34.508548073Z W0128 09:30:34.485297       1 secure_serving.go:69] Use of insecure cipher 'TLS_RSA_WITH_AES_128_CBC_SHA' detected.
2026-01-28T09:30:34.508548073Z W0128 09:30:34.485301       1 secure_serving.go:69] Use of insecure cipher 'TLS_RSA_WITH_AES_256_CBC_SHA' detected.
2026-01-28T09:30:34.508548073Z I0128 09:30:34.491968       1 secure_serving.go:211] Serving securely on [::]:8443
2026-01-28T09:30:34.508548073Z I0128 09:30:34.492979       1 leaderelection.go:257] attempting to acquire leader lease openshift-kube-apiserver-operator/kube-apiserver-operator-lock...
2026-01-28T09:30:34.508548073Z I0128 09:30:34.493215       1 requestheader_controller.go:180] Starting RequestHeaderAuthRequestController
2026-01-28T09:30:34.508548073Z I0128 09:30:34.493241       1 shared_informer.go:350] "Waiting for caches to sync" controller="RequestHeaderAuthRequestController"
2026-01-28T09:30:34.508548073Z I0128 09:30:34.493269       1 dynamic_serving_content.go:135] "Starting controller" name="serving-cert::/tmp/serving-cert-3977575726/tls.crt::/tmp/serving-cert-3977575726/tls.key"
2026-01-28T09:30:34.508548073Z I0128 09:30:34.493345       1 tlsconfig.go:243] "Starting DynamicServingCertificateController"
2026-01-28T09:30:34.508548073Z I0128 09:30:34.493432       1 configmap_cafile_content.go:205] "Starting controller" name="client-ca::kube-system::extension-apiserver-authentication::client-ca-file"
2026-01-28T09:30:34.508548073Z I0128 09:30:34.493441       1 shared_informer.go:350] "Waiting for caches to sync" controller="client-ca::kube-system::extension-apiserver-authentication::client-ca-file"
2026-01-28T09:30:34.508548073Z I0128 09:30:34.493454       1 configmap_cafile_content.go:205] "Starting controller" name="client-ca::kube-system::extension-apiserver-authentication::requestheader-client-ca-file"
2026-01-28T09:30:34.508548073Z I0128 09:30:34.493462       1 shared_informer.go:350] "Waiting for caches to sync" controller="client-ca::kube-system::extension-apiserver-authentication::requestheader-client-ca-file"
2026-01-28T09:30:34.521369858Z I0128 09:30:34.521338       1 leaderelection.go:271] successfully acquired lease openshift-kube-apiserver-operator/kube-apiserver-operator-lock
2026-01-28T09:30:34.527869460Z I0128 09:30:34.527824       1 event.go:377] Event(v1.ObjectReference{Kind:"Lease", Namespace:"openshift-kube-apiserver-operator", Name:"kube-apiserver-operator-lock", UID:"856a4d80-ae44-49ba-9652-48cc2e7678fd", APIVersion:"coordination.k8s.io/v1", ResourceVersion:"6007", FieldPath:""}): type: 'Normal' reason: 'LeaderElection' kube-apiserver-operator-766b8bd8b7-6fdbx_d1ecde9f-c462-434a-9339-9a8da68c1f63 became leader
2026-01-28T09:30:34.527957235Z I0128 09:30:34.527941       1 simple_featuregate_reader.go:171] Starting feature-gate-detector
2026-01-28T09:30:34.543452892Z I0128 09:30:34.543333       1 starter.go:164] FeatureGates initialized: knownFeatureGates=[AdditionalRoutingCapabilities AdminNetworkPolicy AlibabaPlatform AzureWorkloadIdentity BuildCSIVolumes CPMSMachineNamePrefix ConsolePluginContentSecurityPolicy ExternalOIDC ExternalOIDCWithUIDAndExtraClaimMappings GatewayAPI GatewayAPIController HighlyAvailableArbiter ImageVolume IngressControllerLBSubnetsAWS KMSv1 MachineConfigNodes ManagedBootImages ManagedBootImagesAWS MetricsCollectionProfiles NetworkDiagnosticsConfig NetworkLiveMigration NetworkSegmentation NewOLM PinnedImages PreconfiguredUDNAddresses ProcMountType RouteAdvertisements RouteExternalCertificate ServiceAccountTokenNodeBinding SetEIPForNLBIngressController SigstoreImageVerification StoragePerformantSecurityPolicy UpgradeStatus UserNamespacesPodSecurityStandards UserNamespacesSupport VSphereMultiDisk VSphereMultiNetworks AWSClusterHostedDNS AWSClusterHostedDNSInstall AWSDedicatedHosts AWSServiceLBNetworkSecurityGroup AutomatedEtcdBackup AzureClusterHostedDNSInstall AzureDedicatedHosts AzureMultiDisk BootImageSkewEnforcement BootcNodeManagement ClusterAPIInstall ClusterAPIInstallIBMCloud ClusterMonitoringConfig ClusterVersionOperatorConfiguration DNSNameResolver DualReplica DyanmicServiceEndpointIBMCloud DynamicResourceAllocation EtcdBackendQuota EventedPLEG Example Example2 ExternalSnapshotMetadata GCPClusterHostedDNS GCPClusterHostedDNSInstall GCPCustomAPIEndpoints GCPCustomAPIEndpointsInstall ImageModeStatusReporting ImageStreamImportMode IngressControllerDynamicConfigurationManager InsightsConfig InsightsConfigAPI InsightsOnDemandDataGather IrreconcilableMachineConfig KMSEncryptionProvider MachineAPIMigration MachineAPIOperatorDisableMachineHealthCheckController ManagedBootImagesAzure ManagedBootImagesvSphere MaxUnavailableStatefulSet MinimumKubeletVersion MixedCPUsAllocation MultiArchInstallAzure MultiDiskSetup MutatingAdmissionPolicy NewOLMCatalogdAPIV1Metas NewOLMOwnSingleNamespace NewOLMPreflightPermissionChecks NewOLMWebhookProviderOpenshiftServiceCA NoRegistryClusterOperations NodeSwap NutanixMultiSubnets OVNObservability OpenShiftPodSecurityAdmission SELinuxMount ShortCertRotation SignatureStores SigstoreImageVerificationPKI TranslateStreamCloseWebsocketRequests VSphereConfigurableMaxAllowedBlockVolumesPerNode VSphereHostVMGroupZonal VSphereMixedNodeEnv VolumeAttributesClass VolumeGroupSnapshot]
2026-01-28T09:30:34.544394089Z I0128 09:30:34.544365       1 event.go:377] Event(v1.ObjectReference{Kind:"Deployment", Namespace:"openshift-kube-apiserver-operator", Name:"kube-apiserver-operator", UID:"0f90e131-ac50-4cb2-87c5-ad12ae1902a5", APIVersion:"apps/v1", ResourceVersion:"", FieldPath:""}): type: 'Normal' reason: 'FeatureGatesInitialized' FeatureGates updated to featuregates.Features{Enabled:[]v1.FeatureGateName{"AdditionalRoutingCapabilities", "AdminNetworkPolicy", "AlibabaPlatform", "AzureWorkloadIdentity", "BuildCSIVolumes", "CPMSMachineNamePrefix", "ConsolePluginContentSecurityPolicy", "ExternalOIDC", "ExternalOIDCWithUIDAndExtraClaimMappings", "GatewayAPI", "GatewayAPIController", "HighlyAvailableArbiter", "ImageVolume", "IngressControllerLBSubnetsAWS", "KMSv1", "MachineConfigNodes", "ManagedBootImages", "ManagedBootImagesAWS", "MetricsCollectionProfiles", "NetworkDiagnosticsConfig", "NetworkLiveMigration", "NetworkSegmentation", "NewOLM", "PinnedImages", "PreconfiguredUDNAddresses", "ProcMountType", "RouteAdvertisements", "RouteExternalCertificate", "ServiceAccountTokenNodeBinding", "SetEIPForNLBIngressController", "SigstoreImageVerification", "StoragePerformantSecurityPolicy", "UpgradeStatus", "UserNamespacesPodSecurityStandards", "UserNamespacesSupport", "VSphereMultiDisk", "VSphereMultiNetworks"}, Disabled:[]v1.FeatureGateName{"AWSClusterHostedDNS", "AWSClusterHostedDNSInstall", "AWSDedicatedHosts", "AWSServiceLBNetworkSecurityGroup", "AutomatedEtcdBackup", "AzureClusterHostedDNSInstall", "AzureDedicatedHosts", "AzureMultiDisk", "BootImageSkewEnforcement", "BootcNodeManagement", "ClusterAPIInstall", "ClusterAPIInstallIBMCloud", "ClusterMonitoringConfig", "ClusterVersionOperatorConfiguration", "DNSNameResolver", "DualReplica", "DyanmicServiceEndpointIBMCloud", "DynamicResourceAllocation", "EtcdBackendQuota", "EventedPLEG", "Example", "Example2", "ExternalSnapshotMetadata", "GCPClusterHostedDNS", "GCPClusterHostedDNSInstall", "GCPCustomAPIEndpoints", "GCPCustomAPIEndpointsInstall", "ImageModeStatusReporting", "ImageStreamImportMode", "IngressControllerDynamicConfigurationManager", "InsightsConfig", "InsightsConfigAPI", "InsightsOnDemandDataGather", "IrreconcilableMachineConfig", "KMSEncryptionProvider", "MachineAPIMigration", "MachineAPIOperatorDisableMachineHealthCheckController", "ManagedBootImagesAzure", "ManagedBootImagesvSphere", "MaxUnavailableStatefulSet", "MinimumKubeletVersion", "MixedCPUsAllocation", "MultiArchInstallAzure", "MultiDiskSetup", "MutatingAdmissionPolicy", "NewOLMCatalogdAPIV1Metas", "NewOLMOwnSingleNamespace", "NewOLMPreflightPermissionChecks", "NewOLMWebhookProviderOpenshiftServiceCA", "NoRegistryClusterOperations", "NodeSwap", "NutanixMultiSubnets", "OVNObservability", "OpenShiftPodSecurityAdmission", "SELinuxMount", "ShortCertRotation", "SignatureStores", "SigstoreImageVerificationPKI", "TranslateStreamCloseWebsocketRequests", "VSphereConfigurableMaxAllowedBlockVolumesPerNode", "VSphereHostVMGroupZonal", "VSphereMixedNodeEnv", "VolumeAttributesClass", "VolumeGroupSnapshot"}}
2026-01-28T09:30:34.552840417Z E0128 09:30:34.552816       1 static_resource_controller.go:221] "Unhandled Error" err="missing informer for namespace \"\"; no dynamic wiring added, time-based only."
2026-01-28T09:30:34.554938891Z E0128 09:30:34.554920       1 static_resource_controller.go:221] "Unhandled Error" err="missing informer for namespace \"\"; no dynamic wiring added, time-based only."
2026-01-28T09:30:34.560332658Z E0128 09:30:34.560313       1 static_resource_controller.go:221] "Unhandled Error" err="missing informer for namespace \"\"; no dynamic wiring added, time-based only."
2026-01-28T09:30:34.566413520Z E0128 09:30:34.566388       1 static_resource_controller.go:221] "Unhandled Error" err="missing informer for namespace \"\"; no dynamic wiring added, time-based only."
2026-01-28T09:30:34.574544443Z E0128 09:30:34.570694       1 static_resource_controller.go:221] "Unhandled Error" err="missing informer for namespace \"\"; no dynamic wiring added, time-based only."
2026-01-28T09:30:34.574544443Z E0128 09:30:34.574165       1 static_resource_controller.go:221] "Unhandled Error" err="missing informer for namespace \"\"; no dynamic wiring added, time-based only."
2026-01-28T09:30:34.591255321Z E0128 09:30:34.590940       1 static_resource_controller.go:221] "Unhandled Error" err="missing informer for namespace \"\"; no dynamic wiring added, time-based only."
2026-01-28T09:30:34.594013807Z I0128 09:30:34.593989       1 shared_informer.go:357] "Caches are synced" controller="client-ca::kube-system::extension-apiserver-authentication::requestheader-client-ca-file"
2026-01-28T09:30:34.594144104Z I0128 09:30:34.594074       1 shared_informer.go:357] "Caches are synced" controller="RequestHeaderAuthRequestController"
2026-01-28T09:30:34.601876527Z I0128 09:30:34.594091       1 shared_informer.go:357] "Caches are synced" controller="client-ca::kube-system::extension-apiserver-authentication::client-ca-file"
2026-01-28T09:30:34.604607352Z E0128 09:30:34.603362       1 static_resource_controller.go:221] "Unhandled Error" err="missing informer for namespace \"\"; no dynamic wiring added, time-based only."
2026-01-28T09:30:34.605147009Z E0128 09:30:34.605128       1 static_resource_controller.go:221] "Unhandled Error" err="missing informer for namespace \"\"; no dynamic wiring added, time-based only."
2026-01-28T09:30:34.607874014Z E0128 09:30:34.607854       1 static_resource_controller.go:221] "Unhandled Error" err="missing informer for namespace \"\"; no dynamic wiring added, time-based only."
2026-01-28T09:30:34.609762597Z E0128 09:30:34.609744       1 static_resource_controller.go:221] "Unhandled Error" err="missing informer for namespace \"\"; no dynamic wiring added, time-based only."
2026-01-28T09:30:34.611136935Z E0128 09:30:34.611112       1 static_resource_controller.go:221] "Unhandled Error" err="missing informer for namespace \"\"; no dynamic wiring added, time-based only."
2026-01-28T09:30:34.623777392Z E0128 09:30:34.623747       1 static_resource_controller.go:221] "Unhandled Error" err="missing informer for namespace \"\"; no dynamic wiring added, time-based only."
2026-01-28T09:30:34.626750999Z I0128 09:30:34.626727       1 certrotationcontroller.go:148] Setting monthPeriod to 720h0m0s, yearPeriod to 8760h0m0s, tenMonthPeriod to 7008h0m0s
2026-01-28T09:30:34.666123960Z I0128 09:30:34.666088       1 certrotationcontroller.go:919] Starting CertRotation
2026-01-28T09:30:34.666169752Z I0128 09:30:34.666157       1 certrotationcontroller.go:884] Waiting for CertRotation
2026-01-28T09:30:34.666245606Z I0128 09:30:34.666230       1 termination_observer.go:145] Starting TerminationObserver
2026-01-28T09:30:34.666411144Z I0128 09:30:34.666395       1 base_controller.go:76] Waiting for caches to sync for SCCReconcileController
2026-01-28T09:30:34.666450896Z I0128 09:30:34.666440       1 base_controller.go:76] Waiting for caches to sync for StatusSyncer_kube-apiserver
2026-01-28T09:30:34.666483768Z I0128 09:30:34.666473       1 base_controller.go:76] Waiting for caches to sync for MissingStaticPodController
2026-01-28T09:30:34.666526900Z I0128 09:30:34.666513       1 base_controller.go:76] Waiting for caches to sync for kube-apiserver
2026-01-28T09:30:34.666562781Z I0128 09:30:34.666551       1 base_controller.go:76] Waiting for caches to sync for KubeAPIServerStaticResources-StaticResources
2026-01-28T09:30:34.666595893Z I0128 09:30:34.666586       1 base_controller.go:76] Waiting for caches to sync for TargetConfigController
2026-01-28T09:30:34.666623735Z I0128 09:30:34.666614       1 base_controller.go:76] Waiting for caches to sync for NodeKubeconfigController
2026-01-28T09:30:34.666661566Z I0128 09:30:34.666649       1 base_controller.go:76] Waiting for caches to sync for ConfigObserver
2026-01-28T09:30:34.666699038Z I0128 09:30:34.666686       1 base_controller.go:76] Waiting for caches to sync for RevisionController
2026-01-28T09:30:34.666733910Z I0128 09:30:34.666722       1 base_controller.go:76] Waiting for caches to sync for Installer
2026-01-28T09:30:34.666769562Z I0128 09:30:34.666757       1 base_controller.go:76] Waiting for caches to sync for kube-apiserver-InstallerState
2026-01-28T09:30:34.666807173Z I0128 09:30:34.666795       1 base_controller.go:76] Waiting for caches to sync for kube-apiserver-StaticPodState
2026-01-28T09:30:34.666841675Z I0128 09:30:34.666831       1 base_controller.go:76] Waiting for caches to sync for PruneController
2026-01-28T09:30:34.666883247Z I0128 09:30:34.666871       1 base_controller.go:76] Waiting for caches to sync for kube-apiserver-StartupMonitorPodCondition
2026-01-28T09:30:34.666934320Z I0128 09:30:34.666914       1 base_controller.go:76] Waiting for caches to sync for kube-apiserver-Node
2026-01-28T09:30:34.666947000Z I0128 09:30:34.666933       1 base_controller.go:76] Waiting for caches to sync for BackingResourceController-StaticResources
2026-01-28T09:30:34.666947000Z I0128 09:30:34.666909       1 base_controller.go:76] Waiting for caches to sync for kube-apiserver-StaticPodStateFallback
2026-01-28T09:30:34.666957481Z I0128 09:30:34.666944       1 base_controller.go:76] Waiting for caches to sync for cluster-kube-apiserver-operator-UnsupportedConfigOverrides
2026-01-28T09:30:34.666957481Z I0128 09:30:34.666953       1 base_controller.go:76] Waiting for caches to sync for LoggingSyncer
2026-01-28T09:30:34.666967721Z I0128 09:30:34.666959       1 base_controller.go:76] Waiting for caches to sync for GuardController
2026-01-28T09:30:34.666977412Z I0128 09:30:34.666967       1 base_controller.go:76] Waiting for caches to sync for kube-apiserver-RemoveStaleConditions
2026-01-28T09:30:34.666977412Z I0128 09:30:34.666974       1 base_controller.go:76] Waiting for caches to sync for openshift-kube-apiserver-EncryptionCondition
2026-01-28T09:30:34.666989523Z I0128 09:30:34.666982       1 base_controller.go:76] Waiting for caches to sync for CertRotationTimeUpgradeableController
2026-01-28T09:30:34.666999333Z I0128 09:30:34.666990       1 base_controller.go:76] Waiting for caches to sync for EventWatchController
2026-01-28T09:30:34.667009764Z I0128 09:30:34.666997       1 base_controller.go:76] Waiting for caches to sync for BoundSATokenSignerController
2026-01-28T09:30:34.667009764Z I0128 09:30:34.667004       1 base_controller.go:76] Waiting for caches to sync for auditPolicyController
2026-01-28T09:30:34.667036215Z I0128 09:30:34.667011       1 base_controller.go:76] Waiting for caches to sync for openshift-kube-apiserver-EncryptionKey
2026-01-28T09:30:34.667051456Z I0128 09:30:34.667036       1 base_controller.go:76] Waiting for caches to sync for openshift-kube-apiserver-EncryptionState
2026-01-28T09:30:34.667051456Z I0128 09:30:34.667045       1 base_controller.go:76] Waiting for caches to sync for openshift-kube-apiserver-EncryptionPrune
2026-01-28T09:30:34.667061956Z I0128 09:30:34.667052       1 base_controller.go:76] Waiting for caches to sync for openshift-kube-apiserver-EncryptionMigration
2026-01-28T09:30:34.667072117Z I0128 09:30:34.667061       1 base_controller.go:76] Waiting for caches to sync for ConnectivityCheckController
2026-01-28T09:30:34.667072117Z I0128 09:30:34.667067       1 base_controller.go:76] Waiting for caches to sync for KubeletVersionSkewController
2026-01-28T09:30:34.667082407Z I0128 09:30:34.667074       1 base_controller.go:76] Waiting for caches to sync for WorkerLatencyProfile
2026-01-28T09:30:34.667091808Z I0128 09:30:34.667081       1 base_controller.go:76] Waiting for caches to sync for webhookSupportabilityController
2026-01-28T09:30:34.667091808Z I0128 09:30:34.667088       1 base_controller.go:76] Waiting for caches to sync for ServiceAccountIssuerController
2026-01-28T09:30:34.667102388Z I0128 09:30:34.667095       1 base_controller.go:76] Waiting for caches to sync for PodSecurityReadinessController
2026-01-28T09:30:34.667102388Z I0128 09:30:34.667099       1 base_controller.go:82] Caches are synced for PodSecurityReadinessController 
2026-01-28T09:30:34.667112539Z I0128 09:30:34.667104       1 base_controller.go:119] Starting #1 worker of PodSecurityReadinessController controller ...
2026-01-28T09:30:34.671699016Z I0128 09:30:34.667124       1 base_controller.go:76] Waiting for caches to sync for highCPUUsageAlertController
2026-01-28T09:30:34.792066269Z I0128 09:30:34.779850       1 base_controller.go:82] Caches are synced for SCCReconcileController 
2026-01-28T09:30:34.792066269Z I0128 09:30:34.779879       1 base_controller.go:119] Starting #1 worker of SCCReconcileController controller ...
2026-01-28T09:30:34.792066269Z I0128 09:30:34.779981       1 base_controller.go:82] Caches are synced for KubeAPIServerStaticResources-StaticResources 
2026-01-28T09:30:34.792066269Z I0128 09:30:34.779988       1 base_controller.go:119] Starting #1 worker of KubeAPIServerStaticResources-StaticResources controller ...
2026-01-28T09:30:34.792066269Z I0128 09:30:34.780039       1 base_controller.go:82] Caches are synced for RevisionController 
2026-01-28T09:30:34.792066269Z I0128 09:30:34.780047       1 base_controller.go:119] Starting #1 worker of RevisionController controller ...
2026-01-28T09:30:34.792066269Z I0128 09:30:34.780072       1 base_controller.go:82] Caches are synced for PruneController 
2026-01-28T09:30:34.792066269Z I0128 09:30:34.780081       1 base_controller.go:119] Starting #1 worker of PruneController controller ...
2026-01-28T09:30:34.792066269Z I0128 09:30:34.780259       1 prune_controller.go:269] No nodes, nothing to prune
2026-01-28T09:30:34.861141201Z I0128 09:30:34.860660       1 base_controller.go:82] Caches are synced for BackingResourceController-StaticResources 
2026-01-28T09:30:34.861141201Z I0128 09:30:34.860687       1 base_controller.go:119] Starting #1 worker of BackingResourceController-StaticResources controller ...
2026-01-28T09:30:34.861141201Z I0128 09:30:34.860726       1 base_controller.go:82] Caches are synced for cluster-kube-apiserver-operator-UnsupportedConfigOverrides 
2026-01-28T09:30:34.861141201Z I0128 09:30:34.860744       1 base_controller.go:119] Starting #1 worker of cluster-kube-apiserver-operator-UnsupportedConfigOverrides controller ...
2026-01-28T09:30:34.861141201Z I0128 09:30:34.861059       1 base_controller.go:82] Caches are synced for LoggingSyncer 
2026-01-28T09:30:34.861141201Z I0128 09:30:34.861082       1 base_controller.go:119] Starting #1 worker of LoggingSyncer controller ...
2026-01-28T09:30:34.867303266Z I0128 09:30:34.861209       1 base_controller.go:82] Caches are synced for kube-apiserver-RemoveStaleConditions 
2026-01-28T09:30:34.867303266Z I0128 09:30:34.861219       1 base_controller.go:119] Starting #1 worker of kube-apiserver-RemoveStaleConditions controller ...
2026-01-28T09:30:34.867303266Z I0128 09:30:34.861233       1 base_controller.go:82] Caches are synced for CertRotationTimeUpgradeableController 
2026-01-28T09:30:34.867303266Z I0128 09:30:34.861239       1 base_controller.go:119] Starting #1 worker of CertRotationTimeUpgradeableController controller ...
2026-01-28T09:30:34.867303266Z I0128 09:30:34.861277       1 base_controller.go:82] Caches are synced for EventWatchController 
2026-01-28T09:30:34.867303266Z I0128 09:30:34.861283       1 base_controller.go:119] Starting #1 worker of EventWatchController controller ...
2026-01-28T09:30:34.867303266Z I0128 09:30:34.861806       1 base_controller.go:82] Caches are synced for auditPolicyController 
2026-01-28T09:30:34.867303266Z I0128 09:30:34.861820       1 base_controller.go:119] Starting #1 worker of auditPolicyController controller ...
2026-01-28T09:30:34.867303266Z I0128 09:30:34.861834       1 base_controller.go:82] Caches are synced for WorkerLatencyProfile 
2026-01-28T09:30:34.867303266Z I0128 09:30:34.861839       1 base_controller.go:119] Starting #1 worker of WorkerLatencyProfile controller ...
2026-01-28T09:30:34.867303266Z I0128 09:30:34.864186       1 base_controller.go:82] Caches are synced for ServiceAccountIssuerController 
2026-01-28T09:30:34.867303266Z I0128 09:30:34.864195       1 base_controller.go:119] Starting #1 worker of ServiceAccountIssuerController controller ...
2026-01-28T09:30:34.867303266Z I0128 09:30:34.865428       1 reflector.go:430] "Caches populated" type="*v1.Pod" reflector="k8s.io/client-go@v0.33.2/tools/cache/reflector.go:285"
2026-01-28T09:30:34.882248667Z E0128 09:30:34.882218       1 base_controller.go:279] "Unhandled Error" err="ServiceAccountIssuerController reconciliation failed: Operation cannot be fulfilled on kubeapiservers.operator.openshift.io \"cluster\": the object has been modified; please apply your changes to the latest version and try again"
2026-01-28T09:30:34.891476184Z I0128 09:30:34.891452       1 base_controller.go:82] Caches are synced for kube-apiserver-StaticPodStateFallback 
2026-01-28T09:30:34.891523397Z I0128 09:30:34.891510       1 base_controller.go:119] Starting #1 worker of kube-apiserver-StaticPodStateFallback controller ...
2026-01-28T09:30:34.891589890Z I0128 09:30:34.891576       1 base_controller.go:82] Caches are synced for openshift-kube-apiserver-EncryptionCondition 
2026-01-28T09:30:34.891621861Z I0128 09:30:34.891611       1 base_controller.go:119] Starting #1 worker of openshift-kube-apiserver-EncryptionCondition controller ...
2026-01-28T09:30:34.891667694Z I0128 09:30:34.891655       1 base_controller.go:82] Caches are synced for openshift-kube-apiserver-EncryptionKey 
2026-01-28T09:30:34.891697635Z I0128 09:30:34.891686       1 base_controller.go:119] Starting #1 worker of openshift-kube-apiserver-EncryptionKey controller ...
2026-01-28T09:30:34.891739127Z I0128 09:30:34.891727       1 base_controller.go:82] Caches are synced for openshift-kube-apiserver-EncryptionState 
2026-01-28T09:30:34.891767278Z I0128 09:30:34.891756       1 base_controller.go:119] Starting #1 worker of openshift-kube-apiserver-EncryptionState controller ...
2026-01-28T09:30:34.891806911Z I0128 09:30:34.891795       1 base_controller.go:82] Caches are synced for openshift-kube-apiserver-EncryptionPrune 
2026-01-28T09:30:34.891835312Z I0128 09:30:34.891824       1 base_controller.go:119] Starting #1 worker of openshift-kube-apiserver-EncryptionPrune controller ...
2026-01-28T09:30:34.891874244Z I0128 09:30:34.891862       1 base_controller.go:82] Caches are synced for openshift-kube-apiserver-EncryptionMigration 
2026-01-28T09:30:34.891902875Z I0128 09:30:34.891892       1 base_controller.go:119] Starting #1 worker of openshift-kube-apiserver-EncryptionMigration controller ...
2026-01-28T09:30:34.892162688Z I0128 09:30:34.892146       1 prune_controller.go:269] No nodes, nothing to prune
2026-01-28T09:30:34.893448682Z I0128 09:30:34.893430       1 base_controller.go:82] Caches are synced for kube-apiserver-StartupMonitorPodCondition 
2026-01-28T09:30:34.904144092Z I0128 09:30:34.904118       1 base_controller.go:119] Starting #1 worker of kube-apiserver-StartupMonitorPodCondition controller ...
2026-01-28T09:30:34.904227836Z I0128 09:30:34.904214       1 base_controller.go:82] Caches are synced for Installer 
2026-01-28T09:30:34.904261017Z I0128 09:30:34.904249       1 base_controller.go:119] Starting #1 worker of Installer controller ...
2026-01-28T09:30:34.905208795Z I0128 09:30:34.905184       1 base_controller.go:82] Caches are synced for kube-apiserver-InstallerState 
2026-01-28T09:30:34.906183303Z I0128 09:30:34.906166       1 base_controller.go:119] Starting #1 worker of kube-apiserver-InstallerState controller ...
2026-01-28T09:30:34.906262867Z I0128 09:30:34.906249       1 base_controller.go:82] Caches are synced for kube-apiserver-StaticPodState 
2026-01-28T09:30:34.906293808Z I0128 09:30:34.906283       1 base_controller.go:119] Starting #1 worker of kube-apiserver-StaticPodState controller ...
2026-01-28T09:30:34.906565672Z I0128 09:30:34.906426       1 event.go:377] Event(v1.ObjectReference{Kind:"Deployment", Namespace:"openshift-kube-apiserver-operator", Name:"kube-apiserver-operator", UID:"0f90e131-ac50-4cb2-87c5-ad12ae1902a5", APIVersion:"apps/v1", ResourceVersion:"", FieldPath:""}): type: 'Warning' reason: 'RequiredInstallerResourcesMissing' configmaps: bound-sa-token-signing-certs-0,config-0,etcd-serving-ca-0,kube-apiserver-audit-policies-0,kube-apiserver-cert-syncer-kubeconfig-0,kube-apiserver-pod-0,kubelet-serving-ca-0,sa-token-signing-certs-0, secrets: etcd-client-0,localhost-recovery-client-token-0,localhost-recovery-serving-certkey-0
2026-01-28T09:30:34.915305275Z I0128 09:30:34.913517       1 prune_controller.go:269] No nodes, nothing to prune
2026-01-28T09:30:34.947818566Z I0128 09:30:34.935232       1 event.go:377] Event(v1.ObjectReference{Kind:"Deployment", Namespace:"openshift-kube-apiserver-operator", Name:"kube-apiserver-operator", UID:"0f90e131-ac50-4cb2-87c5-ad12ae1902a5", APIVersion:"apps/v1", ResourceVersion:"", FieldPath:""}): type: 'Normal' reason: 'ServiceAccountIssuer' Issuer set to default value "https://kubernetes.default.svc"
2026-01-28T09:30:34.949052456Z E0128 09:30:34.948977       1 base_controller.go:279] "Unhandled Error" err="RevisionController reconciliation failed: configmap \"kube-apiserver-pod\" not found"
2026-01-28T09:30:34.995113829Z I0128 09:30:34.995076       1 reflector.go:430] "Caches populated" type="*v1.OAuth" reflector="k8s.io/client-go@v0.33.2/tools/cache/reflector.go:285"
2026-01-28T09:30:34.995588722Z I0128 09:30:34.995570       1 prune_controller.go:269] No nodes, nothing to prune
2026-01-28T09:30:34.998676445Z I0128 09:30:34.998656       1 prune_controller.go:269] No nodes, nothing to prune
2026-01-28T09:30:34.998887325Z I0128 09:30:34.998872       1 prune_controller.go:269] No nodes, nothing to prune
2026-01-28T09:30:34.999153129Z I0128 09:30:34.999136       1 prune_controller.go:269] No nodes, nothing to prune
2026-01-28T09:30:34.999405141Z I0128 09:30:34.999390       1 prune_controller.go:269] No nodes, nothing to prune
2026-01-28T09:30:34.999649993Z I0128 09:30:34.999636       1 prune_controller.go:269] No nodes, nothing to prune
2026-01-28T09:30:34.999977610Z I0128 09:30:34.999962       1 prune_controller.go:269] No nodes, nothing to prune
2026-01-28T09:30:35.000381210Z I0128 09:30:35.000362       1 prune_controller.go:269] No nodes, nothing to prune
2026-01-28T09:30:35.042908906Z E0128 09:30:35.042853       1 podsecurityreadinesscontroller.go:88] "namespace:" err="unable to determine if the namespace is violating because no appropriate labels or annotations were found" kube-node-lease="(MISSING)"
2026-01-28T09:30:35.043467674Z E0128 09:30:35.043441       1 podsecurityreadinesscontroller.go:88] "namespace:" err="unable to determine if the namespace is violating because no appropriate labels or annotations were found" openshift-apiserver-operator="(MISSING)"
2026-01-28T09:30:35.043676564Z E0128 09:30:35.043661       1 podsecurityreadinesscontroller.go:88] "namespace:" err="unable to determine if the namespace is violating because no appropriate labels or annotations were found" openshift-cloud-credential-operator="(MISSING)"
2026-01-28T09:30:35.043828662Z E0128 09:30:35.043813       1 podsecurityreadinesscontroller.go:88] "namespace:" err="unable to determine if the namespace is violating because no appropriate labels or annotations were found" openshift-cloud-network-config-controller="(MISSING)"
2026-01-28T09:30:35.044078314Z E0128 09:30:35.044063       1 podsecurityreadinesscontroller.go:88] "namespace:" err="unable to determine if the namespace is violating because no appropriate labels or annotations were found" openshift-cluster-olm-operator="(MISSING)"
2026-01-28T09:30:35.044264533Z E0128 09:30:35.044249       1 podsecurityreadinesscontroller.go:88] "namespace:" err="unable to determine if the namespace is violating because no appropriate labels or annotations were found" openshift-cluster-samples-operator="(MISSING)"
2026-01-28T09:30:35.044470054Z E0128 09:30:35.044449       1 podsecurityreadinesscontroller.go:88] "namespace:" err="unable to determine if the namespace is violating because no appropriate labels or annotations were found" openshift-cluster-storage-operator="(MISSING)"
2026-01-28T09:30:35.044649923Z E0128 09:30:35.044634       1 podsecurityreadinesscontroller.go:88] "namespace:" err="unable to determine if the namespace is violating because no appropriate labels or annotations were found" openshift-config-managed="(MISSING)"
2026-01-28T09:30:35.044878674Z E0128 09:30:35.044858       1 podsecurityreadinesscontroller.go:88] "namespace:" err="unable to determine if the namespace is violating because no appropriate labels or annotations were found" openshift-config-operator="(MISSING)"
2026-01-28T09:30:35.045121476Z E0128 09:30:35.045102       1 podsecurityreadinesscontroller.go:88] "namespace:" err="unable to determine if the namespace is violating because no appropriate labels or annotations were found" openshift-console="(MISSING)"
2026-01-28T09:30:35.045319936Z E0128 09:30:35.045304       1 podsecurityreadinesscontroller.go:88] "namespace:" err="unable to determine if the namespace is violating because no appropriate labels or annotations were found" openshift-console-operator="(MISSING)"
2026-01-28T09:30:35.045778979Z E0128 09:30:35.045763       1 podsecurityreadinesscontroller.go:88] "namespace:" err="unable to determine if the namespace is violating because no appropriate labels or annotations were found" openshift-console-user-settings="(MISSING)"
2026-01-28T09:30:35.046097004Z E0128 09:30:35.046076       1 podsecurityreadinesscontroller.go:88] "namespace:" err="unable to determine if the namespace is violating because no appropriate labels or annotations were found" openshift-controller-manager-operator="(MISSING)"
2026-01-28T09:30:35.046315285Z E0128 09:30:35.046300       1 podsecurityreadinesscontroller.go:88] "namespace:" err="unable to determine if the namespace is violating because no appropriate labels or annotations were found" openshift-dns-operator="(MISSING)"
2026-01-28T09:30:35.046471713Z E0128 09:30:35.046457       1 podsecurityreadinesscontroller.go:88] "namespace:" err="unable to determine if the namespace is violating because no appropriate labels or annotations were found" openshift-etcd="(MISSING)"
2026-01-28T09:30:35.046646642Z E0128 09:30:35.046631       1 podsecurityreadinesscontroller.go:88] "namespace:" err="unable to determine if the namespace is violating because no appropriate labels or annotations were found" openshift-host-network="(MISSING)"
2026-01-28T09:30:35.046868863Z E0128 09:30:35.046840       1 podsecurityreadinesscontroller.go:88] "namespace:" err="unable to determine if the namespace is violating because no appropriate labels or annotations were found" openshift-ingress-operator="(MISSING)"
2026-01-28T09:30:35.047041851Z E0128 09:30:35.047006       1 podsecurityreadinesscontroller.go:88] "namespace:" err="unable to determine if the namespace is violating because no appropriate labels or annotations were found" openshift-kube-controller-manager="(MISSING)"
2026-01-28T09:30:35.047263832Z E0128 09:30:35.047219       1 podsecurityreadinesscontroller.go:88] "namespace:" err="unable to determine if the namespace is violating because no appropriate labels or annotations were found" openshift-kube-controller-manager-operator="(MISSING)"
2026-01-28T09:30:35.047388648Z E0128 09:30:35.047375       1 podsecurityreadinesscontroller.go:88] "namespace:" err="unable to determine if the namespace is violating because no appropriate labels or annotations were found" openshift-kube-scheduler="(MISSING)"
2026-01-28T09:30:35.047534875Z E0128 09:30:35.047517       1 podsecurityreadinesscontroller.go:88] "namespace:" err="unable to determine if the namespace is violating because no appropriate labels or annotations were found" openshift-kube-storage-version-migrator="(MISSING)"
2026-01-28T09:30:35.047731565Z E0128 09:30:35.047716       1 podsecurityreadinesscontroller.go:88] "namespace:" err="unable to determine if the namespace is violating because no appropriate labels or annotations were found" openshift-kube-storage-version-migrator-operator="(MISSING)"
2026-01-28T09:30:35.049496703Z E0128 09:30:35.049477       1 podsecurityreadinesscontroller.go:88] "namespace:" err="unable to determine if the namespace is violating because no appropriate labels or annotations were found" openshift-network-console="(MISSING)"
2026-01-28T09:30:35.049636360Z E0128 09:30:35.049621       1 podsecurityreadinesscontroller.go:88] "namespace:" err="unable to determine if the namespace is violating because no appropriate labels or annotations were found" openshift-network-diagnostics="(MISSING)"
2026-01-28T09:30:35.049788887Z E0128 09:30:35.049774       1 podsecurityreadinesscontroller.go:88] "namespace:" err="unable to determine if the namespace is violating because no appropriate labels or annotations were found" openshift-service-ca-operator="(MISSING)"
2026-01-28T09:30:35.049936514Z E0128 09:30:35.049924       1 podsecurityreadinesscontroller.go:88] "namespace:" err="unable to determine if the namespace is violating because no appropriate labels or annotations were found" openshift-user-workload-monitoring="(MISSING)"
2026-01-28T09:30:35.062707007Z I0128 09:30:35.062660       1 reflector.go:430] "Caches populated" type="*v1.ConfigMap" reflector="k8s.io/client-go@v0.33.2/tools/cache/reflector.go:285"
2026-01-28T09:30:35.067412460Z I0128 09:30:35.067373       1 base_controller.go:82] Caches are synced for TargetConfigController 
2026-01-28T09:30:35.067412460Z I0128 09:30:35.067397       1 base_controller.go:119] Starting #1 worker of TargetConfigController controller ...
2026-01-28T09:30:35.067593219Z E0128 09:30:35.067568       1 base_controller.go:279] "Unhandled Error" err="TargetConfigController reconciliation failed: no observedConfig"
2026-01-28T09:30:35.067884904Z I0128 09:30:35.067856       1 event.go:377] Event(v1.ObjectReference{Kind:"Deployment", Namespace:"openshift-kube-apiserver-operator", Name:"kube-apiserver-operator", UID:"0f90e131-ac50-4cb2-87c5-ad12ae1902a5", APIVersion:"apps/v1", ResourceVersion:"", FieldPath:""}): type: 'Warning' reason: 'ConfigMissing' no observedConfig
2026-01-28T09:30:35.069003249Z I0128 09:30:35.068965       1 reflector.go:430] "Caches populated" type="*v1.CustomResourceDefinition" reflector="k8s.io/client-go@v0.33.2/tools/cache/reflector.go:285"
2026-01-28T09:30:35.076328782Z E0128 09:30:35.076288       1 base_controller.go:279] "Unhandled Error" err="TargetConfigController reconciliation failed: no observedConfig"
2026-01-28T09:30:35.076398725Z I0128 09:30:35.076375       1 event.go:377] Event(v1.ObjectReference{Kind:"Deployment", Namespace:"openshift-kube-apiserver-operator", Name:"kube-apiserver-operator", UID:"0f90e131-ac50-4cb2-87c5-ad12ae1902a5", APIVersion:"apps/v1", ResourceVersion:"", FieldPath:""}): type: 'Warning' reason: 'ConfigMissing' no observedConfig
2026-01-28T09:30:35.088103385Z E0128 09:30:35.088064       1 base_controller.go:279] "Unhandled Error" err="Installer reconciliation failed: missing required resources: [configmaps: bound-sa-token-signing-certs-0,config-0,etcd-serving-ca-0,kube-apiserver-audit-policies-0,kube-apiserver-cert-syncer-kubeconfig-0,kube-apiserver-pod-0,kubelet-serving-ca-0,sa-token-signing-certs-0, secrets: etcd-client-0,localhost-recovery-client-token-0,localhost-recovery-serving-certkey-0]"
2026-01-28T09:30:35.090734856Z I0128 09:30:35.089952       1 prune_controller.go:269] No nodes, nothing to prune
2026-01-28T09:30:35.090810810Z E0128 09:30:35.090368       1 base_controller.go:279] "Unhandled Error" err="TargetConfigController reconciliation failed: no observedConfig"
2026-01-28T09:30:35.090845331Z I0128 09:30:35.090661       1 event.go:377] Event(v1.ObjectReference{Kind:"Deployment", Namespace:"openshift-kube-apiserver-operator", Name:"kube-apiserver-operator", UID:"0f90e131-ac50-4cb2-87c5-ad12ae1902a5", APIVersion:"apps/v1", ResourceVersion:"", FieldPath:""}): type: 'Warning' reason: 'ConfigMissing' no observedConfig
2026-01-28T09:30:35.094924673Z E0128 09:30:35.092863       1 base_controller.go:279] "Unhandled Error" err="TargetConfigController reconciliation failed: no observedConfig"
2026-01-28T09:30:35.094924673Z I0128 09:30:35.092881       1 event.go:377] Event(v1.ObjectReference{Kind:"Deployment", Namespace:"openshift-kube-apiserver-operator", Name:"kube-apiserver-operator", UID:"0f90e131-ac50-4cb2-87c5-ad12ae1902a5", APIVersion:"apps/v1", ResourceVersion:"", FieldPath:""}): type: 'Warning' reason: 'ConfigMissing' no observedConfig
2026-01-28T09:30:35.117080861Z E0128 09:30:35.116656       1 base_controller.go:279] "Unhandled Error" err="TargetConfigController reconciliation failed: no observedConfig"
2026-01-28T09:30:35.117080861Z I0128 09:30:35.117054       1 event.go:377] Event(v1.ObjectReference{Kind:"Deployment", Namespace:"openshift-kube-apiserver-operator", Name:"kube-apiserver-operator", UID:"0f90e131-ac50-4cb2-87c5-ad12ae1902a5", APIVersion:"apps/v1", ResourceVersion:"", FieldPath:""}): type: 'Warning' reason: 'ConfigMissing' no observedConfig
2026-01-28T09:30:35.131847963Z I0128 09:30:35.131805       1 reflector.go:430] "Caches populated" type="*v1.ClusterOperator" reflector="k8s.io/client-go@v0.33.2/tools/cache/reflector.go:285"
2026-01-28T09:30:35.167177393Z I0128 09:30:35.167136       1 base_controller.go:82] Caches are synced for StatusSyncer_kube-apiserver 
2026-01-28T09:30:35.167314820Z I0128 09:30:35.167288       1 base_controller.go:119] Starting #1 worker of StatusSyncer_kube-apiserver controller ...
2026-01-28T09:30:35.168057546Z I0128 09:30:35.168039       1 status_controller.go:230] clusteroperator/kube-apiserver diff {"status":{"conditions":[{"lastTransitionTime":"2026-01-28T09:30:35Z","message":"RevisionControllerDegraded: configmap \"kube-apiserver-pod\" not found\nInstallerControllerDegraded: missing required resources: [configmaps: bound-sa-token-signing-certs-0,config-0,etcd-serving-ca-0,kube-apiserver-audit-policies-0,kube-apiserver-cert-syncer-kubeconfig-0,kube-apiserver-pod-0,kubelet-serving-ca-0,sa-token-signing-certs-0, secrets: etcd-client-0,localhost-recovery-client-token-0,localhost-recovery-serving-certkey-0]","reason":"AsExpected","status":"False","type":"Degraded"},{"lastTransitionTime":"2026-01-28T09:30:35Z","message":"All is well","reason":"AsExpected","status":"False","type":"Progressing"},{"lastTransitionTime":"2026-01-28T09:30:35Z","message":"StaticPodsAvailable: 0 nodes are active; ","reason":"StaticPods_ZeroNodesActive","status":"False","type":"Available"},{"lastTransitionTime":"2026-01-28T09:30:35Z","message":"All is well","reason":"AsExpected","status":"True","type":"Upgradeable"},{"lastTransitionTime":"2026-01-28T09:30:35Z","reason":"NoData","status":"Unknown","type":"EvaluationConditionsDetected"}],"relatedObjects":[{"group":"operator.openshift.io","name":"cluster","resource":"kubeapiservers"},{"group":"apiextensions.k8s.io","name":"","resource":"customresourcedefinitions"},{"group":"security.openshift.io","name":"","resource":"securitycontextconstraints"},{"group":"","name":"openshift-config","resource":"namespaces"},{"group":"","name":"openshift-config-managed","resource":"namespaces"},{"group":"","name":"openshift-kube-apiserver-operator","resource":"namespaces"},{"group":"","name":"openshift-kube-apiserver","resource":"namespaces"},{"group":"admissionregistration.k8s.io","name":"","resource":"mutatingwebhookconfigurations"},{"group":"admissionregistration.k8s.io","name":"","resource":"validatingwebhookconfigurations"},{"group":"controlplane.operator.openshift.io","name":"","namespace":"openshift-kube-apiserver","resource":"podnetworkconnectivitychecks"},{"group":"apiserver.openshift.io","name":"","resource":"apirequestcounts"},{"group":"config.openshift.io","name":"cluster","resource":"nodes"}],"versions":[{"name":"raw-internal","version":"4.20.0-0-2026-01-28-090915-test-ci-ln-vjb5l1t-latest"}]}}
2026-01-28T09:30:35.168567032Z I0128 09:30:35.168419       1 event.go:377] Event(v1.ObjectReference{Kind:"Deployment", Namespace:"openshift-kube-apiserver-operator", Name:"kube-apiserver-operator", UID:"0f90e131-ac50-4cb2-87c5-ad12ae1902a5", APIVersion:"apps/v1", ResourceVersion:"", FieldPath:""}): type: 'Normal' reason: 'OperatorVersionChanged' clusteroperator/kube-apiserver version "raw-internal" changed from "" to "4.20.0-0-2026-01-28-090915-test-ci-ln-vjb5l1t-latest"
2026-01-28T09:30:35.199065883Z E0128 09:30:35.199004       1 base_controller.go:279] "Unhandled Error" err="TargetConfigController reconciliation failed: no observedConfig"
2026-01-28T09:30:35.199480393Z I0128 09:30:35.199453       1 event.go:377] Event(v1.ObjectReference{Kind:"Deployment", Namespace:"openshift-kube-apiserver-operator", Name:"kube-apiserver-operator", UID:"0f90e131-ac50-4cb2-87c5-ad12ae1902a5", APIVersion:"apps/v1", ResourceVersion:"", FieldPath:""}): type: 'Warning' reason: 'ConfigMissing' no observedConfig
2026-01-28T09:30:35.259125878Z I0128 09:30:35.259090       1 reflector.go:430] "Caches populated" type="*v1.Secret" reflector="k8s.io/client-go@v0.33.2/tools/cache/reflector.go:285"
2026-01-28T09:30:35.267350856Z I0128 09:30:35.267306       1 base_controller.go:82] Caches are synced for BoundSATokenSignerController 
2026-01-28T09:30:35.267399648Z I0128 09:30:35.267386       1 base_controller.go:119] Starting #1 worker of BoundSATokenSignerController controller ...
2026-01-28T09:30:35.278265306Z I0128 09:30:35.278233       1 prune_controller.go:269] No nodes, nothing to prune
2026-01-28T09:30:35.278710939Z E0128 09:30:35.278690       1 base_controller.go:279] "Unhandled Error" err="TargetConfigController reconciliation failed: no observedConfig"
2026-01-28T09:30:35.279107928Z I0128 09:30:35.279080       1 event.go:377] Event(v1.ObjectReference{Kind:"Deployment", Namespace:"openshift-kube-apiserver-operator", Name:"kube-apiserver-operator", UID:"0f90e131-ac50-4cb2-87c5-ad12ae1902a5", APIVersion:"apps/v1", ResourceVersion:"", FieldPath:""}): type: 'Warning' reason: 'ConfigMissing' no observedConfig
2026-01-28T09:30:35.327290135Z I0128 09:30:35.327248       1 reflector.go:430] "Caches populated" type="*v1.Infrastructure" reflector="k8s.io/client-go@v0.33.2/tools/cache/reflector.go:285"
2026-01-28T09:30:35.362196575Z E0128 09:30:35.362143       1 base_controller.go:279] "Unhandled Error" err="TargetConfigController reconciliation failed: no observedConfig"
2026-01-28T09:30:35.362282379Z I0128 09:30:35.362261       1 event.go:377] Event(v1.ObjectReference{Kind:"Deployment", Namespace:"openshift-kube-apiserver-operator", Name:"kube-apiserver-operator", UID:"0f90e131-ac50-4cb2-87c5-ad12ae1902a5", APIVersion:"apps/v1", ResourceVersion:"", FieldPath:""}): type: 'Warning' reason: 'ConfigMissing' no observedConfig
2026-01-28T09:30:35.366484577Z I0128 09:30:35.366426       1 servicehostname.go:46] syncing servicenetwork hostnames: [172.30.0.1 kubernetes kubernetes.default kubernetes.default.svc kubernetes.default.svc.cluster.local openshift openshift.default openshift.default.svc openshift.default.svc.cluster.local]
2026-01-28T09:30:35.366484577Z I0128 09:30:35.366450       1 externalloadbalancer.go:27] syncing external loadbalancer hostnames: api.ci-ln-vjb5l1t-76ef8.XXXXXXXXXXXXXXXXXXXXXX
2026-01-28T09:30:35.366484577Z I0128 09:30:35.366460       1 internalloadbalancer.go:27] syncing internal loadbalancer hostnames: api-int.ci-ln-vjb5l1t-76ef8.XXXXXXXXXXXXXXXXXXXXXX
2026-01-28T09:30:35.366484577Z I0128 09:30:35.366467       1 certrotationcontroller.go:902] Finished waiting for CertRotation
2026-01-28T09:30:35.366516429Z I0128 09:30:35.366509       1 base_controller.go:76] Waiting for caches to sync for CertRotationController
2026-01-28T09:30:35.366527209Z I0128 09:30:35.366517       1 base_controller.go:82] Caches are synced for CertRotationController 
2026-01-28T09:30:35.366527209Z I0128 09:30:35.366524       1 base_controller.go:119] Starting #1 worker of CertRotationController controller ...
2026-01-28T09:30:35.366557711Z I0128 09:30:35.366539       1 base_controller.go:82] Caches are synced for MissingStaticPodController 
2026-01-28T09:30:35.366557711Z I0128 09:30:35.366552       1 base_controller.go:119] Starting #1 worker of MissingStaticPodController controller ...
2026-01-28T09:30:35.366625194Z I0128 09:30:35.366595       1 servicehostname.go:46] syncing servicenetwork hostnames: [172.30.0.1 kubernetes kubernetes.default kubernetes.default.svc kubernetes.default.svc.cluster.local openshift openshift.default openshift.default.svc openshift.default.svc.cluster.local]
2026-01-28T09:30:35.366682237Z I0128 09:30:35.366670       1 base_controller.go:82] Caches are synced for NodeKubeconfigController 
2026-01-28T09:30:35.366710968Z I0128 09:30:35.366700       1 base_controller.go:119] Starting #1 worker of NodeKubeconfigController controller ...
2026-01-28T09:30:35.366752160Z I0128 09:30:35.366739       1 base_controller.go:76] Waiting for caches to sync for CertRotationController
2026-01-28T09:30:35.366783082Z I0128 09:30:35.366772       1 base_controller.go:82] Caches are synced for CertRotationController 
2026-01-28T09:30:35.366810883Z I0128 09:30:35.366800       1 base_controller.go:119] Starting #1 worker of CertRotationController controller ...
2026-01-28T09:30:35.366840205Z I0128 09:30:35.366824       1 base_controller.go:76] Waiting for caches to sync for CertRotationController
2026-01-28T09:30:35.366840205Z I0128 09:30:35.366837       1 base_controller.go:82] Caches are synced for CertRotationController 
2026-01-28T09:30:35.366851415Z I0128 09:30:35.366842       1 base_controller.go:119] Starting #1 worker of CertRotationController controller ...
2026-01-28T09:30:35.366881417Z I0128 09:30:35.366867       1 base_controller.go:76] Waiting for caches to sync for CertRotationController
2026-01-28T09:30:35.366881417Z I0128 09:30:35.366878       1 base_controller.go:82] Caches are synced for CertRotationController 
2026-01-28T09:30:35.366898748Z I0128 09:30:35.366883       1 base_controller.go:119] Starting #1 worker of CertRotationController controller ...
2026-01-28T09:30:35.366928959Z I0128 09:30:35.366918       1 base_controller.go:76] Waiting for caches to sync for CertRotationController
2026-01-28T09:30:35.366954790Z I0128 09:30:35.366945       1 base_controller.go:82] Caches are synced for CertRotationController 
2026-01-28T09:30:35.366978772Z I0128 09:30:35.366969       1 base_controller.go:119] Starting #1 worker of CertRotationController controller ...
2026-01-28T09:30:35.367014943Z I0128 09:30:35.367005       1 base_controller.go:76] Waiting for caches to sync for CertRotationController
2026-01-28T09:30:35.367061136Z I0128 09:30:35.367050       1 base_controller.go:82] Caches are synced for CertRotationController 
2026-01-28T09:30:35.367093987Z I0128 09:30:35.367083       1 base_controller.go:119] Starting #1 worker of CertRotationController controller ...
2026-01-28T09:30:35.367136119Z I0128 09:30:35.367117       1 annotations.go:70] Updating "certificates.openshift.io/auto-regenerate-after-offline-expiry" annotation for openshift-kube-apiserver-operator/service-network-serving-signer, diff:   string(
2026-01-28T09:30:35.367136119Z - 	"",
2026-01-28T09:30:35.367136119Z + 	"https://github.com/openshift/cluster-kube-apiserver-operator/pull/1631,'[Conformance][sig-api-machinery][Feature:APIServer] kube-apiserver should be accessible via service network endpoint [Suite:openshift/conformance/parallel/minimal]'",
2026-01-28T09:30:35.367136119Z   )
2026-01-28T09:30:35.367218733Z I0128 09:30:35.367203       1 annotations.go:52] Updating "openshift.io/owning-component" annotation for openshift-kube-apiserver-operator/node-system-admin-signer, diff:   string(
2026-01-28T09:30:35.367218733Z - 	"",
2026-01-28T09:30:35.367218733Z + 	"kube-apiserver",
2026-01-28T09:30:35.367218733Z   )
2026-01-28T09:30:35.367262726Z I0128 09:30:35.367250       1 annotations.go:58] Updating "openshift.io/description" annotation for openshift-kube-apiserver-operator/node-system-admin-signer, diff:   string(
2026-01-28T09:30:35.367262726Z - 	"",
2026-01-28T09:30:35.367262726Z + 	"Signer for the per-master-debugging-client.",
2026-01-28T09:30:35.367262726Z   )
2026-01-28T09:30:35.367310778Z I0128 09:30:35.367297       1 annotations.go:70] Updating "certificates.openshift.io/auto-regenerate-after-offline-expiry" annotation for openshift-kube-apiserver-operator/node-system-admin-signer, diff:   string(
2026-01-28T09:30:35.367310778Z - 	"",
2026-01-28T09:30:35.367310778Z + 	`https://github.com/openshift/cluster-kube-apiserver-operator/pull/1631,'[Conformance][sig-api-machinery][Feature:APIServer] local kubeconfig "localhost-recovery.kubeconfig" should be present on all masters and work [apigroup:config.openshift.io] [Suite:ope`...,
2026-01-28T09:30:35.367310778Z   )
2026-01-28T09:30:35.367429244Z I0128 09:30:35.366806       1 base_controller.go:76] Waiting for caches to sync for CertRotationController
2026-01-28T09:30:35.367429244Z I0128 09:30:35.367424       1 base_controller.go:82] Caches are synced for CertRotationController 
2026-01-28T09:30:35.367443284Z I0128 09:30:35.367430       1 base_controller.go:119] Starting #1 worker of CertRotationController controller ...
2026-01-28T09:30:35.369077736Z I0128 09:30:35.366794       1 externalloadbalancer.go:27] syncing external loadbalancer hostnames: api.ci-ln-vjb5l1t-76ef8.XXXXXXXXXXXXXXXXXXXXXX
2026-01-28T09:30:35.369125338Z I0128 09:30:35.366815       1 base_controller.go:76] Waiting for caches to sync for CertRotationController
2026-01-28T09:30:35.369158900Z I0128 09:30:35.369148       1 base_controller.go:82] Caches are synced for CertRotationController 
2026-01-28T09:30:35.369186511Z I0128 09:30:35.369177       1 base_controller.go:119] Starting #1 worker of CertRotationController controller ...
2026-01-28T09:30:35.369221052Z I0128 09:30:35.369202       1 annotations.go:58] Updating "openshift.io/description" annotation for openshift-kube-apiserver-operator/aggregator-client-signer, diff:   strings.Join({
2026-01-28T09:30:35.369221052Z   	"Signer for the kube-apiserver to create client certificates for ",
2026-01-28T09:30:35.369221052Z   	"aggregated apiservers to recognize as a front-proxy",
2026-01-28T09:30:35.369221052Z - 	".",
2026-01-28T09:30:35.369221052Z   }, "")
2026-01-28T09:30:35.369237293Z I0128 09:30:35.369230       1 annotations.go:70] Updating "certificates.openshift.io/auto-regenerate-after-offline-expiry" annotation for openshift-kube-apiserver-operator/aggregator-client-signer, diff:   string(
2026-01-28T09:30:35.369237293Z - 	"",
2026-01-28T09:30:35.369237293Z + 	"https://github.com/openshift/cluster-kube-apiserver-operator/pull/1631,'[sig-cli] oc adm new-project [apigroup:project.openshift.io][apigroup:authorization.openshift.io] [Suite:openshift/conformance/parallel]'",
2026-01-28T09:30:35.369237293Z   )
2026-01-28T09:30:35.369274725Z I0128 09:30:35.366776       1 base_controller.go:76] Waiting for caches to sync for CertRotationController
2026-01-28T09:30:35.369303617Z I0128 09:30:35.369293       1 base_controller.go:82] Caches are synced for CertRotationController 
2026-01-28T09:30:35.369331238Z I0128 09:30:35.369321       1 base_controller.go:119] Starting #1 worker of CertRotationController controller ...
2026-01-28T09:30:35.369360750Z I0128 09:30:35.366937       1 base_controller.go:76] Waiting for caches to sync for CertRotationController
2026-01-28T09:30:35.369388071Z I0128 09:30:35.369378       1 base_controller.go:82] Caches are synced for CertRotationController 
2026-01-28T09:30:35.369417202Z I0128 09:30:35.369406       1 base_controller.go:119] Starting #1 worker of CertRotationController controller ...
2026-01-28T09:30:35.369450414Z I0128 09:30:35.369324       1 annotations.go:70] Updating "certificates.openshift.io/auto-regenerate-after-offline-expiry" annotation for openshift-kube-apiserver-operator/kube-apiserver-to-kubelet-signer, diff:   string(
2026-01-28T09:30:35.369450414Z - 	"",
2026-01-28T09:30:35.369450414Z + 	"https://github.com/openshift/cluster-kube-apiserver-operator/pull/1631,'[sig-cli] Kubectl logs logs should be able to retrieve and filter logs  [Conformance] [Suite:openshift/conformance/parallel/minimal] [Suite:k8s]'",
2026-01-28T09:30:35.369450414Z   )
2026-01-28T09:30:35.369500176Z I0128 09:30:35.369479       1 annotations.go:70] Updating "certificates.openshift.io/auto-regenerate-after-offline-expiry" annotation for openshift-kube-apiserver-operator/kube-control-plane-signer, diff:   string(
2026-01-28T09:30:35.369500176Z - 	"",
2026-01-28T09:30:35.369500176Z + 	"https://github.com/openshift/cluster-kube-apiserver-operator/pull/1631,'[sig-apps] Deployment RollingUpdateDeployment should delete old pods and create new ones [Conformance] [Suite:openshift/conformance/parallel/minimal] [Suite:k8s]'",
2026-01-28T09:30:35.369500176Z   )
2026-01-28T09:30:35.369530638Z I0128 09:30:35.366919       1 base_controller.go:76] Waiting for caches to sync for CertRotationController
2026-01-28T09:30:35.369530638Z I0128 09:30:35.369526       1 base_controller.go:82] Caches are synced for CertRotationController 
2026-01-28T09:30:35.369542188Z I0128 09:30:35.369533       1 base_controller.go:119] Starting #1 worker of CertRotationController controller ...
2026-01-28T09:30:35.369604202Z I0128 09:30:35.369586       1 annotations.go:70] Updating "certificates.openshift.io/auto-regenerate-after-offline-expiry" annotation for openshift-kube-apiserver-operator/loadbalancer-serving-signer, diff:   string(
2026-01-28T09:30:35.369604202Z - 	"",
2026-01-28T09:30:35.369604202Z + 	"https://github.com/openshift/cluster-kube-apiserver-operator/pull/1631,'[Conformance][sig-api-machinery][Feature:APIServer] kube-apiserver should be accessible via api-int endpoint [Suite:openshift/conformance/parallel/minimal]'",
2026-01-28T09:30:35.369604202Z   )
2026-01-28T09:30:35.369634143Z I0128 09:30:35.369379       1 annotations.go:70] Updating "certificates.openshift.io/auto-regenerate-after-offline-expiry" annotation for openshift-kube-apiserver-operator/kube-control-plane-signer, diff:   string(
2026-01-28T09:30:35.369634143Z - 	"",
2026-01-28T09:30:35.369634143Z + 	"https://github.com/openshift/cluster-kube-apiserver-operator/pull/1631,'[sig-apps] Deployment RollingUpdateDeployment should delete old pods and create new ones [Conformance] [Suite:openshift/conformance/parallel/minimal] [Suite:k8s]'",
2026-01-28T09:30:35.369634143Z   )
2026-01-28T09:30:35.369653544Z I0128 09:30:35.366928       1 base_controller.go:76] Waiting for caches to sync for CertRotationController
2026-01-28T09:30:35.369663674Z I0128 09:30:35.369653       1 base_controller.go:82] Caches are synced for CertRotationController 
2026-01-28T09:30:35.369663674Z I0128 09:30:35.369659       1 base_controller.go:119] Starting #1 worker of CertRotationController controller ...
2026-01-28T09:30:35.369698276Z I0128 09:30:35.369685       1 annotations.go:70] Updating "certificates.openshift.io/auto-regenerate-after-offline-expiry" annotation for openshift-kube-apiserver-operator/kube-control-plane-signer, diff:   string(
2026-01-28T09:30:35.369698276Z - 	"",
2026-01-28T09:30:35.369698276Z + 	"https://github.com/openshift/cluster-kube-apiserver-operator/pull/1631,'[sig-apps] Deployment RollingUpdateDeployment should delete old pods and create new ones [Conformance] [Suite:openshift/conformance/parallel/minimal] [Suite:k8s]'",
2026-01-28T09:30:35.369698276Z   )
2026-01-28T09:30:35.369731328Z I0128 09:30:35.369713       1 annotations.go:70] Updating "certificates.openshift.io/auto-regenerate-after-offline-expiry" annotation for openshift-kube-apiserver-operator/loadbalancer-serving-signer, diff:   string(
2026-01-28T09:30:35.369731328Z - 	"",
2026-01-28T09:30:35.369731328Z + 	"https://github.com/openshift/cluster-kube-apiserver-operator/pull/1631,'[Conformance][sig-api-machinery][Feature:APIServer] kube-apiserver should be accessible via api-int endpoint [Suite:openshift/conformance/parallel/minimal]'",
2026-01-28T09:30:35.369731328Z   )
2026-01-28T09:30:35.369784051Z I0128 09:30:35.367053       1 annotations.go:70] Updating "certificates.openshift.io/auto-regenerate-after-offline-expiry" annotation for openshift-kube-apiserver-operator/localhost-serving-signer, diff:   string(
2026-01-28T09:30:35.369784051Z - 	"",
2026-01-28T09:30:35.369784051Z + 	`https://github.com/openshift/cluster-kube-apiserver-operator/pull/1631,'[Conformance][sig-api-machinery][Feature:APIServer] local kubeconfig "localhost.kubeconfig" should be present on all masters and work [apigroup:config.openshift.io] [Suite:openshift/co`...,
2026-01-28T09:30:35.369784051Z   )
2026-01-28T09:30:35.369846594Z I0128 09:30:35.369832       1 annotations.go:52] Updating "openshift.io/owning-component" annotation for openshift-kube-apiserver-operator/localhost-recovery-serving-signer, diff:   string(
2026-01-28T09:30:35.369846594Z - 	"",
2026-01-28T09:30:35.369846594Z + 	"kube-apiserver",
2026-01-28T09:30:35.369846594Z   )
2026-01-28T09:30:35.369893476Z I0128 09:30:35.369878       1 annotations.go:58] Updating "openshift.io/description" annotation for openshift-kube-apiserver-operator/localhost-recovery-serving-signer, diff:   string(
2026-01-28T09:30:35.369893476Z - 	"",
2026-01-28T09:30:35.369893476Z + 	"Signer used by the kube-apiserver to create serving certificates for the kube-apiserver via the service network.",
2026-01-28T09:30:35.369893476Z   )
2026-01-28T09:30:35.369945308Z I0128 09:30:35.369930       1 annotations.go:70] Updating "certificates.openshift.io/auto-regenerate-after-offline-expiry" annotation for openshift-kube-apiserver-operator/localhost-recovery-serving-signer, diff:   string(
2026-01-28T09:30:35.369945308Z - 	"",
2026-01-28T09:30:35.369945308Z + 	`https://github.com/openshift/cluster-kube-apiserver-operator/pull/1631,'[Conformance][sig-api-machinery][Feature:APIServer] local kubeconfig "localhost-recovery.kubeconfig" should be present on all masters and work [apigroup:config.openshift.io] [Suite:ope`...,
2026-01-28T09:30:35.369945308Z   )
2026-01-28T09:30:35.377596058Z I0128 09:30:35.377562       1 event.go:377] Event(v1.ObjectReference{Kind:"Deployment", Namespace:"openshift-kube-apiserver-operator", Name:"kube-apiserver-operator", UID:"0f90e131-ac50-4cb2-87c5-ad12ae1902a5", APIVersion:"apps/v1", ResourceVersion:"", FieldPath:""}): type: 'Normal' reason: 'SignerUpdateRequired' "node-system-admin-signer" in "openshift-kube-apiserver-operator" requires a new signing cert/key pair: secret doesn't exist
2026-01-28T09:30:35.377626409Z I0128 09:30:35.377588       1 event.go:377] Event(v1.ObjectReference{Kind:"Deployment", Namespace:"openshift-kube-apiserver-operator", Name:"kube-apiserver-operator", UID:"0f90e131-ac50-4cb2-87c5-ad12ae1902a5", APIVersion:"apps/v1", ResourceVersion:"", FieldPath:""}): type: 'Normal' reason: 'SignerUpdateRequired' "localhost-recovery-serving-signer" in "openshift-kube-apiserver-operator" requires a new signing cert/key pair: secret doesn't exist
2026-01-28T09:30:35.377669821Z I0128 09:30:35.377655       1 base_controller.go:82] Caches are synced for highCPUUsageAlertController 
2026-01-28T09:30:35.377699752Z I0128 09:30:35.377689       1 base_controller.go:119] Starting #1 worker of highCPUUsageAlertController controller ...
2026-01-28T09:30:35.379062070Z I0128 09:30:35.369837       1 annotations.go:70] Updating "certificates.openshift.io/auto-regenerate-after-offline-expiry" annotation for openshift-kube-apiserver-operator/kube-control-plane-signer, diff:   string(
2026-01-28T09:30:35.379062070Z - 	"",
2026-01-28T09:30:35.379062070Z + 	"https://github.com/openshift/cluster-kube-apiserver-operator/pull/1631,'[sig-apps] Deployment RollingUpdateDeployment should delete old pods and create new ones [Conformance] [Suite:openshift/conformance/parallel/minimal] [Suite:k8s]'",
2026-01-28T09:30:35.379062070Z   )
2026-01-28T09:30:35.387782692Z I0128 09:30:35.387756       1 event.go:377] Event(v1.ObjectReference{Kind:"Deployment", Namespace:"openshift-kube-apiserver-operator", Name:"kube-apiserver-operator", UID:"0f90e131-ac50-4cb2-87c5-ad12ae1902a5", APIVersion:"apps/v1", ResourceVersion:"", FieldPath:""}): type: 'Normal' reason: 'PrometheusRuleCreated' Created PrometheusRule.monitoring.coreos.com/cpu-utilization -n openshift-kube-apiserver because it was missing
2026-01-28T09:30:35.464575917Z I0128 09:30:35.464537       1 reflector.go:430] "Caches populated" type="*v1.ConfigMap" reflector="k8s.io/client-go@v0.33.2/tools/cache/reflector.go:285"
2026-01-28T09:30:35.481129587Z I0128 09:30:35.478063       1 prune_controller.go:269] No nodes, nothing to prune
2026-01-28T09:30:35.481536407Z E0128 09:30:35.481516       1 base_controller.go:279] "Unhandled Error" err="TargetConfigController reconciliation failed: no observedConfig"
2026-01-28T09:30:35.481704865Z I0128 09:30:35.481682       1 event.go:377] Event(v1.ObjectReference{Kind:"Deployment", Namespace:"openshift-kube-apiserver-operator", Name:"kube-apiserver-operator", UID:"0f90e131-ac50-4cb2-87c5-ad12ae1902a5", APIVersion:"apps/v1", ResourceVersion:"", FieldPath:""}): type: 'Warning' reason: 'ConfigMissing' no observedConfig
2026-01-28T09:30:35.530703423Z I0128 09:30:35.530663       1 status_controller.go:230] clusteroperator/kube-apiserver diff {"status":{"conditions":[{"lastTransitionTime":"2026-01-28T09:30:35Z","message":"RevisionControllerDegraded: configmap \"kube-apiserver-pod\" not found\nInstallerControllerDegraded: missing required resources: [configmaps: bound-sa-token-signing-certs-0,config-0,etcd-serving-ca-0,kube-apiserver-audit-policies-0,kube-apiserver-cert-syncer-kubeconfig-0,kube-apiserver-pod-0,kubelet-serving-ca-0,sa-token-signing-certs-0, secrets: etcd-client-0,localhost-recovery-client-token-0,localhost-recovery-serving-certkey-0]","reason":"AsExpected","status":"False","type":"Degraded"},{"lastTransitionTime":"2026-01-28T09:30:35Z","message":"All is well","reason":"AsExpected","status":"False","type":"Progressing"},{"lastTransitionTime":"2026-01-28T09:30:35Z","message":"StaticPodsAvailable: 0 nodes are active; ","reason":"StaticPods_ZeroNodesActive","status":"False","type":"Available"},{"lastTransitionTime":"2026-01-28T09:30:35Z","message":"All is well","reason":"AsExpected","status":"True","type":"Upgradeable"},{"lastTransitionTime":"2026-01-28T09:30:35Z","reason":"NoData","status":"Unknown","type":"EvaluationConditionsDetected"}],"relatedObjects":[{"group":"operator.openshift.io","name":"cluster","resource":"kubeapiservers"},{"group":"apiextensions.k8s.io","name":"","resource":"customresourcedefinitions"},{"group":"security.openshift.io","name":"","resource":"securitycontextconstraints"},{"group":"","name":"openshift-config","resource":"namespaces"},{"group":"","name":"openshift-config-managed","resource":"namespaces"},{"group":"","name":"openshift-kube-apiserver-operator","resource":"namespaces"},{"group":"","name":"openshift-kube-apiserver","resource":"namespaces"},{"group":"admissionregistration.k8s.io","name":"","resource":"mutatingwebhookconfigurations"},{"group":"admissionregistration.k8s.io","name":"","resource":"validatingwebhookconfigurations"},{"group":"controlplane.operator.openshift.io","name":"","namespace":"openshift-kube-apiserver","resource":"podnetworkconnectivitychecks"},{"group":"apiserver.openshift.io","name":"","resource":"apirequestcounts"},{"group":"config.openshift.io","name":"cluster","resource":"nodes"}],"versions":[{"name":"raw-internal","version":"4.20.0-0-2026-01-28-090915-test-ci-ln-vjb5l1t-latest"}]}}
2026-01-28T09:30:35.530883982Z I0128 09:30:35.530859       1 event.go:377] Event(v1.ObjectReference{Kind:"Deployment", Namespace:"openshift-kube-apiserver-operator", Name:"kube-apiserver-operator", UID:"0f90e131-ac50-4cb2-87c5-ad12ae1902a5", APIVersion:"apps/v1", ResourceVersion:"", FieldPath:""}): type: 'Normal' reason: 'OperatorStatusChanged' Status for clusteroperator/kube-apiserver changed: Degraded set to False ("RevisionControllerDegraded: configmap \"kube-apiserver-pod\" not found\nInstallerControllerDegraded: missing required resources: [configmaps: bound-sa-token-signing-certs-0,config-0,etcd-serving-ca-0,kube-apiserver-audit-policies-0,kube-apiserver-cert-syncer-kubeconfig-0,kube-apiserver-pod-0,kubelet-serving-ca-0,sa-token-signing-certs-0, secrets: etcd-client-0,localhost-recovery-client-token-0,localhost-recovery-serving-certkey-0]"),Progressing set to False ("All is well"),Available set to False ("StaticPodsAvailable: 0 nodes are active; "),Upgradeable set to True ("All is well"),EvaluationConditionsDetected set to Unknown (""),status.relatedObjects changed from [{"operator.openshift.io" "kubeapiservers" "" "cluster"} {"apiextensions.k8s.io" "customresourcedefinitions" "" ""} {"security.openshift.io" "securitycontextconstraints" "" ""} {"" "namespaces" "" "openshift-config"} {"" "namespaces" "" "openshift-config-managed"} {"" "namespaces" "" "openshift-kube-apiserver-operator"} {"" "namespaces" "" "openshift-kube-apiserver"} {"admissionregistration.k8s.io" "mutatingwebhookconfigurations" "" ""} {"admissionregistration.k8s.io" "validatingwebhookconfigurations" "" ""} {"controlplane.operator.openshift.io" "podnetworkconnectivitychecks" "openshift-kube-apiserver" ""} {"apiserver.openshift.io" "apirequestcounts" "" ""}] to [{"operator.openshift.io" "kubeapiservers" "" "cluster"} {"apiextensions.k8s.io" "customresourcedefinitions" "" ""} {"security.openshift.io" "securitycontextconstraints" "" ""} {"" "namespaces" "" "openshift-config"} {"" "namespaces" "" "openshift-config-managed"} {"" "namespaces" "" "openshift-kube-apiserver-operator"} {"" "namespaces" "" "openshift-kube-apiserver"} {"admissionregistration.k8s.io" "mutatingwebhookconfigurations" "" ""} {"admissionregistration.k8s.io" "validatingwebhookconfigurations" "" ""} {"controlplane.operator.openshift.io" "podnetworkconnectivitychecks" "openshift-kube-apiserver" ""} {"apiserver.openshift.io" "apirequestcounts" "" ""} {"config.openshift.io" "nodes" "" "cluster"}],status.versions changed from [] to [{"raw-internal" "4.20.0-0-2026-01-28-090915-test-ci-ln-vjb5l1t-latest"}]
2026-01-28T09:30:35.530936824Z I0128 09:30:35.530920       1 event.go:377] Event(v1.ObjectReference{Kind:"Deployment", Namespace:"openshift-kube-apiserver-operator", Name:"kube-apiserver-operator", UID:"0f90e131-ac50-4cb2-87c5-ad12ae1902a5", APIVersion:"apps/v1", ResourceVersion:"", FieldPath:""}): type: 'Normal' reason: 'OperatorVersionChanged' clusteroperator/kube-apiserver version "raw-internal" changed from "" to "4.20.0-0-2026-01-28-090915-test-ci-ln-vjb5l1t-latest"
2026-01-28T09:30:35.660737755Z I0128 09:30:35.660697       1 reflector.go:430] "Caches populated" type="*v1.Secret" reflector="k8s.io/client-go@v0.33.2/tools/cache/reflector.go:285"
2026-01-28T09:30:35.691628765Z E0128 09:30:35.691591       1 base_controller.go:279] "Unhandled Error" err="RevisionController reconciliation failed: configmap \"kube-apiserver-pod\" not found"
2026-01-28T09:30:35.693794112Z E0128 09:30:35.693770       1 base_controller.go:279] "Unhandled Error" err="RevisionController reconciliation failed: configmap \"kube-apiserver-pod\" not found"
2026-01-28T09:30:35.703928245Z E0128 09:30:35.703897       1 base_controller.go:279] "Unhandled Error" err="RevisionController reconciliation failed: configmap \"kube-apiserver-pod\" not found"
2026-01-28T09:30:35.741803141Z E0128 09:30:35.741764       1 base_controller.go:279] "Unhandled Error" err="StatusSyncer_kube-apiserver reconciliation failed: Operation cannot be fulfilled on clusteroperators.config.openshift.io \"kube-apiserver\": the object has been modified; please apply your changes to the latest version and try again"
2026-01-28T09:30:35.772575855Z E0128 09:30:35.768940       1 base_controller.go:279] "Unhandled Error" err="RevisionController reconciliation failed: configmap \"kube-apiserver-pod\" not found"
2026-01-28T09:30:35.799702039Z I0128 09:30:35.799173       1 annotations.go:76] Updating "auth.openshift.io/certificate-not-before" annotation for localhost-recovery-serving-signer/openshift-kube-apiserver-operator, diff:   string(
2026-01-28T09:30:35.799702039Z - 	"",
2026-01-28T09:30:35.799702039Z + 	"2026-01-28T09:30:34Z",
2026-01-28T09:30:35.799702039Z   )
2026-01-28T09:30:35.799702039Z I0128 09:30:35.799206       1 annotations.go:82] Updating "auth.openshift.io/certificate-not-after" annotation for localhost-recovery-serving-signer/openshift-kube-apiserver-operator, diff:   string(
2026-01-28T09:30:35.799702039Z - 	"",
2026-01-28T09:30:35.799702039Z + 	"2036-01-26T09:30:35Z",
2026-01-28T09:30:35.799702039Z   )
2026-01-28T09:30:35.799702039Z I0128 09:30:35.799221       1 annotations.go:88] Updating "certificates.openshift.io/refresh-period" annotation for localhost-recovery-serving-signer/openshift-kube-apiserver-operator, diff:   string(
2026-01-28T09:30:35.799702039Z - 	"",
2026-01-28T09:30:35.799702039Z + 	"70080h0m0s",
2026-01-28T09:30:35.799702039Z   )
2026-01-28T09:30:35.852016421Z E0128 09:30:35.851974       1 base_controller.go:279] "Unhandled Error" err="RevisionController reconciliation failed: configmap \"kube-apiserver-pod\" not found"
2026-01-28T09:30:35.858353505Z I0128 09:30:35.858326       1 request.go:752] "Waited before sending request" delay="1.196803112s" reason="client-side throttling, not priority and fairness" verb="GET" URL="https://172.30.0.1:443/api/v1/namespaces/openshift-etcd/configmaps?limit=500&resourceVersion=0"
2026-01-28T09:30:35.859945924Z I0128 09:30:35.859916       1 reflector.go:430] "Caches populated" type="*v1.ConfigMap" reflector="k8s.io/client-go@v0.33.2/tools/cache/reflector.go:285"
2026-01-28T09:30:36.004497345Z E0128 09:30:36.004254       1 base_controller.go:279] "Unhandled Error" err="TargetConfigController reconciliation failed: no observedConfig"
2026-01-28T09:30:36.004497345Z I0128 09:30:36.004414       1 event.go:377] Event(v1.ObjectReference{Kind:"Deployment", Namespace:"openshift-kube-apiserver-operator", Name:"kube-apiserver-operator", UID:"0f90e131-ac50-4cb2-87c5-ad12ae1902a5", APIVersion:"apps/v1", ResourceVersion:"", FieldPath:""}): type: 'Warning' reason: 'ConfigMissing' no observedConfig
2026-01-28T09:30:36.015534382Z E0128 09:30:36.015498       1 base_controller.go:279] "Unhandled Error" err="RevisionController reconciliation failed: configmap \"kube-apiserver-pod\" not found"
2026-01-28T09:30:36.060016476Z I0128 09:30:36.059974       1 reflector.go:430] "Caches populated" type="*v1.Secret" reflector="k8s.io/client-go@v0.33.2/tools/cache/reflector.go:285"
2026-01-28T09:30:36.061498389Z I0128 09:30:36.061475       1 annotations.go:76] Updating "auth.openshift.io/certificate-not-before" annotation for node-system-admin-signer/openshift-kube-apiserver-operator, diff:   string(
2026-01-28T09:30:36.061498389Z - 	"",
2026-01-28T09:30:36.061498389Z + 	"2026-01-28T09:30:35Z",
2026-01-28T09:30:36.061498389Z   )
2026-01-28T09:30:36.061519721Z I0128 09:30:36.061503       1 annotations.go:82] Updating "auth.openshift.io/certificate-not-after" annotation for node-system-admin-signer/openshift-kube-apiserver-operator, diff:   string(
2026-01-28T09:30:36.061519721Z - 	"",
2026-01-28T09:30:36.061519721Z + 	"2029-01-27T09:30:36Z",
2026-01-28T09:30:36.061519721Z   )
2026-01-28T09:30:36.061531791Z I0128 09:30:36.061517       1 annotations.go:88] Updating "certificates.openshift.io/refresh-period" annotation for node-system-admin-signer/openshift-kube-apiserver-operator, diff:   string(
2026-01-28T09:30:36.061531791Z - 	"",
2026-01-28T09:30:36.061531791Z + 	"21024h0m0s",
2026-01-28T09:30:36.061531791Z   )
2026-01-28T09:30:36.075953956Z I0128 09:30:36.074221       1 prune_controller.go:269] No nodes, nothing to prune
2026-01-28T09:30:36.075953956Z E0128 09:30:36.074805       1 base_controller.go:279] "Unhandled Error" err="TargetConfigController reconciliation failed: no observedConfig"
2026-01-28T09:30:36.075953956Z I0128 09:30:36.074824       1 event.go:377] Event(v1.ObjectReference{Kind:"Deployment", Namespace:"openshift-kube-apiserver-operator", Name:"kube-apiserver-operator", UID:"0f90e131-ac50-4cb2-87c5-ad12ae1902a5", APIVersion:"apps/v1", ResourceVersion:"", FieldPath:""}): type: 'Warning' reason: 'ConfigMissing' no observedConfig
2026-01-28T09:30:36.075953956Z E0128 09:30:36.075286       1 base_controller.go:279] "Unhandled Error" err="RevisionController reconciliation failed: configmap \"kube-apiserver-pod\" not found"
2026-01-28T09:30:36.259325980Z I0128 09:30:36.259291       1 warnings.go:110] "Warning: v1 Endpoints is deprecated in v1.33+; use discovery.k8s.io/v1 EndpointSlice"
2026-01-28T09:30:36.259539301Z I0128 09:30:36.259522       1 reflector.go:430] "Caches populated" type="*v1.Endpoints" reflector="k8s.io/client-go@v0.33.2/tools/cache/reflector.go:285"
2026-01-28T09:30:36.260275157Z I0128 09:30:36.260255       1 warnings.go:110] "Warning: v1 Endpoints is deprecated in v1.33+; use discovery.k8s.io/v1 EndpointSlice"
2026-01-28T09:30:36.267102326Z I0128 09:30:36.267084       1 base_controller.go:82] Caches are synced for ConfigObserver 
2026-01-28T09:30:36.267144757Z I0128 09:30:36.267133       1 base_controller.go:119] Starting #1 worker of ConfigObserver controller ...
2026-01-28T09:30:36.267541247Z I0128 09:30:36.267512       1 event.go:377] Event(v1.ObjectReference{Kind:"Deployment", Namespace:"openshift-kube-apiserver-operator", Name:"kube-apiserver-operator", UID:"0f90e131-ac50-4cb2-87c5-ad12ae1902a5", APIVersion:"apps/v1", ResourceVersion:"", FieldPath:""}): type: 'Normal' reason: 'ObserveTLSSecurityProfile' minTLSVersion changed to VersionTLS12
2026-01-28T09:30:36.267563698Z I0128 09:30:36.267548       1 event.go:377] Event(v1.ObjectReference{Kind:"Deployment", Namespace:"openshift-kube-apiserver-operator", Name:"kube-apiserver-operator", UID:"0f90e131-ac50-4cb2-87c5-ad12ae1902a5", APIVersion:"apps/v1", ResourceVersion:"", FieldPath:""}): type: 'Normal' reason: 'ObserveTLSSecurityProfile' cipherSuites changed to ["TLS_AES_128_GCM_SHA256" "TLS_AES_256_GCM_SHA384" "TLS_CHACHA20_POLY1305_SHA256" "TLS_ECDHE_ECDSA_WITH_AES_128_GCM_SHA256" "TLS_ECDHE_RSA_WITH_AES_128_GCM_SHA256" "TLS_ECDHE_ECDSA_WITH_AES_256_GCM_SHA384" "TLS_ECDHE_RSA_WITH_AES_256_GCM_SHA384" "TLS_ECDHE_ECDSA_WITH_CHACHA20_POLY1305_SHA256" "TLS_ECDHE_RSA_WITH_CHACHA20_POLY1305_SHA256"]
2026-01-28T09:30:36.267596560Z I0128 09:30:36.267575       1 event.go:377] Event(v1.ObjectReference{Kind:"Deployment", Namespace:"openshift-kube-apiserver-operator", Name:"kube-apiserver-operator", UID:"0f90e131-ac50-4cb2-87c5-ad12ae1902a5", APIVersion:"apps/v1", ResourceVersion:"", FieldPath:""}): type: 'Normal' reason: 'ObserveStorageUpdated' Updated storage urls to https://10.0.161.159:2379,https://localhost:2379
2026-01-28T09:30:36.267680964Z I0128 09:30:36.267656       1 event.go:377] Event(v1.ObjectReference{Kind:"Deployment", Namespace:"openshift-kube-apiserver-operator", Name:"kube-apiserver-operator", UID:"0f90e131-ac50-4cb2-87c5-ad12ae1902a5", APIVersion:"apps/v1", ResourceVersion:"", FieldPath:""}): type: 'Normal' reason: 'ObserveFeatureFlagsUpdated' Updated apiServerArguments.feature-gates to AdditionalRoutingCapabilities=true,AdminNetworkPolicy=true,AlibabaPlatform=true,AzureWorkloadIdentity=true,BuildCSIVolumes=true,CPMSMachineNamePrefix=true,ConsolePluginContentSecurityPolicy=true,ExternalOIDC=true,ExternalOIDCWithUIDAndExtraClaimMappings=true,GatewayAPI=true,GatewayAPIController=true,HighlyAvailableArbiter=true,ImageVolume=true,IngressControllerLBSubnetsAWS=true,KMSv1=true,MachineConfigNodes=true,ManagedBootImages=true,ManagedBootImagesAWS=true,MetricsCollectionProfiles=true,NetworkDiagnosticsConfig=true,NetworkLiveMigration=true,NetworkSegmentation=true,NewOLM=true,PinnedImages=true,PreconfiguredUDNAddresses=true,ProcMountType=true,RouteAdvertisements=true,RouteExternalCertificate=true,ServiceAccountTokenNodeBinding=true,SetEIPForNLBIngressController=true,SigstoreImageVerification=true,StoragePerformantSecurityPolicy=true,UpgradeStatus=true,UserNamespacesPodSecurityStandards=true,UserNamespacesSupport=true,VSphereMultiDisk=true,VSphereMultiNetworks=true,AWSClusterHostedDNS=false,AWSClusterHostedDNSInstall=false,AWSDedicatedHosts=false,AWSServiceLBNetworkSecurityGroup=false,AutomatedEtcdBackup=false,AzureClusterHostedDNSInstall=false,AzureDedicatedHosts=false,AzureMultiDisk=false,BootImageSkewEnforcement=false,BootcNodeManagement=false,ClusterAPIInstall=false,ClusterAPIInstallIBMCloud=false,ClusterMonitoringConfig=false,ClusterVersionOperatorConfiguration=false,DNSNameResolver=false,DualReplica=false,DyanmicServiceEndpointIBMCloud=false,DynamicResourceAllocation=false,EtcdBackendQuota=false,EventedPLEG=false,Example=false,Example2=false,ExternalSnapshotMetadata=false,GCPClusterHostedDNS=false,GCPClusterHostedDNSInstall=false,GCPCustomAPIEndpoints=false,GCPCustomAPIEndpointsInstall=false,ImageModeStatusReporting=false,ImageStreamImportMode=false,IngressControllerDynamicConfigurationManager=false,InsightsConfig=false,InsightsConfigAPI=false,InsightsOnDemandDataGather=false,IrreconcilableMachineConfig=false,KMSEncryptionProvider=false,MachineAPIMigration=false,MachineAPIOperatorDisableMachineHealthCheckController=false,ManagedBootImagesAzure=false,ManagedBootImagesvSphere=false,MaxUnavailableStatefulSet=false,MinimumKubeletVersion=false,MixedCPUsAllocation=false,MultiArchInstallAzure=false,MultiDiskSetup=false,MutatingAdmissionPolicy=false,NewOLMCatalogdAPIV1Metas=false,NewOLMOwnSingleNamespace=false,NewOLMPreflightPermissionChecks=false,NewOLMWebhookProviderOpenshiftServiceCA=false,NoRegistryClusterOperations=false,NodeSwap=false,NutanixMultiSubnets=false,OVNObservability=false,OpenShiftPodSecurityAdmission=false,SELinuxMount=false,ShortCertRotation=false,SignatureStores=false,SigstoreImageVerificationPKI=false,TranslateStreamCloseWebsocketRequests=false,VSphereConfigurableMaxAllowedBlockVolumesPerNode=false,VSphereHostVMGroupZonal=false,VSphereMixedNodeEnv=false,VolumeAttributesClass=false,VolumeGroupSnapshot=false
2026-01-28T09:30:36.268991409Z I0128 09:30:36.268964       1 event.go:377] Event(v1.ObjectReference{Kind:"Deployment", Namespace:"openshift-kube-apiserver-operator", Name:"kube-apiserver-operator", UID:"0f90e131-ac50-4cb2-87c5-ad12ae1902a5", APIVersion:"apps/v1", ResourceVersion:"", FieldPath:""}): type: 'Normal' reason: 'ObservedConfigChanged' Writing updated observed config:   map[string]any{
2026-01-28T09:30:36.268991409Z + 	"admission": map[string]any{
2026-01-28T09:30:36.268991409Z + 		"pluginConfig": map[string]any{
2026-01-28T09:30:36.268991409Z + 			"PodSecurity":                                       map[string]any{"configuration": map[string]any{...}},
2026-01-28T09:30:36.268991409Z + 			"network.openshift.io/ExternalIPRanger":             map[string]any{"configuration": map[string]any{...}},
2026-01-28T09:30:36.268991409Z + 			"network.openshift.io/RestrictedEndpointsAdmission": map[string]any{"configuration": map[string]any{...}},
2026-01-28T09:30:36.268991409Z + 		},
2026-01-28T09:30:36.268991409Z + 	},
2026-01-28T09:30:36.268991409Z + 	"apiServerArguments": map[string]any{
2026-01-28T09:30:36.268991409Z + 		"api-audiences":      []any{string("https://kubernetes.default.svc")},
2026-01-28T09:30:36.268991409Z + 		"authorization-mode": []any{string("Scope"), string("SystemMasters"), string("RBAC"), string("Node")},
2026-01-28T09:30:36.268991409Z + 		"enable-admission-plugins": []any{
2026-01-28T09:30:36.268991409Z + 			string("authorization.openshift.io/RestrictSubjectBindings"),
2026-01-28T09:30:36.268991409Z + 			string("authorization.openshift.io/ValidateRoleBindingRestriction"),
2026-01-28T09:30:36.268991409Z + 		},
2026-01-28T09:30:36.268991409Z + 		"etcd-servers": []any{string("https://10.0.161.159:2379"), string("https://localhost:2379")},
2026-01-28T09:30:36.268991409Z + 		"feature-gates": []any{
2026-01-28T09:30:36.268991409Z + 			string("AdditionalRoutingCapabilities=true"),
2026-01-28T09:30:36.268991409Z + 			string("AdminNetworkPolicy=true"), string("AlibabaPlatform=true"),
2026-01-28T09:30:36.268991409Z + 			string("AzureWorkloadIdentity=true"), string("BuildCSIVolumes=true"),
2026-01-28T09:30:36.268991409Z + 			string("CPMSMachineNamePrefix=true"),
2026-01-28T09:30:36.268991409Z + 			string("ConsolePluginContentSecurityPolicy=true"), string("ExternalOIDC=true"),
2026-01-28T09:30:36.268991409Z + 			...,
2026-01-28T09:30:36.268991409Z + 		},
2026-01-28T09:30:36.268991409Z + 		"goaway-chance":                         []any{string("0.001")},
2026-01-28T09:30:36.268991409Z + 		"send-retry-after-while-not-ready-once": []any{string("false")},
2026-01-28T09:30:36.268991409Z + 		"service-account-issuer":                []any{string("https://kubernetes.default.svc")},
2026-01-28T09:30:36.268991409Z + 		"service-account-jwks-uri":              []any{string("https://api.ci-ln-vjb5l1t-76ef8.XXXXXXXXXXXXXXXXXXXXXX:6443/open"...)},
2026-01-28T09:30:36.268991409Z + 		"shutdown-delay-duration":               []any{string("129s")},
2026-01-28T09:30:36.268991409Z + 	},
2026-01-28T09:30:36.268991409Z + 	"corsAllowedOrigins":          []any{string(`//127\.0\.0\.1(:|$)`), string("//localhost(:|$)")},
2026-01-28T09:30:36.268991409Z + 	"gracefulTerminationDuration": string("194"),
2026-01-28T09:30:36.268991409Z + 	"servicesSubnet":              string("172.30.0.0/16"),
2026-01-28T09:30:36.268991409Z + 	"servingInfo": map[string]any{
2026-01-28T09:30:36.268991409Z + 		"bindAddress": string("0.0.0.0:6443"),
2026-01-28T09:30:36.268991409Z + 		"bindNetwork": string("tcp4"),
2026-01-28T09:30:36.268991409Z + 		"cipherSuites": []any{
2026-01-28T09:30:36.268991409Z + 			string("TLS_AES_128_GCM_SHA256"), string("TLS_AES_256_GCM_SHA384"),
2026-01-28T09:30:36.268991409Z + 			string("TLS_CHACHA20_POLY1305_SHA256"),
2026-01-28T09:30:36.268991409Z + 			string("TLS_ECDHE_ECDSA_WITH_AES_128_GCM_SHA256"),
2026-01-28T09:30:36.268991409Z + 			string("TLS_ECDHE_RSA_WITH_AES_128_GCM_SHA256"),
2026-01-28T09:30:36.268991409Z + 			string("TLS_ECDHE_ECDSA_WITH_AES_256_GCM_SHA384"),
2026-01-28T09:30:36.268991409Z + 			string("TLS_ECDHE_RSA_WITH_AES_256_GCM_SHA384"),
2026-01-28T09:30:36.268991409Z + 			string("TLS_ECDHE_ECDSA_WITH_CHACHA20_POLY1305_SHA256"), ...,
2026-01-28T09:30:36.268991409Z + 		},
2026-01-28T09:30:36.268991409Z + 		"minTLSVersion": string("VersionTLS12"),
2026-01-28T09:30:36.268991409Z + 		"namedCertificates": []any{
2026-01-28T09:30:36.268991409Z + 			map[string]any{
2026-01-28T09:30:36.268991409Z + 				"certFile": string("/etc/kubernetes/static-pod-certs"...),
2026-01-28T09:30:36.268991409Z + 				"keyFile":  string("/etc/kubernetes/static-pod-certs"...),
2026-01-28T09:30:36.268991409Z + 			},
2026-01-28T09:30:36.268991409Z + 			map[string]any{
2026-01-28T09:30:36.268991409Z + 				"certFile": string("/etc/kubernetes/static-pod-certs"...),
2026-01-28T09:30:36.268991409Z + 				"keyFile":  string("/etc/kubernetes/static-pod-certs"...),
2026-01-28T09:30:36.268991409Z + 			},
2026-01-28T09:30:36.268991409Z + 			map[string]any{
2026-01-28T09:30:36.268991409Z + 				"certFile": string("/etc/kubernetes/static-pod-certs"...),
2026-01-28T09:30:36.268991409Z + 				"keyFile":  string("/etc/kubernetes/static-pod-certs"...),
2026-01-28T09:30:36.268991409Z + 			},
2026-01-28T09:30:36.268991409Z + 			map[string]any{
2026-01-28T09:30:36.268991409Z + 				"certFile": string("/etc/kubernetes/static-pod-certs"...),
2026-01-28T09:30:36.268991409Z + 				"keyFile":  string("/etc/kubernetes/static-pod-certs"...),
2026-01-28T09:30:36.268991409Z + 			},
2026-01-28T09:30:36.268991409Z + 			map[string]any{
2026-01-28T09:30:36.268991409Z + 				"certFile": string("/etc/kubernetes/static-pod-resou"...),
2026-01-28T09:30:36.268991409Z + 				"keyFile":  string("/etc/kubernetes/static-pod-resou"...),
2026-01-28T09:30:36.268991409Z + 			},
2026-01-28T09:30:36.268991409Z + 		},
2026-01-28T09:30:36.268991409Z + 	},
2026-01-28T09:30:36.268991409Z   }
2026-01-28T09:30:36.338781897Z E0128 09:30:36.338736       1 base_controller.go:279] "Unhandled Error" err="RevisionController reconciliation failed: configmap \"kube-apiserver-pod\" not found"
2026-01-28T09:30:36.459280616Z I0128 09:30:36.459239       1 warnings.go:110] "Warning: v1 Endpoints is deprecated in v1.33+; use discovery.k8s.io/v1 EndpointSlice"
2026-01-28T09:30:36.459349090Z I0128 09:30:36.459329       1 reflector.go:430] "Caches populated" type="*v1.Endpoints" reflector="k8s.io/client-go@v0.33.2/tools/cache/reflector.go:285"
2026-01-28T09:30:36.460194872Z I0128 09:30:36.460154       1 warnings.go:110] "Warning: v1 Endpoints is deprecated in v1.33+; use discovery.k8s.io/v1 EndpointSlice"
2026-01-28T09:30:36.571111307Z E0128 09:30:36.570891       1 base_controller.go:279] "Unhandled Error" err="TargetConfigController reconciliation failed: no observedConfig"
2026-01-28T09:30:36.571111307Z I0128 09:30:36.570953       1 event.go:377] Event(v1.ObjectReference{Kind:"Deployment", Namespace:"openshift-kube-apiserver-operator", Name:"kube-apiserver-operator", UID:"0f90e131-ac50-4cb2-87c5-ad12ae1902a5", APIVersion:"apps/v1", ResourceVersion:"", FieldPath:""}): type: 'Warning' reason: 'ConfigMissing' no observedConfig
2026-01-28T09:30:36.658966269Z I0128 09:30:36.658916       1 reflector.go:430] "Caches populated" type="*v1.Service" reflector="k8s.io/client-go@v0.33.2/tools/cache/reflector.go:285"
2026-01-28T09:30:36.667303942Z I0128 09:30:36.667284       1 base_controller.go:82] Caches are synced for ConnectivityCheckController 
2026-01-28T09:30:36.667349464Z I0128 09:30:36.667335       1 base_controller.go:119] Starting #1 worker of ConnectivityCheckController controller ...
2026-01-28T09:30:36.667528953Z I0128 09:30:36.667513       1 connectivity_check_controller.go:172] ConnectivityCheckController is waiting for transition to desired version (4.20.0-0-2026-01-28-090915-test-ci-ln-vjb5l1t-latest) to be completed.
2026-01-28T09:30:36.858863232Z I0128 09:30:36.858823       1 reflector.go:430] "Caches populated" type="*v1.ConfigMap" reflector="k8s.io/client-go@v0.33.2/tools/cache/reflector.go:285"
2026-01-28T09:30:36.863841709Z I0128 09:30:36.863822       1 request.go:752] "Waited before sending request" delay="1.869975053s" reason="client-side throttling, not priority and fairness" verb="PATCH" URL="https://172.30.0.1:443/apis/operator.openshift.io/v1/kubeapiservers/cluster/status?fieldManager=cluster-kube-apiserver-operator-UnsupportedConfigOverrides&force=true"
2026-01-28T09:30:37.059152965Z I0128 09:30:37.059111       1 reflector.go:430] "Caches populated" type="*v1.Secret" reflector="k8s.io/client-go@v0.33.2/tools/cache/reflector.go:285"
2026-01-28T09:30:37.067205074Z I0128 09:30:37.067161       1 base_controller.go:82] Caches are synced for kube-apiserver 
2026-01-28T09:30:37.067285088Z I0128 09:30:37.067257       1 base_controller.go:119] Starting #1 worker of kube-apiserver controller ...
2026-01-28T09:30:37.259905311Z I0128 09:30:37.259861       1 reflector.go:430] "Caches populated" type="*v1.Node" reflector="k8s.io/client-go@v0.33.2/tools/cache/reflector.go:285"
2026-01-28T09:30:37.267643724Z I0128 09:30:37.267610       1 base_controller.go:82] Caches are synced for kube-apiserver-Node 
2026-01-28T09:30:37.267643724Z I0128 09:30:37.267624       1 base_controller.go:82] Caches are synced for KubeletVersionSkewController 
2026-01-28T09:30:37.267643724Z I0128 09:30:37.267631       1 base_controller.go:119] Starting #1 worker of kube-apiserver-Node controller ...
2026-01-28T09:30:37.267643724Z I0128 09:30:37.267610       1 base_controller.go:82] Caches are synced for GuardController 
2026-01-28T09:30:37.267671286Z I0128 09:30:37.267641       1 base_controller.go:119] Starting #1 worker of GuardController controller ...
2026-01-28T09:30:37.268282156Z I0128 09:30:37.267632       1 base_controller.go:119] Starting #1 worker of KubeletVersionSkewController controller ...
2026-01-28T09:30:37.268859484Z I0128 09:30:37.268822       1 event.go:377] Event(v1.ObjectReference{Kind:"Deployment", Namespace:"openshift-kube-apiserver-operator", Name:"kube-apiserver-operator", UID:"0f90e131-ac50-4cb2-87c5-ad12ae1902a5", APIVersion:"apps/v1", ResourceVersion:"", FieldPath:""}): type: 'Normal' reason: 'MasterNodeObserved' Observed new master node ip-10-0-102-200.us-west-1.compute.internal
2026-01-28T09:30:37.268859484Z I0128 09:30:37.268849       1 event.go:377] Event(v1.ObjectReference{Kind:"Deployment", Namespace:"openshift-kube-apiserver-operator", Name:"kube-apiserver-operator", UID:"0f90e131-ac50-4cb2-87c5-ad12ae1902a5", APIVersion:"apps/v1", ResourceVersion:"", FieldPath:""}): type: 'Normal' reason: 'MasterNodeObserved' Observed new master node ip-10-0-108-54.us-west-1.compute.internal
2026-01-28T09:30:37.268886966Z I0128 09:30:37.268860       1 event.go:377] Event(v1.ObjectReference{Kind:"Deployment", Namespace:"openshift-kube-apiserver-operator", Name:"kube-apiserver-operator", UID:"0f90e131-ac50-4cb2-87c5-ad12ae1902a5", APIVersion:"apps/v1", ResourceVersion:"", FieldPath:""}): type: 'Normal' reason: 'MasterNodeObserved' Observed new master node ip-10-0-3-203.us-west-1.compute.internal
2026-01-28T09:30:37.272082944Z E0128 09:30:37.272059       1 guard_controller.go:310] Missing operand on node ip-10-0-102-200.us-west-1.compute.internal
2026-01-28T09:30:37.272082944Z E0128 09:30:37.272075       1 guard_controller.go:310] Missing operand on node ip-10-0-108-54.us-west-1.compute.internal
2026-01-28T09:30:37.272105896Z E0128 09:30:37.272089       1 guard_controller.go:310] Missing operand on node ip-10-0-3-203.us-west-1.compute.internal
2026-01-28T09:30:37.272247672Z I0128 09:30:37.272224       1 event.go:377] Event(v1.ObjectReference{Kind:"Deployment", Namespace:"openshift-kube-apiserver-operator", Name:"kube-apiserver-operator", UID:"0f90e131-ac50-4cb2-87c5-ad12ae1902a5", APIVersion:"apps/v1", ResourceVersion:"", FieldPath:""}): type: 'Normal' reason: 'PodDisruptionBudgetCreated' Created PodDisruptionBudget.policy/kube-apiserver-guard-pdb -n openshift-kube-apiserver because it was missing
2026-01-28T09:30:37.460219695Z I0128 09:30:37.460175       1 reflector.go:430] "Caches populated" type="*v1.Service" reflector="k8s.io/client-go@v0.33.2/tools/cache/reflector.go:285"
2026-01-28T09:30:37.467413601Z I0128 09:30:37.467377       1 base_controller.go:82] Caches are synced for webhookSupportabilityController 
2026-01-28T09:30:37.467413601Z I0128 09:30:37.467395       1 base_controller.go:119] Starting #1 worker of webhookSupportabilityController controller ...
2026-01-28T09:30:37.467532917Z E0128 09:30:37.467518       1 degraded_webhook.go:68] vwb.performance.openshift.io: skipping checking the webhook "vwb.performance.openshift.io" via "performance-addon-operator-service.openshift-cluster-node-tuning-operator.svc:443" service because the caBundle (provided by the service-ca-operator) is empty. Please check the service-ca's logs if the issue persists
2026-01-28T09:30:37.468072734Z I0128 09:30:37.468017       1 event.go:377] Event(v1.ObjectReference{Kind:"Deployment", Namespace:"openshift-kube-apiserver-operator", Name:"kube-apiserver-operator", UID:"0f90e131-ac50-4cb2-87c5-ad12ae1902a5", APIVersion:"apps/v1", ResourceVersion:"", FieldPath:""}): type: 'Warning' reason: 'RequiredInstallerResourcesMissing' configmaps: bound-sa-token-signing-certs-0,config-0,etcd-serving-ca-0,kube-apiserver-audit-policies-0,kube-apiserver-cert-syncer-kubeconfig-0,kube-apiserver-pod-0,kubelet-serving-ca-0,sa-token-signing-certs-0, secrets: etcd-client-0,localhost-recovery-client-token-0,localhost-recovery-serving-certkey-0
2026-01-28T09:30:37.468236372Z E0128 09:30:37.468213       1 base_controller.go:279] "Unhandled Error" err="Installer reconciliation failed: missing required resources: [configmaps: bound-sa-token-signing-certs-0,config-0,etcd-serving-ca-0,kube-apiserver-audit-policies-0,kube-apiserver-cert-syncer-kubeconfig-0,kube-apiserver-pod-0,kubelet-serving-ca-0,sa-token-signing-certs-0, secrets: etcd-client-0,localhost-recovery-client-token-0,localhost-recovery-serving-certkey-0]"
2026-01-28T09:30:37.621222361Z E0128 09:30:37.621183       1 base_controller.go:279] "Unhandled Error" err="RevisionController reconciliation failed: configmap \"kube-apiserver-pod\" not found"
2026-01-28T09:30:37.675175184Z E0128 09:30:37.675137       1 base_controller.go:279] "Unhandled Error" err="TargetConfigController reconciliation failed: no observedConfig"
2026-01-28T09:30:37.675915301Z I0128 09:30:37.675892       1 connectivity_check_controller.go:172] ConnectivityCheckController is waiting for transition to desired version (4.20.0-0-2026-01-28-090915-test-ci-ln-vjb5l1t-latest) to be completed.
2026-01-28T09:30:37.676144202Z I0128 09:30:37.676115       1 event.go:377] Event(v1.ObjectReference{Kind:"Deployment", Namespace:"openshift-kube-apiserver-operator", Name:"kube-apiserver-operator", UID:"0f90e131-ac50-4cb2-87c5-ad12ae1902a5", APIVersion:"apps/v1", ResourceVersion:"", FieldPath:""}): type: 'Warning' reason: 'ConfigMissing' no observedConfig
2026-01-28T09:30:37.676816786Z E0128 09:30:37.676788       1 base_controller.go:279] "Unhandled Error" err="RevisionController reconciliation failed: configmap \"kube-apiserver-pod\" not found"
2026-01-28T09:30:37.677199394Z I0128 09:30:37.677181       1 prune_controller.go:269] No nodes, nothing to prune
2026-01-28T09:30:37.875587933Z E0128 09:30:37.875547       1 base_controller.go:279] "Unhandled Error" err="RevisionController reconciliation failed: configmap \"kube-apiserver-pod\" not found"
2026-01-28T09:30:37.877821914Z I0128 09:30:37.877802       1 connectivity_check_controller.go:172] ConnectivityCheckController is waiting for transition to desired version (4.20.0-0-2026-01-28-090915-test-ci-ln-vjb5l1t-latest) to be completed.
2026-01-28T09:30:37.878003163Z E0128 09:30:37.877987       1 base_controller.go:279] "Unhandled Error" err="TargetConfigController reconciliation failed: no observedConfig"
2026-01-28T09:30:37.878079786Z I0128 09:30:37.878057       1 event.go:377] Event(v1.ObjectReference{Kind:"Deployment", Namespace:"openshift-kube-apiserver-operator", Name:"kube-apiserver-operator", UID:"0f90e131-ac50-4cb2-87c5-ad12ae1902a5", APIVersion:"apps/v1", ResourceVersion:"", FieldPath:""}): type: 'Warning' reason: 'ConfigMissing' no observedConfig
2026-01-28T09:30:37.880363780Z I0128 09:30:37.880338       1 prune_controller.go:269] No nodes, nothing to prune
2026-01-28T09:30:38.058142897Z I0128 09:30:38.058077       1 request.go:752] "Waited before sending request" delay="3.195739424s" reason="client-side throttling, not priority and fairness" verb="GET" URL="https://172.30.0.1:443/api/v1/namespaces/openshift-kube-apiserver/configmaps/kube-apiserver-audit-policies"
2026-01-28T09:30:38.073469147Z E0128 09:30:38.073436       1 base_controller.go:279] "Unhandled Error" err="NodeKubeconfigController reconciliation failed: \"secret/node-kubeconfigs\": secret \"node-system-admin-client\" not found"
2026-01-28T09:30:38.074570851Z I0128 09:30:38.074552       1 connectivity_check_controller.go:172] ConnectivityCheckController is waiting for transition to desired version (4.20.0-0-2026-01-28-090915-test-ci-ln-vjb5l1t-latest) to be completed.
2026-01-28T09:30:38.075100937Z I0128 09:30:38.075079       1 prune_controller.go:269] No nodes, nothing to prune
2026-01-28T09:30:38.078981790Z E0128 09:30:38.075678       1 base_controller.go:279] "Unhandled Error" err="NodeKubeconfigController reconciliation failed: \"secret/node-kubeconfigs\": secret \"node-system-admin-client\" not found"
2026-01-28T09:30:38.078981790Z I0128 09:30:38.076314       1 status_controller.go:230] clusteroperator/kube-apiserver diff {"status":{"conditions":[{"lastTransitionTime":"2026-01-28T09:30:35Z","message":"RevisionControllerDegraded: configmap \"kube-apiserver-pod\" not found\nInstallerControllerDegraded: missing required resources: [configmaps: bound-sa-token-signing-certs-0,config-0,etcd-serving-ca-0,kube-apiserver-audit-policies-0,kube-apiserver-cert-syncer-kubeconfig-0,kube-apiserver-pod-0,kubelet-serving-ca-0,sa-token-signing-certs-0, secrets: etcd-client-0,localhost-recovery-client-token-0,localhost-recovery-serving-certkey-0]\nNodeKubeconfigControllerDegraded: \"secret/node-kubeconfigs\": secret \"node-system-admin-client\" not found","reason":"AsExpected","status":"False","type":"Degraded"},{"lastTransitionTime":"2026-01-28T09:30:35Z","message":"All is well","reason":"AsExpected","status":"False","type":"Progressing"},{"lastTransitionTime":"2026-01-28T09:30:35Z","message":"StaticPodsAvailable: 0 nodes are active; ","reason":"StaticPods_ZeroNodesActive","status":"False","type":"Available"},{"lastTransitionTime":"2026-01-28T09:30:35Z","message":"All is well","reason":"AsExpected","status":"True","type":"Upgradeable"},{"lastTransitionTime":"2026-01-28T09:30:35Z","reason":"NoData","status":"Unknown","type":"EvaluationConditionsDetected"}]}}
2026-01-28T09:30:38.079066014Z E0128 09:30:38.078062       1 base_controller.go:279] "Unhandled Error" err="RevisionController reconciliation failed: configmap \"kube-apiserver-pod\" not found"
2026-01-28T09:30:38.079066014Z E0128 09:30:38.078173       1 base_controller.go:279] "Unhandled Error" err="TargetConfigController reconciliation failed: no observedConfig"
2026-01-28T09:30:38.079066014Z I0128 09:30:38.078184       1 event.go:377] Event(v1.ObjectReference{Kind:"Deployment", Namespace:"openshift-kube-apiserver-operator", Name:"kube-apiserver-operator", UID:"0f90e131-ac50-4cb2-87c5-ad12ae1902a5", APIVersion:"apps/v1", ResourceVersion:"", FieldPath:""}): type: 'Warning' reason: 'ConfigMissing' no observedConfig
2026-01-28T09:30:38.083735985Z E0128 09:30:38.083710       1 base_controller.go:279] "Unhandled Error" err="NodeKubeconfigController reconciliation failed: \"secret/node-kubeconfigs\": secret \"node-system-admin-client\" not found"
2026-01-28T09:30:38.088171495Z I0128 09:30:38.088142       1 event.go:377] Event(v1.ObjectReference{Kind:"Deployment", Namespace:"openshift-kube-apiserver-operator", Name:"kube-apiserver-operator", UID:"0f90e131-ac50-4cb2-87c5-ad12ae1902a5", APIVersion:"apps/v1", ResourceVersion:"", FieldPath:""}): type: 'Normal' reason: 'OperatorStatusChanged' Status for clusteroperator/kube-apiserver changed: Degraded message changed from "RevisionControllerDegraded: configmap \"kube-apiserver-pod\" not found\nInstallerControllerDegraded: missing required resources: [configmaps: bound-sa-token-signing-certs-0,config-0,etcd-serving-ca-0,kube-apiserver-audit-policies-0,kube-apiserver-cert-syncer-kubeconfig-0,kube-apiserver-pod-0,kubelet-serving-ca-0,sa-token-signing-certs-0, secrets: etcd-client-0,localhost-recovery-client-token-0,localhost-recovery-serving-certkey-0]" to "RevisionControllerDegraded: configmap \"kube-apiserver-pod\" not found\nInstallerControllerDegraded: missing required resources: [configmaps: bound-sa-token-signing-certs-0,config-0,etcd-serving-ca-0,kube-apiserver-audit-policies-0,kube-apiserver-cert-syncer-kubeconfig-0,kube-apiserver-pod-0,kubelet-serving-ca-0,sa-token-signing-certs-0, secrets: etcd-client-0,localhost-recovery-client-token-0,localhost-recovery-serving-certkey-0]\nNodeKubeconfigControllerDegraded: \"secret/node-kubeconfigs\": secret \"node-system-admin-client\" not found"
2026-01-28T09:30:38.091969373Z E0128 09:30:38.091945       1 base_controller.go:279] "Unhandled Error" err="NodeKubeconfigController reconciliation failed: \"secret/node-kubeconfigs\": secret \"node-system-admin-client\" not found"
2026-01-28T09:30:38.137745401Z E0128 09:30:38.137709       1 base_controller.go:279] "Unhandled Error" err="NodeKubeconfigController reconciliation failed: \"secret/node-kubeconfigs\": secret \"node-system-admin-client\" not found"
2026-01-28T09:30:38.221147953Z E0128 09:30:38.221110       1 base_controller.go:279] "Unhandled Error" err="NodeKubeconfigController reconciliation failed: \"secret/node-kubeconfigs\": secret \"node-system-admin-client\" not found"
2026-01-28T09:30:38.275561759Z E0128 09:30:38.275519       1 base_controller.go:279] "Unhandled Error" err="TargetConfigController reconciliation failed: no observedConfig"
2026-01-28T09:30:38.275643563Z I0128 09:30:38.275623       1 event.go:377] Event(v1.ObjectReference{Kind:"Deployment", Namespace:"openshift-kube-apiserver-operator", Name:"kube-apiserver-operator", UID:"0f90e131-ac50-4cb2-87c5-ad12ae1902a5", APIVersion:"apps/v1", ResourceVersion:"", FieldPath:""}): type: 'Warning' reason: 'ConfigMissing' no observedConfig
2026-01-28T09:30:38.277533746Z I0128 09:30:38.277514       1 connectivity_check_controller.go:172] ConnectivityCheckController is waiting for transition to desired version (4.20.0-0-2026-01-28-090915-test-ci-ln-vjb5l1t-latest) to be completed.
2026-01-28T09:30:38.279776158Z I0128 09:30:38.279757       1 prune_controller.go:269] No nodes, nothing to prune
2026-01-28T09:30:38.279940036Z E0128 09:30:38.279915       1 base_controller.go:279] "Unhandled Error" err="RevisionController reconciliation failed: configmap \"kube-apiserver-pod\" not found"
2026-01-28T09:30:38.280872082Z E0128 09:30:38.280850       1 base_controller.go:279] "Unhandled Error" err="NodeKubeconfigController reconciliation failed: \"secret/node-kubeconfigs\": secret \"node-system-admin-client\" not found"
2026-01-28T09:30:38.383738828Z E0128 09:30:38.383704       1 base_controller.go:279] "Unhandled Error" err="NodeKubeconfigController reconciliation failed: \"secret/node-kubeconfigs\": secret \"node-system-admin-client\" not found"
2026-01-28T09:30:38.463807855Z I0128 09:30:38.460970       1 event.go:377] Event(v1.ObjectReference{Kind:"Deployment", Namespace:"openshift-kube-apiserver-operator", Name:"kube-apiserver-operator", UID:"0f90e131-ac50-4cb2-87c5-ad12ae1902a5", APIVersion:"apps/v1", ResourceVersion:"", FieldPath:""}): type: 'Normal' reason: 'ConfigMapCreated' Created ConfigMap/bound-sa-token-signing-certs -n openshift-kube-apiserver because it was missing
2026-01-28T09:30:38.463807855Z E0128 09:30:38.461936       1 base_controller.go:279] "Unhandled Error" err="RevisionController reconciliation failed: configmap \"kube-apiserver-pod\" not found"
2026-01-28T09:30:38.463807855Z E0128 09:30:38.461936       1 base_controller.go:279] "Unhandled Error" err="NodeKubeconfigController reconciliation failed: \"secret/node-kubeconfigs\": secret \"node-system-admin-client\" not found"
2026-01-28T09:30:38.463807855Z I0128 09:30:38.462066       1 prune_controller.go:269] No nodes, nothing to prune
2026-01-28T09:30:38.463807855Z E0128 09:30:38.462084       1 base_controller.go:279] "Unhandled Error" err="TargetConfigController reconciliation failed: no observedConfig"
2026-01-28T09:30:38.463807855Z I0128 09:30:38.462096       1 event.go:377] Event(v1.ObjectReference{Kind:"Deployment", Namespace:"openshift-kube-apiserver-operator", Name:"kube-apiserver-operator", UID:"0f90e131-ac50-4cb2-87c5-ad12ae1902a5", APIVersion:"apps/v1", ResourceVersion:"", FieldPath:""}): type: 'Warning' reason: 'ConfigMissing' no observedConfig
2026-01-28T09:30:38.475097254Z E0128 09:30:38.475065       1 base_controller.go:279] "Unhandled Error" err="NodeKubeconfigController reconciliation failed: \"secret/node-kubeconfigs\": secret \"node-system-admin-client\" not found"
2026-01-28T09:30:38.480697661Z I0128 09:30:38.478846       1 prune_controller.go:269] No nodes, nothing to prune
2026-01-28T09:30:38.480745464Z E0128 09:30:38.479846       1 base_controller.go:279] "Unhandled Error" err="RevisionController reconciliation failed: configmap \"kube-apiserver-pod\" not found"
2026-01-28T09:30:38.480964165Z I0128 09:30:38.480938       1 connectivity_check_controller.go:172] ConnectivityCheckController is waiting for transition to desired version (4.20.0-0-2026-01-28-090915-test-ci-ln-vjb5l1t-latest) to be completed.
2026-01-28T09:30:38.481127393Z E0128 09:30:38.481107       1 base_controller.go:279] "Unhandled Error" err="TargetConfigController reconciliation failed: no observedConfig"
2026-01-28T09:30:38.481185286Z I0128 09:30:38.481165       1 event.go:377] Event(v1.ObjectReference{Kind:"Deployment", Namespace:"openshift-kube-apiserver-operator", Name:"kube-apiserver-operator", UID:"0f90e131-ac50-4cb2-87c5-ad12ae1902a5", APIVersion:"apps/v1", ResourceVersion:"", FieldPath:""}): type: 'Warning' reason: 'ConfigMissing' no observedConfig
2026-01-28T09:30:38.566606478Z E0128 09:30:38.566566       1 base_controller.go:279] "Unhandled Error" err="TargetConfigController reconciliation failed: no observedConfig"
2026-01-28T09:30:38.566673131Z I0128 09:30:38.566641       1 event.go:377] Event(v1.ObjectReference{Kind:"Deployment", Namespace:"openshift-kube-apiserver-operator", Name:"kube-apiserver-operator", UID:"0f90e131-ac50-4cb2-87c5-ad12ae1902a5", APIVersion:"apps/v1", ResourceVersion:"", FieldPath:""}): type: 'Warning' reason: 'ConfigMissing' no observedConfig
2026-01-28T09:30:38.663014694Z I0128 09:30:38.662959       1 signer.go:123] Updated secret openshift-kube-apiserver-operator/service-network-serving-signer
2026-01-28T09:30:38.663134900Z I0128 09:30:38.663102       1 event.go:377] Event(v1.ObjectReference{Kind:"Deployment", Namespace:"openshift-kube-apiserver-operator", Name:"kube-apiserver-operator", UID:"0f90e131-ac50-4cb2-87c5-ad12ae1902a5", APIVersion:"apps/v1", ResourceVersion:"", FieldPath:""}): type: 'Normal' reason: 'SecretUpdated' Updated Secret/service-network-serving-signer -n openshift-kube-apiserver-operator because it changed
2026-01-28T09:30:38.663294258Z I0128 09:30:38.663274       1 annotations.go:52] Updating "openshift.io/owning-component" annotation for openshift-kube-apiserver-operator/service-network-serving-ca, diff:   string(
2026-01-28T09:30:38.663294258Z - 	"",
2026-01-28T09:30:38.663294258Z + 	"kube-apiserver",
2026-01-28T09:30:38.663294258Z   )
2026-01-28T09:30:38.663367461Z I0128 09:30:38.663343       1 annotations.go:58] Updating "openshift.io/description" annotation for openshift-kube-apiserver-operator/service-network-serving-ca, diff:   string(
2026-01-28T09:30:38.663367461Z - 	"",
2026-01-28T09:30:38.663367461Z + 	"CA for recognizing the kube-apiserver when connecting via the service network (kuberentes.default.svc).",
2026-01-28T09:30:38.663367461Z   )
2026-01-28T09:30:38.663385632Z I0128 09:30:38.663376       1 annotations.go:70] Updating "certificates.openshift.io/auto-regenerate-after-offline-expiry" annotation for openshift-kube-apiserver-operator/service-network-serving-ca, diff:   string(
2026-01-28T09:30:38.663385632Z - 	"",
2026-01-28T09:30:38.663385632Z + 	"https://github.com/openshift/cluster-kube-apiserver-operator/pull/1631,'[Conformance][sig-api-machinery][Feature:APIServer] kube-apiserver should be accessible via service network endpoint [Suite:openshift/conformance/parallel/minimal]'",
2026-01-28T09:30:38.663385632Z   )
2026-01-28T09:30:38.663523499Z I0128 09:30:38.663477       1 event.go:377] Event(v1.ObjectReference{Kind:"Deployment", Namespace:"openshift-kube-apiserver-operator", Name:"kube-apiserver-operator", UID:"0f90e131-ac50-4cb2-87c5-ad12ae1902a5", APIVersion:"apps/v1", ResourceVersion:"", FieldPath:""}): type: 'Normal' reason: 'CABundleUpdateRequired' "service-network-serving-ca" in "openshift-kube-apiserver-operator" requires a new cert: configmap doesn't exist
2026-01-28T09:30:38.664298088Z E0128 09:30:38.664276       1 base_controller.go:279] "Unhandled Error" err="NodeKubeconfigController reconciliation failed: \"secret/node-kubeconfigs\": secret \"node-system-admin-client\" not found"
2026-01-28T09:30:38.862994731Z I0128 09:30:38.862958       1 signer.go:123] Updated secret openshift-kube-apiserver-operator/aggregator-client-signer
2026-01-28T09:30:38.863125227Z I0128 09:30:38.863080       1 event.go:377] Event(v1.ObjectReference{Kind:"Deployment", Namespace:"openshift-kube-apiserver-operator", Name:"kube-apiserver-operator", UID:"0f90e131-ac50-4cb2-87c5-ad12ae1902a5", APIVersion:"apps/v1", ResourceVersion:"", FieldPath:""}): type: 'Normal' reason: 'SecretUpdated' Updated Secret/aggregator-client-signer -n openshift-kube-apiserver-operator because it changed
2026-01-28T09:30:38.863290366Z I0128 09:30:38.863267       1 annotations.go:52] Updating "openshift.io/owning-component" annotation for openshift-config-managed/kube-apiserver-aggregator-client-ca, diff:   string(
2026-01-28T09:30:38.863290366Z - 	"",
2026-01-28T09:30:38.863290366Z + 	"kube-apiserver",
2026-01-28T09:30:38.863290366Z   )
2026-01-28T09:30:38.863307227Z I0128 09:30:38.863292       1 annotations.go:58] Updating "openshift.io/description" annotation for openshift-config-managed/kube-apiserver-aggregator-client-ca, diff:   string(
2026-01-28T09:30:38.863307227Z - 	"",
2026-01-28T09:30:38.863307227Z + 	"CA for aggregated apiservers to recognize kube-apiserver as front-proxy.",
2026-01-28T09:30:38.863307227Z   )
2026-01-28T09:30:38.863366199Z I0128 09:30:38.863342       1 annotations.go:70] Updating "certificates.openshift.io/auto-regenerate-after-offline-expiry" annotation for openshift-config-managed/kube-apiserver-aggregator-client-ca, diff:   string(
2026-01-28T09:30:38.863366199Z - 	"",
2026-01-28T09:30:38.863366199Z + 	"https://github.com/openshift/cluster-kube-apiserver-operator/pull/1631,'[sig-cli] oc adm new-project [apigroup:project.openshift.io][apigroup:authorization.openshift.io] [Suite:openshift/conformance/parallel]'",
2026-01-28T09:30:38.863366199Z   )
2026-01-28T09:30:38.863470215Z I0128 09:30:38.863445       1 event.go:377] Event(v1.ObjectReference{Kind:"Deployment", Namespace:"openshift-kube-apiserver-operator", Name:"kube-apiserver-operator", UID:"0f90e131-ac50-4cb2-87c5-ad12ae1902a5", APIVersion:"apps/v1", ResourceVersion:"", FieldPath:""}): type: 'Normal' reason: 'CABundleUpdateRequired' "kube-apiserver-aggregator-client-ca" in "openshift-config-managed" requires a new cert: configmap doesn't exist
2026-01-28T09:30:38.863878475Z E0128 09:30:38.863857       1 base_controller.go:279] "Unhandled Error" err="NodeKubeconfigController reconciliation failed: \"secret/node-kubeconfigs\": secret \"node-system-admin-client\" not found"
2026-01-28T09:30:38.971236224Z E0128 09:30:38.971201       1 base_controller.go:279] "Unhandled Error" err="TargetConfigController reconciliation failed: no observedConfig"
2026-01-28T09:30:38.971338379Z I0128 09:30:38.971280       1 event.go:377] Event(v1.ObjectReference{Kind:"Deployment", Namespace:"openshift-kube-apiserver-operator", Name:"kube-apiserver-operator", UID:"0f90e131-ac50-4cb2-87c5-ad12ae1902a5", APIVersion:"apps/v1", ResourceVersion:"", FieldPath:""}): type: 'Warning' reason: 'ConfigMissing' no observedConfig
2026-01-28T09:30:39.026268680Z E0128 09:30:39.026230       1 base_controller.go:279] "Unhandled Error" err="NodeKubeconfigController reconciliation failed: \"secret/node-kubeconfigs\": secret \"node-system-admin-client\" not found"
2026-01-28T09:30:39.063051552Z I0128 09:30:39.062994       1 signer.go:123] Updated secret openshift-kube-apiserver-operator/kube-control-plane-signer
2026-01-28T09:30:39.063119686Z I0128 09:30:39.063084       1 event.go:377] Event(v1.ObjectReference{Kind:"Deployment", Namespace:"openshift-kube-apiserver-operator", Name:"kube-apiserver-operator", UID:"0f90e131-ac50-4cb2-87c5-ad12ae1902a5", APIVersion:"apps/v1", ResourceVersion:"", FieldPath:""}): type: 'Normal' reason: 'SecretUpdated' Updated Secret/kube-control-plane-signer -n openshift-kube-apiserver-operator because it changed
2026-01-28T09:30:39.063185259Z I0128 09:30:39.063164       1 request.go:752] "Waited before sending request" delay="1.79424686s" reason="client-side throttling, not priority and fairness" verb="PATCH" URL="https://172.30.0.1:443/apis/operator.openshift.io/v1/kubeapiservers/cluster/status?fieldManager=kube-apiserver-Node&force=true"
2026-01-28T09:30:39.063319466Z I0128 09:30:39.063298       1 annotations.go:52] Updating "openshift.io/owning-component" annotation for openshift-kube-apiserver-operator/kube-control-plane-signer-ca, diff:   string(
2026-01-28T09:30:39.063319466Z - 	"",
2026-01-28T09:30:39.063319466Z + 	"kube-apiserver",
2026-01-28T09:30:39.063319466Z   )
2026-01-28T09:30:39.063397650Z I0128 09:30:39.063368       1 annotations.go:58] Updating "openshift.io/description" annotation for openshift-kube-apiserver-operator/kube-control-plane-signer-ca, diff:   string(
2026-01-28T09:30:39.063397650Z - 	"",
2026-01-28T09:30:39.063397650Z + 	"CA for kube-apiserver to recognize the kube-controller-manager and kube-scheduler client certificates.",
2026-01-28T09:30:39.063397650Z   )
2026-01-28T09:30:39.063493404Z I0128 09:30:39.063394       1 annotations.go:70] Updating "certificates.openshift.io/auto-regenerate-after-offline-expiry" annotation for openshift-kube-apiserver-operator/kube-control-plane-signer-ca, diff:   string(
2026-01-28T09:30:39.063493404Z - 	"",
2026-01-28T09:30:39.063493404Z + 	"https://github.com/openshift/cluster-kube-apiserver-operator/pull/1631,'[sig-apps] Deployment RollingUpdateDeployment should delete old pods and create new ones [Conformance] [Suite:openshift/conformance/parallel/minimal] [Suite:k8s]'",
2026-01-28T09:30:39.063493404Z   )
2026-01-28T09:30:39.063493404Z I0128 09:30:39.063477       1 event.go:377] Event(v1.ObjectReference{Kind:"Deployment", Namespace:"openshift-kube-apiserver-operator", Name:"kube-apiserver-operator", UID:"0f90e131-ac50-4cb2-87c5-ad12ae1902a5", APIVersion:"apps/v1", ResourceVersion:"", FieldPath:""}): type: 'Normal' reason: 'CABundleUpdateRequired' "kube-control-plane-signer-ca" in "openshift-kube-apiserver-operator" requires a new cert: configmap doesn't exist
2026-01-28T09:30:39.063987079Z E0128 09:30:39.063974       1 base_controller.go:279] "Unhandled Error" err="NodeKubeconfigController reconciliation failed: \"secret/node-kubeconfigs\": secret \"node-system-admin-client\" not found"
2026-01-28T09:30:39.076606884Z I0128 09:30:39.076582       1 event.go:377] Event(v1.ObjectReference{Kind:"Deployment", Namespace:"openshift-kube-apiserver-operator", Name:"kube-apiserver-operator", UID:"0f90e131-ac50-4cb2-87c5-ad12ae1902a5", APIVersion:"apps/v1", ResourceVersion:"", FieldPath:""}): type: 'Normal' reason: 'MasterNodesReadyChanged' All master nodes are ready
2026-01-28T09:30:39.076794123Z I0128 09:30:39.076774       1 event.go:377] Event(v1.ObjectReference{Kind:"Deployment", Namespace:"openshift-kube-apiserver-operator", Name:"kube-apiserver-operator", UID:"0f90e131-ac50-4cb2-87c5-ad12ae1902a5", APIVersion:"apps/v1", ResourceVersion:"", FieldPath:""}): type: 'Normal' reason: 'MasterNodeObserved' Observed new master node ip-10-0-102-200.us-west-1.compute.internal
2026-01-28T09:30:39.076830705Z I0128 09:30:39.076816       1 event.go:377] Event(v1.ObjectReference{Kind:"Deployment", Namespace:"openshift-kube-apiserver-operator", Name:"kube-apiserver-operator", UID:"0f90e131-ac50-4cb2-87c5-ad12ae1902a5", APIVersion:"apps/v1", ResourceVersion:"", FieldPath:""}): type: 'Normal' reason: 'MasterNodeObserved' Observed new master node ip-10-0-108-54.us-west-1.compute.internal
2026-01-28T09:30:39.076862927Z I0128 09:30:39.076847       1 event.go:377] Event(v1.ObjectReference{Kind:"Deployment", Namespace:"openshift-kube-apiserver-operator", Name:"kube-apiserver-operator", UID:"0f90e131-ac50-4cb2-87c5-ad12ae1902a5", APIVersion:"apps/v1", ResourceVersion:"", FieldPath:""}): type: 'Normal' reason: 'MasterNodeObserved' Observed new master node ip-10-0-3-203.us-west-1.compute.internal
2026-01-28T09:30:39.084484474Z E0128 09:30:39.080312       1 base_controller.go:279] "Unhandled Error" err="RevisionController reconciliation failed: configmap \"kube-apiserver-pod\" not found"
2026-01-28T09:30:39.084484474Z E0128 09:30:39.081113       1 base_controller.go:279] "Unhandled Error" err="NodeKubeconfigController reconciliation failed: \"secret/node-kubeconfigs\": secret \"node-system-admin-client\" not found"
2026-01-28T09:30:39.084484474Z E0128 09:30:39.082280       1 base_controller.go:279] "Unhandled Error" err="TargetConfigController reconciliation failed: no observedConfig"
2026-01-28T09:30:39.084484474Z I0128 09:30:39.082294       1 event.go:377] Event(v1.ObjectReference{Kind:"Deployment", Namespace:"openshift-kube-apiserver-operator", Name:"kube-apiserver-operator", UID:"0f90e131-ac50-4cb2-87c5-ad12ae1902a5", APIVersion:"apps/v1", ResourceVersion:"", FieldPath:""}): type: 'Warning' reason: 'ConfigMissing' no observedConfig
2026-01-28T09:30:39.084484474Z I0128 09:30:39.083325       1 connectivity_check_controller.go:172] ConnectivityCheckController is waiting for transition to desired version (4.20.0-0-2026-01-28-090915-test-ci-ln-vjb5l1t-latest) to be completed.
2026-01-28T09:30:39.084484474Z I0128 09:30:39.084460       1 status_controller.go:230] clusteroperator/kube-apiserver diff {"status":{"conditions":[{"lastTransitionTime":"2026-01-28T09:30:35Z","message":"RevisionControllerDegraded: configmap \"kube-apiserver-pod\" not found\nInstallerControllerDegraded: missing required resources: [configmaps: bound-sa-token-signing-certs-0,config-0,etcd-serving-ca-0,kube-apiserver-audit-policies-0,kube-apiserver-cert-syncer-kubeconfig-0,kube-apiserver-pod-0,kubelet-serving-ca-0,sa-token-signing-certs-0, secrets: etcd-client-0,localhost-recovery-client-token-0,localhost-recovery-serving-certkey-0]\nNodeKubeconfigControllerDegraded: \"secret/node-kubeconfigs\": secret \"node-system-admin-client\" not found\nNodeControllerDegraded: All master nodes are ready","reason":"AsExpected","status":"False","type":"Degraded"},{"lastTransitionTime":"2026-01-28T09:30:35Z","message":"All is well","reason":"AsExpected","status":"False","type":"Progressing"},{"lastTransitionTime":"2026-01-28T09:30:35Z","message":"StaticPodsAvailable: 0 nodes are active; ","reason":"StaticPods_ZeroNodesActive","status":"False","type":"Available"},{"lastTransitionTime":"2026-01-28T09:30:35Z","message":"All is well","reason":"AsExpected","status":"True","type":"Upgradeable"},{"lastTransitionTime":"2026-01-28T09:30:35Z","reason":"NoData","status":"Unknown","type":"EvaluationConditionsDetected"}]}}
2026-01-28T09:30:39.091671300Z I0128 09:30:39.091644       1 event.go:377] Event(v1.ObjectReference{Kind:"Deployment", Namespace:"openshift-kube-apiserver-operator", Name:"kube-apiserver-operator", UID:"0f90e131-ac50-4cb2-87c5-ad12ae1902a5", APIVersion:"apps/v1", ResourceVersion:"", FieldPath:""}): type: 'Normal' reason: 'OperatorStatusChanged' Status for clusteroperator/kube-apiserver changed: Degraded message changed from "RevisionControllerDegraded: configmap \"kube-apiserver-pod\" not found\nInstallerControllerDegraded: missing required resources: [configmaps: bound-sa-token-signing-certs-0,config-0,etcd-serving-ca-0,kube-apiserver-audit-policies-0,kube-apiserver-cert-syncer-kubeconfig-0,kube-apiserver-pod-0,kubelet-serving-ca-0,sa-token-signing-certs-0, secrets: etcd-client-0,localhost-recovery-client-token-0,localhost-recovery-serving-certkey-0]\nNodeKubeconfigControllerDegraded: \"secret/node-kubeconfigs\": secret \"node-system-admin-client\" not found" to "RevisionControllerDegraded: configmap \"kube-apiserver-pod\" not found\nInstallerControllerDegraded: missing required resources: [configmaps: bound-sa-token-signing-certs-0,config-0,etcd-serving-ca-0,kube-apiserver-audit-policies-0,kube-apiserver-cert-syncer-kubeconfig-0,kube-apiserver-pod-0,kubelet-serving-ca-0,sa-token-signing-certs-0, secrets: etcd-client-0,localhost-recovery-client-token-0,localhost-recovery-serving-certkey-0]\nNodeKubeconfigControllerDegraded: \"secret/node-kubeconfigs\": secret \"node-system-admin-client\" not found\nNodeControllerDegraded: All master nodes are ready"
2026-01-28T09:30:39.262939165Z I0128 09:30:39.262887       1 signer.go:123] Updated secret openshift-kube-apiserver-operator/kube-apiserver-to-kubelet-signer
2026-01-28T09:30:39.262993508Z I0128 09:30:39.262955       1 event.go:377] Event(v1.ObjectReference{Kind:"Deployment", Namespace:"openshift-kube-apiserver-operator", Name:"kube-apiserver-operator", UID:"0f90e131-ac50-4cb2-87c5-ad12ae1902a5", APIVersion:"apps/v1", ResourceVersion:"", FieldPath:""}): type: 'Normal' reason: 'SecretUpdated' Updated Secret/kube-apiserver-to-kubelet-signer -n openshift-kube-apiserver-operator because it changed
2026-01-28T09:30:39.263195288Z I0128 09:30:39.263167       1 annotations.go:52] Updating "openshift.io/owning-component" annotation for openshift-kube-apiserver-operator/kube-apiserver-to-kubelet-client-ca, diff:   string(
2026-01-28T09:30:39.263195288Z - 	"",
2026-01-28T09:30:39.263195288Z + 	"kube-apiserver",
2026-01-28T09:30:39.263195288Z   )
2026-01-28T09:30:39.263216859Z I0128 09:30:39.263194       1 annotations.go:58] Updating "openshift.io/description" annotation for openshift-kube-apiserver-operator/kube-apiserver-to-kubelet-client-ca, diff:   string(
2026-01-28T09:30:39.263216859Z - 	"",
2026-01-28T09:30:39.263216859Z + 	"CA for the kubelet to recognize the kube-apiserver client certificate.",
2026-01-28T09:30:39.263216859Z   )
2026-01-28T09:30:39.263230470Z I0128 09:30:39.263220       1 annotations.go:70] Updating "certificates.openshift.io/auto-regenerate-after-offline-expiry" annotation for openshift-kube-apiserver-operator/kube-apiserver-to-kubelet-client-ca, diff:   string(
2026-01-28T09:30:39.263230470Z - 	"",
2026-01-28T09:30:39.263230470Z + 	"https://github.com/openshift/cluster-kube-apiserver-operator/pull/1631,'[sig-cli] Kubectl logs logs should be able to retrieve and filter logs  [Conformance] [Suite:openshift/conformance/parallel/minimal] [Suite:k8s]'",
2026-01-28T09:30:39.263230470Z   )
2026-01-28T09:30:39.263320134Z I0128 09:30:39.263294       1 event.go:377] Event(v1.ObjectReference{Kind:"Deployment", Namespace:"openshift-kube-apiserver-operator", Name:"kube-apiserver-operator", UID:"0f90e131-ac50-4cb2-87c5-ad12ae1902a5", APIVersion:"apps/v1", ResourceVersion:"", FieldPath:""}): type: 'Normal' reason: 'CABundleUpdateRequired' "kube-apiserver-to-kubelet-client-ca" in "openshift-kube-apiserver-operator" requires a new cert: configmap doesn't exist
2026-01-28T09:30:39.263858831Z E0128 09:30:39.263830       1 base_controller.go:279] "Unhandled Error" err="NodeKubeconfigController reconciliation failed: \"secret/node-kubeconfigs\": secret \"node-system-admin-client\" not found"
2026-01-28T09:30:39.275162161Z E0128 09:30:39.275141       1 base_controller.go:279] "Unhandled Error" err="GuardController reconciliation failed: [Missing operand on node ip-10-0-102-200.us-west-1.compute.internal, Missing operand on node ip-10-0-108-54.us-west-1.compute.internal, Missing operand on node ip-10-0-3-203.us-west-1.compute.internal]"
2026-01-28T09:30:39.275788672Z E0128 09:30:39.275769       1 base_controller.go:279] "Unhandled Error" err="TargetConfigController reconciliation failed: no observedConfig"
2026-01-28T09:30:39.275854025Z I0128 09:30:39.275836       1 event.go:377] Event(v1.ObjectReference{Kind:"Deployment", Namespace:"openshift-kube-apiserver-operator", Name:"kube-apiserver-operator", UID:"0f90e131-ac50-4cb2-87c5-ad12ae1902a5", APIVersion:"apps/v1", ResourceVersion:"", FieldPath:""}): type: 'Warning' reason: 'ConfigMissing' no observedConfig
2026-01-28T09:30:39.276173351Z I0128 09:30:39.276156       1 connectivity_check_controller.go:172] ConnectivityCheckController is waiting for transition to desired version (4.20.0-0-2026-01-28-090915-test-ci-ln-vjb5l1t-latest) to be completed.
2026-01-28T09:30:39.280389460Z E0128 09:30:39.280361       1 base_controller.go:279] "Unhandled Error" err="NodeKubeconfigController reconciliation failed: \"secret/node-kubeconfigs\": secret \"node-system-admin-client\" not found"
2026-01-28T09:30:39.283227920Z E0128 09:30:39.283207       1 base_controller.go:279] "Unhandled Error" err="RevisionController reconciliation failed: configmap \"kube-apiserver-pod\" not found"
2026-01-28T09:30:39.286612668Z E0128 09:30:39.286589       1 guard_controller.go:310] Missing operand on node ip-10-0-3-203.us-west-1.compute.internal
2026-01-28T09:30:39.286657050Z E0128 09:30:39.286645       1 guard_controller.go:310] Missing operand on node ip-10-0-102-200.us-west-1.compute.internal
2026-01-28T09:30:39.286695022Z E0128 09:30:39.286684       1 guard_controller.go:310] Missing operand on node ip-10-0-108-54.us-west-1.compute.internal
2026-01-28T09:30:39.288369275Z E0128 09:30:39.288348       1 base_controller.go:279] "Unhandled Error" err="GuardController reconciliation failed: [Missing operand on node ip-10-0-102-200.us-west-1.compute.internal, Missing operand on node ip-10-0-108-54.us-west-1.compute.internal, Missing operand on node ip-10-0-3-203.us-west-1.compute.internal]"
2026-01-28T09:30:39.291064649Z I0128 09:30:39.290858       1 status_controller.go:230] clusteroperator/kube-apiserver diff {"status":{"conditions":[{"lastTransitionTime":"2026-01-28T09:30:35Z","message":"RevisionControllerDegraded: configmap \"kube-apiserver-pod\" not found\nInstallerControllerDegraded: missing required resources: [configmaps: bound-sa-token-signing-certs-0,config-0,etcd-serving-ca-0,kube-apiserver-audit-policies-0,kube-apiserver-cert-syncer-kubeconfig-0,kube-apiserver-pod-0,kubelet-serving-ca-0,sa-token-signing-certs-0, secrets: etcd-client-0,localhost-recovery-client-token-0,localhost-recovery-serving-certkey-0]\nNodeKubeconfigControllerDegraded: \"secret/node-kubeconfigs\": secret \"node-system-admin-client\" not found\nNodeControllerDegraded: All master nodes are ready\nGuardControllerDegraded: [Missing operand on node ip-10-0-102-200.us-west-1.compute.internal, Missing operand on node ip-10-0-108-54.us-west-1.compute.internal, Missing operand on node ip-10-0-3-203.us-west-1.compute.internal]","reason":"AsExpected","status":"False","type":"Degraded"},{"lastTransitionTime":"2026-01-28T09:30:35Z","message":"All is well","reason":"AsExpected","status":"False","type":"Progressing"},{"lastTransitionTime":"2026-01-28T09:30:35Z","message":"StaticPodsAvailable: 0 nodes are active; ","reason":"StaticPods_ZeroNodesActive","status":"False","type":"Available"},{"lastTransitionTime":"2026-01-28T09:30:35Z","message":"All is well","reason":"AsExpected","status":"True","type":"Upgradeable"},{"lastTransitionTime":"2026-01-28T09:30:35Z","reason":"NoData","status":"Unknown","type":"EvaluationConditionsDetected"}]}}
2026-01-28T09:30:39.302259833Z E0128 09:30:39.302224       1 guard_controller.go:310] Missing operand on node ip-10-0-102-200.us-west-1.compute.internal
2026-01-28T09:30:39.302259833Z E0128 09:30:39.302252       1 guard_controller.go:310] Missing operand on node ip-10-0-108-54.us-west-1.compute.internal
2026-01-28T09:30:39.302285315Z E0128 09:30:39.302258       1 guard_controller.go:310] Missing operand on node ip-10-0-3-203.us-west-1.compute.internal
2026-01-28T09:30:39.303292514Z E0128 09:30:39.303175       1 base_controller.go:279] "Unhandled Error" err="GuardController reconciliation failed: [Missing operand on node ip-10-0-102-200.us-west-1.compute.internal, Missing operand on node ip-10-0-108-54.us-west-1.compute.internal, Missing operand on node ip-10-0-3-203.us-west-1.compute.internal]"
2026-01-28T09:30:39.308363726Z I0128 09:30:39.307828       1 event.go:377] Event(v1.ObjectReference{Kind:"Deployment", Namespace:"openshift-kube-apiserver-operator", Name:"kube-apiserver-operator", UID:"0f90e131-ac50-4cb2-87c5-ad12ae1902a5", APIVersion:"apps/v1", ResourceVersion:"", FieldPath:""}): type: 'Normal' reason: 'OperatorStatusChanged' Status for clusteroperator/kube-apiserver changed: Degraded message changed from "RevisionControllerDegraded: configmap \"kube-apiserver-pod\" not found\nInstallerControllerDegraded: missing required resources: [configmaps: bound-sa-token-signing-certs-0,config-0,etcd-serving-ca-0,kube-apiserver-audit-policies-0,kube-apiserver-cert-syncer-kubeconfig-0,kube-apiserver-pod-0,kubelet-serving-ca-0,sa-token-signing-certs-0, secrets: etcd-client-0,localhost-recovery-client-token-0,localhost-recovery-serving-certkey-0]\nNodeKubeconfigControllerDegraded: \"secret/node-kubeconfigs\": secret \"node-system-admin-client\" not found\nNodeControllerDegraded: All master nodes are ready" to "RevisionControllerDegraded: configmap \"kube-apiserver-pod\" not found\nInstallerControllerDegraded: missing required resources: [configmaps: bound-sa-token-signing-certs-0,config-0,etcd-serving-ca-0,kube-apiserver-audit-policies-0,kube-apiserver-cert-syncer-kubeconfig-0,kube-apiserver-pod-0,kubelet-serving-ca-0,sa-token-signing-certs-0, secrets: etcd-client-0,localhost-recovery-client-token-0,localhost-recovery-serving-certkey-0]\nNodeKubeconfigControllerDegraded: \"secret/node-kubeconfigs\": secret \"node-system-admin-client\" not found\nNodeControllerDegraded: All master nodes are ready\nGuardControllerDegraded: [Missing operand on node ip-10-0-102-200.us-west-1.compute.internal, Missing operand on node ip-10-0-108-54.us-west-1.compute.internal, Missing operand on node ip-10-0-3-203.us-west-1.compute.internal]"
2026-01-28T09:30:39.324932707Z E0128 09:30:39.324896       1 guard_controller.go:310] Missing operand on node ip-10-0-102-200.us-west-1.compute.internal
2026-01-28T09:30:39.324998800Z E0128 09:30:39.324984       1 guard_controller.go:310] Missing operand on node ip-10-0-108-54.us-west-1.compute.internal
2026-01-28T09:30:39.325054333Z E0128 09:30:39.325041       1 guard_controller.go:310] Missing operand on node ip-10-0-3-203.us-west-1.compute.internal
2026-01-28T09:30:39.326084154Z E0128 09:30:39.326063       1 base_controller.go:279] "Unhandled Error" err="GuardController reconciliation failed: [Missing operand on node ip-10-0-102-200.us-west-1.compute.internal, Missing operand on node ip-10-0-108-54.us-west-1.compute.internal, Missing operand on node ip-10-0-3-203.us-west-1.compute.internal]"
2026-01-28T09:30:39.367677114Z E0128 09:30:39.367627       1 guard_controller.go:310] Missing operand on node ip-10-0-102-200.us-west-1.compute.internal
2026-01-28T09:30:39.367677114Z E0128 09:30:39.367655       1 guard_controller.go:310] Missing operand on node ip-10-0-108-54.us-west-1.compute.internal
2026-01-28T09:30:39.367677114Z E0128 09:30:39.367663       1 guard_controller.go:310] Missing operand on node ip-10-0-3-203.us-west-1.compute.internal
2026-01-28T09:30:39.368725526Z E0128 09:30:39.368704       1 base_controller.go:279] "Unhandled Error" err="GuardController reconciliation failed: [Missing operand on node ip-10-0-102-200.us-west-1.compute.internal, Missing operand on node ip-10-0-108-54.us-west-1.compute.internal, Missing operand on node ip-10-0-3-203.us-west-1.compute.internal]"
2026-01-28T09:30:39.402446967Z I0128 09:30:39.402379       1 connectivity_check_controller.go:172] ConnectivityCheckController is waiting for transition to desired version (4.20.0-0-2026-01-28-090915-test-ci-ln-vjb5l1t-latest) to be completed.
2026-01-28T09:30:39.408418823Z I0128 09:30:39.408363       1 connectivity_check_controller.go:172] ConnectivityCheckController is waiting for transition to desired version (4.20.0-0-2026-01-28-090915-test-ci-ln-vjb5l1t-latest) to be completed.
2026-01-28T09:30:39.451175531Z E0128 09:30:39.450954       1 guard_controller.go:310] Missing operand on node ip-10-0-102-200.us-west-1.compute.internal
2026-01-28T09:30:39.451175531Z E0128 09:30:39.451162       1 guard_controller.go:310] Missing operand on node ip-10-0-108-54.us-west-1.compute.internal
2026-01-28T09:30:39.451218833Z E0128 09:30:39.451176       1 guard_controller.go:310] Missing operand on node ip-10-0-3-203.us-west-1.compute.internal
2026-01-28T09:30:39.452189051Z E0128 09:30:39.452160       1 base_controller.go:279] "Unhandled Error" err="GuardController reconciliation failed: [Missing operand on node ip-10-0-102-200.us-west-1.compute.internal, Missing operand on node ip-10-0-108-54.us-west-1.compute.internal, Missing operand on node ip-10-0-3-203.us-west-1.compute.internal]"
2026-01-28T09:30:39.462573846Z I0128 09:30:39.462554       1 signer.go:123] Updated secret openshift-kube-apiserver-operator/loadbalancer-serving-signer
2026-01-28T09:30:39.462891492Z I0128 09:30:39.462865       1 annotations.go:52] Updating "openshift.io/owning-component" annotation for openshift-kube-apiserver-operator/loadbalancer-serving-ca, diff:   string(
2026-01-28T09:30:39.462891492Z - 	"",
2026-01-28T09:30:39.462891492Z + 	"kube-apiserver",
2026-01-28T09:30:39.462891492Z   )
2026-01-28T09:30:39.462916803Z I0128 09:30:39.462888       1 annotations.go:58] Updating "openshift.io/description" annotation for openshift-kube-apiserver-operator/loadbalancer-serving-ca, diff:   string(
2026-01-28T09:30:39.462916803Z - 	"",
2026-01-28T09:30:39.462916803Z + 	"CA for recognizing the kube-apiserver when connecting via the internal or external load balancers.",
2026-01-28T09:30:39.462916803Z   )
2026-01-28T09:30:39.462939004Z I0128 09:30:39.462913       1 annotations.go:70] Updating "certificates.openshift.io/auto-regenerate-after-offline-expiry" annotation for openshift-kube-apiserver-operator/loadbalancer-serving-ca, diff:   string(
2026-01-28T09:30:39.462939004Z - 	"",
2026-01-28T09:30:39.462939004Z + 	"https://github.com/openshift/cluster-kube-apiserver-operator/pull/1631,'[Conformance][sig-api-machinery][Feature:APIServer] kube-apiserver should be accessible via api-int endpoint [Suite:openshift/conformance/parallel/minimal]'",
2026-01-28T09:30:39.462939004Z   )
2026-01-28T09:30:39.462939004Z I0128 09:30:39.462912       1 event.go:377] Event(v1.ObjectReference{Kind:"Deployment", Namespace:"openshift-kube-apiserver-operator", Name:"kube-apiserver-operator", UID:"0f90e131-ac50-4cb2-87c5-ad12ae1902a5", APIVersion:"apps/v1", ResourceVersion:"", FieldPath:""}): type: 'Normal' reason: 'SecretUpdated' Updated Secret/loadbalancer-serving-signer -n openshift-kube-apiserver-operator because it changed
2026-01-28T09:30:39.463010437Z I0128 09:30:39.462983       1 event.go:377] Event(v1.ObjectReference{Kind:"Deployment", Namespace:"openshift-kube-apiserver-operator", Name:"kube-apiserver-operator", UID:"0f90e131-ac50-4cb2-87c5-ad12ae1902a5", APIVersion:"apps/v1", ResourceVersion:"", FieldPath:""}): type: 'Normal' reason: 'CABundleUpdateRequired' "loadbalancer-serving-ca" in "openshift-kube-apiserver-operator" requires a new cert: configmap doesn't exist
2026-01-28T09:30:39.463629978Z E0128 09:30:39.463606       1 base_controller.go:279] "Unhandled Error" err="NodeKubeconfigController reconciliation failed: \"secret/node-kubeconfigs\": secret \"node-system-admin-client\" not found"
2026-01-28T09:30:39.614082792Z E0128 09:30:39.614048       1 guard_controller.go:310] Missing operand on node ip-10-0-108-54.us-west-1.compute.internal
2026-01-28T09:30:39.614155975Z E0128 09:30:39.614141       1 guard_controller.go:310] Missing operand on node ip-10-0-3-203.us-west-1.compute.internal
2026-01-28T09:30:39.614193237Z E0128 09:30:39.614180       1 guard_controller.go:310] Missing operand on node ip-10-0-102-200.us-west-1.compute.internal
2026-01-28T09:30:39.615426318Z E0128 09:30:39.615404       1 base_controller.go:279] "Unhandled Error" err="GuardController reconciliation failed: [Missing operand on node ip-10-0-102-200.us-west-1.compute.internal, Missing operand on node ip-10-0-108-54.us-west-1.compute.internal, Missing operand on node ip-10-0-3-203.us-west-1.compute.internal]"
2026-01-28T09:30:39.773283899Z E0128 09:30:39.773242       1 base_controller.go:279] "Unhandled Error" err="TargetConfigController reconciliation failed: no observedConfig"
2026-01-28T09:30:39.773283899Z I0128 09:30:39.773270       1 event.go:377] Event(v1.ObjectReference{Kind:"Deployment", Namespace:"openshift-kube-apiserver-operator", Name:"kube-apiserver-operator", UID:"0f90e131-ac50-4cb2-87c5-ad12ae1902a5", APIVersion:"apps/v1", ResourceVersion:"", FieldPath:""}): type: 'Warning' reason: 'ConfigMissing' no observedConfig
2026-01-28T09:30:39.867077736Z I0128 09:30:39.867013       1 event.go:377] Event(v1.ObjectReference{Kind:"Deployment", Namespace:"openshift-kube-apiserver-operator", Name:"kube-apiserver-operator", UID:"0f90e131-ac50-4cb2-87c5-ad12ae1902a5", APIVersion:"apps/v1", ResourceVersion:"", FieldPath:""}): type: 'Warning' reason: 'RequiredInstallerResourcesMissing' configmaps: bound-sa-token-signing-certs-0,config-0,etcd-serving-ca-0,kube-apiserver-audit-policies-0,kube-apiserver-cert-syncer-kubeconfig-0,kube-apiserver-pod-0,kubelet-serving-ca-0,sa-token-signing-certs-0, secrets: etcd-client-0,localhost-recovery-client-token-0,localhost-recovery-serving-certkey-0
2026-01-28T09:30:39.937618310Z E0128 09:30:39.937571       1 guard_controller.go:310] Missing operand on node ip-10-0-102-200.us-west-1.compute.internal
2026-01-28T09:30:39.937618310Z E0128 09:30:39.937592       1 guard_controller.go:310] Missing operand on node ip-10-0-108-54.us-west-1.compute.internal
2026-01-28T09:30:39.937618310Z E0128 09:30:39.937599       1 guard_controller.go:310] Missing operand on node ip-10-0-3-203.us-west-1.compute.internal
2026-01-28T09:30:39.938315755Z E0128 09:30:39.938294       1 base_controller.go:279] "Unhandled Error" err="GuardController reconciliation failed: [Missing operand on node ip-10-0-102-200.us-west-1.compute.internal, Missing operand on node ip-10-0-108-54.us-west-1.compute.internal, Missing operand on node ip-10-0-3-203.us-west-1.compute.internal]"
2026-01-28T09:30:40.064032653Z I0128 09:30:40.063974       1 request.go:752] "Waited before sending request" delay="2.190348885s" reason="client-side throttling, not priority and fairness" verb="PATCH" URL="https://172.30.0.1:443/apis/operator.openshift.io/v1/kubeapiservers/cluster/status?fieldManager=MissingStaticPodController-reportDegraded&force=true"
2026-01-28T09:30:40.080118140Z I0128 09:30:40.080077       1 connectivity_check_controller.go:172] ConnectivityCheckController is waiting for transition to desired version (4.20.0-0-2026-01-28-090915-test-ci-ln-vjb5l1t-latest) to be completed.
2026-01-28T09:30:40.080176863Z E0128 09:30:40.080153       1 base_controller.go:279] "Unhandled Error" err="RevisionController reconciliation failed: configmap \"kube-apiserver-pod\" not found"
2026-01-28T09:30:40.082081577Z E0128 09:30:40.082058       1 base_controller.go:279] "Unhandled Error" err="NodeKubeconfigController reconciliation failed: \"secret/node-kubeconfigs\": secret \"node-system-admin-client\" not found"
2026-01-28T09:30:40.082552121Z E0128 09:30:40.082534       1 base_controller.go:279] "Unhandled Error" err="TargetConfigController reconciliation failed: no observedConfig"
2026-01-28T09:30:40.082602483Z I0128 09:30:40.082581       1 event.go:377] Event(v1.ObjectReference{Kind:"Deployment", Namespace:"openshift-kube-apiserver-operator", Name:"kube-apiserver-operator", UID:"0f90e131-ac50-4cb2-87c5-ad12ae1902a5", APIVersion:"apps/v1", ResourceVersion:"", FieldPath:""}): type: 'Warning' reason: 'ConfigMissing' no observedConfig
2026-01-28T09:30:40.186002206Z E0128 09:30:40.184409       1 base_controller.go:279] "Unhandled Error" err="RevisionController reconciliation failed: configmap \"kube-apiserver-pod\" not found"
2026-01-28T09:30:40.250841638Z I0128 09:30:40.250802       1 connectivity_check_controller.go:172] ConnectivityCheckController is waiting for transition to desired version (4.20.0-0-2026-01-28-090915-test-ci-ln-vjb5l1t-latest) to be completed.
2026-01-28T09:30:40.262442453Z I0128 09:30:40.262421       1 signer.go:123] Updated secret openshift-kube-apiserver-operator/localhost-serving-signer
2026-01-28T09:30:40.262853963Z I0128 09:30:40.262824       1 event.go:377] Event(v1.ObjectReference{Kind:"Deployment", Namespace:"openshift-kube-apiserver-operator", Name:"kube-apiserver-operator", UID:"0f90e131-ac50-4cb2-87c5-ad12ae1902a5", APIVersion:"apps/v1", ResourceVersion:"", FieldPath:""}): type: 'Normal' reason: 'SecretUpdated' Updated Secret/localhost-serving-signer -n openshift-kube-apiserver-operator because it changed
2026-01-28T09:30:40.262969879Z I0128 09:30:40.262954       1 annotations.go:52] Updating "openshift.io/owning-component" annotation for openshift-kube-apiserver-operator/localhost-serving-ca, diff:   string(
2026-01-28T09:30:40.262969879Z - 	"",
2026-01-28T09:30:40.262969879Z + 	"kube-apiserver",
2026-01-28T09:30:40.262969879Z   )
2026-01-28T09:30:40.263064994Z I0128 09:30:40.263018       1 annotations.go:58] Updating "openshift.io/description" annotation for openshift-kube-apiserver-operator/localhost-serving-ca, diff:   string(
2026-01-28T09:30:40.263064994Z - 	"",
2026-01-28T09:30:40.263064994Z + 	"CA for recognizing the kube-apiserver when connecting via localhost.",
2026-01-28T09:30:40.263064994Z   )
2026-01-28T09:30:40.263131657Z I0128 09:30:40.263106       1 annotations.go:70] Updating "certificates.openshift.io/auto-regenerate-after-offline-expiry" annotation for openshift-kube-apiserver-operator/localhost-serving-ca, diff:   string(
2026-01-28T09:30:40.263131657Z - 	"",
2026-01-28T09:30:40.263131657Z + 	`https://github.com/openshift/cluster-kube-apiserver-operator/pull/1631,'[Conformance][sig-api-machinery][Feature:APIServer] local kubeconfig "localhost.kubeconfig" should be present on all masters and work [apigroup:config.openshift.io] [Suite:openshift/co`...,
2026-01-28T09:30:40.263131657Z   )
2026-01-28T09:30:40.263271944Z I0128 09:30:40.263252       1 event.go:377] Event(v1.ObjectReference{Kind:"Deployment", Namespace:"openshift-kube-apiserver-operator", Name:"kube-apiserver-operator", UID:"0f90e131-ac50-4cb2-87c5-ad12ae1902a5", APIVersion:"apps/v1", ResourceVersion:"", FieldPath:""}): type: 'Normal' reason: 'CABundleUpdateRequired' "localhost-serving-ca" in "openshift-kube-apiserver-operator" requires a new cert: configmap doesn't exist
2026-01-28T09:30:40.263653653Z E0128 09:30:40.263628       1 base_controller.go:279] "Unhandled Error" err="NodeKubeconfigController reconciliation failed: \"secret/node-kubeconfigs\": secret \"node-system-admin-client\" not found"
2026-01-28T09:30:40.277159062Z E0128 09:30:40.277134       1 base_controller.go:279] "Unhandled Error" err="RevisionController reconciliation failed: configmap \"kube-apiserver-pod\" not found"
2026-01-28T09:30:40.279394052Z I0128 09:30:40.279370       1 connectivity_check_controller.go:172] ConnectivityCheckController is waiting for transition to desired version (4.20.0-0-2026-01-28-090915-test-ci-ln-vjb5l1t-latest) to be completed.
2026-01-28T09:30:40.280453355Z E0128 09:30:40.280428       1 base_controller.go:279] "Unhandled Error" err="TargetConfigController reconciliation failed: no observedConfig"
2026-01-28T09:30:40.280473666Z I0128 09:30:40.280448       1 event.go:377] Event(v1.ObjectReference{Kind:"Deployment", Namespace:"openshift-kube-apiserver-operator", Name:"kube-apiserver-operator", UID:"0f90e131-ac50-4cb2-87c5-ad12ae1902a5", APIVersion:"apps/v1", ResourceVersion:"", FieldPath:""}): type: 'Warning' reason: 'ConfigMissing' no observedConfig
2026-01-28T09:30:40.285168639Z E0128 09:30:40.285143       1 base_controller.go:279] "Unhandled Error" err="NodeKubeconfigController reconciliation failed: \"secret/node-kubeconfigs\": secret \"node-system-admin-client\" not found"
2026-01-28T09:30:40.415951958Z I0128 09:30:40.415902       1 connectivity_check_controller.go:172] ConnectivityCheckController is waiting for transition to desired version (4.20.0-0-2026-01-28-090915-test-ci-ln-vjb5l1t-latest) to be completed.
2026-01-28T09:30:40.580614446Z E0128 09:30:40.580570       1 guard_controller.go:310] Missing operand on node ip-10-0-3-203.us-west-1.compute.internal
2026-01-28T09:30:40.580614446Z E0128 09:30:40.580603       1 guard_controller.go:310] Missing operand on node ip-10-0-102-200.us-west-1.compute.internal
2026-01-28T09:30:40.580666348Z E0128 09:30:40.580611       1 guard_controller.go:310] Missing operand on node ip-10-0-108-54.us-west-1.compute.internal
2026-01-28T09:30:40.581721370Z E0128 09:30:40.581693       1 base_controller.go:279] "Unhandled Error" err="GuardController reconciliation failed: [Missing operand on node ip-10-0-102-200.us-west-1.compute.internal, Missing operand on node ip-10-0-108-54.us-west-1.compute.internal, Missing operand on node ip-10-0-3-203.us-west-1.compute.internal]"
2026-01-28T09:30:40.663130594Z I0128 09:30:40.663083       1 signer.go:111] Created secret openshift-kube-apiserver-operator/localhost-recovery-serving-signer
2026-01-28T09:30:40.663170306Z I0128 09:30:40.663149       1 event.go:377] Event(v1.ObjectReference{Kind:"Deployment", Namespace:"openshift-kube-apiserver-operator", Name:"kube-apiserver-operator", UID:"0f90e131-ac50-4cb2-87c5-ad12ae1902a5", APIVersion:"apps/v1", ResourceVersion:"", FieldPath:""}): type: 'Normal' reason: 'SecretCreated' Created Secret/localhost-recovery-serving-signer -n openshift-kube-apiserver-operator because it was missing
2026-01-28T09:30:40.663424378Z I0128 09:30:40.663366       1 annotations.go:52] Updating "openshift.io/owning-component" annotation for openshift-kube-apiserver-operator/localhost-recovery-serving-ca, diff:   string(
2026-01-28T09:30:40.663424378Z - 	"",
2026-01-28T09:30:40.663424378Z + 	"kube-apiserver",
2026-01-28T09:30:40.663424378Z   )
2026-01-28T09:30:40.663424378Z I0128 09:30:40.663390       1 annotations.go:58] Updating "openshift.io/description" annotation for openshift-kube-apiserver-operator/localhost-recovery-serving-ca, diff:   string(
2026-01-28T09:30:40.663424378Z - 	"",
2026-01-28T09:30:40.663424378Z + 	"CA for recognizing the kube-apiserver when connecting via the localhost recovery SNI ServerName.",
2026-01-28T09:30:40.663424378Z   )
2026-01-28T09:30:40.663424378Z I0128 09:30:40.663409       1 annotations.go:70] Updating "certificates.openshift.io/auto-regenerate-after-offline-expiry" annotation for openshift-kube-apiserver-operator/localhost-recovery-serving-ca, diff:   string(
2026-01-28T09:30:40.663424378Z - 	"",
2026-01-28T09:30:40.663424378Z + 	`https://github.com/openshift/cluster-kube-apiserver-operator/pull/1631,'[Conformance][sig-api-machinery][Feature:APIServer] local kubeconfig "localhost-recovery.kubeconfig" should be present on all masters and work [apigroup:config.openshift.io] [Suite:ope`...,
2026-01-28T09:30:40.663424378Z   )
2026-01-28T09:30:40.663512323Z I0128 09:30:40.663484       1 event.go:377] Event(v1.ObjectReference{Kind:"Deployment", Namespace:"openshift-kube-apiserver-operator", Name:"kube-apiserver-operator", UID:"0f90e131-ac50-4cb2-87c5-ad12ae1902a5", APIVersion:"apps/v1", ResourceVersion:"", FieldPath:""}): type: 'Normal' reason: 'CABundleUpdateRequired' "localhost-recovery-serving-ca" in "openshift-kube-apiserver-operator" requires a new cert: configmap doesn't exist
2026-01-28T09:30:40.664210147Z E0128 09:30:40.664186       1 base_controller.go:279] "Unhandled Error" err="NodeKubeconfigController reconciliation failed: \"secret/node-kubeconfigs\": secret \"node-system-admin-client\" not found"
2026-01-28T09:30:40.746055102Z I0128 09:30:40.743963       1 connectivity_check_controller.go:172] ConnectivityCheckController is waiting for transition to desired version (4.20.0-0-2026-01-28-090915-test-ci-ln-vjb5l1t-latest) to be completed.
2026-01-28T09:30:40.864446787Z I0128 09:30:40.864064       1 signer.go:111] Created secret openshift-kube-apiserver-operator/node-system-admin-signer
2026-01-28T09:30:40.864446787Z I0128 09:30:40.864272       1 event.go:377] Event(v1.ObjectReference{Kind:"Deployment", Namespace:"openshift-kube-apiserver-operator", Name:"kube-apiserver-operator", UID:"0f90e131-ac50-4cb2-87c5-ad12ae1902a5", APIVersion:"apps/v1", ResourceVersion:"", FieldPath:""}): type: 'Normal' reason: 'SecretCreated' Created Secret/node-system-admin-signer -n openshift-kube-apiserver-operator because it was missing
2026-01-28T09:30:40.865051767Z I0128 09:30:40.864662       1 annotations.go:52] Updating "openshift.io/owning-component" annotation for openshift-kube-apiserver-operator/node-system-admin-ca, diff:   string(
2026-01-28T09:30:40.865051767Z - 	"",
2026-01-28T09:30:40.865051767Z + 	"kube-apiserver",
2026-01-28T09:30:40.865051767Z   )
2026-01-28T09:30:40.865051767Z I0128 09:30:40.864684       1 annotations.go:58] Updating "openshift.io/description" annotation for openshift-kube-apiserver-operator/node-system-admin-ca, diff:   string(
2026-01-28T09:30:40.865051767Z - 	"",
2026-01-28T09:30:40.865051767Z + 	"CA for kube-apiserver to recognize local system:masters rendered to each master.",
2026-01-28T09:30:40.865051767Z   )
2026-01-28T09:30:40.865051767Z E0128 09:30:40.864701       1 base_controller.go:279] "Unhandled Error" err="NodeKubeconfigController reconciliation failed: \"secret/node-kubeconfigs\": secret \"node-system-admin-client\" not found"
2026-01-28T09:30:40.865051767Z I0128 09:30:40.864705       1 annotations.go:70] Updating "certificates.openshift.io/auto-regenerate-after-offline-expiry" annotation for openshift-kube-apiserver-operator/node-system-admin-ca, diff:   string(
2026-01-28T09:30:40.865051767Z - 	"",
2026-01-28T09:30:40.865051767Z + 	`https://github.com/openshift/cluster-kube-apiserver-operator/pull/1631,'[Conformance][sig-api-machinery][Feature:APIServer] local kubeconfig "localhost-recovery.kubeconfig" should be present on all masters and work [apigroup:config.openshift.io] [Suite:ope`...,
2026-01-28T09:30:40.865051767Z   )
2026-01-28T09:30:40.865051767Z I0128 09:30:40.864832       1 event.go:377] Event(v1.ObjectReference{Kind:"Deployment", Namespace:"openshift-kube-apiserver-operator", Name:"kube-apiserver-operator", UID:"0f90e131-ac50-4cb2-87c5-ad12ae1902a5", APIVersion:"apps/v1", ResourceVersion:"", FieldPath:""}): type: 'Normal' reason: 'CABundleUpdateRequired' "node-system-admin-ca" in "openshift-kube-apiserver-operator" requires a new cert: configmap doesn't exist
2026-01-28T09:30:40.877596839Z I0128 09:30:40.877563       1 event.go:377] Event(v1.ObjectReference{Kind:"Deployment", Namespace:"openshift-kube-apiserver-operator", Name:"kube-apiserver-operator", UID:"0f90e131-ac50-4cb2-87c5-ad12ae1902a5", APIVersion:"apps/v1", ResourceVersion:"", FieldPath:""}): type: 'Normal' reason: 'MasterNodesReadyChanged' All master nodes are ready
2026-01-28T09:30:40.878754956Z I0128 09:30:40.878728       1 connectivity_check_controller.go:172] ConnectivityCheckController is waiting for transition to desired version (4.20.0-0-2026-01-28-090915-test-ci-ln-vjb5l1t-latest) to be completed.
2026-01-28T09:30:40.880967906Z E0128 09:30:40.880941       1 base_controller.go:279] "Unhandled Error" err="NodeKubeconfigController reconciliation failed: \"secret/node-kubeconfigs\": secret \"node-system-admin-client\" not found"
2026-01-28T09:30:40.882722273Z E0128 09:30:40.882695       1 base_controller.go:279] "Unhandled Error" err="RevisionController reconciliation failed: configmap \"kube-apiserver-pod\" not found"
2026-01-28T09:30:40.882884121Z E0128 09:30:40.882845       1 base_controller.go:279] "Unhandled Error" err="TargetConfigController reconciliation failed: no observedConfig"
2026-01-28T09:30:40.882884121Z I0128 09:30:40.882862       1 event.go:377] Event(v1.ObjectReference{Kind:"Deployment", Namespace:"openshift-kube-apiserver-operator", Name:"kube-apiserver-operator", UID:"0f90e131-ac50-4cb2-87c5-ad12ae1902a5", APIVersion:"apps/v1", ResourceVersion:"", FieldPath:""}): type: 'Warning' reason: 'ConfigMissing' no observedConfig
2026-01-28T09:30:41.062419435Z E0128 09:30:41.062382       1 base_controller.go:279] "Unhandled Error" err="TargetConfigController reconciliation failed: no observedConfig"
2026-01-28T09:30:41.062488139Z I0128 09:30:41.062466       1 event.go:377] Event(v1.ObjectReference{Kind:"Deployment", Namespace:"openshift-kube-apiserver-operator", Name:"kube-apiserver-operator", UID:"0f90e131-ac50-4cb2-87c5-ad12ae1902a5", APIVersion:"apps/v1", ResourceVersion:"", FieldPath:""}): type: 'Warning' reason: 'ConfigMissing' no observedConfig
2026-01-28T09:30:41.062538641Z I0128 09:30:41.062521       1 event.go:377] Event(v1.ObjectReference{Kind:"Deployment", Namespace:"openshift-kube-apiserver-operator", Name:"kube-apiserver-operator", UID:"0f90e131-ac50-4cb2-87c5-ad12ae1902a5", APIVersion:"apps/v1", ResourceVersion:"", FieldPath:""}): type: 'Normal' reason: 'ConfigMapCreated' Created ConfigMap/sa-token-signing-certs -n openshift-kube-apiserver because it was missing
2026-01-28T09:30:41.067934478Z E0128 09:30:41.067905       1 base_controller.go:279] "Unhandled Error" err="RevisionController reconciliation failed: configmap \"kube-apiserver-pod\" not found"
2026-01-28T09:30:41.068448704Z E0128 09:30:41.068429       1 base_controller.go:279] "Unhandled Error" err="NodeKubeconfigController reconciliation failed: \"secret/node-kubeconfigs\": secret \"node-system-admin-client\" not found"
2026-01-28T09:30:41.257724361Z I0128 09:30:41.257671       1 request.go:752] "Waited before sending request" delay="3.598057575s" reason="client-side throttling, not priority and fairness" verb="GET" URL="https://172.30.0.1:443/api/v1/namespaces/openshift-kube-apiserver/services/apiserver"
2026-01-28T09:30:41.461813762Z I0128 09:30:41.461768       1 event.go:377] Event(v1.ObjectReference{Kind:"Deployment", Namespace:"openshift-kube-apiserver-operator", Name:"kube-apiserver-operator", UID:"0f90e131-ac50-4cb2-87c5-ad12ae1902a5", APIVersion:"apps/v1", ResourceVersion:"", FieldPath:""}): type: 'Normal' reason: 'ServiceAccountCreated' Created ServiceAccount/installer-sa -n openshift-kube-apiserver because it was missing
2026-01-28T09:30:41.462015532Z E0128 09:30:41.461997       1 base_controller.go:279] "Unhandled Error" err="TargetConfigController reconciliation failed: no observedConfig"
2026-01-28T09:30:41.462098716Z I0128 09:30:41.462068       1 event.go:377] Event(v1.ObjectReference{Kind:"Deployment", Namespace:"openshift-kube-apiserver-operator", Name:"kube-apiserver-operator", UID:"0f90e131-ac50-4cb2-87c5-ad12ae1902a5", APIVersion:"apps/v1", ResourceVersion:"", FieldPath:""}): type: 'Warning' reason: 'ConfigMissing' no observedConfig
2026-01-28T09:30:41.466540875Z I0128 09:30:41.466500       1 event.go:377] Event(v1.ObjectReference{Kind:"Deployment", Namespace:"openshift-kube-apiserver-operator", Name:"kube-apiserver-operator", UID:"0f90e131-ac50-4cb2-87c5-ad12ae1902a5", APIVersion:"apps/v1", ResourceVersion:"", FieldPath:""}): type: 'Normal' reason: 'ClusterRoleBindingCreated' Created ClusterRoleBinding.rbac.authorization.k8s.io/system:openshift:operator:openshift-kube-apiserver-installer because it was missing
2026-01-28T09:30:41.670810626Z E0128 09:30:41.669067       1 base_controller.go:279] "Unhandled Error" err="RevisionController reconciliation failed: configmap \"kube-apiserver-pod\" not found"
2026-01-28T09:30:41.673085248Z E0128 09:30:41.671610       1 base_controller.go:279] "Unhandled Error" err="TargetConfigController reconciliation failed: no observedConfig"
2026-01-28T09:30:41.673147001Z I0128 09:30:41.671620       1 event.go:377] Event(v1.ObjectReference{Kind:"Deployment", Namespace:"openshift-kube-apiserver-operator", Name:"kube-apiserver-operator", UID:"0f90e131-ac50-4cb2-87c5-ad12ae1902a5", APIVersion:"apps/v1", ResourceVersion:"", FieldPath:""}): type: 'Warning' reason: 'ConfigMissing' no observedConfig
2026-01-28T09:30:41.673265447Z E0128 09:30:41.672785       1 base_controller.go:279] "Unhandled Error" err="NodeKubeconfigController reconciliation failed: \"secret/node-kubeconfigs\": secret \"node-system-admin-client\" not found"
2026-01-28T09:30:41.673303489Z I0128 09:30:41.672798       1 event.go:377] Event(v1.ObjectReference{Kind:"Deployment", Namespace:"openshift-kube-apiserver-operator", Name:"kube-apiserver-operator", UID:"0f90e131-ac50-4cb2-87c5-ad12ae1902a5", APIVersion:"apps/v1", ResourceVersion:"", FieldPath:""}): type: 'Normal' reason: 'ConfigMapCreated' Created ConfigMap/kube-apiserver-audit-policies -n openshift-kube-apiserver because it was missing
2026-01-28T09:30:41.863952087Z E0128 09:30:41.863886       1 guard_controller.go:310] Missing operand on node ip-10-0-102-200.us-west-1.compute.internal
2026-01-28T09:30:41.864118535Z E0128 09:30:41.864089       1 guard_controller.go:310] Missing operand on node ip-10-0-108-54.us-west-1.compute.internal
2026-01-28T09:30:41.864187819Z E0128 09:30:41.864158       1 guard_controller.go:310] Missing operand on node ip-10-0-3-203.us-west-1.compute.internal
2026-01-28T09:30:41.865313664Z E0128 09:30:41.865289       1 base_controller.go:279] "Unhandled Error" err="NodeKubeconfigController reconciliation failed: \"secret/node-kubeconfigs\": secret \"node-system-admin-client\" not found"
2026-01-28T09:30:41.865313664Z E0128 09:30:41.865289       1 base_controller.go:279] "Unhandled Error" err="GuardController reconciliation failed: [Missing operand on node ip-10-0-102-200.us-west-1.compute.internal, Missing operand on node ip-10-0-108-54.us-west-1.compute.internal, Missing operand on node ip-10-0-3-203.us-west-1.compute.internal]"
2026-01-28T09:30:41.865473882Z E0128 09:30:41.865447       1 base_controller.go:279] "Unhandled Error" err="TargetConfigController reconciliation failed: no observedConfig"
2026-01-28T09:30:41.865488533Z I0128 09:30:41.865470       1 event.go:377] Event(v1.ObjectReference{Kind:"Deployment", Namespace:"openshift-kube-apiserver-operator", Name:"kube-apiserver-operator", UID:"0f90e131-ac50-4cb2-87c5-ad12ae1902a5", APIVersion:"apps/v1", ResourceVersion:"", FieldPath:""}): type: 'Warning' reason: 'ConfigMissing' no observedConfig
2026-01-28T09:30:41.866464431Z I0128 09:30:41.866436       1 event.go:377] Event(v1.ObjectReference{Kind:"Deployment", Namespace:"openshift-kube-apiserver-operator", Name:"kube-apiserver-operator", UID:"0f90e131-ac50-4cb2-87c5-ad12ae1902a5", APIVersion:"apps/v1", ResourceVersion:"", FieldPath:""}): type: 'Normal' reason: 'SecretCreated' Created Secret/bound-service-account-signing-key -n openshift-kube-apiserver because it was missing
2026-01-28T09:30:41.866739634Z E0128 09:30:41.866717       1 base_controller.go:279] "Unhandled Error" err="RevisionController reconciliation failed: configmap \"kube-apiserver-pod\" not found"
2026-01-28T09:30:41.879049183Z E0128 09:30:41.876291       1 base_controller.go:279] "Unhandled Error" err="Installer reconciliation failed: missing required resources: [configmaps: bound-sa-token-signing-certs-0,config-0,etcd-serving-ca-0,kube-apiserver-audit-policies-0,kube-apiserver-cert-syncer-kubeconfig-0,kube-apiserver-pod-0,kubelet-serving-ca-0,sa-token-signing-certs-0, secrets: etcd-client-0,localhost-recovery-client-token-0,localhost-recovery-serving-certkey-0]"
2026-01-28T09:30:41.883429289Z I0128 09:30:41.883404       1 status_controller.go:230] clusteroperator/kube-apiserver diff {"status":{"conditions":[{"lastTransitionTime":"2026-01-28T09:30:35Z","message":"RevisionControllerDegraded: configmap \"kube-apiserver-pod\" not found\nInstallerControllerDegraded: missing required resources: [configmaps: bound-sa-token-signing-certs-0,config-0,etcd-serving-ca-0,kube-apiserver-audit-policies-0,kube-apiserver-cert-syncer-kubeconfig-0,kube-apiserver-pod-0,kubelet-serving-ca-0,sa-token-signing-certs-0, secrets: etcd-client-0,localhost-recovery-client-token-0,localhost-recovery-serving-certkey-0]\nNodeKubeconfigControllerDegraded: \"secret/node-kubeconfigs\": secret \"node-system-admin-client\" not found\nNodeControllerDegraded: All master nodes are ready\nGuardControllerDegraded: [Missing operand on node ip-10-0-102-200.us-west-1.compute.internal, Missing operand on node ip-10-0-108-54.us-west-1.compute.internal, Missing operand on node ip-10-0-3-203.us-west-1.compute.internal]","reason":"AsExpected","status":"False","type":"Degraded"},{"lastTransitionTime":"2026-01-28T09:30:35Z","message":"NodeInstallerProgressing: 3 nodes are at revision 0","reason":"AsExpected","status":"False","type":"Progressing"},{"lastTransitionTime":"2026-01-28T09:30:35Z","message":"StaticPodsAvailable: 0 nodes are active; 3 nodes are at revision 0","reason":"StaticPods_ZeroNodesActive","status":"False","type":"Available"},{"lastTransitionTime":"2026-01-28T09:30:35Z","message":"All is well","reason":"AsExpected","status":"True","type":"Upgradeable"},{"lastTransitionTime":"2026-01-28T09:30:35Z","reason":"NoData","status":"Unknown","type":"EvaluationConditionsDetected"}]}}
2026-01-28T09:30:41.884530633Z E0128 09:30:41.884512       1 base_controller.go:279] "Unhandled Error" err="TargetConfigController reconciliation failed: no observedConfig"
2026-01-28T09:30:41.884580676Z I0128 09:30:41.884563       1 event.go:377] Event(v1.ObjectReference{Kind:"Deployment", Namespace:"openshift-kube-apiserver-operator", Name:"kube-apiserver-operator", UID:"0f90e131-ac50-4cb2-87c5-ad12ae1902a5", APIVersion:"apps/v1", ResourceVersion:"", FieldPath:""}): type: 'Warning' reason: 'ConfigMissing' no observedConfig
2026-01-28T09:30:41.885370115Z E0128 09:30:41.885344       1 base_controller.go:279] "Unhandled Error" err="RevisionController reconciliation failed: configmap \"kube-apiserver-pod\" not found"
2026-01-28T09:30:41.885524302Z I0128 09:30:41.885503       1 connectivity_check_controller.go:172] ConnectivityCheckController is waiting for transition to desired version (4.20.0-0-2026-01-28-090915-test-ci-ln-vjb5l1t-latest) to be completed.
2026-01-28T09:30:41.886239938Z E0128 09:30:41.885914       1 base_controller.go:279] "Unhandled Error" err="NodeKubeconfigController reconciliation failed: \"secret/node-kubeconfigs\": secret \"node-system-admin-client\" not found"
2026-01-28T09:30:41.893276276Z I0128 09:30:41.893147       1 event.go:377] Event(v1.ObjectReference{Kind:"Deployment", Namespace:"openshift-kube-apiserver-operator", Name:"kube-apiserver-operator", UID:"0f90e131-ac50-4cb2-87c5-ad12ae1902a5", APIVersion:"apps/v1", ResourceVersion:"", FieldPath:""}): type: 'Normal' reason: 'OperatorStatusChanged' Status for clusteroperator/kube-apiserver changed: Progressing message changed from "All is well" to "NodeInstallerProgressing: 3 nodes are at revision 0",Available message changed from "StaticPodsAvailable: 0 nodes are active; " to "StaticPodsAvailable: 0 nodes are active; 3 nodes are at revision 0"
2026-01-28T09:30:42.062652043Z I0128 09:30:42.062609       1 cabundle.go:104] Created ca-bundle.crt configmap [#0]: "kube-apiserver-service-network-signer" [] issuer="<self-signed>" (Jan 28 09:13:03 2026 to Jan 26 09:13:03 2036 (now=Jan 28 09:30:29 2026))/openshift-kube-apiserver-operator with:
2026-01-28T09:30:42.062652043Z service-network-serving-ca
2026-01-28T09:30:42.062740387Z I0128 09:30:42.062707       1 annotations.go:52] Updating "openshift.io/owning-component" annotation for openshift-kube-apiserver/service-network-serving-certkey, diff:   string(
2026-01-28T09:30:42.062740387Z - 	"",
2026-01-28T09:30:42.062740387Z + 	"kube-apiserver",
2026-01-28T09:30:42.062740387Z   )
2026-01-28T09:30:42.062740387Z I0128 09:30:42.062732       1 annotations.go:58] Updating "openshift.io/description" annotation for openshift-kube-apiserver/service-network-serving-certkey, diff:   string(
2026-01-28T09:30:42.062740387Z - 	"",
2026-01-28T09:30:42.062740387Z + 	"Serving certificate used by the kube-apiserver to terminate requests via the service network.",
2026-01-28T09:30:42.062740387Z   )
2026-01-28T09:30:42.062765808Z I0128 09:30:42.062751       1 annotations.go:70] Updating "certificates.openshift.io/auto-regenerate-after-offline-expiry" annotation for openshift-kube-apiserver/service-network-serving-certkey, diff:   string(
2026-01-28T09:30:42.062765808Z - 	"",
2026-01-28T09:30:42.062765808Z + 	"https://github.com/openshift/cluster-kube-apiserver-operator/pull/1631,'[Conformance][sig-api-machinery][Feature:APIServer] kube-apiserver should be accessible via service network endpoint [Suite:openshift/conformance/parallel/minimal]'",
2026-01-28T09:30:42.062765808Z   )
2026-01-28T09:30:42.062875094Z E0128 09:30:42.062852       1 base_controller.go:279] "Unhandled Error" err="TargetConfigController reconciliation failed: no observedConfig"
2026-01-28T09:30:42.062910095Z I0128 09:30:42.062878       1 event.go:377] Event(v1.ObjectReference{Kind:"Deployment", Namespace:"openshift-kube-apiserver-operator", Name:"kube-apiserver-operator", UID:"0f90e131-ac50-4cb2-87c5-ad12ae1902a5", APIVersion:"apps/v1", ResourceVersion:"", FieldPath:""}): type: 'Warning' reason: 'ConfigMissing' no observedConfig
2026-01-28T09:30:42.063042912Z I0128 09:30:42.063006       1 event.go:377] Event(v1.ObjectReference{Kind:"Deployment", Namespace:"openshift-kube-apiserver-operator", Name:"kube-apiserver-operator", UID:"0f90e131-ac50-4cb2-87c5-ad12ae1902a5", APIVersion:"apps/v1", ResourceVersion:"", FieldPath:""}): type: 'Normal' reason: 'ConfigMapCreated' Created ConfigMap/service-network-serving-ca -n openshift-kube-apiserver-operator because it was missing
2026-01-28T09:30:42.063086784Z I0128 09:30:42.063069       1 event.go:377] Event(v1.ObjectReference{Kind:"Deployment", Namespace:"openshift-kube-apiserver-operator", Name:"kube-apiserver-operator", UID:"0f90e131-ac50-4cb2-87c5-ad12ae1902a5", APIVersion:"apps/v1", ResourceVersion:"", FieldPath:""}): type: 'Normal' reason: 'TargetUpdateRequired' "service-network-serving-certkey" in "openshift-kube-apiserver" requires a new target cert/key pair: secret doesn't exist
2026-01-28T09:30:42.064118075Z E0128 09:30:42.064091       1 base_controller.go:279] "Unhandled Error" err="NodeKubeconfigController reconciliation failed: \"secret/node-kubeconfigs\": secret \"node-system-admin-client\" not found"
2026-01-28T09:30:42.262416151Z I0128 09:30:42.262367       1 cabundle.go:104] Created ca-bundle.crt configmap [#0]: "aggregator-signer" [] issuer="<self-signed>" (Jan 28 09:13:04 2026 to Jan 29 09:13:04 2026 (now=Jan 28 09:30:29 2026))/openshift-config-managed with:
2026-01-28T09:30:42.262416151Z kube-apiserver-aggregator-client-ca
2026-01-28T09:30:42.262467763Z I0128 09:30:42.262451       1 annotations.go:52] Updating "openshift.io/owning-component" annotation for openshift-kube-apiserver/aggregator-client, diff:   string(
2026-01-28T09:30:42.262467763Z - 	"",
2026-01-28T09:30:42.262467763Z + 	"kube-apiserver",
2026-01-28T09:30:42.262467763Z   )
2026-01-28T09:30:42.262486924Z I0128 09:30:42.262474       1 annotations.go:58] Updating "openshift.io/description" annotation for openshift-kube-apiserver/aggregator-client, diff:   string(
2026-01-28T09:30:42.262486924Z - 	"",
2026-01-28T09:30:42.262486924Z + 	"Client certificate used by the kube-apiserver to communicate to aggregated apiservers.",
2026-01-28T09:30:42.262486924Z   )
2026-01-28T09:30:42.262500445Z I0128 09:30:42.262493       1 annotations.go:70] Updating "certificates.openshift.io/auto-regenerate-after-offline-expiry" annotation for openshift-kube-apiserver/aggregator-client, diff:   string(
2026-01-28T09:30:42.262500445Z - 	"",
2026-01-28T09:30:42.262500445Z + 	"https://github.com/openshift/cluster-kube-apiserver-operator/pull/1631,'[sig-cli] oc adm new-project [apigroup:project.openshift.io][apigroup:authorization.openshift.io] [Suite:openshift/conformance/parallel]'",
2026-01-28T09:30:42.262500445Z   )
2026-01-28T09:30:42.263461992Z I0128 09:30:42.263436       1 request.go:752] "Waited before sending request" delay="1.802566258s" reason="client-side throttling, not priority and fairness" verb="PUT" URL="https://172.30.0.1:443/apis/operator.openshift.io/v1/kubeapiservers/cluster/status"
2026-01-28T09:30:42.263804689Z E0128 09:30:42.263763       1 base_controller.go:279] "Unhandled Error" err="TargetConfigController reconciliation failed: no observedConfig"
2026-01-28T09:30:42.263804689Z I0128 09:30:42.263787       1 event.go:377] Event(v1.ObjectReference{Kind:"Deployment", Namespace:"openshift-kube-apiserver-operator", Name:"kube-apiserver-operator", UID:"0f90e131-ac50-4cb2-87c5-ad12ae1902a5", APIVersion:"apps/v1", ResourceVersion:"", FieldPath:""}): type: 'Warning' reason: 'ConfigMissing' no observedConfig
2026-01-28T09:30:42.263918445Z I0128 09:30:42.263890       1 event.go:377] Event(v1.ObjectReference{Kind:"Deployment", Namespace:"openshift-kube-apiserver-operator", Name:"kube-apiserver-operator", UID:"0f90e131-ac50-4cb2-87c5-ad12ae1902a5", APIVersion:"apps/v1", ResourceVersion:"", FieldPath:""}): type: 'Normal' reason: 'ConfigMapCreated' Created ConfigMap/kube-apiserver-aggregator-client-ca -n openshift-config-managed because it was missing
2026-01-28T09:30:42.263918445Z I0128 09:30:42.263905       1 event.go:377] Event(v1.ObjectReference{Kind:"Deployment", Namespace:"openshift-kube-apiserver-operator", Name:"kube-apiserver-operator", UID:"0f90e131-ac50-4cb2-87c5-ad12ae1902a5", APIVersion:"apps/v1", ResourceVersion:"", FieldPath:""}): type: 'Normal' reason: 'TargetUpdateRequired' "aggregator-client" in "openshift-kube-apiserver" requires a new target cert/key pair: secret doesn't exist
2026-01-28T09:30:42.346195149Z I0128 09:30:42.346009       1 annotations.go:76] Updating "auth.openshift.io/certificate-not-before" annotation for aggregator-client/openshift-kube-apiserver, diff:   string(
2026-01-28T09:30:42.346195149Z - 	"",
2026-01-28T09:30:42.346195149Z + 	"2026-01-28T09:30:41Z",
2026-01-28T09:30:42.346195149Z   )
2026-01-28T09:30:42.346195149Z I0128 09:30:42.346132       1 annotations.go:82] Updating "auth.openshift.io/certificate-not-after" annotation for aggregator-client/openshift-kube-apiserver, diff:   string(
2026-01-28T09:30:42.346195149Z - 	"",
2026-01-28T09:30:42.346195149Z + 	"2026-01-29T09:13:04Z",
2026-01-28T09:30:42.346195149Z   )
2026-01-28T09:30:42.346195149Z I0128 09:30:42.346146       1 annotations.go:88] Updating "certificates.openshift.io/refresh-period" annotation for aggregator-client/openshift-kube-apiserver, diff:   string(
2026-01-28T09:30:42.346195149Z - 	"",
2026-01-28T09:30:42.346195149Z + 	"360h0m0s",
2026-01-28T09:30:42.346195149Z   )
2026-01-28T09:30:42.378475114Z I0128 09:30:42.378277       1 annotations.go:76] Updating "auth.openshift.io/certificate-not-before" annotation for service-network-serving-certkey/openshift-kube-apiserver, diff:   string(
2026-01-28T09:30:42.378475114Z - 	"",
2026-01-28T09:30:42.378475114Z + 	"2026-01-28T09:30:41Z",
2026-01-28T09:30:42.378475114Z   )
2026-01-28T09:30:42.378475114Z I0128 09:30:42.378306       1 annotations.go:82] Updating "auth.openshift.io/certificate-not-after" annotation for service-network-serving-certkey/openshift-kube-apiserver, diff:   string(
2026-01-28T09:30:42.378475114Z - 	"",
2026-01-28T09:30:42.378475114Z + 	"2026-02-27T09:30:42Z",
2026-01-28T09:30:42.378475114Z   )
2026-01-28T09:30:42.378475114Z I0128 09:30:42.378320       1 annotations.go:88] Updating "certificates.openshift.io/refresh-period" annotation for service-network-serving-certkey/openshift-kube-apiserver, diff:   string(
2026-01-28T09:30:42.378475114Z - 	"",
2026-01-28T09:30:42.378475114Z + 	"360h0m0s",
2026-01-28T09:30:42.378475114Z   )
2026-01-28T09:30:42.419763253Z E0128 09:30:42.419702       1 base_controller.go:279] "Unhandled Error" err="TargetConfigController reconciliation failed: no observedConfig"
2026-01-28T09:30:42.419845457Z I0128 09:30:42.419821       1 event.go:377] Event(v1.ObjectReference{Kind:"Deployment", Namespace:"openshift-kube-apiserver-operator", Name:"kube-apiserver-operator", UID:"0f90e131-ac50-4cb2-87c5-ad12ae1902a5", APIVersion:"apps/v1", ResourceVersion:"", FieldPath:""}): type: 'Warning' reason: 'ConfigMissing' no observedConfig
2026-01-28T09:30:42.425448745Z E0128 09:30:42.425419       1 base_controller.go:279] "Unhandled Error" err="TargetConfigController reconciliation failed: no observedConfig"
2026-01-28T09:30:42.425526068Z I0128 09:30:42.425503       1 event.go:377] Event(v1.ObjectReference{Kind:"Deployment", Namespace:"openshift-kube-apiserver-operator", Name:"kube-apiserver-operator", UID:"0f90e131-ac50-4cb2-87c5-ad12ae1902a5", APIVersion:"apps/v1", ResourceVersion:"", FieldPath:""}): type: 'Warning' reason: 'ConfigMissing' no observedConfig
2026-01-28T09:30:42.463081593Z I0128 09:30:42.463047       1 cabundle.go:104] Created ca-bundle.crt configmap [#0]: "kube-control-plane-signer" [] issuer="<self-signed>" (Jan 28 09:13:06 2026 to Jan 28 09:13:06 2027 (now=Jan 28 09:30:29 2026))/openshift-kube-apiserver-operator with:
2026-01-28T09:30:42.463081593Z kube-control-plane-signer-ca
2026-01-28T09:30:42.463216340Z I0128 09:30:42.463198       1 annotations.go:52] Updating "openshift.io/owning-component" annotation for openshift-config-managed/kube-scheduler-client-cert-key, diff:   string(
2026-01-28T09:30:42.463216340Z - 	"",
2026-01-28T09:30:42.463216340Z + 	"kube-apiserver",
2026-01-28T09:30:42.463216340Z   )
2026-01-28T09:30:42.463264382Z I0128 09:30:42.463251       1 annotations.go:58] Updating "openshift.io/description" annotation for openshift-config-managed/kube-scheduler-client-cert-key, diff:   string(
2026-01-28T09:30:42.463264382Z - 	"",
2026-01-28T09:30:42.463264382Z + 	"Client certificate used by the kube-scheduler to authenticate to the kube-apiserver.",
2026-01-28T09:30:42.463264382Z   )
2026-01-28T09:30:42.463313255Z I0128 09:30:42.463299       1 annotations.go:70] Updating "certificates.openshift.io/auto-regenerate-after-offline-expiry" annotation for openshift-config-managed/kube-scheduler-client-cert-key, diff:   string(
2026-01-28T09:30:42.463313255Z - 	"",
2026-01-28T09:30:42.463313255Z + 	"https://github.com/openshift/cluster-kube-apiserver-operator/pull/1631,'[sig-apps] Deployment RollingUpdateDeployment should delete old pods and create new ones [Conformance] [Suite:openshift/conformance/parallel/minimal] [Suite:k8s]'",
2026-01-28T09:30:42.463313255Z   )
2026-01-28T09:30:42.464450561Z E0128 09:30:42.464427       1 base_controller.go:279] "Unhandled Error" err="TargetConfigController reconciliation failed: no observedConfig"
2026-01-28T09:30:42.464508594Z I0128 09:30:42.464487       1 event.go:377] Event(v1.ObjectReference{Kind:"Deployment", Namespace:"openshift-kube-apiserver-operator", Name:"kube-apiserver-operator", UID:"0f90e131-ac50-4cb2-87c5-ad12ae1902a5", APIVersion:"apps/v1", ResourceVersion:"", FieldPath:""}): type: 'Warning' reason: 'ConfigMissing' no observedConfig
2026-01-28T09:30:42.465175067Z I0128 09:30:42.465147       1 event.go:377] Event(v1.ObjectReference{Kind:"Deployment", Namespace:"openshift-kube-apiserver-operator", Name:"kube-apiserver-operator", UID:"0f90e131-ac50-4cb2-87c5-ad12ae1902a5", APIVersion:"apps/v1", ResourceVersion:"", FieldPath:""}): type: 'Normal' reason: 'ConfigMapCreated' Created ConfigMap/kube-control-plane-signer-ca -n openshift-kube-apiserver-operator because it was missing
2026-01-28T09:30:42.465175067Z I0128 09:30:42.465166       1 event.go:377] Event(v1.ObjectReference{Kind:"Deployment", Namespace:"openshift-kube-apiserver-operator", Name:"kube-apiserver-operator", UID:"0f90e131-ac50-4cb2-87c5-ad12ae1902a5", APIVersion:"apps/v1", ResourceVersion:"", FieldPath:""}): type: 'Normal' reason: 'TargetUpdateRequired' "kube-scheduler-client-cert-key" in "openshift-config-managed" requires a new target cert/key pair: secret doesn't exist
2026-01-28T09:30:42.466076451Z E0128 09:30:42.466001       1 base_controller.go:279] "Unhandled Error" err="NodeKubeconfigController reconciliation failed: \"secret/node-kubeconfigs\": secret \"node-system-admin-client\" not found"
2026-01-28T09:30:42.528744307Z I0128 09:30:42.528705       1 annotations.go:76] Updating "auth.openshift.io/certificate-not-before" annotation for kube-scheduler-client-cert-key/openshift-config-managed, diff:   string(
2026-01-28T09:30:42.528744307Z - 	"",
2026-01-28T09:30:42.528744307Z + 	"2026-01-28T09:30:41Z",
2026-01-28T09:30:42.528744307Z   )
2026-01-28T09:30:42.528744307Z I0128 09:30:42.528735       1 annotations.go:82] Updating "auth.openshift.io/certificate-not-after" annotation for kube-scheduler-client-cert-key/openshift-config-managed, diff:   string(
2026-01-28T09:30:42.528744307Z - 	"",
2026-01-28T09:30:42.528744307Z + 	"2026-02-27T09:30:42Z",
2026-01-28T09:30:42.528744307Z   )
2026-01-28T09:30:42.528773689Z I0128 09:30:42.528750       1 annotations.go:88] Updating "certificates.openshift.io/refresh-period" annotation for kube-scheduler-client-cert-key/openshift-config-managed, diff:   string(
2026-01-28T09:30:42.528773689Z - 	"",
2026-01-28T09:30:42.528773689Z + 	"360h0m0s",
2026-01-28T09:30:42.528773689Z   )
2026-01-28T09:30:42.825887936Z E0128 09:30:42.825083       1 base_controller.go:279] "Unhandled Error" err="TargetConfigController reconciliation failed: no observedConfig"
2026-01-28T09:30:42.825887936Z I0128 09:30:42.825112       1 event.go:377] Event(v1.ObjectReference{Kind:"Deployment", Namespace:"openshift-kube-apiserver-operator", Name:"kube-apiserver-operator", UID:"0f90e131-ac50-4cb2-87c5-ad12ae1902a5", APIVersion:"apps/v1", ResourceVersion:"", FieldPath:""}): type: 'Warning' reason: 'ConfigMissing' no observedConfig
2026-01-28T09:30:42.828524856Z E0128 09:30:42.828505       1 base_controller.go:279] "Unhandled Error" err="TargetConfigController reconciliation failed: no observedConfig"
2026-01-28T09:30:42.828573848Z I0128 09:30:42.828557       1 event.go:377] Event(v1.ObjectReference{Kind:"Deployment", Namespace:"openshift-kube-apiserver-operator", Name:"kube-apiserver-operator", UID:"0f90e131-ac50-4cb2-87c5-ad12ae1902a5", APIVersion:"apps/v1", ResourceVersion:"", FieldPath:""}): type: 'Warning' reason: 'ConfigMissing' no observedConfig
2026-01-28T09:30:42.861631772Z I0128 09:30:42.861597       1 cabundle.go:104] Created ca-bundle.crt configmap [#0]: "kube-apiserver-to-kubelet-signer" [] issuer="<self-signed>" (Jan 28 09:13:07 2026 to Jan 28 09:13:07 2027 (now=Jan 28 09:30:29 2026))/openshift-kube-apiserver-operator with:
2026-01-28T09:30:42.861631772Z kube-apiserver-to-kubelet-client-ca
2026-01-28T09:30:42.861763858Z I0128 09:30:42.861748       1 annotations.go:52] Updating "openshift.io/owning-component" annotation for openshift-kube-apiserver/kubelet-client, diff:   string(
2026-01-28T09:30:42.861763858Z - 	"",
2026-01-28T09:30:42.861763858Z + 	"kube-apiserver",
2026-01-28T09:30:42.861763858Z   )
2026-01-28T09:30:42.861812521Z I0128 09:30:42.861799       1 annotations.go:58] Updating "openshift.io/description" annotation for openshift-kube-apiserver/kubelet-client, diff:   string(
2026-01-28T09:30:42.861812521Z - 	"",
2026-01-28T09:30:42.861812521Z + 	"Client certificate used by the kube-apiserver to authenticate to the kubelet for requests like exec and logs.",
2026-01-28T09:30:42.861812521Z   )
2026-01-28T09:30:42.861859843Z I0128 09:30:42.861847       1 annotations.go:70] Updating "certificates.openshift.io/auto-regenerate-after-offline-expiry" annotation for openshift-kube-apiserver/kubelet-client, diff:   string(
2026-01-28T09:30:42.861859843Z - 	"",
2026-01-28T09:30:42.861859843Z + 	"https://github.com/openshift/cluster-kube-apiserver-operator/pull/1631,'[sig-cli] Kubectl logs logs should be able to retrieve and filter logs  [Conformance] [Suite:openshift/conformance/parallel/minimal] [Suite:k8s]'",
2026-01-28T09:30:42.861859843Z   )
2026-01-28T09:30:42.863218210Z E0128 09:30:42.863195       1 base_controller.go:279] "Unhandled Error" err="TargetConfigController reconciliation failed: no observedConfig"
2026-01-28T09:30:42.864686562Z I0128 09:30:42.864659       1 event.go:377] Event(v1.ObjectReference{Kind:"Deployment", Namespace:"openshift-kube-apiserver-operator", Name:"kube-apiserver-operator", UID:"0f90e131-ac50-4cb2-87c5-ad12ae1902a5", APIVersion:"apps/v1", ResourceVersion:"", FieldPath:""}): type: 'Warning' reason: 'ConfigMissing' no observedConfig
2026-01-28T09:30:42.864898913Z I0128 09:30:42.864877       1 event.go:377] Event(v1.ObjectReference{Kind:"Deployment", Namespace:"openshift-kube-apiserver-operator", Name:"kube-apiserver-operator", UID:"0f90e131-ac50-4cb2-87c5-ad12ae1902a5", APIVersion:"apps/v1", ResourceVersion:"", FieldPath:""}): type: 'Normal' reason: 'ConfigMapCreated' Created ConfigMap/kube-apiserver-to-kubelet-client-ca -n openshift-kube-apiserver-operator because it was missing
2026-01-28T09:30:42.864910494Z I0128 09:30:42.864894       1 event.go:377] Event(v1.ObjectReference{Kind:"Deployment", Namespace:"openshift-kube-apiserver-operator", Name:"kube-apiserver-operator", UID:"0f90e131-ac50-4cb2-87c5-ad12ae1902a5", APIVersion:"apps/v1", ResourceVersion:"", FieldPath:""}): type: 'Normal' reason: 'TargetUpdateRequired' "kubelet-client" in "openshift-kube-apiserver" requires a new target cert/key pair: secret doesn't exist
2026-01-28T09:30:42.865509813Z E0128 09:30:42.865489       1 base_controller.go:279] "Unhandled Error" err="NodeKubeconfigController reconciliation failed: \"secret/node-kubeconfigs\": secret \"node-system-admin-client\" not found"
2026-01-28T09:30:43.061507605Z E0128 09:30:43.061433       1 base_controller.go:279] "Unhandled Error" err="TargetConfigController reconciliation failed: no observedConfig"
2026-01-28T09:30:43.061507605Z I0128 09:30:43.061465       1 event.go:377] Event(v1.ObjectReference{Kind:"Deployment", Namespace:"openshift-kube-apiserver-operator", Name:"kube-apiserver-operator", UID:"0f90e131-ac50-4cb2-87c5-ad12ae1902a5", APIVersion:"apps/v1", ResourceVersion:"", FieldPath:""}): type: 'Warning' reason: 'ConfigMissing' no observedConfig
2026-01-28T09:30:43.063013529Z E0128 09:30:43.062869       1 base_controller.go:279] "Unhandled Error" err="NodeKubeconfigController reconciliation failed: \"secret/node-kubeconfigs\": secret \"node-system-admin-client\" not found"
2026-01-28T09:30:43.063142366Z I0128 09:30:43.063081       1 cabundle.go:104] Created ca-bundle.crt configmap [#0]: "kube-apiserver-lb-signer" [] issuer="<self-signed>" (Jan 28 09:13:03 2026 to Jan 26 09:13:03 2036 (now=Jan 28 09:30:29 2026))/openshift-kube-apiserver-operator with:
2026-01-28T09:30:43.063142366Z loadbalancer-serving-ca
2026-01-28T09:30:43.063224780Z I0128 09:30:43.063157       1 annotations.go:52] Updating "openshift.io/owning-component" annotation for openshift-kube-apiserver/external-loadbalancer-serving-certkey, diff:   string(
2026-01-28T09:30:43.063224780Z - 	"",
2026-01-28T09:30:43.063224780Z + 	"kube-apiserver",
2026-01-28T09:30:43.063224780Z   )
2026-01-28T09:30:43.063224780Z I0128 09:30:43.063178       1 annotations.go:58] Updating "openshift.io/description" annotation for openshift-kube-apiserver/external-loadbalancer-serving-certkey, diff:   string(
2026-01-28T09:30:43.063224780Z - 	"",
2026-01-28T09:30:43.063224780Z + 	"Serving certificate used by the kube-apiserver to terminate requests via the external load balancer.",
2026-01-28T09:30:43.063224780Z   )
2026-01-28T09:30:43.063224780Z I0128 09:30:43.063199       1 annotations.go:70] Updating "certificates.openshift.io/auto-regenerate-after-offline-expiry" annotation for openshift-kube-apiserver/external-loadbalancer-serving-certkey, diff:   string(
2026-01-28T09:30:43.063224780Z - 	"",
2026-01-28T09:30:43.063224780Z + 	"https://github.com/openshift/cluster-kube-apiserver-operator/pull/1631,'[sig-apps] Deployment RollingUpdateDeployment should delete old pods and create new ones [Conformance] [Suite:openshift/conformance/parallel/minimal] [Suite:k8s]'",
2026-01-28T09:30:43.063224780Z   )
2026-01-28T09:30:43.065729114Z I0128 09:30:43.065699       1 event.go:377] Event(v1.ObjectReference{Kind:"Deployment", Namespace:"openshift-kube-apiserver-operator", Name:"kube-apiserver-operator", UID:"0f90e131-ac50-4cb2-87c5-ad12ae1902a5", APIVersion:"apps/v1", ResourceVersion:"", FieldPath:""}): type: 'Normal' reason: 'ConfigMapCreated' Created ConfigMap/loadbalancer-serving-ca -n openshift-kube-apiserver-operator because it was missing
2026-01-28T09:30:43.065729114Z I0128 09:30:43.065717       1 event.go:377] Event(v1.ObjectReference{Kind:"Deployment", Namespace:"openshift-kube-apiserver-operator", Name:"kube-apiserver-operator", UID:"0f90e131-ac50-4cb2-87c5-ad12ae1902a5", APIVersion:"apps/v1", ResourceVersion:"", FieldPath:""}): type: 'Normal' reason: 'TargetUpdateRequired' "external-loadbalancer-serving-certkey" in "openshift-kube-apiserver" requires a new target cert/key pair: secret doesn't exist
2026-01-28T09:30:43.070741682Z E0128 09:30:43.070710       1 base_controller.go:279] "Unhandled Error" err="PodSecurityReadinessController reconciliation failed: Operation cannot be fulfilled on kubeapiservers.operator.openshift.io \"cluster\": the object has been modified; please apply your changes to the latest version and try again"
2026-01-28T09:30:43.079754617Z E0128 09:30:43.079733       1 podsecurityreadinesscontroller.go:88] "namespace:" err="unable to determine if the namespace is violating because no appropriate labels or annotations were found" kube-node-lease="(MISSING)"
2026-01-28T09:30:43.079888743Z E0128 09:30:43.079872       1 podsecurityreadinesscontroller.go:88] "namespace:" err="unable to determine if the namespace is violating because no appropriate labels or annotations were found" openshift-apiserver-operator="(MISSING)"
2026-01-28T09:30:43.080009459Z E0128 09:30:43.079994       1 podsecurityreadinesscontroller.go:88] "namespace:" err="unable to determine if the namespace is violating because no appropriate labels or annotations were found" openshift-cloud-credential-operator="(MISSING)"
2026-01-28T09:30:43.080133995Z E0128 09:30:43.080120       1 podsecurityreadinesscontroller.go:88] "namespace:" err="unable to determine if the namespace is violating because no appropriate labels or annotations were found" openshift-cloud-network-config-controller="(MISSING)"
2026-01-28T09:30:43.080288093Z E0128 09:30:43.080270       1 podsecurityreadinesscontroller.go:88] "namespace:" err="unable to determine if the namespace is violating because no appropriate labels or annotations were found" openshift-cluster-olm-operator="(MISSING)"
2026-01-28T09:30:43.080403119Z E0128 09:30:43.080389       1 podsecurityreadinesscontroller.go:88] "namespace:" err="unable to determine if the namespace is violating because no appropriate labels or annotations were found" openshift-cluster-samples-operator="(MISSING)"
2026-01-28T09:30:43.080518594Z E0128 09:30:43.080504       1 podsecurityreadinesscontroller.go:88] "namespace:" err="unable to determine if the namespace is violating because no appropriate labels or annotations were found" openshift-cluster-storage-operator="(MISSING)"
2026-01-28T09:30:43.080617499Z E0128 09:30:43.080604       1 podsecurityreadinesscontroller.go:88] "namespace:" err="unable to determine if the namespace is violating because no appropriate labels or annotations were found" openshift-config-managed="(MISSING)"
2026-01-28T09:30:43.080710294Z E0128 09:30:43.080698       1 podsecurityreadinesscontroller.go:88] "namespace:" err="unable to determine if the namespace is violating because no appropriate labels or annotations were found" openshift-config-operator="(MISSING)"
2026-01-28T09:30:43.080828580Z E0128 09:30:43.080812       1 podsecurityreadinesscontroller.go:88] "namespace:" err="unable to determine if the namespace is violating because no appropriate labels or annotations were found" openshift-console="(MISSING)"
2026-01-28T09:30:43.080935605Z E0128 09:30:43.080921       1 podsecurityreadinesscontroller.go:88] "namespace:" err="unable to determine if the namespace is violating because no appropriate labels or annotations were found" openshift-console-operator="(MISSING)"
2026-01-28T09:30:43.081043770Z E0128 09:30:43.081015       1 podsecurityreadinesscontroller.go:88] "namespace:" err="unable to determine if the namespace is violating because no appropriate labels or annotations were found" openshift-console-user-settings="(MISSING)"
2026-01-28T09:30:43.081156976Z E0128 09:30:43.081141       1 podsecurityreadinesscontroller.go:88] "namespace:" err="unable to determine if the namespace is violating because no appropriate labels or annotations were found" openshift-controller-manager-operator="(MISSING)"
2026-01-28T09:30:43.081261801Z E0128 09:30:43.081249       1 podsecurityreadinesscontroller.go:88] "namespace:" err="unable to determine if the namespace is violating because no appropriate labels or annotations were found" openshift-dns-operator="(MISSING)"
2026-01-28T09:30:43.081356256Z E0128 09:30:43.081344       1 podsecurityreadinesscontroller.go:88] "namespace:" err="unable to determine if the namespace is violating because no appropriate labels or annotations were found" openshift-host-network="(MISSING)"
2026-01-28T09:30:43.081466921Z E0128 09:30:43.081450       1 podsecurityreadinesscontroller.go:88] "namespace:" err="unable to determine if the namespace is violating because no appropriate labels or annotations were found" openshift-ingress-operator="(MISSING)"
2026-01-28T09:30:43.081630099Z E0128 09:30:43.081616       1 podsecurityreadinesscontroller.go:88] "namespace:" err="unable to determine if the namespace is violating because no appropriate labels or annotations were found" openshift-kube-controller-manager-operator="(MISSING)"
2026-01-28T09:30:43.081722624Z E0128 09:30:43.081707       1 podsecurityreadinesscontroller.go:88] "namespace:" err="unable to determine if the namespace is violating because no appropriate labels or annotations were found" openshift-kube-storage-version-migrator="(MISSING)"
2026-01-28T09:30:43.081826079Z E0128 09:30:43.081813       1 podsecurityreadinesscontroller.go:88] "namespace:" err="unable to determine if the namespace is violating because no appropriate labels or annotations were found" openshift-kube-storage-version-migrator-operator="(MISSING)"
2026-01-28T09:30:43.081905203Z E0128 09:30:43.081894       1 podsecurityreadinesscontroller.go:88] "namespace:" err="unable to determine if the namespace is violating because no appropriate labels or annotations were found" openshift-network-console="(MISSING)"
2026-01-28T09:30:43.081994997Z E0128 09:30:43.081980       1 podsecurityreadinesscontroller.go:88] "namespace:" err="unable to determine if the namespace is violating because no appropriate labels or annotations were found" openshift-network-diagnostics="(MISSING)"
2026-01-28T09:30:43.082099632Z E0128 09:30:43.082083       1 podsecurityreadinesscontroller.go:88] "namespace:" err="unable to determine if the namespace is violating because no appropriate labels or annotations were found" openshift-service-ca="(MISSING)"
2026-01-28T09:30:43.082203457Z E0128 09:30:43.082191       1 podsecurityreadinesscontroller.go:88] "namespace:" err="unable to determine if the namespace is violating because no appropriate labels or annotations were found" openshift-service-ca-operator="(MISSING)"
2026-01-28T09:30:43.082325194Z E0128 09:30:43.082309       1 podsecurityreadinesscontroller.go:88] "namespace:" err="unable to determine if the namespace is violating because no appropriate labels or annotations were found" openshift-user-workload-monitoring="(MISSING)"
2026-01-28T09:30:43.268300161Z I0128 09:30:43.266954       1 annotations.go:76] Updating "auth.openshift.io/certificate-not-before" annotation for kubelet-client/openshift-kube-apiserver, diff:   string(
2026-01-28T09:30:43.268300161Z - 	"",
2026-01-28T09:30:43.268300161Z + 	"2026-01-28T09:30:42Z",
2026-01-28T09:30:43.268300161Z   )
2026-01-28T09:30:43.268300161Z I0128 09:30:43.266984       1 annotations.go:82] Updating "auth.openshift.io/certificate-not-after" annotation for kubelet-client/openshift-kube-apiserver, diff:   string(
2026-01-28T09:30:43.268300161Z - 	"",
2026-01-28T09:30:43.268300161Z + 	"2026-02-27T09:30:43Z",
2026-01-28T09:30:43.268300161Z   )
2026-01-28T09:30:43.268300161Z I0128 09:30:43.266998       1 annotations.go:88] Updating "certificates.openshift.io/refresh-period" annotation for kubelet-client/openshift-kube-apiserver, diff:   string(
2026-01-28T09:30:43.268300161Z - 	"",
2026-01-28T09:30:43.268300161Z + 	"360h0m0s",
2026-01-28T09:30:43.268300161Z   )
2026-01-28T09:30:43.268300161Z I0128 09:30:43.267116       1 request.go:752] "Waited before sending request" delay="1.799660112s" reason="client-side throttling, not priority and fairness" verb="PATCH" URL="https://172.30.0.1:443/apis/operator.openshift.io/v1/kubeapiservers/cluster/status?fieldManager=BackingResourceController-StaticResources&force=true"
2026-01-28T09:30:43.268571904Z I0128 09:30:43.268553       1 cabundle.go:104] Created ca-bundle.crt configmap [#0]: "kube-apiserver-localhost-signer" [] issuer="<self-signed>" (Jan 28 09:13:03 2026 to Jan 26 09:13:03 2036 (now=Jan 28 09:30:29 2026))/openshift-kube-apiserver-operator with:
2026-01-28T09:30:43.268571904Z localhost-serving-ca
2026-01-28T09:30:43.268643828Z I0128 09:30:43.268630       1 annotations.go:52] Updating "openshift.io/owning-component" annotation for openshift-kube-apiserver/localhost-serving-cert-certkey, diff:   string(
2026-01-28T09:30:43.268643828Z - 	"",
2026-01-28T09:30:43.268643828Z + 	"kube-apiserver",
2026-01-28T09:30:43.268643828Z   )
2026-01-28T09:30:43.268690930Z I0128 09:30:43.268680       1 annotations.go:58] Updating "openshift.io/description" annotation for openshift-kube-apiserver/localhost-serving-cert-certkey, diff:   string(
2026-01-28T09:30:43.268690930Z - 	"",
2026-01-28T09:30:43.268690930Z + 	"Serving certificate used by the kube-apiserver to terminate requests via localhost.",
2026-01-28T09:30:43.268690930Z   )
2026-01-28T09:30:43.268731062Z I0128 09:30:43.268720       1 annotations.go:70] Updating "certificates.openshift.io/auto-regenerate-after-offline-expiry" annotation for openshift-kube-apiserver/localhost-serving-cert-certkey, diff:   string(
2026-01-28T09:30:43.268731062Z - 	"",
2026-01-28T09:30:43.268731062Z + 	`https://github.com/openshift/cluster-kube-apiserver-operator/pull/1631,'[Conformance][sig-api-machinery][Feature:APIServer] local kubeconfig "localhost.kubeconfig" should be present on all masters and work [apigroup:config.openshift.io] [Suite:openshift/co`...,
2026-01-28T09:30:43.268731062Z   )
2026-01-28T09:30:43.272610043Z E0128 09:30:43.272586       1 base_controller.go:279] "Unhandled Error" err="TargetConfigController reconciliation failed: no observedConfig"
2026-01-28T09:30:43.272630924Z I0128 09:30:43.272610       1 event.go:377] Event(v1.ObjectReference{Kind:"Deployment", Namespace:"openshift-kube-apiserver-operator", Name:"kube-apiserver-operator", UID:"0f90e131-ac50-4cb2-87c5-ad12ae1902a5", APIVersion:"apps/v1", ResourceVersion:"", FieldPath:""}): type: 'Warning' reason: 'ConfigMissing' no observedConfig
2026-01-28T09:30:43.272794173Z I0128 09:30:43.272767       1 event.go:377] Event(v1.ObjectReference{Kind:"Deployment", Namespace:"openshift-kube-apiserver-operator", Name:"kube-apiserver-operator", UID:"0f90e131-ac50-4cb2-87c5-ad12ae1902a5", APIVersion:"apps/v1", ResourceVersion:"", FieldPath:""}): type: 'Normal' reason: 'ConfigMapCreated' Created ConfigMap/localhost-serving-ca -n openshift-kube-apiserver-operator because it was missing
2026-01-28T09:30:43.272794173Z I0128 09:30:43.272786       1 event.go:377] Event(v1.ObjectReference{Kind:"Deployment", Namespace:"openshift-kube-apiserver-operator", Name:"kube-apiserver-operator", UID:"0f90e131-ac50-4cb2-87c5-ad12ae1902a5", APIVersion:"apps/v1", ResourceVersion:"", FieldPath:""}): type: 'Normal' reason: 'TargetUpdateRequired' "localhost-serving-cert-certkey" in "openshift-kube-apiserver" requires a new target cert/key pair: secret doesn't exist
2026-01-28T09:30:43.273759160Z E0128 09:30:43.273735       1 base_controller.go:279] "Unhandled Error" err="NodeKubeconfigController reconciliation failed: \"secret/node-kubeconfigs\": secret \"node-system-admin-client\" not found"
2026-01-28T09:30:43.285119492Z E0128 09:30:43.285093       1 base_controller.go:279] "Unhandled Error" err="TargetConfigController reconciliation failed: no observedConfig"
2026-01-28T09:30:43.285141282Z I0128 09:30:43.285127       1 event.go:377] Event(v1.ObjectReference{Kind:"Deployment", Namespace:"openshift-kube-apiserver-operator", Name:"kube-apiserver-operator", UID:"0f90e131-ac50-4cb2-87c5-ad12ae1902a5", APIVersion:"apps/v1", ResourceVersion:"", FieldPath:""}): type: 'Warning' reason: 'ConfigMissing' no observedConfig
2026-01-28T09:30:43.285292680Z I0128 09:30:43.285274       1 connectivity_check_controller.go:172] ConnectivityCheckController is waiting for transition to desired version (4.20.0-0-2026-01-28-090915-test-ci-ln-vjb5l1t-latest) to be completed.
2026-01-28T09:30:43.291577391Z E0128 09:30:43.291551       1 base_controller.go:279] "Unhandled Error" err="NodeKubeconfigController reconciliation failed: \"secret/node-kubeconfigs\": secret \"node-system-admin-client\" not found"
2026-01-28T09:30:43.303206835Z E0128 09:30:43.300633       1 base_controller.go:279] "Unhandled Error" err="RevisionController reconciliation failed: configmap \"kube-apiserver-pod\" not found"
2026-01-28T09:30:43.354808844Z I0128 09:30:43.354764       1 annotations.go:76] Updating "auth.openshift.io/certificate-not-before" annotation for external-loadbalancer-serving-certkey/openshift-kube-apiserver, diff:   string(
2026-01-28T09:30:43.354808844Z - 	"",
2026-01-28T09:30:43.354808844Z + 	"2026-01-28T09:30:42Z",
2026-01-28T09:30:43.354808844Z   )
2026-01-28T09:30:43.354847336Z I0128 09:30:43.354807       1 annotations.go:82] Updating "auth.openshift.io/certificate-not-after" annotation for external-loadbalancer-serving-certkey/openshift-kube-apiserver, diff:   string(
2026-01-28T09:30:43.354847336Z - 	"",
2026-01-28T09:30:43.354847336Z + 	"2026-02-27T09:30:43Z",
2026-01-28T09:30:43.354847336Z   )
2026-01-28T09:30:43.354847336Z I0128 09:30:43.354821       1 annotations.go:88] Updating "certificates.openshift.io/refresh-period" annotation for external-loadbalancer-serving-certkey/openshift-kube-apiserver, diff:   string(
2026-01-28T09:30:43.354847336Z - 	"",
2026-01-28T09:30:43.354847336Z + 	"360h0m0s",
2026-01-28T09:30:43.354847336Z   )
2026-01-28T09:30:43.463865571Z I0128 09:30:43.463816       1 cabundle.go:104] Created ca-bundle.crt configmap [#0]: "openshift-kube-apiserver-operator_localhost-recovery-serving-signer@1769592635" [] issuer="<self-signed>" (Jan 28 09:30:34 2026 to Jan 26 09:30:35 2036 (now=Jan 28 09:30:29 2026))/openshift-kube-apiserver-operator with:
2026-01-28T09:30:43.463865571Z localhost-recovery-serving-ca
2026-01-28T09:30:43.463988997Z I0128 09:30:43.463915       1 annotations.go:52] Updating "openshift.io/owning-component" annotation for openshift-kube-apiserver/localhost-recovery-serving-certkey, diff:   string(
2026-01-28T09:30:43.463988997Z - 	"",
2026-01-28T09:30:43.463988997Z + 	"kube-apiserver",
2026-01-28T09:30:43.463988997Z   )
2026-01-28T09:30:43.463988997Z I0128 09:30:43.463939       1 annotations.go:58] Updating "openshift.io/description" annotation for openshift-kube-apiserver/localhost-recovery-serving-certkey, diff:   string(
2026-01-28T09:30:43.463988997Z - 	"",
2026-01-28T09:30:43.463988997Z + 	"Serving certificate used by the kube-apiserver to terminate requests via the localhost recovery SNI ServerName.",
2026-01-28T09:30:43.463988997Z   )
2026-01-28T09:30:43.463988997Z I0128 09:30:43.463961       1 annotations.go:70] Updating "certificates.openshift.io/auto-regenerate-after-offline-expiry" annotation for openshift-kube-apiserver/localhost-recovery-serving-certkey, diff:   string(
2026-01-28T09:30:43.463988997Z - 	"",
2026-01-28T09:30:43.463988997Z + 	`https://github.com/openshift/cluster-kube-apiserver-operator/pull/1631,'[Conformance][sig-api-machinery][Feature:APIServer] local kubeconfig "localhost-recovery.kubeconfig" should be present on all masters and work [apigroup:config.openshift.io] [Suite:ope`...,
2026-01-28T09:30:43.463988997Z   )
2026-01-28T09:30:43.470401934Z E0128 09:30:43.470369       1 base_controller.go:279] "Unhandled Error" err="TargetConfigController reconciliation failed: no observedConfig"
2026-01-28T09:30:43.470430686Z I0128 09:30:43.470390       1 event.go:377] Event(v1.ObjectReference{Kind:"Deployment", Namespace:"openshift-kube-apiserver-operator", Name:"kube-apiserver-operator", UID:"0f90e131-ac50-4cb2-87c5-ad12ae1902a5", APIVersion:"apps/v1", ResourceVersion:"", FieldPath:""}): type: 'Warning' reason: 'ConfigMissing' no observedConfig
2026-01-28T09:30:43.471737870Z E0128 09:30:43.471718       1 base_controller.go:279] "Unhandled Error" err="NodeKubeconfigController reconciliation failed: \"secret/node-kubeconfigs\": secret \"node-system-admin-client\" not found"
2026-01-28T09:30:43.471973922Z I0128 09:30:43.471871       1 event.go:377] Event(v1.ObjectReference{Kind:"Deployment", Namespace:"openshift-kube-apiserver-operator", Name:"kube-apiserver-operator", UID:"0f90e131-ac50-4cb2-87c5-ad12ae1902a5", APIVersion:"apps/v1", ResourceVersion:"", FieldPath:""}): type: 'Normal' reason: 'ConfigMapCreated' Created ConfigMap/localhost-recovery-serving-ca -n openshift-kube-apiserver-operator because it was missing
2026-01-28T09:30:43.471973922Z I0128 09:30:43.471887       1 event.go:377] Event(v1.ObjectReference{Kind:"Deployment", Namespace:"openshift-kube-apiserver-operator", Name:"kube-apiserver-operator", UID:"0f90e131-ac50-4cb2-87c5-ad12ae1902a5", APIVersion:"apps/v1", ResourceVersion:"", FieldPath:""}): type: 'Normal' reason: 'TargetUpdateRequired' "localhost-recovery-serving-certkey" in "openshift-kube-apiserver" requires a new target cert/key pair: secret doesn't exist
2026-01-28T09:30:43.667545423Z I0128 09:30:43.667505       1 cabundle.go:104] Created ca-bundle.crt configmap [#0]: "openshift-kube-apiserver-operator_node-system-admin-signer@1769592635" [] issuer="<self-signed>" (Jan 28 09:30:35 2026 to Jan 27 09:30:36 2029 (now=Jan 28 09:30:29 2026))/openshift-kube-apiserver-operator with:
2026-01-28T09:30:43.667545423Z node-system-admin-ca
2026-01-28T09:30:43.667606236Z I0128 09:30:43.667588       1 annotations.go:52] Updating "openshift.io/owning-component" annotation for openshift-kube-apiserver-operator/node-system-admin-client, diff:   string(
2026-01-28T09:30:43.667606236Z - 	"",
2026-01-28T09:30:43.667606236Z + 	"kube-apiserver",
2026-01-28T09:30:43.667606236Z   )
2026-01-28T09:30:43.667618387Z I0128 09:30:43.667609       1 annotations.go:58] Updating "openshift.io/description" annotation for openshift-kube-apiserver-operator/node-system-admin-client, diff:   string(
2026-01-28T09:30:43.667618387Z - 	"",
2026-01-28T09:30:43.667618387Z + 	"Client certificate (system:masters) placed on each master to allow communication to kube-apiserver for debugging.",
2026-01-28T09:30:43.667618387Z   )
2026-01-28T09:30:43.667641738Z I0128 09:30:43.667627       1 annotations.go:70] Updating "certificates.openshift.io/auto-regenerate-after-offline-expiry" annotation for openshift-kube-apiserver-operator/node-system-admin-client, diff:   string(
2026-01-28T09:30:43.667641738Z - 	"",
2026-01-28T09:30:43.667641738Z + 	`https://github.com/openshift/cluster-kube-apiserver-operator/pull/1631,'[Conformance][sig-api-machinery][Feature:APIServer] local kubeconfig "localhost-recovery.kubeconfig" should be present on all masters and work [apigroup:config.openshift.io] [Suite:ope`...,
2026-01-28T09:30:43.667641738Z   )
2026-01-28T09:30:43.681086862Z I0128 09:30:43.681059       1 connectivity_check_controller.go:172] ConnectivityCheckController is waiting for transition to desired version (4.20.0-0-2026-01-28-090915-test-ci-ln-vjb5l1t-latest) to be completed.
2026-01-28T09:30:43.689394662Z E0128 09:30:43.687380       1 base_controller.go:279] "Unhandled Error" err="NodeKubeconfigController reconciliation failed: \"secret/node-kubeconfigs\": secret \"node-system-admin-client\" not found"
2026-01-28T09:30:43.699089861Z I0128 09:30:43.699056       1 event.go:377] Event(v1.ObjectReference{Kind:"Deployment", Namespace:"openshift-kube-apiserver-operator", Name:"kube-apiserver-operator", UID:"0f90e131-ac50-4cb2-87c5-ad12ae1902a5", APIVersion:"apps/v1", ResourceVersion:"", FieldPath:""}): type: 'Normal' reason: 'ConfigMapCreated' Created ConfigMap/node-system-admin-ca -n openshift-kube-apiserver-operator because it was missing
2026-01-28T09:30:43.699089861Z I0128 09:30:43.699080       1 event.go:377] Event(v1.ObjectReference{Kind:"Deployment", Namespace:"openshift-kube-apiserver-operator", Name:"kube-apiserver-operator", UID:"0f90e131-ac50-4cb2-87c5-ad12ae1902a5", APIVersion:"apps/v1", ResourceVersion:"", FieldPath:""}): type: 'Normal' reason: 'TargetUpdateRequired' "node-system-admin-client" in "openshift-kube-apiserver-operator" requires a new target cert/key pair: secret doesn't exist
2026-01-28T09:30:43.699316173Z E0128 09:30:43.699298       1 base_controller.go:279] "Unhandled Error" err="TargetConfigController reconciliation failed: no observedConfig"
2026-01-28T09:30:43.699326963Z I0128 09:30:43.699316       1 event.go:377] Event(v1.ObjectReference{Kind:"Deployment", Namespace:"openshift-kube-apiserver-operator", Name:"kube-apiserver-operator", UID:"0f90e131-ac50-4cb2-87c5-ad12ae1902a5", APIVersion:"apps/v1", ResourceVersion:"", FieldPath:""}): type: 'Warning' reason: 'ConfigMissing' no observedConfig
2026-01-28T09:30:43.700555084Z E0128 09:30:43.700525       1 base_controller.go:279] "Unhandled Error" err="NodeKubeconfigController reconciliation failed: \"secret/node-kubeconfigs\": secret \"node-system-admin-client\" not found"
2026-01-28T09:30:43.731065731Z E0128 09:30:43.730242       1 base_controller.go:279] "Unhandled Error" err="TargetConfigController reconciliation failed: no observedConfig"
2026-01-28T09:30:43.731065731Z I0128 09:30:43.730326       1 event.go:377] Event(v1.ObjectReference{Kind:"Deployment", Namespace:"openshift-kube-apiserver-operator", Name:"kube-apiserver-operator", UID:"0f90e131-ac50-4cb2-87c5-ad12ae1902a5", APIVersion:"apps/v1", ResourceVersion:"", FieldPath:""}): type: 'Warning' reason: 'ConfigMissing' no observedConfig
2026-01-28T09:30:43.734043538Z E0128 09:30:43.731737       1 base_controller.go:279] "Unhandled Error" err="TargetConfigController reconciliation failed: no observedConfig"
2026-01-28T09:30:43.734043538Z I0128 09:30:43.731758       1 event.go:377] Event(v1.ObjectReference{Kind:"Deployment", Namespace:"openshift-kube-apiserver-operator", Name:"kube-apiserver-operator", UID:"0f90e131-ac50-4cb2-87c5-ad12ae1902a5", APIVersion:"apps/v1", ResourceVersion:"", FieldPath:""}): type: 'Warning' reason: 'ConfigMissing' no observedConfig
2026-01-28T09:30:43.738042055Z E0128 09:30:43.737975       1 base_controller.go:279] "Unhandled Error" err="RevisionController reconciliation failed: configmap \"kube-apiserver-pod\" not found"
2026-01-28T09:30:43.893067304Z E0128 09:30:43.892866       1 base_controller.go:279] "Unhandled Error" err="TargetConfigController reconciliation failed: no observedConfig"
2026-01-28T09:30:43.893067304Z I0128 09:30:43.892890       1 event.go:377] Event(v1.ObjectReference{Kind:"Deployment", Namespace:"openshift-kube-apiserver-operator", Name:"kube-apiserver-operator", UID:"0f90e131-ac50-4cb2-87c5-ad12ae1902a5", APIVersion:"apps/v1", ResourceVersion:"", FieldPath:""}): type: 'Warning' reason: 'ConfigMissing' no observedConfig
2026-01-28T09:30:43.899052959Z E0128 09:30:43.897594       1 base_controller.go:279] "Unhandled Error" err="NodeKubeconfigController reconciliation failed: \"secret/node-kubeconfigs\": secret \"node-system-admin-client\" not found"
2026-01-28T09:30:43.899052959Z E0128 09:30:43.898758       1 base_controller.go:279] "Unhandled Error" err="RevisionController reconciliation failed: configmap \"kube-apiserver-pod\" not found"
2026-01-28T09:30:43.899052959Z I0128 09:30:43.898788       1 event.go:377] Event(v1.ObjectReference{Kind:"Deployment", Namespace:"openshift-kube-apiserver-operator", Name:"kube-apiserver-operator", UID:"0f90e131-ac50-4cb2-87c5-ad12ae1902a5", APIVersion:"apps/v1", ResourceVersion:"", FieldPath:""}): type: 'Normal' reason: 'ConfigMapCreated' Created ConfigMap/kubelet-serving-ca -n openshift-kube-apiserver because it was missing
2026-01-28T09:30:43.972063886Z I0128 09:30:43.971577       1 annotations.go:76] Updating "auth.openshift.io/certificate-not-before" annotation for node-system-admin-client/openshift-kube-apiserver-operator, diff:   string(
2026-01-28T09:30:43.972063886Z - 	"",
2026-01-28T09:30:43.972063886Z + 	"2026-01-28T09:30:42Z",
2026-01-28T09:30:43.972063886Z   )
2026-01-28T09:30:43.972063886Z I0128 09:30:43.971612       1 annotations.go:82] Updating "auth.openshift.io/certificate-not-after" annotation for node-system-admin-client/openshift-kube-apiserver-operator, diff:   string(
2026-01-28T09:30:43.972063886Z - 	"",
2026-01-28T09:30:43.972063886Z + 	"2028-01-28T09:30:43Z",
2026-01-28T09:30:43.972063886Z   )
2026-01-28T09:30:43.972063886Z I0128 09:30:43.971626       1 annotations.go:88] Updating "certificates.openshift.io/refresh-period" annotation for node-system-admin-client/openshift-kube-apiserver-operator, diff:   string(
2026-01-28T09:30:43.972063886Z - 	"",
2026-01-28T09:30:43.972063886Z + 	"720h0m0s",
2026-01-28T09:30:43.972063886Z   )
2026-01-28T09:30:44.069300619Z E0128 09:30:44.069244       1 base_controller.go:279] "Unhandled Error" err="Installer reconciliation failed: missing required resources: [configmaps: bound-sa-token-signing-certs-0,config-0,etcd-serving-ca-0,kube-apiserver-audit-policies-0,kube-apiserver-cert-syncer-kubeconfig-0,kube-apiserver-pod-0,kubelet-serving-ca-0,sa-token-signing-certs-0, secrets: etcd-client-0,localhost-recovery-client-token-0,localhost-recovery-serving-certkey-0]"
2026-01-28T09:30:44.069424596Z I0128 09:30:44.069403       1 event.go:377] Event(v1.ObjectReference{Kind:"Deployment", Namespace:"openshift-kube-apiserver-operator", Name:"kube-apiserver-operator", UID:"0f90e131-ac50-4cb2-87c5-ad12ae1902a5", APIVersion:"apps/v1", ResourceVersion:"", FieldPath:""}): type: 'Warning' reason: 'RequiredInstallerResourcesMissing' configmaps: bound-sa-token-signing-certs-0,config-0,etcd-serving-ca-0,kube-apiserver-audit-policies-0,kube-apiserver-cert-syncer-kubeconfig-0,kube-apiserver-pod-0,kubelet-serving-ca-0,sa-token-signing-certs-0, secrets: etcd-client-0,localhost-recovery-client-token-0,localhost-recovery-serving-certkey-0
2026-01-28T09:30:44.078502584Z I0128 09:30:44.077652       1 event.go:377] Event(v1.ObjectReference{Kind:"Deployment", Namespace:"openshift-kube-apiserver-operator", Name:"kube-apiserver-operator", UID:"0f90e131-ac50-4cb2-87c5-ad12ae1902a5", APIVersion:"apps/v1", ResourceVersion:"", FieldPath:""}): type: 'Normal' reason: 'ServiceCreated' Created Service/apiserver -n openshift-kube-apiserver because it was missing
2026-01-28T09:30:44.265326973Z I0128 09:30:44.265287       1 target.go:138] Created secret openshift-kube-apiserver/aggregator-client
2026-01-28T09:30:44.266929562Z I0128 09:30:44.266260       1 event.go:377] Event(v1.ObjectReference{Kind:"Deployment", Namespace:"openshift-kube-apiserver-operator", Name:"kube-apiserver-operator", UID:"0f90e131-ac50-4cb2-87c5-ad12ae1902a5", APIVersion:"apps/v1", ResourceVersion:"", FieldPath:""}): type: 'Normal' reason: 'SecretCreated' Created Secret/aggregator-client -n openshift-kube-apiserver because it was missing
2026-01-28T09:30:44.268949402Z E0128 09:30:44.268848       1 base_controller.go:279] "Unhandled Error" err="RevisionController reconciliation failed: configmap \"kube-apiserver-pod\" not found"
2026-01-28T09:30:44.275649163Z I0128 09:30:44.272641       1 annotations.go:76] Updating "auth.openshift.io/certificate-not-before" annotation for localhost-serving-cert-certkey/openshift-kube-apiserver, diff:   string(
2026-01-28T09:30:44.275649163Z - 	"",
2026-01-28T09:30:44.275649163Z + 	"2026-01-28T09:30:43Z",
2026-01-28T09:30:44.275649163Z   )
2026-01-28T09:30:44.275649163Z I0128 09:30:44.272662       1 annotations.go:82] Updating "auth.openshift.io/certificate-not-after" annotation for localhost-serving-cert-certkey/openshift-kube-apiserver, diff:   string(
2026-01-28T09:30:44.275649163Z - 	"",
2026-01-28T09:30:44.275649163Z + 	"2026-02-27T09:30:44Z",
2026-01-28T09:30:44.275649163Z   )
2026-01-28T09:30:44.275649163Z I0128 09:30:44.272675       1 annotations.go:88] Updating "certificates.openshift.io/refresh-period" annotation for localhost-serving-cert-certkey/openshift-kube-apiserver, diff:   string(
2026-01-28T09:30:44.275649163Z - 	"",
2026-01-28T09:30:44.275649163Z + 	"360h0m0s",
2026-01-28T09:30:44.275649163Z   )
2026-01-28T09:30:44.275649163Z E0128 09:30:44.275009       1 base_controller.go:279] "Unhandled Error" err="TargetConfigController reconciliation failed: no observedConfig"
2026-01-28T09:30:44.275649163Z I0128 09:30:44.275040       1 event.go:377] Event(v1.ObjectReference{Kind:"Deployment", Namespace:"openshift-kube-apiserver-operator", Name:"kube-apiserver-operator", UID:"0f90e131-ac50-4cb2-87c5-ad12ae1902a5", APIVersion:"apps/v1", ResourceVersion:"", FieldPath:""}): type: 'Warning' reason: 'ConfigMissing' no observedConfig
2026-01-28T09:30:44.276098485Z E0128 09:30:44.276081       1 base_controller.go:279] "Unhandled Error" err="NodeKubeconfigController reconciliation failed: \"secret/node-kubeconfigs\": secret \"node-system-admin-client\" not found"
2026-01-28T09:30:44.291399251Z I0128 09:30:44.291372       1 annotations.go:76] Updating "auth.openshift.io/certificate-not-before" annotation for localhost-recovery-serving-certkey/openshift-kube-apiserver, diff:   string(
2026-01-28T09:30:44.291399251Z - 	"",
2026-01-28T09:30:44.291399251Z + 	"2026-01-28T09:30:43Z",
2026-01-28T09:30:44.291399251Z   )
2026-01-28T09:30:44.291421892Z I0128 09:30:44.291401       1 annotations.go:82] Updating "auth.openshift.io/certificate-not-after" annotation for localhost-recovery-serving-certkey/openshift-kube-apiserver, diff:   string(
2026-01-28T09:30:44.291421892Z - 	"",
2026-01-28T09:30:44.291421892Z + 	"2036-01-26T09:30:35Z",
2026-01-28T09:30:44.291421892Z   )
2026-01-28T09:30:44.291421892Z I0128 09:30:44.291415       1 annotations.go:88] Updating "certificates.openshift.io/refresh-period" annotation for localhost-recovery-serving-certkey/openshift-kube-apiserver, diff:   string(
2026-01-28T09:30:44.291421892Z - 	"",
2026-01-28T09:30:44.291421892Z + 	"70080h0m0s",
2026-01-28T09:30:44.291421892Z   )
2026-01-28T09:30:44.293168478Z I0128 09:30:44.293121       1 connectivity_check_controller.go:172] ConnectivityCheckController is waiting for transition to desired version (4.20.0-0-2026-01-28-090915-test-ci-ln-vjb5l1t-latest) to be completed.
2026-01-28T09:30:44.303948331Z I0128 09:30:44.302005       1 connectivity_check_controller.go:172] ConnectivityCheckController is waiting for transition to desired version (4.20.0-0-2026-01-28-090915-test-ci-ln-vjb5l1t-latest) to be completed.
2026-01-28T09:30:44.427349677Z E0128 09:30:44.427220       1 guard_controller.go:310] Missing operand on node ip-10-0-102-200.us-west-1.compute.internal
2026-01-28T09:30:44.427349677Z E0128 09:30:44.427238       1 guard_controller.go:310] Missing operand on node ip-10-0-108-54.us-west-1.compute.internal
2026-01-28T09:30:44.427349677Z E0128 09:30:44.427246       1 guard_controller.go:310] Missing operand on node ip-10-0-3-203.us-west-1.compute.internal
2026-01-28T09:30:44.428068812Z E0128 09:30:44.428007       1 base_controller.go:279] "Unhandled Error" err="GuardController reconciliation failed: [Missing operand on node ip-10-0-102-200.us-west-1.compute.internal, Missing operand on node ip-10-0-108-54.us-west-1.compute.internal, Missing operand on node ip-10-0-3-203.us-west-1.compute.internal]"
2026-01-28T09:30:44.457678315Z I0128 09:30:44.457632       1 request.go:752] "Waited before sending request" delay="2.079213332s" reason="client-side throttling, not priority and fairness" verb="POST" URL="https://172.30.0.1:443/api/v1/namespaces/openshift-kube-apiserver/secrets"
2026-01-28T09:30:44.463384707Z I0128 09:30:44.463355       1 target.go:138] Created secret openshift-kube-apiserver/service-network-serving-certkey
2026-01-28T09:30:44.464197257Z I0128 09:30:44.464165       1 event.go:377] Event(v1.ObjectReference{Kind:"Deployment", Namespace:"openshift-kube-apiserver-operator", Name:"kube-apiserver-operator", UID:"0f90e131-ac50-4cb2-87c5-ad12ae1902a5", APIVersion:"apps/v1", ResourceVersion:"", FieldPath:""}): type: 'Normal' reason: 'SecretCreated' Created Secret/service-network-serving-certkey -n openshift-kube-apiserver because it was missing
2026-01-28T09:30:44.464828658Z E0128 09:30:44.464809       1 base_controller.go:279] "Unhandled Error" err="NodeKubeconfigController reconciliation failed: \"secret/node-kubeconfigs\": secret \"node-system-admin-client\" not found"
2026-01-28T09:30:44.466124962Z E0128 09:30:44.466105       1 base_controller.go:279] "Unhandled Error" err="TargetConfigController reconciliation failed: no observedConfig"
2026-01-28T09:30:44.466186965Z I0128 09:30:44.466168       1 event.go:377] Event(v1.ObjectReference{Kind:"Deployment", Namespace:"openshift-kube-apiserver-operator", Name:"kube-apiserver-operator", UID:"0f90e131-ac50-4cb2-87c5-ad12ae1902a5", APIVersion:"apps/v1", ResourceVersion:"", FieldPath:""}): type: 'Warning' reason: 'ConfigMissing' no observedConfig
2026-01-28T09:30:44.466490270Z E0128 09:30:44.466466       1 base_controller.go:279] "Unhandled Error" err="RevisionController reconciliation failed: configmap \"kube-apiserver-pod\" not found"
2026-01-28T09:30:44.663324324Z I0128 09:30:44.662556       1 target.go:138] Created secret openshift-config-managed/kube-scheduler-client-cert-key
2026-01-28T09:30:44.668421675Z I0128 09:30:44.665944       1 event.go:377] Event(v1.ObjectReference{Kind:"Deployment", Namespace:"openshift-kube-apiserver-operator", Name:"kube-apiserver-operator", UID:"0f90e131-ac50-4cb2-87c5-ad12ae1902a5", APIVersion:"apps/v1", ResourceVersion:"", FieldPath:""}): type: 'Normal' reason: 'SecretCreated' Created Secret/kube-scheduler-client-cert-key -n openshift-config-managed because it was missing
2026-01-28T09:30:44.670314529Z I0128 09:30:44.670277       1 event.go:377] Event(v1.ObjectReference{Kind:"Deployment", Namespace:"openshift-kube-apiserver-operator", Name:"kube-apiserver-operator", UID:"0f90e131-ac50-4cb2-87c5-ad12ae1902a5", APIVersion:"apps/v1", ResourceVersion:"", FieldPath:""}): type: 'Warning' reason: 'ObservedConfigWriteError' Failed to write observed config: Operation cannot be fulfilled on kubeapiservers.operator.openshift.io "cluster": the object has been modified; please apply your changes to the latest version and try again
2026-01-28T09:30:45.071392422Z I0128 09:30:45.071349       1 target.go:138] Created secret openshift-kube-apiserver/kubelet-client
2026-01-28T09:30:45.072322718Z I0128 09:30:45.072289       1 event.go:377] Event(v1.ObjectReference{Kind:"Deployment", Namespace:"openshift-kube-apiserver-operator", Name:"kube-apiserver-operator", UID:"0f90e131-ac50-4cb2-87c5-ad12ae1902a5", APIVersion:"apps/v1", ResourceVersion:"", FieldPath:""}): type: 'Normal' reason: 'SecretCreated' Created Secret/kubelet-client -n openshift-kube-apiserver because it was missing
2026-01-28T09:30:45.072548589Z E0128 09:30:45.072525       1 base_controller.go:279] "Unhandled Error" err="TargetConfigController reconciliation failed: no observedConfig"
2026-01-28T09:30:45.072563550Z I0128 09:30:45.072544       1 event.go:377] Event(v1.ObjectReference{Kind:"Deployment", Namespace:"openshift-kube-apiserver-operator", Name:"kube-apiserver-operator", UID:"0f90e131-ac50-4cb2-87c5-ad12ae1902a5", APIVersion:"apps/v1", ResourceVersion:"", FieldPath:""}): type: 'Warning' reason: 'ConfigMissing' no observedConfig
2026-01-28T09:30:45.072674996Z E0128 09:30:45.072653       1 base_controller.go:279] "Unhandled Error" err="NodeKubeconfigController reconciliation failed: \"secret/node-kubeconfigs\": secret \"node-system-admin-client\" not found"
2026-01-28T09:30:45.075550858Z E0128 09:30:45.075475       1 base_controller.go:279] "Unhandled Error" err="RevisionController reconciliation failed: configmap \"kube-apiserver-pod\" not found"
2026-01-28T09:30:45.076352407Z E0128 09:30:45.076331       1 base_controller.go:279] "Unhandled Error" err="KubeletVersionSkewController reconciliation failed: Operation cannot be fulfilled on kubeapiservers.operator.openshift.io \"cluster\": the object has been modified; please apply your changes to the latest version and try again"
2026-01-28T09:30:45.462851450Z I0128 09:30:45.462173       1 request.go:752] "Waited before sending request" delay="2.107240897s" reason="client-side throttling, not priority and fairness" verb="POST" URL="https://172.30.0.1:443/api/v1/namespaces/openshift-kube-apiserver/secrets"
2026-01-28T09:30:45.470144390Z I0128 09:30:45.469874       1 target.go:138] Created secret openshift-kube-apiserver/external-loadbalancer-serving-certkey
2026-01-28T09:30:45.471202623Z I0128 09:30:45.470984       1 event.go:377] Event(v1.ObjectReference{Kind:"Deployment", Namespace:"openshift-kube-apiserver-operator", Name:"kube-apiserver-operator", UID:"0f90e131-ac50-4cb2-87c5-ad12ae1902a5", APIVersion:"apps/v1", ResourceVersion:"", FieldPath:""}): type: 'Normal' reason: 'SecretCreated' Created Secret/external-loadbalancer-serving-certkey -n openshift-kube-apiserver because it was missing
2026-01-28T09:30:45.473197281Z E0128 09:30:45.472610       1 base_controller.go:279] "Unhandled Error" err="NodeKubeconfigController reconciliation failed: \"secret/node-kubeconfigs\": secret \"node-system-admin-client\" not found"
2026-01-28T09:30:45.473197281Z E0128 09:30:45.472654       1 base_controller.go:279] "Unhandled Error" err="TargetConfigController reconciliation failed: no observedConfig"
2026-01-28T09:30:45.473197281Z I0128 09:30:45.472667       1 event.go:377] Event(v1.ObjectReference{Kind:"Deployment", Namespace:"openshift-kube-apiserver-operator", Name:"kube-apiserver-operator", UID:"0f90e131-ac50-4cb2-87c5-ad12ae1902a5", APIVersion:"apps/v1", ResourceVersion:"", FieldPath:""}): type: 'Warning' reason: 'ConfigMissing' no observedConfig
2026-01-28T09:30:45.487848015Z E0128 09:30:45.487162       1 base_controller.go:279] "Unhandled Error" err="RevisionController reconciliation failed: configmap \"kube-apiserver-pod\" not found"
2026-01-28T09:30:45.497075161Z E0128 09:30:45.491626       1 base_controller.go:279] "Unhandled Error" err="TargetConfigController reconciliation failed: no observedConfig"
2026-01-28T09:30:45.500041517Z E0128 09:30:45.493269       1 base_controller.go:279] "Unhandled Error" err="NodeKubeconfigController reconciliation failed: \"secret/node-kubeconfigs\": secret \"node-system-admin-client\" not found"
2026-01-28T09:30:45.500041517Z E0128 09:30:45.494456       1 base_controller.go:279] "Unhandled Error" err="RevisionController reconciliation failed: configmap \"kube-apiserver-pod\" not found"
2026-01-28T09:30:45.500041517Z I0128 09:30:45.495917       1 event.go:377] Event(v1.ObjectReference{Kind:"Deployment", Namespace:"openshift-kube-apiserver-operator", Name:"kube-apiserver-operator", UID:"0f90e131-ac50-4cb2-87c5-ad12ae1902a5", APIVersion:"apps/v1", ResourceVersion:"", FieldPath:""}): type: 'Warning' reason: 'ConfigMissing' no observedConfig
2026-01-28T09:30:45.500041517Z I0128 09:30:45.497277       1 connectivity_check_controller.go:172] ConnectivityCheckController is waiting for transition to desired version (4.20.0-0-2026-01-28-090915-test-ci-ln-vjb5l1t-latest) to be completed.
2026-01-28T09:30:45.862016878Z E0128 09:30:45.861964       1 base_controller.go:279] "Unhandled Error" err="TargetConfigController reconciliation failed: no observedConfig"
2026-01-28T09:30:45.862084512Z I0128 09:30:45.861999       1 event.go:377] Event(v1.ObjectReference{Kind:"Deployment", Namespace:"openshift-kube-apiserver-operator", Name:"kube-apiserver-operator", UID:"0f90e131-ac50-4cb2-87c5-ad12ae1902a5", APIVersion:"apps/v1", ResourceVersion:"", FieldPath:""}): type: 'Warning' reason: 'ConfigMissing' no observedConfig
2026-01-28T09:30:45.862749725Z I0128 09:30:45.862264       1 event.go:377] Event(v1.ObjectReference{Kind:"Deployment", Namespace:"openshift-kube-apiserver-operator", Name:"kube-apiserver-operator", UID:"0f90e131-ac50-4cb2-87c5-ad12ae1902a5", APIVersion:"apps/v1", ResourceVersion:"", FieldPath:""}): type: 'Normal' reason: 'ConfigMapCreated' Created ConfigMap/kubelet-serving-ca -n openshift-config-managed because it was missing
2026-01-28T09:30:45.868370252Z I0128 09:30:45.868331       1 event.go:377] Event(v1.ObjectReference{Kind:"Deployment", Namespace:"openshift-kube-apiserver-operator", Name:"kube-apiserver-operator", UID:"0f90e131-ac50-4cb2-87c5-ad12ae1902a5", APIVersion:"apps/v1", ResourceVersion:"", FieldPath:""}): type: 'Warning' reason: 'RequiredInstallerResourcesMissing' configmaps: bound-sa-token-signing-certs-0,config-0,etcd-serving-ca-0,kube-apiserver-audit-policies-0,kube-apiserver-cert-syncer-kubeconfig-0,kube-apiserver-pod-0,kubelet-serving-ca-0,sa-token-signing-certs-0, secrets: etcd-client-0,localhost-recovery-client-token-0,localhost-recovery-serving-certkey-0
2026-01-28T09:30:45.869113509Z E0128 09:30:45.869083       1 base_controller.go:279] "Unhandled Error" err="Installer reconciliation failed: missing required resources: [configmaps: bound-sa-token-signing-certs-0,config-0,etcd-serving-ca-0,kube-apiserver-audit-policies-0,kube-apiserver-cert-syncer-kubeconfig-0,kube-apiserver-pod-0,kubelet-serving-ca-0,sa-token-signing-certs-0, secrets: etcd-client-0,localhost-recovery-client-token-0,localhost-recovery-serving-certkey-0]"
2026-01-28T09:30:46.062413488Z I0128 09:30:46.062371       1 target.go:138] Created secret openshift-kube-apiserver-operator/node-system-admin-client
2026-01-28T09:30:46.062939694Z I0128 09:30:46.062908       1 event.go:377] Event(v1.ObjectReference{Kind:"Deployment", Namespace:"openshift-kube-apiserver-operator", Name:"kube-apiserver-operator", UID:"0f90e131-ac50-4cb2-87c5-ad12ae1902a5", APIVersion:"apps/v1", ResourceVersion:"", FieldPath:""}): type: 'Normal' reason: 'SecretCreated' Created Secret/node-system-admin-client -n openshift-kube-apiserver-operator because it was missing
2026-01-28T09:30:46.213179376Z E0128 09:30:46.213127       1 base_controller.go:279] "Unhandled Error" err="TargetConfigController reconciliation failed: no observedConfig"
2026-01-28T09:30:46.213179376Z I0128 09:30:46.213163       1 event.go:377] Event(v1.ObjectReference{Kind:"Deployment", Namespace:"openshift-kube-apiserver-operator", Name:"kube-apiserver-operator", UID:"0f90e131-ac50-4cb2-87c5-ad12ae1902a5", APIVersion:"apps/v1", ResourceVersion:"", FieldPath:""}): type: 'Warning' reason: 'ConfigMissing' no observedConfig
2026-01-28T09:30:46.215639947Z E0128 09:30:46.215613       1 base_controller.go:279] "Unhandled Error" err="TargetConfigController reconciliation failed: no observedConfig"
2026-01-28T09:30:46.215661078Z I0128 09:30:46.215641       1 event.go:377] Event(v1.ObjectReference{Kind:"Deployment", Namespace:"openshift-kube-apiserver-operator", Name:"kube-apiserver-operator", UID:"0f90e131-ac50-4cb2-87c5-ad12ae1902a5", APIVersion:"apps/v1", ResourceVersion:"", FieldPath:""}): type: 'Warning' reason: 'ConfigMissing' no observedConfig
2026-01-28T09:30:46.267565312Z E0128 09:30:46.267521       1 base_controller.go:279] "Unhandled Error" err="TargetConfigController reconciliation failed: no observedConfig"
2026-01-28T09:30:46.267593793Z I0128 09:30:46.267554       1 event.go:377] Event(v1.ObjectReference{Kind:"Deployment", Namespace:"openshift-kube-apiserver-operator", Name:"kube-apiserver-operator", UID:"0f90e131-ac50-4cb2-87c5-ad12ae1902a5", APIVersion:"apps/v1", ResourceVersion:"", FieldPath:""}): type: 'Warning' reason: 'ConfigMissing' no observedConfig
2026-01-28T09:30:46.268892748Z E0128 09:30:46.268865       1 base_controller.go:279] "Unhandled Error" err="RevisionController reconciliation failed: configmap \"kube-apiserver-pod\" not found"
2026-01-28T09:30:46.269002443Z I0128 09:30:46.268972       1 event.go:377] Event(v1.ObjectReference{Kind:"Deployment", Namespace:"openshift-kube-apiserver-operator", Name:"kube-apiserver-operator", UID:"0f90e131-ac50-4cb2-87c5-ad12ae1902a5", APIVersion:"apps/v1", ResourceVersion:"", FieldPath:""}): type: 'Normal' reason: 'ConfigMapCreated' Created ConfigMap/kube-apiserver-cert-syncer-kubeconfig -n openshift-kube-apiserver because it was missing
2026-01-28T09:30:46.275562287Z I0128 09:30:46.275517       1 event.go:377] Event(v1.ObjectReference{Kind:"Deployment", Namespace:"openshift-kube-apiserver-operator", Name:"kube-apiserver-operator", UID:"0f90e131-ac50-4cb2-87c5-ad12ae1902a5", APIVersion:"apps/v1", ResourceVersion:"", FieldPath:""}): type: 'Normal' reason: 'ClusterRoleCreated' Created ClusterRole.rbac.authorization.k8s.io/system:openshift:controller:check-endpoints because it was missing
2026-01-28T09:30:46.279477331Z I0128 09:30:46.279444       1 event.go:377] Event(v1.ObjectReference{Kind:"Deployment", Namespace:"openshift-kube-apiserver-operator", Name:"kube-apiserver-operator", UID:"0f90e131-ac50-4cb2-87c5-ad12ae1902a5", APIVersion:"apps/v1", ResourceVersion:"", FieldPath:""}): type: 'Normal' reason: 'ClusterRoleCreated' Created ClusterRole.rbac.authorization.k8s.io/system:openshift:controller:check-endpoints-node-reader because it was missing
2026-01-28T09:30:46.283519080Z I0128 09:30:46.283485       1 event.go:377] Event(v1.ObjectReference{Kind:"Deployment", Namespace:"openshift-kube-apiserver-operator", Name:"kube-apiserver-operator", UID:"0f90e131-ac50-4cb2-87c5-ad12ae1902a5", APIVersion:"apps/v1", ResourceVersion:"", FieldPath:""}): type: 'Normal' reason: 'ClusterRoleCreated' Created ClusterRole.rbac.authorization.k8s.io/system:openshift:controller:check-endpoints-crd-reader because it was missing
2026-01-28T09:30:46.288753319Z I0128 09:30:46.288088       1 event.go:377] Event(v1.ObjectReference{Kind:"Deployment", Namespace:"openshift-kube-apiserver-operator", Name:"kube-apiserver-operator", UID:"0f90e131-ac50-4cb2-87c5-ad12ae1902a5", APIVersion:"apps/v1", ResourceVersion:"", FieldPath:""}): type: 'Normal' reason: 'ClusterRoleBindingCreated' Created ClusterRoleBinding.rbac.authorization.k8s.io/system:openshift:controller:kube-apiserver-check-endpoints-auth-delegator because it was missing
2026-01-28T09:30:46.294278822Z I0128 09:30:46.294160       1 event.go:377] Event(v1.ObjectReference{Kind:"Deployment", Namespace:"openshift-kube-apiserver-operator", Name:"kube-apiserver-operator", UID:"0f90e131-ac50-4cb2-87c5-ad12ae1902a5", APIVersion:"apps/v1", ResourceVersion:"", FieldPath:""}): type: 'Normal' reason: 'ClusterRoleBindingCreated' Created ClusterRoleBinding.rbac.authorization.k8s.io/system:openshift:controller:kube-apiserver-check-endpoints-node-reader because it was missing
2026-01-28T09:30:46.413757534Z E0128 09:30:46.413518       1 base_controller.go:279] "Unhandled Error" err="TargetConfigController reconciliation failed: no observedConfig"
2026-01-28T09:30:46.413787385Z I0128 09:30:46.413747       1 event.go:377] Event(v1.ObjectReference{Kind:"Deployment", Namespace:"openshift-kube-apiserver-operator", Name:"kube-apiserver-operator", UID:"0f90e131-ac50-4cb2-87c5-ad12ae1902a5", APIVersion:"apps/v1", ResourceVersion:"", FieldPath:""}): type: 'Warning' reason: 'ConfigMissing' no observedConfig
2026-01-28T09:30:46.416518240Z E0128 09:30:46.415248       1 base_controller.go:279] "Unhandled Error" err="RevisionController reconciliation failed: configmap \"kube-apiserver-pod\" not found"
2026-01-28T09:30:46.417460267Z E0128 09:30:46.416983       1 base_controller.go:279] "Unhandled Error" err="TargetConfigController reconciliation failed: no observedConfig"
2026-01-28T09:30:46.417535240Z I0128 09:30:46.417512       1 event.go:377] Event(v1.ObjectReference{Kind:"Deployment", Namespace:"openshift-kube-apiserver-operator", Name:"kube-apiserver-operator", UID:"0f90e131-ac50-4cb2-87c5-ad12ae1902a5", APIVersion:"apps/v1", ResourceVersion:"", FieldPath:""}): type: 'Warning' reason: 'ConfigMissing' no observedConfig
2026-01-28T09:30:46.425882833Z E0128 09:30:46.422983       1 base_controller.go:279] "Unhandled Error" err="RevisionController reconciliation failed: configmap \"kube-apiserver-pod\" not found"
2026-01-28T09:30:46.464091520Z I0128 09:30:46.463958       1 request.go:752] "Waited before sending request" delay="1.999755736s" reason="client-side throttling, not priority and fairness" verb="PUT" URL="https://172.30.0.1:443/apis/operator.openshift.io/v1/kubeapiservers/cluster/status"
2026-01-28T09:30:46.465062858Z I0128 09:30:46.465046       1 target.go:138] Created secret openshift-kube-apiserver/localhost-serving-cert-certkey
2026-01-28T09:30:46.466546352Z I0128 09:30:46.466505       1 event.go:377] Event(v1.ObjectReference{Kind:"Deployment", Namespace:"openshift-kube-apiserver-operator", Name:"kube-apiserver-operator", UID:"0f90e131-ac50-4cb2-87c5-ad12ae1902a5", APIVersion:"apps/v1", ResourceVersion:"", FieldPath:""}): type: 'Normal' reason: 'SecretCreated' Created Secret/localhost-serving-cert-certkey -n openshift-kube-apiserver because it was missing
2026-01-28T09:30:46.472483525Z E0128 09:30:46.472437       1 base_controller.go:279] "Unhandled Error" err="TargetConfigController reconciliation failed: no observedConfig"
2026-01-28T09:30:46.478281991Z I0128 09:30:46.476447       1 event.go:377] Event(v1.ObjectReference{Kind:"Deployment", Namespace:"openshift-kube-apiserver-operator", Name:"kube-apiserver-operator", UID:"0f90e131-ac50-4cb2-87c5-ad12ae1902a5", APIVersion:"apps/v1", ResourceVersion:"", FieldPath:""}): type: 'Warning' reason: 'ConfigMissing' no observedConfig
2026-01-28T09:30:46.478281991Z E0128 09:30:46.477856       1 base_controller.go:279] "Unhandled Error" err="RevisionController reconciliation failed: configmap \"kube-apiserver-pod\" not found"
2026-01-28T09:30:46.667677767Z I0128 09:30:46.667641       1 target.go:138] Created secret openshift-kube-apiserver/localhost-recovery-serving-certkey
2026-01-28T09:30:46.668803293Z I0128 09:30:46.668747       1 event.go:377] Event(v1.ObjectReference{Kind:"Deployment", Namespace:"openshift-kube-apiserver-operator", Name:"kube-apiserver-operator", UID:"0f90e131-ac50-4cb2-87c5-ad12ae1902a5", APIVersion:"apps/v1", ResourceVersion:"", FieldPath:""}): type: 'Normal' reason: 'SecretCreated' Created Secret/localhost-recovery-serving-certkey -n openshift-kube-apiserver because it was missing
2026-01-28T09:30:46.675467222Z E0128 09:30:46.675444       1 base_controller.go:279] "Unhandled Error" err="TargetConfigController reconciliation failed: no observedConfig"
2026-01-28T09:30:46.675525625Z I0128 09:30:46.675505       1 event.go:377] Event(v1.ObjectReference{Kind:"Deployment", Namespace:"openshift-kube-apiserver-operator", Name:"kube-apiserver-operator", UID:"0f90e131-ac50-4cb2-87c5-ad12ae1902a5", APIVersion:"apps/v1", ResourceVersion:"", FieldPath:""}): type: 'Warning' reason: 'ConfigMissing' no observedConfig
2026-01-28T09:30:46.726338055Z E0128 09:30:46.723275       1 base_controller.go:279] "Unhandled Error" err="RevisionController reconciliation failed: configmap \"kube-apiserver-pod\" not found"
2026-01-28T09:30:46.727446510Z I0128 09:30:46.727420       1 event.go:377] Event(v1.ObjectReference{Kind:"Deployment", Namespace:"openshift-kube-apiserver-operator", Name:"kube-apiserver-operator", UID:"0f90e131-ac50-4cb2-87c5-ad12ae1902a5", APIVersion:"apps/v1", ResourceVersion:"", FieldPath:""}): type: 'Normal' reason: 'ClusterRoleBindingCreated' Created ClusterRoleBinding.rbac.authorization.k8s.io/system:openshift:controller:kube-apiserver-check-endpoints-crd-reader because it was missing
2026-01-28T09:30:47.084252466Z E0128 09:30:47.080256       1 base_controller.go:279] "Unhandled Error" err="TargetConfigController reconciliation failed: no observedConfig"
2026-01-28T09:30:47.084252466Z I0128 09:30:47.080297       1 event.go:377] Event(v1.ObjectReference{Kind:"Deployment", Namespace:"openshift-kube-apiserver-operator", Name:"kube-apiserver-operator", UID:"0f90e131-ac50-4cb2-87c5-ad12ae1902a5", APIVersion:"apps/v1", ResourceVersion:"", FieldPath:""}): type: 'Warning' reason: 'ConfigMissing' no observedConfig
2026-01-28T09:30:47.086389311Z I0128 09:30:47.086213       1 status_controller.go:230] clusteroperator/kube-apiserver diff {"status":{"conditions":[{"lastTransitionTime":"2026-01-28T09:30:35Z","message":"RevisionControllerDegraded: configmap \"kube-apiserver-pod\" not found\nInstallerControllerDegraded: missing required resources: [configmaps: bound-sa-token-signing-certs-0,config-0,etcd-serving-ca-0,kube-apiserver-audit-policies-0,kube-apiserver-cert-syncer-kubeconfig-0,kube-apiserver-pod-0,kubelet-serving-ca-0,sa-token-signing-certs-0, secrets: etcd-client-0,localhost-recovery-client-token-0,localhost-recovery-serving-certkey-0]\nNodeKubeconfigControllerDegraded: \"secret/node-kubeconfigs\": secret \"node-system-admin-client\" not found\nNodeControllerDegraded: All master nodes are ready\nGuardControllerDegraded: [Missing operand on node ip-10-0-102-200.us-west-1.compute.internal, Missing operand on node ip-10-0-108-54.us-west-1.compute.internal, Missing operand on node ip-10-0-3-203.us-west-1.compute.internal]\nConfigObservationDegraded: error writing updated observed config: Operation cannot be fulfilled on kubeapiservers.operator.openshift.io \"cluster\": the object has been modified; please apply your changes to the latest version and try again","reason":"AsExpected","status":"False","type":"Degraded"},{"lastTransitionTime":"2026-01-28T09:30:35Z","message":"NodeInstallerProgressing: 3 nodes are at revision 0","reason":"AsExpected","status":"False","type":"Progressing"},{"lastTransitionTime":"2026-01-28T09:30:35Z","message":"StaticPodsAvailable: 0 nodes are active; 3 nodes are at revision 0","reason":"StaticPods_ZeroNodesActive","status":"False","type":"Available"},{"lastTransitionTime":"2026-01-28T09:30:35Z","message":"All is well","reason":"AsExpected","status":"True","type":"Upgradeable"},{"lastTransitionTime":"2026-01-28T09:30:35Z","reason":"NoData","status":"Unknown","type":"EvaluationConditionsDetected"}]}}
2026-01-28T09:30:47.089624771Z E0128 09:30:47.086768       1 base_controller.go:279] "Unhandled Error" err="ConfigObserver reconciliation failed: error writing updated observed config: Operation cannot be fulfilled on kubeapiservers.operator.openshift.io \"cluster\": the object has been modified; please apply your changes to the latest version and try again"
2026-01-28T09:30:47.099521940Z I0128 09:30:47.096700       1 connectivity_check_controller.go:172] ConnectivityCheckController is waiting for transition to desired version (4.20.0-0-2026-01-28-090915-test-ci-ln-vjb5l1t-latest) to be completed.
2026-01-28T09:30:47.114621756Z I0128 09:30:47.114580       1 event.go:377] Event(v1.ObjectReference{Kind:"Deployment", Namespace:"openshift-kube-apiserver-operator", Name:"kube-apiserver-operator", UID:"0f90e131-ac50-4cb2-87c5-ad12ae1902a5", APIVersion:"apps/v1", ResourceVersion:"", FieldPath:""}): type: 'Normal' reason: 'OperatorStatusChanged' Status for clusteroperator/kube-apiserver changed: Degraded message changed from "RevisionControllerDegraded: configmap \"kube-apiserver-pod\" not found\nInstallerControllerDegraded: missing required resources: [configmaps: bound-sa-token-signing-certs-0,config-0,etcd-serving-ca-0,kube-apiserver-audit-policies-0,kube-apiserver-cert-syncer-kubeconfig-0,kube-apiserver-pod-0,kubelet-serving-ca-0,sa-token-signing-certs-0, secrets: etcd-client-0,localhost-recovery-client-token-0,localhost-recovery-serving-certkey-0]\nNodeKubeconfigControllerDegraded: \"secret/node-kubeconfigs\": secret \"node-system-admin-client\" not found\nNodeControllerDegraded: All master nodes are ready\nGuardControllerDegraded: [Missing operand on node ip-10-0-102-200.us-west-1.compute.internal, Missing operand on node ip-10-0-108-54.us-west-1.compute.internal, Missing operand on node ip-10-0-3-203.us-west-1.compute.internal]" to "RevisionControllerDegraded: configmap \"kube-apiserver-pod\" not found\nInstallerControllerDegraded: missing required resources: [configmaps: bound-sa-token-signing-certs-0,config-0,etcd-serving-ca-0,kube-apiserver-audit-policies-0,kube-apiserver-cert-syncer-kubeconfig-0,kube-apiserver-pod-0,kubelet-serving-ca-0,sa-token-signing-certs-0, secrets: etcd-client-0,localhost-recovery-client-token-0,localhost-recovery-serving-certkey-0]\nNodeKubeconfigControllerDegraded: \"secret/node-kubeconfigs\": secret \"node-system-admin-client\" not found\nNodeControllerDegraded: All master nodes are ready\nGuardControllerDegraded: [Missing operand on node ip-10-0-102-200.us-west-1.compute.internal, Missing operand on node ip-10-0-108-54.us-west-1.compute.internal, Missing operand on node ip-10-0-3-203.us-west-1.compute.internal]\nConfigObservationDegraded: error writing updated observed config: Operation cannot be fulfilled on kubeapiservers.operator.openshift.io \"cluster\": the object has been modified; please apply your changes to the latest version and try again"
2026-01-28T09:30:47.123482854Z E0128 09:30:47.119830       1 base_controller.go:279] "Unhandled Error" err="RevisionController reconciliation failed: configmap \"kube-apiserver-pod\" not found"
2026-01-28T09:30:47.463729832Z I0128 09:30:47.463679       1 event.go:377] Event(v1.ObjectReference{Kind:"Deployment", Namespace:"openshift-kube-apiserver-operator", Name:"kube-apiserver-operator", UID:"0f90e131-ac50-4cb2-87c5-ad12ae1902a5", APIVersion:"apps/v1", ResourceVersion:"", FieldPath:""}): type: 'Normal' reason: 'ConfigMapCreated' Created ConfigMap/aggregator-client-ca -n openshift-kube-apiserver because it was missing
2026-01-28T09:30:47.464135252Z E0128 09:30:47.464109       1 base_controller.go:279] "Unhandled Error" err="TargetConfigController reconciliation failed: no observedConfig"
2026-01-28T09:30:47.464155862Z I0128 09:30:47.464134       1 event.go:377] Event(v1.ObjectReference{Kind:"Deployment", Namespace:"openshift-kube-apiserver-operator", Name:"kube-apiserver-operator", UID:"0f90e131-ac50-4cb2-87c5-ad12ae1902a5", APIVersion:"apps/v1", ResourceVersion:"", FieldPath:""}): type: 'Warning' reason: 'ConfigMissing' no observedConfig
2026-01-28T09:30:47.471052833Z E0128 09:30:47.468501       1 base_controller.go:279] "Unhandled Error" err="RevisionController reconciliation failed: configmap \"kube-apiserver-pod\" not found"
2026-01-28T09:30:47.668467026Z I0128 09:30:47.665103       1 request.go:752] "Waited before sending request" delay="2.495144559s" reason="client-side throttling, not priority and fairness" verb="PUT" URL="https://172.30.0.1:443/apis/operator.openshift.io/v1/kubeapiservers/cluster/status"
2026-01-28T09:30:47.668467026Z E0128 09:30:47.665911       1 base_controller.go:279] "Unhandled Error" err="TargetConfigController reconciliation failed: no observedConfig"
2026-01-28T09:30:47.668467026Z I0128 09:30:47.665928       1 event.go:377] Event(v1.ObjectReference{Kind:"Deployment", Namespace:"openshift-kube-apiserver-operator", Name:"kube-apiserver-operator", UID:"0f90e131-ac50-4cb2-87c5-ad12ae1902a5", APIVersion:"apps/v1", ResourceVersion:"", FieldPath:""}): type: 'Warning' reason: 'ConfigMissing' no observedConfig
2026-01-28T09:30:47.668467026Z I0128 09:30:47.665944       1 event.go:377] Event(v1.ObjectReference{Kind:"Deployment", Namespace:"openshift-kube-apiserver-operator", Name:"kube-apiserver-operator", UID:"0f90e131-ac50-4cb2-87c5-ad12ae1902a5", APIVersion:"apps/v1", ResourceVersion:"", FieldPath:""}): type: 'Normal' reason: 'ConfigMapCreated' Created ConfigMap/check-endpoints-kubeconfig -n openshift-kube-apiserver because it was missing
2026-01-28T09:30:47.672251212Z E0128 09:30:47.672210       1 base_controller.go:279] "Unhandled Error" err="CertRotationController reconciliation failed: Operation cannot be fulfilled on kubeapiservers.operator.openshift.io \"cluster\": the object has been modified; please apply your changes to the latest version and try again"
2026-01-28T09:30:47.677279141Z I0128 09:30:47.675570       1 annotations.go:52] Updating "openshift.io/owning-component" annotation for openshift-kube-apiserver/control-plane-node-admin-client-cert-key, diff:   string(
2026-01-28T09:30:47.677279141Z - 	"",
2026-01-28T09:30:47.677279141Z + 	"kube-apiserver",
2026-01-28T09:30:47.677279141Z   )
2026-01-28T09:30:47.677279141Z I0128 09:30:47.675598       1 annotations.go:70] Updating "certificates.openshift.io/auto-regenerate-after-offline-expiry" annotation for openshift-kube-apiserver/control-plane-node-admin-client-cert-key, diff:   string(
2026-01-28T09:30:47.677279141Z - 	"",
2026-01-28T09:30:47.677279141Z + 	`https://github.com/openshift/cluster-kube-apiserver-operator/pull/1631,'[Conformance][sig-api-machinery][Feature:APIServer] local kubeconfig "control-plane-node.kubeconfig" should be present in all kube-apiserver containers [Suite:openshift/conformance/par`...,
2026-01-28T09:30:47.677279141Z   )
2026-01-28T09:30:47.677279141Z I0128 09:30:47.675821       1 event.go:377] Event(v1.ObjectReference{Kind:"Deployment", Namespace:"openshift-kube-apiserver-operator", Name:"kube-apiserver-operator", UID:"0f90e131-ac50-4cb2-87c5-ad12ae1902a5", APIVersion:"apps/v1", ResourceVersion:"", FieldPath:""}): type: 'Normal' reason: 'TargetUpdateRequired' "control-plane-node-admin-client-cert-key" in "openshift-kube-apiserver" requires a new target cert/key pair: secret doesn't exist
2026-01-28T09:30:47.677279141Z I0128 09:30:47.676284       1 event.go:377] Event(v1.ObjectReference{Kind:"Deployment", Namespace:"openshift-kube-apiserver-operator", Name:"kube-apiserver-operator", UID:"0f90e131-ac50-4cb2-87c5-ad12ae1902a5", APIVersion:"apps/v1", ResourceVersion:"", FieldPath:""}): type: 'Normal' reason: 'RoleBindingCreated' Created RoleBinding.rbac.authorization.k8s.io/system:openshift:controller:kube-apiserver-check-endpoints -n kube-system because it was missing
2026-01-28T09:30:47.677279141Z E0128 09:30:47.677047       1 base_controller.go:279] "Unhandled Error" err="RevisionController reconciliation failed: configmap \"kube-apiserver-pod\" not found"
2026-01-28T09:30:47.778872769Z I0128 09:30:47.778825       1 event.go:377] Event(v1.ObjectReference{Kind:"Deployment", Namespace:"openshift-kube-apiserver-operator", Name:"kube-apiserver-operator", UID:"0f90e131-ac50-4cb2-87c5-ad12ae1902a5", APIVersion:"apps/v1", ResourceVersion:"", FieldPath:""}): type: 'Normal' reason: 'RoleBindingCreated' Created RoleBinding.rbac.authorization.k8s.io/system:openshift:controller:check-endpoints -n openshift-kube-apiserver because it was missing
2026-01-28T09:30:47.992223879Z I0128 09:30:47.992177       1 annotations.go:76] Updating "auth.openshift.io/certificate-not-before" annotation for control-plane-node-admin-client-cert-key/openshift-kube-apiserver, diff:   string(
2026-01-28T09:30:47.992223879Z - 	"",
2026-01-28T09:30:47.992223879Z + 	"2026-01-28T09:30:46Z",
2026-01-28T09:30:47.992223879Z   )
2026-01-28T09:30:47.992223879Z I0128 09:30:47.992214       1 annotations.go:82] Updating "auth.openshift.io/certificate-not-after" annotation for control-plane-node-admin-client-cert-key/openshift-kube-apiserver, diff:   string(
2026-01-28T09:30:47.992223879Z - 	"",
2026-01-28T09:30:47.992223879Z + 	"2026-02-27T09:30:47Z",
2026-01-28T09:30:47.992223879Z   )
2026-01-28T09:30:47.992259771Z I0128 09:30:47.992230       1 annotations.go:88] Updating "certificates.openshift.io/refresh-period" annotation for control-plane-node-admin-client-cert-key/openshift-kube-apiserver, diff:   string(
2026-01-28T09:30:47.992259771Z - 	"",
2026-01-28T09:30:47.992259771Z + 	"360h0m0s",
2026-01-28T09:30:47.992259771Z   )
2026-01-28T09:30:48.270890555Z E0128 09:30:48.270847       1 base_controller.go:279] "Unhandled Error" err="Installer reconciliation failed: missing required resources: [configmaps: bound-sa-token-signing-certs-0,config-0,etcd-serving-ca-0,kube-apiserver-audit-policies-0,kube-apiserver-cert-syncer-kubeconfig-0,kube-apiserver-pod-0,kubelet-serving-ca-0,sa-token-signing-certs-0, secrets: etcd-client-0,localhost-recovery-client-token-0,localhost-recovery-serving-certkey-0]"
2026-01-28T09:30:48.271037242Z I0128 09:30:48.270984       1 event.go:377] Event(v1.ObjectReference{Kind:"Deployment", Namespace:"openshift-kube-apiserver-operator", Name:"kube-apiserver-operator", UID:"0f90e131-ac50-4cb2-87c5-ad12ae1902a5", APIVersion:"apps/v1", ResourceVersion:"", FieldPath:""}): type: 'Warning' reason: 'RequiredInstallerResourcesMissing' configmaps: bound-sa-token-signing-certs-0,config-0,etcd-serving-ca-0,kube-apiserver-audit-policies-0,kube-apiserver-cert-syncer-kubeconfig-0,kube-apiserver-pod-0,kubelet-serving-ca-0,sa-token-signing-certs-0, secrets: etcd-client-0,localhost-recovery-client-token-0,localhost-recovery-serving-certkey-0
2026-01-28T09:30:48.434773081Z E0128 09:30:48.433553       1 base_controller.go:279] "Unhandled Error" err="TargetConfigController reconciliation failed: no observedConfig"
2026-01-28T09:30:48.434773081Z I0128 09:30:48.433580       1 event.go:377] Event(v1.ObjectReference{Kind:"Deployment", Namespace:"openshift-kube-apiserver-operator", Name:"kube-apiserver-operator", UID:"0f90e131-ac50-4cb2-87c5-ad12ae1902a5", APIVersion:"apps/v1", ResourceVersion:"", FieldPath:""}): type: 'Warning' reason: 'ConfigMissing' no observedConfig
2026-01-28T09:30:48.477975175Z I0128 09:30:48.475075       1 event.go:377] Event(v1.ObjectReference{Kind:"Deployment", Namespace:"openshift-kube-apiserver-operator", Name:"kube-apiserver-operator", UID:"0f90e131-ac50-4cb2-87c5-ad12ae1902a5", APIVersion:"apps/v1", ResourceVersion:"", FieldPath:""}): type: 'Normal' reason: 'SecretCreated' Created Secret/etcd-client -n openshift-kube-apiserver because it was missing
2026-01-28T09:30:48.477975175Z E0128 09:30:48.475602       1 base_controller.go:279] "Unhandled Error" err="CertRotationController reconciliation failed: Operation cannot be fulfilled on kubeapiservers.operator.openshift.io \"cluster\": the object has been modified; please apply your changes to the latest version and try again"
2026-01-28T09:30:48.477975175Z E0128 09:30:48.475782       1 base_controller.go:279] "Unhandled Error" err="TargetConfigController reconciliation failed: no observedConfig"
2026-01-28T09:30:48.477975175Z I0128 09:30:48.475800       1 event.go:377] Event(v1.ObjectReference{Kind:"Deployment", Namespace:"openshift-kube-apiserver-operator", Name:"kube-apiserver-operator", UID:"0f90e131-ac50-4cb2-87c5-ad12ae1902a5", APIVersion:"apps/v1", ResourceVersion:"", FieldPath:""}): type: 'Warning' reason: 'ConfigMissing' no observedConfig
2026-01-28T09:30:48.478047818Z E0128 09:30:48.477998       1 base_controller.go:279] "Unhandled Error" err="RevisionController reconciliation failed: configmap \"kube-apiserver-pod\" not found"
2026-01-28T09:30:48.478699860Z I0128 09:30:48.478385       1 annotations.go:52] Updating "openshift.io/owning-component" annotation for openshift-kube-apiserver/internal-loadbalancer-serving-certkey, diff:   string(
2026-01-28T09:30:48.478699860Z - 	"",
2026-01-28T09:30:48.478699860Z + 	"kube-apiserver",
2026-01-28T09:30:48.478699860Z   )
2026-01-28T09:30:48.478699860Z I0128 09:30:48.478407       1 annotations.go:58] Updating "openshift.io/description" annotation for openshift-kube-apiserver/internal-loadbalancer-serving-certkey, diff:   string(
2026-01-28T09:30:48.478699860Z - 	"",
2026-01-28T09:30:48.478699860Z + 	"Serving certificate used by the kube-apiserver to terminate requests via the internal load balancer.",
2026-01-28T09:30:48.478699860Z   )
2026-01-28T09:30:48.478699860Z I0128 09:30:48.478423       1 annotations.go:70] Updating "certificates.openshift.io/auto-regenerate-after-offline-expiry" annotation for openshift-kube-apiserver/internal-loadbalancer-serving-certkey, diff:   string(
2026-01-28T09:30:48.478699860Z - 	"",
2026-01-28T09:30:48.478699860Z + 	"https://github.com/openshift/cluster-kube-apiserver-operator/pull/1631,'[Conformance][sig-api-machinery][Feature:APIServer] kube-apiserver should be accessible via api-int endpoint [Suite:openshift/conformance/parallel/minimal]'",
2026-01-28T09:30:48.478699860Z   )
2026-01-28T09:30:48.480359553Z I0128 09:30:48.480329       1 event.go:377] Event(v1.ObjectReference{Kind:"Deployment", Namespace:"openshift-kube-apiserver-operator", Name:"kube-apiserver-operator", UID:"0f90e131-ac50-4cb2-87c5-ad12ae1902a5", APIVersion:"apps/v1", ResourceVersion:"", FieldPath:""}): type: 'Normal' reason: 'TargetUpdateRequired' "internal-loadbalancer-serving-certkey" in "openshift-kube-apiserver" requires a new target cert/key pair: secret doesn't exist
2026-01-28T09:30:48.665201884Z E0128 09:30:48.663518       1 base_controller.go:279] "Unhandled Error" err="RevisionController reconciliation failed: configmap \"kube-apiserver-pod\" not found"
2026-01-28T09:30:48.667445844Z E0128 09:30:48.666550       1 base_controller.go:279] "Unhandled Error" err="TargetConfigController reconciliation failed: no observedConfig"
2026-01-28T09:30:48.667445844Z I0128 09:30:48.666569       1 event.go:377] Event(v1.ObjectReference{Kind:"Deployment", Namespace:"openshift-kube-apiserver-operator", Name:"kube-apiserver-operator", UID:"0f90e131-ac50-4cb2-87c5-ad12ae1902a5", APIVersion:"apps/v1", ResourceVersion:"", FieldPath:""}): type: 'Warning' reason: 'ConfigMissing' no observedConfig
2026-01-28T09:30:48.667445844Z I0128 09:30:48.666589       1 event.go:377] Event(v1.ObjectReference{Kind:"Deployment", Namespace:"openshift-kube-apiserver-operator", Name:"kube-apiserver-operator", UID:"0f90e131-ac50-4cb2-87c5-ad12ae1902a5", APIVersion:"apps/v1", ResourceVersion:"", FieldPath:""}): type: 'Normal' reason: 'ConfigMapCreated' Created ConfigMap/control-plane-node-kubeconfig -n openshift-kube-apiserver because it was missing
2026-01-28T09:30:48.667445844Z I0128 09:30:48.666856       1 request.go:752] "Waited before sending request" delay="2.603580035s" reason="client-side throttling, not priority and fairness" verb="PUT" URL="https://172.30.0.1:443/apis/operator.openshift.io/v1/kubeapiservers/cluster/status"
2026-01-28T09:30:48.739818850Z I0128 09:30:48.738327       1 event.go:377] Event(v1.ObjectReference{Kind:"Deployment", Namespace:"openshift-kube-apiserver-operator", Name:"kube-apiserver-operator", UID:"0f90e131-ac50-4cb2-87c5-ad12ae1902a5", APIVersion:"apps/v1", ResourceVersion:"", FieldPath:""}): type: 'Normal' reason: 'RoleBindingCreated' Created RoleBinding.rbac.authorization.k8s.io/authentication-reader-for-authenticated-users -n kube-system because it was missing
2026-01-28T09:30:48.746453027Z I0128 09:30:48.746421       1 event.go:377] Event(v1.ObjectReference{Kind:"Deployment", Namespace:"openshift-kube-apiserver-operator", Name:"kube-apiserver-operator", UID:"0f90e131-ac50-4cb2-87c5-ad12ae1902a5", APIVersion:"apps/v1", ResourceVersion:"", FieldPath:""}): type: 'Normal' reason: 'ClusterRoleBindingCreated' Created ClusterRoleBinding.rbac.authorization.k8s.io/system:openshift:operator:kube-apiserver-recovery because it was missing
2026-01-28T09:30:48.807654630Z I0128 09:30:48.807562       1 annotations.go:76] Updating "auth.openshift.io/certificate-not-before" annotation for internal-loadbalancer-serving-certkey/openshift-kube-apiserver, diff:   string(
2026-01-28T09:30:48.807654630Z - 	"",
2026-01-28T09:30:48.807654630Z + 	"2026-01-28T09:30:47Z",
2026-01-28T09:30:48.807654630Z   )
2026-01-28T09:30:48.807654630Z I0128 09:30:48.807603       1 annotations.go:82] Updating "auth.openshift.io/certificate-not-after" annotation for internal-loadbalancer-serving-certkey/openshift-kube-apiserver, diff:   string(
2026-01-28T09:30:48.807654630Z - 	"",
2026-01-28T09:30:48.807654630Z + 	"2026-02-27T09:30:48Z",
2026-01-28T09:30:48.807654630Z   )
2026-01-28T09:30:48.807654630Z I0128 09:30:48.807621       1 annotations.go:88] Updating "certificates.openshift.io/refresh-period" annotation for internal-loadbalancer-serving-certkey/openshift-kube-apiserver, diff:   string(
2026-01-28T09:30:48.807654630Z - 	"",
2026-01-28T09:30:48.807654630Z + 	"360h0m0s",
2026-01-28T09:30:48.807654630Z   )
2026-01-28T09:30:48.876316502Z E0128 09:30:48.876263       1 base_controller.go:279] "Unhandled Error" err="NodeKubeconfigController reconciliation failed: \"secret/node-kubeconfigs\": configmap \"kube-apiserver-server-ca\" not found"
2026-01-28T09:30:48.878008596Z I0128 09:30:48.877978       1 connectivity_check_controller.go:172] ConnectivityCheckController is waiting for transition to desired version (4.20.0-0-2026-01-28-090915-test-ci-ln-vjb5l1t-latest) to be completed.
2026-01-28T09:30:48.879667108Z E0128 09:30:48.879645       1 base_controller.go:279] "Unhandled Error" err="NodeKubeconfigController reconciliation failed: \"secret/node-kubeconfigs\": configmap \"kube-apiserver-server-ca\" not found"
2026-01-28T09:30:48.880058937Z I0128 09:30:48.880016       1 status_controller.go:230] clusteroperator/kube-apiserver diff {"status":{"conditions":[{"lastTransitionTime":"2026-01-28T09:30:35Z","message":"RevisionControllerDegraded: configmap \"kube-apiserver-pod\" not found\nInstallerControllerDegraded: missing required resources: [configmaps: bound-sa-token-signing-certs-0,config-0,etcd-serving-ca-0,kube-apiserver-audit-policies-0,kube-apiserver-cert-syncer-kubeconfig-0,kube-apiserver-pod-0,kubelet-serving-ca-0,sa-token-signing-certs-0, secrets: etcd-client-0,localhost-recovery-client-token-0,localhost-recovery-serving-certkey-0]\nNodeKubeconfigControllerDegraded: \"secret/node-kubeconfigs\": configmap \"kube-apiserver-server-ca\" not found\nNodeControllerDegraded: All master nodes are ready\nGuardControllerDegraded: [Missing operand on node ip-10-0-102-200.us-west-1.compute.internal, Missing operand on node ip-10-0-108-54.us-west-1.compute.internal, Missing operand on node ip-10-0-3-203.us-west-1.compute.internal]\nConfigObservationDegraded: error writing updated observed config: Operation cannot be fulfilled on kubeapiservers.operator.openshift.io \"cluster\": the object has been modified; please apply your changes to the latest version and try again","reason":"AsExpected","status":"False","type":"Degraded"},{"lastTransitionTime":"2026-01-28T09:30:35Z","message":"NodeInstallerProgressing: 3 nodes are at revision 0","reason":"AsExpected","status":"False","type":"Progressing"},{"lastTransitionTime":"2026-01-28T09:30:35Z","message":"StaticPodsAvailable: 0 nodes are active; 3 nodes are at revision 0","reason":"StaticPods_ZeroNodesActive","status":"False","type":"Available"},{"lastTransitionTime":"2026-01-28T09:30:35Z","message":"All is well","reason":"AsExpected","status":"True","type":"Upgradeable"},{"lastTransitionTime":"2026-01-28T09:30:35Z","reason":"NoData","status":"Unknown","type":"EvaluationConditionsDetected"}]}}
2026-01-28T09:30:48.881099819Z E0128 09:30:48.881080       1 base_controller.go:279] "Unhandled Error" err="RevisionController reconciliation failed: configmap \"kube-apiserver-pod\" not found"
2026-01-28T09:30:48.882598083Z E0128 09:30:48.882576       1 base_controller.go:279] "Unhandled Error" err="NodeKubeconfigController reconciliation failed: \"secret/node-kubeconfigs\": configmap \"kube-apiserver-server-ca\" not found"
2026-01-28T09:30:48.884424273Z E0128 09:30:48.884404       1 base_controller.go:279] "Unhandled Error" err="TargetConfigController reconciliation failed: no observedConfig"
2026-01-28T09:30:48.884485966Z I0128 09:30:48.884463       1 event.go:377] Event(v1.ObjectReference{Kind:"Deployment", Namespace:"openshift-kube-apiserver-operator", Name:"kube-apiserver-operator", UID:"0f90e131-ac50-4cb2-87c5-ad12ae1902a5", APIVersion:"apps/v1", ResourceVersion:"", FieldPath:""}): type: 'Warning' reason: 'ConfigMissing' no observedConfig
2026-01-28T09:30:48.888499394Z I0128 09:30:48.888441       1 event.go:377] Event(v1.ObjectReference{Kind:"Deployment", Namespace:"openshift-kube-apiserver-operator", Name:"kube-apiserver-operator", UID:"0f90e131-ac50-4cb2-87c5-ad12ae1902a5", APIVersion:"apps/v1", ResourceVersion:"", FieldPath:""}): type: 'Normal' reason: 'OperatorStatusChanged' Status for clusteroperator/kube-apiserver changed: Degraded message changed from "RevisionControllerDegraded: configmap \"kube-apiserver-pod\" not found\nInstallerControllerDegraded: missing required resources: [configmaps: bound-sa-token-signing-certs-0,config-0,etcd-serving-ca-0,kube-apiserver-audit-policies-0,kube-apiserver-cert-syncer-kubeconfig-0,kube-apiserver-pod-0,kubelet-serving-ca-0,sa-token-signing-certs-0, secrets: etcd-client-0,localhost-recovery-client-token-0,localhost-recovery-serving-certkey-0]\nNodeKubeconfigControllerDegraded: \"secret/node-kubeconfigs\": secret \"node-system-admin-client\" not found\nNodeControllerDegraded: All master nodes are ready\nGuardControllerDegraded: [Missing operand on node ip-10-0-102-200.us-west-1.compute.internal, Missing operand on node ip-10-0-108-54.us-west-1.compute.internal, Missing operand on node ip-10-0-3-203.us-west-1.compute.internal]\nConfigObservationDegraded: error writing updated observed config: Operation cannot be fulfilled on kubeapiservers.operator.openshift.io \"cluster\": the object has been modified; please apply your changes to the latest version and try again" to "RevisionControllerDegraded: configmap \"kube-apiserver-pod\" not found\nInstallerControllerDegraded: missing required resources: [configmaps: bound-sa-token-signing-certs-0,config-0,etcd-serving-ca-0,kube-apiserver-audit-policies-0,kube-apiserver-cert-syncer-kubeconfig-0,kube-apiserver-pod-0,kubelet-serving-ca-0,sa-token-signing-certs-0, secrets: etcd-client-0,localhost-recovery-client-token-0,localhost-recovery-serving-certkey-0]\nNodeKubeconfigControllerDegraded: \"secret/node-kubeconfigs\": configmap \"kube-apiserver-server-ca\" not found\nNodeControllerDegraded: All master nodes are ready\nGuardControllerDegraded: [Missing operand on node ip-10-0-102-200.us-west-1.compute.internal, Missing operand on node ip-10-0-108-54.us-west-1.compute.internal, Missing operand on node ip-10-0-3-203.us-west-1.compute.internal]\nConfigObservationDegraded: error writing updated observed config: Operation cannot be fulfilled on kubeapiservers.operator.openshift.io \"cluster\": the object has been modified; please apply your changes to the latest version and try again"
2026-01-28T09:30:49.062673528Z I0128 09:30:49.062632       1 target.go:138] Created secret openshift-kube-apiserver/control-plane-node-admin-client-cert-key
2026-01-28T09:30:49.065429204Z I0128 09:30:49.063742       1 event.go:377] Event(v1.ObjectReference{Kind:"Deployment", Namespace:"openshift-kube-apiserver-operator", Name:"kube-apiserver-operator", UID:"0f90e131-ac50-4cb2-87c5-ad12ae1902a5", APIVersion:"apps/v1", ResourceVersion:"", FieldPath:""}): type: 'Normal' reason: 'SecretCreated' Created Secret/control-plane-node-admin-client-cert-key -n openshift-kube-apiserver because it was missing
2026-01-28T09:30:49.065706288Z E0128 09:30:49.065668       1 base_controller.go:279] "Unhandled Error" err="TargetConfigController reconciliation failed: no observedConfig"
2026-01-28T09:30:49.065706288Z I0128 09:30:49.065690       1 event.go:377] Event(v1.ObjectReference{Kind:"Deployment", Namespace:"openshift-kube-apiserver-operator", Name:"kube-apiserver-operator", UID:"0f90e131-ac50-4cb2-87c5-ad12ae1902a5", APIVersion:"apps/v1", ResourceVersion:"", FieldPath:""}): type: 'Warning' reason: 'ConfigMissing' no observedConfig
2026-01-28T09:30:49.066350610Z E0128 09:30:49.066323       1 base_controller.go:279] "Unhandled Error" err="RevisionController reconciliation failed: configmap \"kube-apiserver-pod\" not found"
2026-01-28T09:30:49.066496307Z E0128 09:30:49.066469       1 base_controller.go:279] "Unhandled Error" err="NodeKubeconfigController reconciliation failed: \"secret/node-kubeconfigs\": configmap \"kube-apiserver-server-ca\" not found"
2026-01-28T09:30:49.550527948Z E0128 09:30:49.550477       1 guard_controller.go:310] Missing operand on node ip-10-0-102-200.us-west-1.compute.internal
2026-01-28T09:30:49.550527948Z E0128 09:30:49.550514       1 guard_controller.go:310] Missing operand on node ip-10-0-108-54.us-west-1.compute.internal
2026-01-28T09:30:49.550527948Z E0128 09:30:49.550521       1 guard_controller.go:310] Missing operand on node ip-10-0-3-203.us-west-1.compute.internal
2026-01-28T09:30:49.551984340Z E0128 09:30:49.551953       1 base_controller.go:279] "Unhandled Error" err="GuardController reconciliation failed: [Missing operand on node ip-10-0-102-200.us-west-1.compute.internal, Missing operand on node ip-10-0-108-54.us-west-1.compute.internal, Missing operand on node ip-10-0-3-203.us-west-1.compute.internal]"
2026-01-28T09:30:49.670503655Z E0128 09:30:49.670450       1 base_controller.go:279] "Unhandled Error" err="CertRotationController reconciliation failed: Operation cannot be fulfilled on kubeapiservers.operator.openshift.io \"cluster\": the object has been modified; please apply your changes to the latest version and try again"
2026-01-28T09:30:49.671918325Z I0128 09:30:49.671894       1 annotations.go:52] Updating "openshift.io/owning-component" annotation for openshift-config-managed/kube-controller-manager-client-cert-key, diff:   string(
2026-01-28T09:30:49.671918325Z - 	"",
2026-01-28T09:30:49.671918325Z + 	"kube-apiserver",
2026-01-28T09:30:49.671918325Z   )
2026-01-28T09:30:49.671942276Z I0128 09:30:49.671919       1 annotations.go:58] Updating "openshift.io/description" annotation for openshift-config-managed/kube-controller-manager-client-cert-key, diff:   string(
2026-01-28T09:30:49.671942276Z - 	"",
2026-01-28T09:30:49.671942276Z + 	"Client certificate used by the kube-controller-manager to authenticate to the kube-apiserver.",
2026-01-28T09:30:49.671942276Z   )
2026-01-28T09:30:49.671953877Z I0128 09:30:49.671940       1 annotations.go:70] Updating "certificates.openshift.io/auto-regenerate-after-offline-expiry" annotation for openshift-config-managed/kube-controller-manager-client-cert-key, diff:   string(
2026-01-28T09:30:49.671953877Z - 	"",
2026-01-28T09:30:49.671953877Z + 	"https://github.com/openshift/cluster-kube-apiserver-operator/pull/1631,'[sig-apps] Deployment RollingUpdateDeployment should delete old pods and create new ones [Conformance] [Suite:openshift/conformance/parallel/minimal] [Suite:k8s]'",
2026-01-28T09:30:49.671953877Z   )
2026-01-28T09:30:49.679160692Z I0128 09:30:49.679127       1 event.go:377] Event(v1.ObjectReference{Kind:"Deployment", Namespace:"openshift-kube-apiserver-operator", Name:"kube-apiserver-operator", UID:"0f90e131-ac50-4cb2-87c5-ad12ae1902a5", APIVersion:"apps/v1", ResourceVersion:"", FieldPath:""}): type: 'Normal' reason: 'TargetUpdateRequired' "kube-controller-manager-client-cert-key" in "openshift-config-managed" requires a new target cert/key pair: secret doesn't exist
2026-01-28T09:30:49.857591747Z I0128 09:30:49.857489       1 request.go:752] "Waited before sending request" delay="1.049741856s" reason="client-side throttling, not priority and fairness" verb="POST" URL="https://172.30.0.1:443/api/v1/namespaces/openshift-kube-apiserver/secrets"
2026-01-28T09:30:49.862006675Z I0128 09:30:49.861988       1 target.go:138] Created secret openshift-kube-apiserver/internal-loadbalancer-serving-certkey
2026-01-28T09:30:49.862889909Z I0128 09:30:49.862863       1 event.go:377] Event(v1.ObjectReference{Kind:"Deployment", Namespace:"openshift-kube-apiserver-operator", Name:"kube-apiserver-operator", UID:"0f90e131-ac50-4cb2-87c5-ad12ae1902a5", APIVersion:"apps/v1", ResourceVersion:"", FieldPath:""}): type: 'Normal' reason: 'SecretCreated' Created Secret/internal-loadbalancer-serving-certkey -n openshift-kube-apiserver because it was missing
2026-01-28T09:30:49.864454746Z E0128 09:30:49.864434       1 base_controller.go:279] "Unhandled Error" err="NodeKubeconfigController reconciliation failed: \"secret/node-kubeconfigs\": configmap \"kube-apiserver-server-ca\" not found"
2026-01-28T09:30:49.864855766Z E0128 09:30:49.864829       1 base_controller.go:279] "Unhandled Error" err="TargetConfigController reconciliation failed: no observedConfig"
2026-01-28T09:30:49.864871306Z I0128 09:30:49.864851       1 event.go:377] Event(v1.ObjectReference{Kind:"Deployment", Namespace:"openshift-kube-apiserver-operator", Name:"kube-apiserver-operator", UID:"0f90e131-ac50-4cb2-87c5-ad12ae1902a5", APIVersion:"apps/v1", ResourceVersion:"", FieldPath:""}): type: 'Warning' reason: 'ConfigMissing' no observedConfig
2026-01-28T09:30:49.865787972Z E0128 09:30:49.865768       1 base_controller.go:279] "Unhandled Error" err="RevisionController reconciliation failed: configmap \"kube-apiserver-pod\" not found"
2026-01-28T09:30:49.878684149Z I0128 09:30:49.878660       1 annotations.go:76] Updating "auth.openshift.io/certificate-not-before" annotation for kube-controller-manager-client-cert-key/openshift-config-managed, diff:   string(
2026-01-28T09:30:49.878684149Z - 	"",
2026-01-28T09:30:49.878684149Z + 	"2026-01-28T09:30:48Z",
2026-01-28T09:30:49.878684149Z   )
2026-01-28T09:30:49.878750342Z I0128 09:30:49.878738       1 annotations.go:82] Updating "auth.openshift.io/certificate-not-after" annotation for kube-controller-manager-client-cert-key/openshift-config-managed, diff:   string(
2026-01-28T09:30:49.878750342Z - 	"",
2026-01-28T09:30:49.878750342Z + 	"2026-02-27T09:30:49Z",
2026-01-28T09:30:49.878750342Z   )
2026-01-28T09:30:49.878789154Z I0128 09:30:49.878778       1 annotations.go:88] Updating "certificates.openshift.io/refresh-period" annotation for kube-controller-manager-client-cert-key/openshift-config-managed, diff:   string(
2026-01-28T09:30:49.878789154Z - 	"",
2026-01-28T09:30:49.878789154Z + 	"360h0m0s",
2026-01-28T09:30:49.878789154Z   )
2026-01-28T09:30:50.270218890Z E0128 09:30:50.270174       1 base_controller.go:279] "Unhandled Error" err="CertRotationController reconciliation failed: Operation cannot be fulfilled on kubeapiservers.operator.openshift.io \"cluster\": the object has been modified; please apply your changes to the latest version and try again"
2026-01-28T09:30:50.271740795Z I0128 09:30:50.271715       1 annotations.go:52] Updating "openshift.io/owning-component" annotation for openshift-kube-apiserver/check-endpoints-client-cert-key, diff:   string(
2026-01-28T09:30:50.271740795Z - 	"",
2026-01-28T09:30:50.271740795Z + 	"kube-apiserver",
2026-01-28T09:30:50.271740795Z   )
2026-01-28T09:30:50.271765827Z I0128 09:30:50.271741       1 annotations.go:58] Updating "openshift.io/description" annotation for openshift-kube-apiserver/check-endpoints-client-cert-key, diff:   string(
2026-01-28T09:30:50.271765827Z - 	"",
2026-01-28T09:30:50.271765827Z + 	"Client certificate used by the network connectivity checker of the kube-apiserver.",
2026-01-28T09:30:50.271765827Z   )
2026-01-28T09:30:50.271801338Z I0128 09:30:50.271782       1 annotations.go:70] Updating "certificates.openshift.io/auto-regenerate-after-offline-expiry" annotation for openshift-kube-apiserver/check-endpoints-client-cert-key, diff:   string(
2026-01-28T09:30:50.271801338Z - 	"",
2026-01-28T09:30:50.271801338Z + 	`https://github.com/openshift/cluster-kube-apiserver-operator/pull/1631,'[Conformance][sig-api-machinery][Feature:APIServer] local kubeconfig "check-endpoints.kubeconfig" should be present in all kube-apiserver containers [Suite:openshift/conformance/parall`...,
2026-01-28T09:30:50.271801338Z   )
2026-01-28T09:30:50.271954146Z I0128 09:30:50.271918       1 event.go:377] Event(v1.ObjectReference{Kind:"Deployment", Namespace:"openshift-kube-apiserver-operator", Name:"kube-apiserver-operator", UID:"0f90e131-ac50-4cb2-87c5-ad12ae1902a5", APIVersion:"apps/v1", ResourceVersion:"", FieldPath:""}): type: 'Normal' reason: 'TargetUpdateRequired' "check-endpoints-client-cert-key" in "openshift-kube-apiserver" requires a new target cert/key pair: secret doesn't exist
2026-01-28T09:30:50.664793372Z I0128 09:30:50.664735       1 event.go:377] Event(v1.ObjectReference{Kind:"Deployment", Namespace:"openshift-kube-apiserver-operator", Name:"kube-apiserver-operator", UID:"0f90e131-ac50-4cb2-87c5-ad12ae1902a5", APIVersion:"apps/v1", ResourceVersion:"", FieldPath:""}): type: 'Normal' reason: 'ServiceAccountCreated' Created ServiceAccount/localhost-recovery-client -n openshift-kube-apiserver because it was missing
2026-01-28T09:30:50.665202902Z E0128 09:30:50.665182       1 base_controller.go:279] "Unhandled Error" err="TargetConfigController reconciliation failed: no observedConfig"
2026-01-28T09:30:50.665233024Z I0128 09:30:50.665211       1 event.go:377] Event(v1.ObjectReference{Kind:"Deployment", Namespace:"openshift-kube-apiserver-operator", Name:"kube-apiserver-operator", UID:"0f90e131-ac50-4cb2-87c5-ad12ae1902a5", APIVersion:"apps/v1", ResourceVersion:"", FieldPath:""}): type: 'Warning' reason: 'ConfigMissing' no observedConfig
2026-01-28T09:30:50.778745971Z E0128 09:30:50.778557       1 guard_controller.go:310] Missing operand on node ip-10-0-3-203.us-west-1.compute.internal
2026-01-28T09:30:50.778745971Z E0128 09:30:50.778584       1 guard_controller.go:310] Missing operand on node ip-10-0-102-200.us-west-1.compute.internal
2026-01-28T09:30:50.778745971Z E0128 09:30:50.778594       1 guard_controller.go:310] Missing operand on node ip-10-0-108-54.us-west-1.compute.internal
2026-01-28T09:30:50.781051765Z E0128 09:30:50.780674       1 base_controller.go:279] "Unhandled Error" err="GuardController reconciliation failed: [Missing operand on node ip-10-0-102-200.us-west-1.compute.internal, Missing operand on node ip-10-0-108-54.us-west-1.compute.internal, Missing operand on node ip-10-0-3-203.us-west-1.compute.internal]"
2026-01-28T09:30:50.869764027Z I0128 09:30:50.869126       1 target.go:138] Created secret openshift-config-managed/kube-controller-manager-client-cert-key
2026-01-28T09:30:50.878701599Z I0128 09:30:50.876434       1 request.go:752] "Waited before sending request" delay="2.95043974s" reason="client-side throttling, not priority and fairness" verb="PUT" URL="https://172.30.0.1:443/apis/operator.openshift.io/v1/kubeapiservers/cluster/status"
2026-01-28T09:30:50.880762531Z I0128 09:30:50.880115       1 event.go:377] Event(v1.ObjectReference{Kind:"Deployment", Namespace:"openshift-kube-apiserver-operator", Name:"kube-apiserver-operator", UID:"0f90e131-ac50-4cb2-87c5-ad12ae1902a5", APIVersion:"apps/v1", ResourceVersion:"", FieldPath:""}): type: 'Normal' reason: 'SecretCreated' Created Secret/kube-controller-manager-client-cert-key -n openshift-config-managed because it was missing
2026-01-28T09:30:51.021154556Z I0128 09:30:51.021113       1 annotations.go:76] Updating "auth.openshift.io/certificate-not-before" annotation for check-endpoints-client-cert-key/openshift-kube-apiserver, diff:   string(
2026-01-28T09:30:51.021154556Z - 	"",
2026-01-28T09:30:51.021154556Z + 	"2026-01-28T09:30:50Z",
2026-01-28T09:30:51.021154556Z   )
2026-01-28T09:30:51.021229479Z I0128 09:30:51.021215       1 annotations.go:82] Updating "auth.openshift.io/certificate-not-after" annotation for check-endpoints-client-cert-key/openshift-kube-apiserver, diff:   string(
2026-01-28T09:30:51.021229479Z - 	"",
2026-01-28T09:30:51.021229479Z + 	"2026-02-27T09:30:51Z",
2026-01-28T09:30:51.021229479Z   )
2026-01-28T09:30:51.021271912Z I0128 09:30:51.021259       1 annotations.go:88] Updating "certificates.openshift.io/refresh-period" annotation for check-endpoints-client-cert-key/openshift-kube-apiserver, diff:   string(
2026-01-28T09:30:51.021271912Z - 	"",
2026-01-28T09:30:51.021271912Z + 	"360h0m0s",
2026-01-28T09:30:51.021271912Z   )
2026-01-28T09:30:51.262746440Z I0128 09:30:51.262699       1 event.go:377] Event(v1.ObjectReference{Kind:"Deployment", Namespace:"openshift-kube-apiserver-operator", Name:"kube-apiserver-operator", UID:"0f90e131-ac50-4cb2-87c5-ad12ae1902a5", APIVersion:"apps/v1", ResourceVersion:"", FieldPath:""}): type: 'Normal' reason: 'SecretCreated' Created Secret/localhost-recovery-client-token -n openshift-kube-apiserver because it was missing
2026-01-28T09:30:51.264100897Z E0128 09:30:51.264076       1 base_controller.go:279] "Unhandled Error" err="TargetConfigController reconciliation failed: no observedConfig"
2026-01-28T09:30:51.264130829Z I0128 09:30:51.264097       1 event.go:377] Event(v1.ObjectReference{Kind:"Deployment", Namespace:"openshift-kube-apiserver-operator", Name:"kube-apiserver-operator", UID:"0f90e131-ac50-4cb2-87c5-ad12ae1902a5", APIVersion:"apps/v1", ResourceVersion:"", FieldPath:""}): type: 'Warning' reason: 'ConfigMissing' no observedConfig
2026-01-28T09:30:51.264404172Z E0128 09:30:51.264377       1 base_controller.go:279] "Unhandled Error" err="NodeKubeconfigController reconciliation failed: \"secret/node-kubeconfigs\": configmap \"kube-apiserver-server-ca\" not found"
2026-01-28T09:30:51.273906672Z E0128 09:30:51.273848       1 base_controller.go:279] "Unhandled Error" err="RevisionController reconciliation failed: configmap \"kube-apiserver-pod\" not found"
2026-01-28T09:30:51.278873697Z I0128 09:30:51.278706       1 apiextensions.go:38] CustomResourceDefinition "apirequestcounts.apiserver.openshift.io" changes: {"spec":{"versions":[{"additionalPrinterColumns":[{"description":"Release in which an API will be removed.","jsonPath":".status.removedInRelease","name":"RemovedInRelease","type":"string"},{"description":"Number of requests in the current hour.","jsonPath":".status.currentHour.requestCount","name":"RequestsInCurrentHour","type":"integer"},{"description":"Number of requests in the last 24h.","jsonPath":".status.requestCount","name":"RequestsInLast24h","type":"integer"}],"name":"v1","schema":{"openAPIV3Schema":{"description":"APIRequestCount tracks requests made to an API. The instance name must be of the form `resource.version.group`, matching the resource. \n Compatibility level 1: Stable within a major release for a minimum of 12 months or 3 minor releases (whichever is longer).","properties":{"apiVersion":{"description":"APIVersion defines the versioned schema of this representation of an object. Servers should convert recognized schemas to the latest internal value, and may reject unrecognized values. More info: https://git.k8s.io/community/contributors/devel/sig-architecture/api-conventions.md#resources","type":"string"},"kind":{"description":"Kind is a string value representing the REST resource this object represents. Servers may infer this from the endpoint the client submits requests to. Cannot be updated. In CamelCase. More info: https://git.k8s.io/community/contributors/devel/sig-architecture/api-conventions.md#types-kinds","type":"string"},"metadata":{"type":"object"},"spec":{"description":"spec defines the characteristics of the resource.","properties":{"numberOfUsersToReport":{"default":10,"description":"numberOfUsersToReport is the number of users to include in the report. If unspecified or zero, the default is ten.  This is default is subject to change.","format":"int64","maximum":100,"minimum":0,"type":"integer"}},"type":"object"},"status":{"description":"status contains the observed state of the resource.","properties":{"conditions":{"description":"conditions contains details of the current status of this API Resource.","items":{"description":"Condition contains details for one aspect of the current state of this API Resource. --- This struct is intended for direct use as an array at the field path .status.conditions.  For example, \n type FooStatus struct{ // Represents the observations of a foo's current state. // Known .status.conditions.type are: \"Available\", \"Progressing\", and \"Degraded\" // +patchMergeKey=type // +patchStrategy=merge // +listType=map // +listMapKey=type Conditions []metav1.Condition `json:\"conditions,omitempty\" patchStrategy:\"merge\" patchMergeKey:\"type\" protobuf:\"bytes,1,rep,name=conditions\"` \n // other fields }","properties":{"lastTransitionTime":{"description":"lastTransitionTime is the last time the condition transitioned from one status to another. This should be when the underlying condition changed.  If that is not known, then using the time when the API field changed is acceptable.","format":"date-time","type":"string"},"message":{"description":"message is a human readable message indicating details about the transition. This may be an empty string.","maxLength":32768,"type":"string"},"observedGeneration":{"description":"observedGeneration represents the .metadata.generation that the condition was set based upon. For instance, if .metadata.generation is currently 12, but the .status.conditions[x].observedGeneration is 9, the condition is out of date with respect to the current state of the instance.","format":"int64","minimum":0,"type":"integer"},"reason":{"description":"reason contains a programmatic identifier indicating the reason for the condition's last transition. Producers of specific condition types may define expected values and meanings for this field, and whether the values are considered a guaranteed API. The value should be a CamelCase string. This field may not be empty.","maxLength":1024,"minLength":1,"pattern":"^[A-Za-z]([A-Za-z0-9_,:]*[A-Za-z0-9_])?$","type":"string"},"status":{"description":"status of the condition, one of True, False, Unknown.","enum":["True","False","Unknown"],"type":"string"},"type":{"description":"type of condition in CamelCase or in foo.example.com/CamelCase. --- Many .condition.type values are consistent across resources like Available, but because arbitrary conditions can be useful (see .node.status.conditions), the ability to deconflict is important. The regex it matches is (dns1123SubdomainFmt/)?(qualifiedNameFmt)","maxLength":316,"pattern":"^([a-z0-9]([-a-z0-9]*[a-z0-9])?(\\.[a-z0-9]([-a-z0-9]*[a-z0-9])?)*/)?(([A-Za-z0-9][-A-Za-z0-9_.]*)?[A-Za-z0-9])$","type":"string"}},"required":["lastTransitionTime","message","reason","status","type"],"type":"object"},"type":"array"},"currentHour":{"description":"currentHour contains request history for the current hour. This is porcelain to make the API easier to read by humans seeing if they addressed a problem. This field is reset on the hour.","properties":{"byNode":{"description":"byNode contains logs of requests per node.","items":{"description":"PerNodeAPIRequestLog contains logs of requests to a certain node.","properties":{"byUser":{"description":"byUser contains request details by top .spec.numberOfUsersToReport users. Note that because in the case of an apiserver, restart the list of top users is determined on a best-effort basis, the list might be imprecise. In addition, some system users may be explicitly included in the list.","items":{"description":"PerUserAPIRequestCount contains logs of a user's requests.","properties":{"byVerb":{"description":"byVerb details by verb.","items":{"description":"PerVerbAPIRequestCount requestCounts requests by API request verb.","properties":{"requestCount":{"description":"requestCount of requests for verb.","format":"int64","minimum":0,"type":"integer"},"verb":{"description":"verb of API request (get, list, create, etc...)","maxLength":20,"type":"string"}},"type":"object"},"maxItems":10,"type":"array"},"requestCount":{"description":"requestCount of requests by the user across all verbs.","format":"int64","minimum":0,"type":"integer"},"userAgent":{"description":"userAgent that made the request. The same user often has multiple binaries which connect (pods with many containers).  The different binaries will have different userAgents, but the same user.  In addition, we have userAgents with version information embedded and the userName isn't likely to change.","maxLength":1024,"type":"string"},"username":{"description":"userName that made the request.","maxLength":512,"type":"string"}},"type":"object"},"maxItems":500,"type":"array"},"nodeName":{"description":"nodeName where the request are being handled.","maxLength":512,"minLength":1,"type":"string"},"requestCount":{"description":"requestCount is a sum of all requestCounts across all users, even those outside of the top 10 users.","format":"int64","minimum":0,"type":"integer"}},"type":"object"},"maxItems":512,"type":"array"},"requestCount":{"description":"requestCount is a sum of all requestCounts across nodes.","format":"int64","minimum":0,"type":"integer"}},"type":"object"},"last24h":{"description":"last24h contains request history for the last 24 hours, indexed by the hour, so 12:00AM-12:59 is in index 0, 6am-6:59am is index 6, etc. The index of the current hour is updated live and then duplicated into the requestsLastHour field.","items":{"description":"PerResourceAPIRequestLog logs request for various nodes.","properties":{"byNode":{"description":"byNode contains logs of requests per node.","items":{"description":"PerNodeAPIRequestLog contains logs of requests to a certain node.","properties":{"byUser":{"description":"byUser contains request details by top .spec.numberOfUsersToReport users. Note that because in the case of an apiserver, restart the list of top users is determined on a best-effort basis, the list might be imprecise. In addition, some system users may be explicitly included in the list.","items":{"description":"PerUserAPIRequestCount contains logs of a user's requests.","properties":{"byVerb":{"description":"byVerb details by verb.","items":{"description":"PerVerbAPIRequestCount requestCounts requests by API request verb.","properties":{"requestCount":{"description":"requestCount of requests for verb.","format":"int64","minimum":0,"type":"integer"},"verb":{"description":"verb of API request (get, list, create, etc...)","maxLength":20,"type":"string"}},"type":"object"},"maxItems":10,"type":"array"},"requestCount":{"description":"requestCount of requests by the user across all verbs.","format":"int64","minimum":0,"type":"integer"},"userAgent":{"description":"userAgent that made the request. The same user often has multiple binaries which connect (pods with many containers).  The different binaries will have different userAgents, but the same user.  In addition, we have userAgents with version information embedded and the userName isn't likely to change.","maxLength":1024,"type":"string"},"username":{"description":"userName that made the request.","maxLength":512,"type":"string"}},"type":"object"},"maxItems":500,"type":"array"},"nodeName":{"description":"nodeName where the request are being handled.","maxLength":512,"minLength":1,"type":"string"},"requestCount":{"description":"requestCount is a sum of all requestCounts across all users, even those outside of the top 10 users.","format":"int64","minimum":0,"type":"integer"}},"type":"object"},"maxItems":512,"type":"array"},"requestCount":{"description":"requestCount is a sum of all requestCounts across nodes.","format":"int64","minimum":0,"type":"integer"}},"type":"object"},"maxItems":24,"type":"array"},"removedInRelease":{"description":"removedInRelease is when the API will be removed.","maxLength":64,"minLength":0,"pattern":"^[0-9][0-9]*\\.[0-9][0-9]*$","type":"string"},"requestCount":{"description":"requestCount is a sum of all requestCounts across all current hours, nodes, and users.","format":"int64","minimum":0,"type":"integer"}},"type":"object"}},"required":["spec"],"type":"object"}},"served":true,"storage":true,"subresources":{"status":{}}}]}}
2026-01-28T09:30:51.282792571Z E0128 09:30:51.282768       1 base_controller.go:279] "Unhandled Error" err="Installer reconciliation failed: missing required resources: [configmaps: bound-sa-token-signing-certs-0,config-0,etcd-serving-ca-0,kube-apiserver-audit-policies-0,kube-apiserver-cert-syncer-kubeconfig-0,kube-apiserver-pod-0,kubelet-serving-ca-0,sa-token-signing-certs-0, secrets: etcd-client-0,localhost-recovery-client-token-0,localhost-recovery-serving-certkey-0]"
2026-01-28T09:30:51.289158815Z E0128 09:30:51.289133       1 base_controller.go:279] "Unhandled Error" err="NodeKubeconfigController reconciliation failed: \"secret/node-kubeconfigs\": configmap \"kube-apiserver-server-ca\" not found"
2026-01-28T09:30:51.294583943Z E0128 09:30:51.294417       1 base_controller.go:279] "Unhandled Error" err="RevisionController reconciliation failed: configmap \"kube-apiserver-pod\" not found"
2026-01-28T09:30:51.295463546Z I0128 09:30:51.294654       1 event.go:377] Event(v1.ObjectReference{Kind:"Deployment", Namespace:"openshift-kube-apiserver-operator", Name:"kube-apiserver-operator", UID:"0f90e131-ac50-4cb2-87c5-ad12ae1902a5", APIVersion:"apps/v1", ResourceVersion:"", FieldPath:""}): type: 'Warning' reason: 'RequiredInstallerResourcesMissing' configmaps: bound-sa-token-signing-certs-0,config-0,etcd-serving-ca-0,kube-apiserver-audit-policies-0,kube-apiserver-cert-syncer-kubeconfig-0,kube-apiserver-pod-0,kubelet-serving-ca-0,sa-token-signing-certs-0, secrets: etcd-client-0,localhost-recovery-client-token-0,localhost-recovery-serving-certkey-0
2026-01-28T09:30:51.295463546Z E0128 09:30:51.295073       1 base_controller.go:279] "Unhandled Error" err="TargetConfigController reconciliation failed: no observedConfig"
2026-01-28T09:30:51.296146840Z I0128 09:30:51.296119       1 event.go:377] Event(v1.ObjectReference{Kind:"Deployment", Namespace:"openshift-kube-apiserver-operator", Name:"kube-apiserver-operator", UID:"0f90e131-ac50-4cb2-87c5-ad12ae1902a5", APIVersion:"apps/v1", ResourceVersion:"", FieldPath:""}): type: 'Warning' reason: 'ConfigMissing' no observedConfig
2026-01-28T09:30:51.305532514Z I0128 09:30:51.305487       1 connectivity_check_controller.go:172] ConnectivityCheckController is waiting for transition to desired version (4.20.0-0-2026-01-28-090915-test-ci-ln-vjb5l1t-latest) to be completed.
2026-01-28T09:30:51.305532514Z I0128 09:30:51.305518       1 event.go:377] Event(v1.ObjectReference{Kind:"Deployment", Namespace:"openshift-kube-apiserver-operator", Name:"kube-apiserver-operator", UID:"0f90e131-ac50-4cb2-87c5-ad12ae1902a5", APIVersion:"apps/v1", ResourceVersion:"", FieldPath:""}): type: 'Normal' reason: 'CustomResourceDefinitionUpdated' Updated CustomResourceDefinition.apiextensions.k8s.io/apirequestcounts.apiserver.openshift.io because it changed
2026-01-28T09:30:51.310515780Z I0128 09:30:51.310486       1 event.go:377] Event(v1.ObjectReference{Kind:"Deployment", Namespace:"openshift-kube-apiserver-operator", Name:"kube-apiserver-operator", UID:"0f90e131-ac50-4cb2-87c5-ad12ae1902a5", APIVersion:"apps/v1", ResourceVersion:"", FieldPath:""}): type: 'Normal' reason: 'StorageVersionMigrationCreated' Created StorageVersionMigration.migration.k8s.io/flowcontrol-flowschema-storage-version-migration because it was missing
2026-01-28T09:30:51.317747077Z I0128 09:30:51.317112       1 event.go:377] Event(v1.ObjectReference{Kind:"Deployment", Namespace:"openshift-kube-apiserver-operator", Name:"kube-apiserver-operator", UID:"0f90e131-ac50-4cb2-87c5-ad12ae1902a5", APIVersion:"apps/v1", ResourceVersion:"", FieldPath:""}): type: 'Normal' reason: 'StorageVersionMigrationCreated' Created StorageVersionMigration.migration.k8s.io/flowcontrol-prioritylevel-storage-version-migration because it was missing
2026-01-28T09:30:51.321451940Z I0128 09:30:51.321425       1 event.go:377] Event(v1.ObjectReference{Kind:"Deployment", Namespace:"openshift-kube-apiserver-operator", Name:"kube-apiserver-operator", UID:"0f90e131-ac50-4cb2-87c5-ad12ae1902a5", APIVersion:"apps/v1", ResourceVersion:"", FieldPath:""}): type: 'Normal' reason: 'StorageVersionMigrationCreated' Created StorageVersionMigration.migration.k8s.io/flowcontrol-flowschema-storage-version-migration-v1beta3 because it was missing
2026-01-28T09:30:51.328039466Z I0128 09:30:51.327998       1 event.go:377] Event(v1.ObjectReference{Kind:"Deployment", Namespace:"openshift-kube-apiserver-operator", Name:"kube-apiserver-operator", UID:"0f90e131-ac50-4cb2-87c5-ad12ae1902a5", APIVersion:"apps/v1", ResourceVersion:"", FieldPath:""}): type: 'Normal' reason: 'StorageVersionMigrationCreated' Created StorageVersionMigration.migration.k8s.io/flowcontrol-prioritylevel-storage-version-migration-v1beta3 because it was missing
2026-01-28T09:30:51.338911233Z I0128 09:30:51.338852       1 event.go:377] Event(v1.ObjectReference{Kind:"Deployment", Namespace:"openshift-kube-apiserver-operator", Name:"kube-apiserver-operator", UID:"0f90e131-ac50-4cb2-87c5-ad12ae1902a5", APIVersion:"apps/v1", ResourceVersion:"", FieldPath:""}): type: 'Normal' reason: 'PrometheusRuleCreated' Created PrometheusRule.monitoring.coreos.com/api-usage -n openshift-kube-apiserver because it was missing
2026-01-28T09:30:51.343867528Z I0128 09:30:51.343836       1 event.go:377] Event(v1.ObjectReference{Kind:"Deployment", Namespace:"openshift-kube-apiserver-operator", Name:"kube-apiserver-operator", UID:"0f90e131-ac50-4cb2-87c5-ad12ae1902a5", APIVersion:"apps/v1", ResourceVersion:"", FieldPath:""}): type: 'Normal' reason: 'PrometheusRuleCreated' Created PrometheusRule.monitoring.coreos.com/audit-errors -n openshift-kube-apiserver because it was missing
2026-01-28T09:30:51.349422682Z I0128 09:30:51.349393       1 event.go:377] Event(v1.ObjectReference{Kind:"Deployment", Namespace:"openshift-kube-apiserver-operator", Name:"kube-apiserver-operator", UID:"0f90e131-ac50-4cb2-87c5-ad12ae1902a5", APIVersion:"apps/v1", ResourceVersion:"", FieldPath:""}): type: 'Normal' reason: 'PrometheusRuleCreated' Created PrometheusRule.monitoring.coreos.com/kube-apiserver-requests -n openshift-kube-apiserver because it was missing
2026-01-28T09:30:51.477257857Z I0128 09:30:51.477203       1 event.go:377] Event(v1.ObjectReference{Kind:"Deployment", Namespace:"openshift-kube-apiserver-operator", Name:"kube-apiserver-operator", UID:"0f90e131-ac50-4cb2-87c5-ad12ae1902a5", APIVersion:"apps/v1", ResourceVersion:"", FieldPath:""}): type: 'Normal' reason: 'ObserveTLSSecurityProfile' minTLSVersion changed to VersionTLS12
2026-01-28T09:30:51.477257857Z I0128 09:30:51.477230       1 event.go:377] Event(v1.ObjectReference{Kind:"Deployment", Namespace:"openshift-kube-apiserver-operator", Name:"kube-apiserver-operator", UID:"0f90e131-ac50-4cb2-87c5-ad12ae1902a5", APIVersion:"apps/v1", ResourceVersion:"", FieldPath:""}): type: 'Normal' reason: 'ObserveTLSSecurityProfile' cipherSuites changed to ["TLS_AES_128_GCM_SHA256" "TLS_AES_256_GCM_SHA384" "TLS_CHACHA20_POLY1305_SHA256" "TLS_ECDHE_ECDSA_WITH_AES_128_GCM_SHA256" "TLS_ECDHE_RSA_WITH_AES_128_GCM_SHA256" "TLS_ECDHE_ECDSA_WITH_AES_256_GCM_SHA384" "TLS_ECDHE_RSA_WITH_AES_256_GCM_SHA384" "TLS_ECDHE_ECDSA_WITH_CHACHA20_POLY1305_SHA256" "TLS_ECDHE_RSA_WITH_CHACHA20_POLY1305_SHA256"]
2026-01-28T09:30:51.477257857Z I0128 09:30:51.477241       1 event.go:377] Event(v1.ObjectReference{Kind:"Deployment", Namespace:"openshift-kube-apiserver-operator", Name:"kube-apiserver-operator", UID:"0f90e131-ac50-4cb2-87c5-ad12ae1902a5", APIVersion:"apps/v1", ResourceVersion:"", FieldPath:""}): type: 'Normal' reason: 'ObserveStorageUpdated' Updated storage urls to https://10.0.161.159:2379,https://localhost:2379
2026-01-28T09:30:51.482049344Z E0128 09:30:51.480579       1 base_controller.go:279] "Unhandled Error" err="TargetConfigController reconciliation failed: no observedConfig"
2026-01-28T09:30:51.485047562Z I0128 09:30:51.482175       1 connectivity_check_controller.go:172] ConnectivityCheckController is waiting for transition to desired version (4.20.0-0-2026-01-28-090915-test-ci-ln-vjb5l1t-latest) to be completed.
2026-01-28T09:30:51.485626880Z E0128 09:30:51.485236       1 base_controller.go:279] "Unhandled Error" err="NodeKubeconfigController reconciliation failed: \"secret/node-kubeconfigs\": configmap \"kube-apiserver-server-ca\" not found"
2026-01-28T09:30:51.493433736Z E0128 09:30:51.493399       1 base_controller.go:279] "Unhandled Error" err="RevisionController reconciliation failed: configmap \"kube-apiserver-pod\" not found"
2026-01-28T09:30:51.499200381Z I0128 09:30:51.499158       1 event.go:377] Event(v1.ObjectReference{Kind:"Deployment", Namespace:"openshift-kube-apiserver-operator", Name:"kube-apiserver-operator", UID:"0f90e131-ac50-4cb2-87c5-ad12ae1902a5", APIVersion:"apps/v1", ResourceVersion:"", FieldPath:""}): type: 'Warning' reason: 'ConfigMissing' no observedConfig
2026-01-28T09:30:51.534197580Z I0128 09:30:51.534153       1 event.go:377] Event(v1.ObjectReference{Kind:"Deployment", Namespace:"openshift-kube-apiserver-operator", Name:"kube-apiserver-operator", UID:"0f90e131-ac50-4cb2-87c5-ad12ae1902a5", APIVersion:"apps/v1", ResourceVersion:"", FieldPath:""}): type: 'Normal' reason: 'PrometheusRuleCreated' Created PrometheusRule.monitoring.coreos.com/kube-apiserver-slos-basic -n openshift-kube-apiserver because it was missing
2026-01-28T09:30:51.662684677Z I0128 09:30:51.662056       1 target.go:138] Created secret openshift-kube-apiserver/check-endpoints-client-cert-key
2026-01-28T09:30:51.663111128Z I0128 09:30:51.662993       1 event.go:377] Event(v1.ObjectReference{Kind:"Deployment", Namespace:"openshift-kube-apiserver-operator", Name:"kube-apiserver-operator", UID:"0f90e131-ac50-4cb2-87c5-ad12ae1902a5", APIVersion:"apps/v1", ResourceVersion:"", FieldPath:""}): type: 'Normal' reason: 'SecretCreated' Created Secret/check-endpoints-client-cert-key -n openshift-kube-apiserver because it was missing
2026-01-28T09:30:51.669158457Z E0128 09:30:51.669075       1 base_controller.go:279] "Unhandled Error" err="NodeKubeconfigController reconciliation failed: \"secret/node-kubeconfigs\": configmap \"kube-apiserver-server-ca\" not found"
2026-01-28T09:30:51.669231450Z E0128 09:30:51.669209       1 base_controller.go:279] "Unhandled Error" err="TargetConfigController reconciliation failed: no observedConfig"
2026-01-28T09:30:51.669246461Z I0128 09:30:51.669231       1 event.go:377] Event(v1.ObjectReference{Kind:"Deployment", Namespace:"openshift-kube-apiserver-operator", Name:"kube-apiserver-operator", UID:"0f90e131-ac50-4cb2-87c5-ad12ae1902a5", APIVersion:"apps/v1", ResourceVersion:"", FieldPath:""}): type: 'Warning' reason: 'ConfigMissing' no observedConfig
2026-01-28T09:30:51.669862761Z E0128 09:30:51.669835       1 base_controller.go:279] "Unhandled Error" err="RevisionController reconciliation failed: configmap \"kube-apiserver-pod\" not found"
2026-01-28T09:30:52.064077884Z E0128 09:30:52.062616       1 base_controller.go:279] "Unhandled Error" err="RevisionController reconciliation failed: configmap \"kube-apiserver-pod\" not found"
2026-01-28T09:30:52.064077884Z I0128 09:30:52.062698       1 event.go:377] Event(v1.ObjectReference{Kind:"Deployment", Namespace:"openshift-kube-apiserver-operator", Name:"kube-apiserver-operator", UID:"0f90e131-ac50-4cb2-87c5-ad12ae1902a5", APIVersion:"apps/v1", ResourceVersion:"", FieldPath:""}): type: 'Normal' reason: 'ConfigMapCreated' Created ConfigMap/etcd-serving-ca -n openshift-kube-apiserver because it was missing
2026-01-28T09:30:52.064077884Z E0128 09:30:52.062919       1 base_controller.go:279] "Unhandled Error" err="TargetConfigController reconciliation failed: no observedConfig"
2026-01-28T09:30:52.064077884Z I0128 09:30:52.062931       1 event.go:377] Event(v1.ObjectReference{Kind:"Deployment", Namespace:"openshift-kube-apiserver-operator", Name:"kube-apiserver-operator", UID:"0f90e131-ac50-4cb2-87c5-ad12ae1902a5", APIVersion:"apps/v1", ResourceVersion:"", FieldPath:""}): type: 'Warning' reason: 'ConfigMissing' no observedConfig
2026-01-28T09:30:52.066056762Z E0128 09:30:52.064809       1 base_controller.go:279] "Unhandled Error" err="NodeKubeconfigController reconciliation failed: \"secret/node-kubeconfigs\": configmap \"kube-apiserver-server-ca\" not found"
2026-01-28T09:30:52.066056762Z I0128 09:30:52.064891       1 request.go:752] "Waited before sending request" delay="2.941077755s" reason="client-side throttling, not priority and fairness" verb="PUT" URL="https://172.30.0.1:443/apis/operator.openshift.io/v1/kubeapiservers/cluster/status"
2026-01-28T09:30:52.130963863Z I0128 09:30:52.130920       1 event.go:377] Event(v1.ObjectReference{Kind:"Deployment", Namespace:"openshift-kube-apiserver-operator", Name:"kube-apiserver-operator", UID:"0f90e131-ac50-4cb2-87c5-ad12ae1902a5", APIVersion:"apps/v1", ResourceVersion:"", FieldPath:""}): type: 'Normal' reason: 'PrometheusRuleCreated' Created PrometheusRule.monitoring.coreos.com/podsecurity -n openshift-kube-apiserver because it was missing
2026-01-28T09:30:52.733272829Z I0128 09:30:52.732991       1 event.go:377] Event(v1.ObjectReference{Kind:"Deployment", Namespace:"openshift-kube-apiserver-operator", Name:"kube-apiserver-operator", UID:"0f90e131-ac50-4cb2-87c5-ad12ae1902a5", APIVersion:"apps/v1", ResourceVersion:"", FieldPath:""}): type: 'Normal' reason: 'PrometheusRuleCreated' Created PrometheusRule.monitoring.coreos.com/kube-apiserver-slos-extended -n openshift-kube-apiserver because it was missing
2026-01-28T09:30:52.863984405Z I0128 09:30:52.862728       1 event.go:377] Event(v1.ObjectReference{Kind:"Deployment", Namespace:"openshift-kube-apiserver-operator", Name:"kube-apiserver-operator", UID:"0f90e131-ac50-4cb2-87c5-ad12ae1902a5", APIVersion:"apps/v1", ResourceVersion:"", FieldPath:""}): type: 'Normal' reason: 'TargetConfigDeleted' Deleted target configmap openshift-kube-apiserver/kubelet-serving-ca because source config does not exist
2026-01-28T09:30:52.866194254Z E0128 09:30:52.865481       1 base_controller.go:279] "Unhandled Error" err="RevisionController reconciliation failed: configmap \"kube-apiserver-pod\" not found"
2026-01-28T09:30:52.866194254Z E0128 09:30:52.865822       1 base_controller.go:279] "Unhandled Error" err="TargetConfigController reconciliation failed: no observedConfig"
2026-01-28T09:30:52.866194254Z I0128 09:30:52.865836       1 event.go:377] Event(v1.ObjectReference{Kind:"Deployment", Namespace:"openshift-kube-apiserver-operator", Name:"kube-apiserver-operator", UID:"0f90e131-ac50-4cb2-87c5-ad12ae1902a5", APIVersion:"apps/v1", ResourceVersion:"", FieldPath:""}): type: 'Warning' reason: 'ConfigMissing' no observedConfig
2026-01-28T09:30:52.869192683Z E0128 09:30:52.867924       1 base_controller.go:279] "Unhandled Error" err="NodeKubeconfigController reconciliation failed: \"secret/node-kubeconfigs\": configmap \"kube-apiserver-server-ca\" not found"
2026-01-28T09:30:53.264342070Z I0128 09:30:53.264093       1 request.go:752] "Waited before sending request" delay="2.728819184s" reason="client-side throttling, not priority and fairness" verb="PUT" URL="https://172.30.0.1:443/apis/operator.openshift.io/v1/kubeapiservers/cluster/status"
2026-01-28T09:30:53.468737132Z I0128 09:30:53.466538       1 event.go:377] Event(v1.ObjectReference{Kind:"Deployment", Namespace:"openshift-kube-apiserver-operator", Name:"kube-apiserver-operator", UID:"0f90e131-ac50-4cb2-87c5-ad12ae1902a5", APIVersion:"apps/v1", ResourceVersion:"", FieldPath:""}): type: 'Normal' reason: 'TargetConfigDeleted' Deleted target configmap openshift-config-managed/kubelet-serving-ca because source config does not exist
2026-01-28T09:30:53.468737132Z E0128 09:30:53.466770       1 base_controller.go:279] "Unhandled Error" err="TargetConfigController reconciliation failed: no observedConfig"
2026-01-28T09:30:53.468737132Z I0128 09:30:53.466784       1 event.go:377] Event(v1.ObjectReference{Kind:"Deployment", Namespace:"openshift-kube-apiserver-operator", Name:"kube-apiserver-operator", UID:"0f90e131-ac50-4cb2-87c5-ad12ae1902a5", APIVersion:"apps/v1", ResourceVersion:"", FieldPath:""}): type: 'Warning' reason: 'ConfigMissing' no observedConfig
2026-01-28T09:30:54.066120694Z I0128 09:30:54.065430       1 event.go:377] Event(v1.ObjectReference{Kind:"Deployment", Namespace:"openshift-kube-apiserver-operator", Name:"kube-apiserver-operator", UID:"0f90e131-ac50-4cb2-87c5-ad12ae1902a5", APIVersion:"apps/v1", ResourceVersion:"", FieldPath:""}): type: 'Normal' reason: 'ObserveFeatureFlagsUpdated' Updated apiServerArguments.feature-gates to AdditionalRoutingCapabilities=true,AdminNetworkPolicy=true,AlibabaPlatform=true,AzureWorkloadIdentity=true,BuildCSIVolumes=true,CPMSMachineNamePrefix=true,ConsolePluginContentSecurityPolicy=true,ExternalOIDC=true,ExternalOIDCWithUIDAndExtraClaimMappings=true,GatewayAPI=true,GatewayAPIController=true,HighlyAvailableArbiter=true,ImageVolume=true,IngressControllerLBSubnetsAWS=true,KMSv1=true,MachineConfigNodes=true,ManagedBootImages=true,ManagedBootImagesAWS=true,MetricsCollectionProfiles=true,NetworkDiagnosticsConfig=true,NetworkLiveMigration=true,NetworkSegmentation=true,NewOLM=true,PinnedImages=true,PreconfiguredUDNAddresses=true,ProcMountType=true,RouteAdvertisements=true,RouteExternalCertificate=true,ServiceAccountTokenNodeBinding=true,SetEIPForNLBIngressController=true,SigstoreImageVerification=true,StoragePerformantSecurityPolicy=true,UpgradeStatus=true,UserNamespacesPodSecurityStandards=true,UserNamespacesSupport=true,VSphereMultiDisk=true,VSphereMultiNetworks=true,AWSClusterHostedDNS=false,AWSClusterHostedDNSInstall=false,AWSDedicatedHosts=false,AWSServiceLBNetworkSecurityGroup=false,AutomatedEtcdBackup=false,AzureClusterHostedDNSInstall=false,AzureDedicatedHosts=false,AzureMultiDisk=false,BootImageSkewEnforcement=false,BootcNodeManagement=false,ClusterAPIInstall=false,ClusterAPIInstallIBMCloud=false,ClusterMonitoringConfig=false,ClusterVersionOperatorConfiguration=false,DNSNameResolver=false,DualReplica=false,DyanmicServiceEndpointIBMCloud=false,DynamicResourceAllocation=false,EtcdBackendQuota=false,EventedPLEG=false,Example=false,Example2=false,ExternalSnapshotMetadata=false,GCPClusterHostedDNS=false,GCPClusterHostedDNSInstall=false,GCPCustomAPIEndpoints=false,GCPCustomAPIEndpointsInstall=false,ImageModeStatusReporting=false,ImageStreamImportMode=false,IngressControllerDynamicConfigurationManager=false,InsightsConfig=false,InsightsConfigAPI=false,InsightsOnDemandDataGather=false,IrreconcilableMachineConfig=false,KMSEncryptionProvider=false,MachineAPIMigration=false,MachineAPIOperatorDisableMachineHealthCheckController=false,ManagedBootImagesAzure=false,ManagedBootImagesvSphere=false,MaxUnavailableStatefulSet=false,MinimumKubeletVersion=false,MixedCPUsAllocation=false,MultiArchInstallAzure=false,MultiDiskSetup=false,MutatingAdmissionPolicy=false,NewOLMCatalogdAPIV1Metas=false,NewOLMOwnSingleNamespace=false,NewOLMPreflightPermissionChecks=false,NewOLMWebhookProviderOpenshiftServiceCA=false,NoRegistryClusterOperations=false,NodeSwap=false,NutanixMultiSubnets=false,OVNObservability=false,OpenShiftPodSecurityAdmission=false,SELinuxMount=false,ShortCertRotation=false,SignatureStores=false,SigstoreImageVerificationPKI=false,TranslateStreamCloseWebsocketRequests=false,VSphereConfigurableMaxAllowedBlockVolumesPerNode=false,VSphereHostVMGroupZonal=false,VSphereMixedNodeEnv=false,VolumeAttributesClass=false,VolumeGroupSnapshot=false
2026-01-28T09:30:54.066120694Z E0128 09:30:54.065632       1 base_controller.go:279] "Unhandled Error" err="TargetConfigController reconciliation failed: no observedConfig"
2026-01-28T09:30:54.066120694Z I0128 09:30:54.065646       1 event.go:377] Event(v1.ObjectReference{Kind:"Deployment", Namespace:"openshift-kube-apiserver-operator", Name:"kube-apiserver-operator", UID:"0f90e131-ac50-4cb2-87c5-ad12ae1902a5", APIVersion:"apps/v1", ResourceVersion:"", FieldPath:""}): type: 'Warning' reason: 'ConfigMissing' no observedConfig
2026-01-28T09:30:54.066120694Z I0128 09:30:54.065658       1 event.go:377] Event(v1.ObjectReference{Kind:"Deployment", Namespace:"openshift-kube-apiserver-operator", Name:"kube-apiserver-operator", UID:"0f90e131-ac50-4cb2-87c5-ad12ae1902a5", APIVersion:"apps/v1", ResourceVersion:"", FieldPath:""}): type: 'Normal' reason: 'ConfigMapCreated' Created ConfigMap/bound-sa-token-signing-certs -n openshift-config-managed because it was missing
2026-01-28T09:30:54.070959083Z I0128 09:30:54.070920       1 event.go:377] Event(v1.ObjectReference{Kind:"Deployment", Namespace:"openshift-kube-apiserver-operator", Name:"kube-apiserver-operator", UID:"0f90e131-ac50-4cb2-87c5-ad12ae1902a5", APIVersion:"apps/v1", ResourceVersion:"", FieldPath:""}): type: 'Normal' reason: 'ObservedConfigChanged' Writing updated observed config:   map[string]any{
2026-01-28T09:30:54.070959083Z + 	"admission": map[string]any{
2026-01-28T09:30:54.070959083Z + 		"pluginConfig": map[string]any{
2026-01-28T09:30:54.070959083Z + 			"PodSecurity":                                       map[string]any{"configuration": map[string]any{...}},
2026-01-28T09:30:54.070959083Z + 			"network.openshift.io/ExternalIPRanger":             map[string]any{"configuration": map[string]any{...}},
2026-01-28T09:30:54.070959083Z + 			"network.openshift.io/RestrictedEndpointsAdmission": map[string]any{"configuration": map[string]any{...}},
2026-01-28T09:30:54.070959083Z + 		},
2026-01-28T09:30:54.070959083Z + 	},
2026-01-28T09:30:54.070959083Z + 	"apiServerArguments": map[string]any{
2026-01-28T09:30:54.070959083Z + 		"api-audiences":      []any{string("https://kubernetes.default.svc")},
2026-01-28T09:30:54.070959083Z + 		"authorization-mode": []any{string("Scope"), string("SystemMasters"), string("RBAC"), string("Node")},
2026-01-28T09:30:54.070959083Z + 		"enable-admission-plugins": []any{
2026-01-28T09:30:54.070959083Z + 			string("authorization.openshift.io/RestrictSubjectBindings"),
2026-01-28T09:30:54.070959083Z + 			string("authorization.openshift.io/ValidateRoleBindingRestriction"),
2026-01-28T09:30:54.070959083Z + 		},
2026-01-28T09:30:54.070959083Z + 		"etcd-servers": []any{string("https://10.0.161.159:2379"), string("https://localhost:2379")},
2026-01-28T09:30:54.070959083Z + 		"feature-gates": []any{
2026-01-28T09:30:54.070959083Z + 			string("AdditionalRoutingCapabilities=true"),
2026-01-28T09:30:54.070959083Z + 			string("AdminNetworkPolicy=true"), string("AlibabaPlatform=true"),
2026-01-28T09:30:54.070959083Z + 			string("AzureWorkloadIdentity=true"), string("BuildCSIVolumes=true"),
2026-01-28T09:30:54.070959083Z + 			string("CPMSMachineNamePrefix=true"),
2026-01-28T09:30:54.070959083Z + 			string("ConsolePluginContentSecurityPolicy=true"), string("ExternalOIDC=true"),
2026-01-28T09:30:54.070959083Z + 			...,
2026-01-28T09:30:54.070959083Z + 		},
2026-01-28T09:30:54.070959083Z + 		"goaway-chance":                         []any{string("0.001")},
2026-01-28T09:30:54.070959083Z + 		"send-retry-after-while-not-ready-once": []any{string("false")},
2026-01-28T09:30:54.070959083Z + 		"service-account-issuer":                []any{string("https://kubernetes.default.svc")},
2026-01-28T09:30:54.070959083Z + 		"service-account-jwks-uri":              []any{string("https://api.ci-ln-vjb5l1t-76ef8.XXXXXXXXXXXXXXXXXXXXXX:6443/open"...)},
2026-01-28T09:30:54.070959083Z + 		"shutdown-delay-duration":               []any{string("129s")},
2026-01-28T09:30:54.070959083Z + 	},
2026-01-28T09:30:54.070959083Z + 	"corsAllowedOrigins":          []any{string(`//127\.0\.0\.1(:|$)`), string("//localhost(:|$)")},
2026-01-28T09:30:54.070959083Z + 	"gracefulTerminationDuration": string("194"),
2026-01-28T09:30:54.070959083Z + 	"servicesSubnet":              string("172.30.0.0/16"),
2026-01-28T09:30:54.070959083Z + 	"servingInfo": map[string]any{
2026-01-28T09:30:54.070959083Z + 		"bindAddress": string("0.0.0.0:6443"),
2026-01-28T09:30:54.070959083Z + 		"bindNetwork": string("tcp4"),
2026-01-28T09:30:54.070959083Z + 		"cipherSuites": []any{
2026-01-28T09:30:54.070959083Z + 			string("TLS_AES_128_GCM_SHA256"), string("TLS_AES_256_GCM_SHA384"),
2026-01-28T09:30:54.070959083Z + 			string("TLS_CHACHA20_POLY1305_SHA256"),
2026-01-28T09:30:54.070959083Z + 			string("TLS_ECDHE_ECDSA_WITH_AES_128_GCM_SHA256"),
2026-01-28T09:30:54.070959083Z + 			string("TLS_ECDHE_RSA_WITH_AES_128_GCM_SHA256"),
2026-01-28T09:30:54.070959083Z + 			string("TLS_ECDHE_ECDSA_WITH_AES_256_GCM_SHA384"),
2026-01-28T09:30:54.070959083Z + 			string("TLS_ECDHE_RSA_WITH_AES_256_GCM_SHA384"),
2026-01-28T09:30:54.070959083Z + 			string("TLS_ECDHE_ECDSA_WITH_CHACHA20_POLY1305_SHA256"), ...,
2026-01-28T09:30:54.070959083Z + 		},
2026-01-28T09:30:54.070959083Z + 		"minTLSVersion": string("VersionTLS12"),
2026-01-28T09:30:54.070959083Z + 		"namedCertificates": []any{
2026-01-28T09:30:54.070959083Z + 			map[string]any{
2026-01-28T09:30:54.070959083Z + 				"certFile": string("/etc/kubernetes/static-pod-certs"...),
2026-01-28T09:30:54.070959083Z + 				"keyFile":  string("/etc/kubernetes/static-pod-certs"...),
2026-01-28T09:30:54.070959083Z + 			},
2026-01-28T09:30:54.070959083Z + 			map[string]any{
2026-01-28T09:30:54.070959083Z + 				"certFile": string("/etc/kubernetes/static-pod-certs"...),
2026-01-28T09:30:54.070959083Z + 				"keyFile":  string("/etc/kubernetes/static-pod-certs"...),
2026-01-28T09:30:54.070959083Z + 			},
2026-01-28T09:30:54.070959083Z + 			map[string]any{
2026-01-28T09:30:54.070959083Z + 				"certFile": string("/etc/kubernetes/static-pod-certs"...),
2026-01-28T09:30:54.070959083Z + 				"keyFile":  string("/etc/kubernetes/static-pod-certs"...),
2026-01-28T09:30:54.070959083Z + 			},
2026-01-28T09:30:54.070959083Z + 			map[string]any{
2026-01-28T09:30:54.070959083Z + 				"certFile": string("/etc/kubernetes/static-pod-certs"...),
2026-01-28T09:30:54.070959083Z + 				"keyFile":  string("/etc/kubernetes/static-pod-certs"...),
2026-01-28T09:30:54.070959083Z + 			},
2026-01-28T09:30:54.070959083Z + 			map[string]any{
2026-01-28T09:30:54.070959083Z + 				"certFile": string("/etc/kubernetes/static-pod-resou"...),
2026-01-28T09:30:54.070959083Z + 				"keyFile":  string("/etc/kubernetes/static-pod-resou"...),
2026-01-28T09:30:54.070959083Z + 			},
2026-01-28T09:30:54.070959083Z + 		},
2026-01-28T09:30:54.070959083Z + 	},
2026-01-28T09:30:54.070959083Z   }
2026-01-28T09:30:54.072838116Z E0128 09:30:54.072782       1 base_controller.go:279] "Unhandled Error" err="PodSecurityReadinessController reconciliation failed: Operation cannot be fulfilled on kubeapiservers.operator.openshift.io \"cluster\": the object has been modified; please apply your changes to the latest version and try again"
2026-01-28T09:30:54.086651060Z E0128 09:30:54.086629       1 podsecurityreadinesscontroller.go:88] "namespace:" err="unable to determine if the namespace is violating because no appropriate labels or annotations were found" kube-node-lease="(MISSING)"
2026-01-28T09:30:54.086749865Z E0128 09:30:54.086728       1 podsecurityreadinesscontroller.go:88] "namespace:" err="unable to determine if the namespace is violating because no appropriate labels or annotations were found" openshift-apiserver-operator="(MISSING)"
2026-01-28T09:30:54.086813238Z E0128 09:30:54.086798       1 podsecurityreadinesscontroller.go:88] "namespace:" err="unable to determine if the namespace is violating because no appropriate labels or annotations were found" openshift-cloud-credential-operator="(MISSING)"
2026-01-28T09:30:54.086936244Z E0128 09:30:54.086917       1 podsecurityreadinesscontroller.go:88] "namespace:" err="unable to determine if the namespace is violating because no appropriate labels or annotations were found" openshift-cloud-network-config-controller="(MISSING)"
2026-01-28T09:30:54.086990097Z E0128 09:30:54.086977       1 podsecurityreadinesscontroller.go:88] "namespace:" err="unable to determine if the namespace is violating because no appropriate labels or annotations were found" openshift-cluster-olm-operator="(MISSING)"
2026-01-28T09:30:54.087083921Z E0128 09:30:54.087056       1 podsecurityreadinesscontroller.go:88] "namespace:" err="unable to determine if the namespace is violating because no appropriate labels or annotations were found" openshift-cluster-samples-operator="(MISSING)"
2026-01-28T09:30:54.087224518Z E0128 09:30:54.087120       1 podsecurityreadinesscontroller.go:88] "namespace:" err="unable to determine if the namespace is violating because no appropriate labels or annotations were found" openshift-cluster-storage-operator="(MISSING)"
2026-01-28T09:30:54.087224518Z E0128 09:30:54.087174       1 podsecurityreadinesscontroller.go:88] "namespace:" err="unable to determine if the namespace is violating because no appropriate labels or annotations were found" openshift-config-managed="(MISSING)"
2026-01-28T09:30:54.087830518Z E0128 09:30:54.087794       1 podsecurityreadinesscontroller.go:88] "namespace:" err="unable to determine if the namespace is violating because no appropriate labels or annotations were found" openshift-config-operator="(MISSING)"
2026-01-28T09:30:54.087895711Z E0128 09:30:54.087872       1 podsecurityreadinesscontroller.go:88] "namespace:" err="unable to determine if the namespace is violating because no appropriate labels or annotations were found" openshift-console="(MISSING)"
2026-01-28T09:30:54.087962565Z E0128 09:30:54.087942       1 podsecurityreadinesscontroller.go:88] "namespace:" err="unable to determine if the namespace is violating because no appropriate labels or annotations were found" openshift-console-operator="(MISSING)"
2026-01-28T09:30:54.088062779Z E0128 09:30:54.088041       1 podsecurityreadinesscontroller.go:88] "namespace:" err="unable to determine if the namespace is violating because no appropriate labels or annotations were found" openshift-console-user-settings="(MISSING)"
2026-01-28T09:30:54.088154354Z E0128 09:30:54.088118       1 podsecurityreadinesscontroller.go:88] "namespace:" err="unable to determine if the namespace is violating because no appropriate labels or annotations were found" openshift-controller-manager-operator="(MISSING)"
2026-01-28T09:30:54.088217547Z E0128 09:30:54.088196       1 podsecurityreadinesscontroller.go:88] "namespace:" err="unable to determine if the namespace is violating because no appropriate labels or annotations were found" openshift-dns-operator="(MISSING)"
2026-01-28T09:30:54.088271090Z E0128 09:30:54.088257       1 podsecurityreadinesscontroller.go:88] "namespace:" err="unable to determine if the namespace is violating because no appropriate labels or annotations were found" openshift-host-network="(MISSING)"
2026-01-28T09:30:54.088348064Z E0128 09:30:54.088326       1 podsecurityreadinesscontroller.go:88] "namespace:" err="unable to determine if the namespace is violating because no appropriate labels or annotations were found" openshift-ingress-operator="(MISSING)"
2026-01-28T09:30:54.088420437Z E0128 09:30:54.088400       1 podsecurityreadinesscontroller.go:88] "namespace:" err="unable to determine if the namespace is violating because no appropriate labels or annotations were found" openshift-kube-controller-manager-operator="(MISSING)"
2026-01-28T09:30:54.088476090Z E0128 09:30:54.088456       1 podsecurityreadinesscontroller.go:88] "namespace:" err="unable to determine if the namespace is violating because no appropriate labels or annotations were found" openshift-kube-storage-version-migrator="(MISSING)"
2026-01-28T09:30:54.088538013Z E0128 09:30:54.088518       1 podsecurityreadinesscontroller.go:88] "namespace:" err="unable to determine if the namespace is violating because no appropriate labels or annotations were found" openshift-kube-storage-version-migrator-operator="(MISSING)"
2026-01-28T09:30:54.088629598Z E0128 09:30:54.088574       1 podsecurityreadinesscontroller.go:88] "namespace:" err="unable to determine if the namespace is violating because no appropriate labels or annotations were found" openshift-network-console="(MISSING)"
2026-01-28T09:30:54.088646778Z E0128 09:30:54.088639       1 podsecurityreadinesscontroller.go:88] "namespace:" err="unable to determine if the namespace is violating because no appropriate labels or annotations were found" openshift-network-diagnostics="(MISSING)"
2026-01-28T09:30:54.088713222Z E0128 09:30:54.088691       1 podsecurityreadinesscontroller.go:88] "namespace:" err="unable to determine if the namespace is violating because no appropriate labels or annotations were found" openshift-service-ca="(MISSING)"
2026-01-28T09:30:54.088824597Z E0128 09:30:54.088786       1 podsecurityreadinesscontroller.go:88] "namespace:" err="unable to determine if the namespace is violating because no appropriate labels or annotations were found" openshift-service-ca-operator="(MISSING)"
2026-01-28T09:30:54.088878930Z E0128 09:30:54.088859       1 podsecurityreadinesscontroller.go:88] "namespace:" err="unable to determine if the namespace is violating because no appropriate labels or annotations were found" openshift-user-workload-monitoring="(MISSING)"
2026-01-28T09:30:54.268061314Z I0128 09:30:54.267959       1 event.go:377] Event(v1.ObjectReference{Kind:"Deployment", Namespace:"openshift-kube-apiserver-operator", Name:"kube-apiserver-operator", UID:"0f90e131-ac50-4cb2-87c5-ad12ae1902a5", APIVersion:"apps/v1", ResourceVersion:"", FieldPath:""}): type: 'Warning' reason: 'RequiredInstallerResourcesMissing' configmaps: bound-sa-token-signing-certs-0,config-0,etcd-serving-ca-0,kube-apiserver-audit-policies-0,kube-apiserver-cert-syncer-kubeconfig-0,kube-apiserver-pod-0,kubelet-serving-ca-0,sa-token-signing-certs-0, secrets: etcd-client-0,localhost-recovery-client-token-0,localhost-recovery-serving-certkey-0
2026-01-28T09:30:54.269109136Z E0128 09:30:54.269067       1 base_controller.go:279] "Unhandled Error" err="Installer reconciliation failed: missing required resources: [configmaps: bound-sa-token-signing-certs-0,config-0,etcd-serving-ca-0,kube-apiserver-audit-policies-0,kube-apiserver-cert-syncer-kubeconfig-0,kube-apiserver-pod-0,kubelet-serving-ca-0,sa-token-signing-certs-0, secrets: etcd-client-0,localhost-recovery-client-token-0,localhost-recovery-serving-certkey-0]"
2026-01-28T09:30:54.463669271Z I0128 09:30:54.463606       1 request.go:752] "Waited before sending request" delay="2.800569233s" reason="client-side throttling, not priority and fairness" verb="PUT" URL="https://172.30.0.1:443/apis/operator.openshift.io/v1/kubeapiservers/cluster/status"
2026-01-28T09:30:54.472541980Z E0128 09:30:54.472511       1 base_controller.go:279] "Unhandled Error" err="CertRotationController reconciliation failed: KubeAPIServer.operator.openshift.io \"cluster\" is invalid: [status.nodeStatuses[0].currentRevision: Invalid value: \"object\": cannot be unset once set, status.nodeStatuses[1].currentRevision: Invalid value: \"object\": cannot be unset once set, status.nodeStatuses[2].currentRevision: Invalid value: \"object\": cannot be unset once set]"
2026-01-28T09:30:54.672901801Z E0128 09:30:54.672859       1 base_controller.go:279] "Unhandled Error" err="CertRotationController reconciliation failed: KubeAPIServer.operator.openshift.io \"cluster\" is invalid: [status.nodeStatuses[0].currentRevision: Invalid value: \"object\": cannot be unset once set, status.nodeStatuses[1].currentRevision: Invalid value: \"object\": cannot be unset once set, status.nodeStatuses[2].currentRevision: Invalid value: \"object\": cannot be unset once set]"
2026-01-28T09:30:54.872380819Z E0128 09:30:54.872339       1 base_controller.go:279] "Unhandled Error" err="CertRotationController reconciliation failed: KubeAPIServer.operator.openshift.io \"cluster\" is invalid: [status.nodeStatuses[0].currentRevision: Invalid value: \"object\": cannot be unset once set, status.nodeStatuses[1].currentRevision: Invalid value: \"object\": cannot be unset once set, status.nodeStatuses[2].currentRevision: Invalid value: \"object\": cannot be unset once set]"
2026-01-28T09:30:55.072981793Z E0128 09:30:55.072928       1 base_controller.go:279] "Unhandled Error" err="CertRotationController reconciliation failed: KubeAPIServer.operator.openshift.io \"cluster\" is invalid: [status.nodeStatuses[0].currentRevision: Invalid value: \"object\": cannot be unset once set, status.nodeStatuses[1].currentRevision: Invalid value: \"object\": cannot be unset once set, status.nodeStatuses[2].currentRevision: Invalid value: \"object\": cannot be unset once set]"
2026-01-28T09:30:55.272880922Z E0128 09:30:55.272837       1 base_controller.go:279] "Unhandled Error" err="CertRotationController reconciliation failed: KubeAPIServer.operator.openshift.io \"cluster\" is invalid: [status.nodeStatuses[0].currentRevision: Invalid value: \"object\": cannot be unset once set, status.nodeStatuses[1].currentRevision: Invalid value: \"object\": cannot be unset once set, status.nodeStatuses[2].currentRevision: Invalid value: \"object\": cannot be unset once set]"
2026-01-28T09:30:55.464130973Z I0128 09:30:55.464080       1 request.go:752] "Waited before sending request" delay="2.781249727s" reason="client-side throttling, not priority and fairness" verb="PUT" URL="https://172.30.0.1:443/apis/operator.openshift.io/v1/kubeapiservers/cluster/status"
2026-01-28T09:30:55.473044974Z E0128 09:30:55.473004       1 base_controller.go:279] "Unhandled Error" err="CertRotationController reconciliation failed: KubeAPIServer.operator.openshift.io \"cluster\" is invalid: [status.nodeStatuses[0].currentRevision: Invalid value: \"object\": cannot be unset once set, status.nodeStatuses[1].currentRevision: Invalid value: \"object\": cannot be unset once set, status.nodeStatuses[2].currentRevision: Invalid value: \"object\": cannot be unset once set]"
2026-01-28T09:30:55.680058015Z E0128 09:30:55.679618       1 base_controller.go:279] "Unhandled Error" err="TargetConfigController reconciliation failed: no observedConfig"
2026-01-28T09:30:55.680058015Z I0128 09:30:55.679645       1 event.go:377] Event(v1.ObjectReference{Kind:"Deployment", Namespace:"openshift-kube-apiserver-operator", Name:"kube-apiserver-operator", UID:"0f90e131-ac50-4cb2-87c5-ad12ae1902a5", APIVersion:"apps/v1", ResourceVersion:"", FieldPath:""}): type: 'Warning' reason: 'ConfigMissing' no observedConfig
2026-01-28T09:30:55.687800978Z E0128 09:30:55.684145       1 base_controller.go:279] "Unhandled Error" err="RevisionController reconciliation failed: configmap \"kube-apiserver-pod\" not found"
2026-01-28T09:30:55.687800978Z I0128 09:30:55.684533       1 connectivity_check_controller.go:172] ConnectivityCheckController is waiting for transition to desired version (4.20.0-0-2026-01-28-090915-test-ci-ln-vjb5l1t-latest) to be completed.
2026-01-28T09:30:55.687800978Z E0128 09:30:55.687680       1 base_controller.go:279] "Unhandled Error" err="NodeKubeconfigController reconciliation failed: \"secret/node-kubeconfigs\": configmap \"kube-apiserver-server-ca\" not found"
2026-01-28T09:30:55.703139717Z I0128 09:30:55.703058       1 connectivity_check_controller.go:172] ConnectivityCheckController is waiting for transition to desired version (4.20.0-0-2026-01-28-090915-test-ci-ln-vjb5l1t-latest) to be completed.
2026-01-28T09:30:55.870778640Z E0128 09:30:55.870744       1 base_controller.go:279] "Unhandled Error" err="CertRotationController reconciliation failed: Operation cannot be fulfilled on kubeapiservers.operator.openshift.io \"cluster\": the object has been modified; please apply your changes to the latest version and try again"
2026-01-28T09:30:56.270748676Z E0128 09:30:56.270702       1 base_controller.go:279] "Unhandled Error" err="CertRotationController reconciliation failed: Operation cannot be fulfilled on kubeapiservers.operator.openshift.io \"cluster\": the object has been modified; please apply your changes to the latest version and try again"
2026-01-28T09:30:56.470986142Z E0128 09:30:56.470940       1 base_controller.go:279] "Unhandled Error" err="CertRotationController reconciliation failed: Operation cannot be fulfilled on kubeapiservers.operator.openshift.io \"cluster\": the object has been modified; please apply your changes to the latest version and try again"
2026-01-28T09:30:56.663756818Z I0128 09:30:56.663713       1 request.go:752] "Waited before sending request" delay="2.981085883s" reason="client-side throttling, not priority and fairness" verb="PUT" URL="https://172.30.0.1:443/apis/operator.openshift.io/v1/kubeapiservers/cluster/status"
2026-01-28T09:30:56.870569439Z E0128 09:30:56.870523       1 base_controller.go:279] "Unhandled Error" err="KubeletVersionSkewController reconciliation failed: Operation cannot be fulfilled on kubeapiservers.operator.openshift.io \"cluster\": the object has been modified; please apply your changes to the latest version and try again"
2026-01-28T09:30:57.470834523Z E0128 09:30:57.470786       1 base_controller.go:279] "Unhandled Error" err="CertRotationController reconciliation failed: Operation cannot be fulfilled on kubeapiservers.operator.openshift.io \"cluster\": the object has been modified; please apply your changes to the latest version and try again"
2026-01-28T09:30:57.664118525Z I0128 09:30:57.664073       1 request.go:752] "Waited before sending request" delay="3.38855083s" reason="client-side throttling, not priority and fairness" verb="GET" URL="https://172.30.0.1:443/apis/operator.openshift.io/v1/kubeapiservers/cluster"
2026-01-28T09:30:57.668542424Z I0128 09:30:57.668508       1 event.go:377] Event(v1.ObjectReference{Kind:"Deployment", Namespace:"openshift-kube-apiserver-operator", Name:"kube-apiserver-operator", UID:"0f90e131-ac50-4cb2-87c5-ad12ae1902a5", APIVersion:"apps/v1", ResourceVersion:"", FieldPath:""}): type: 'Warning' reason: 'RequiredInstallerResourcesMissing' configmaps: bound-sa-token-signing-certs-0,config-0,etcd-serving-ca-0,kube-apiserver-audit-policies-0,kube-apiserver-cert-syncer-kubeconfig-0,kube-apiserver-pod-0,kubelet-serving-ca-0,sa-token-signing-certs-0, secrets: etcd-client-0,localhost-recovery-client-token-0,localhost-recovery-serving-certkey-0
2026-01-28T09:30:57.669471770Z E0128 09:30:57.669441       1 base_controller.go:279] "Unhandled Error" err="Installer reconciliation failed: missing required resources: [configmaps: bound-sa-token-signing-certs-0,config-0,etcd-serving-ca-0,kube-apiserver-audit-policies-0,kube-apiserver-cert-syncer-kubeconfig-0,kube-apiserver-pod-0,kubelet-serving-ca-0,sa-token-signing-certs-0, secrets: etcd-client-0,localhost-recovery-client-token-0,localhost-recovery-serving-certkey-0]"
2026-01-28T09:30:58.864188472Z I0128 09:30:58.864143       1 request.go:752] "Waited before sending request" delay="3.388669326s" reason="client-side throttling, not priority and fairness" verb="PUT" URL="https://172.30.0.1:443/apis/operator.openshift.io/v1/kubeapiservers/cluster/status"
2026-01-28T09:30:59.096452922Z E0128 09:30:59.096395       1 base_controller.go:279] "Unhandled Error" err="CertRotationController reconciliation failed: KubeAPIServer.operator.openshift.io \"cluster\" is invalid: [status.nodeStatuses[0].currentRevision: Invalid value: \"object\": cannot be unset once set, status.nodeStatuses[1].currentRevision: Invalid value: \"object\": cannot be unset once set, status.nodeStatuses[2].currentRevision: Invalid value: \"object\": cannot be unset once set]"
2026-01-28T09:30:59.273345603Z E0128 09:30:59.273307       1 base_controller.go:279] "Unhandled Error" err="CertRotationController reconciliation failed: KubeAPIServer.operator.openshift.io \"cluster\" is invalid: [status.nodeStatuses[0].currentRevision: Invalid value: \"object\": cannot be unset once set, status.nodeStatuses[1].currentRevision: Invalid value: \"object\": cannot be unset once set, status.nodeStatuses[2].currentRevision: Invalid value: \"object\": cannot be unset once set]"
2026-01-28T09:30:59.474703044Z E0128 09:30:59.474615       1 base_controller.go:279] "Unhandled Error" err="CertRotationController reconciliation failed: KubeAPIServer.operator.openshift.io \"cluster\" is invalid: [status.nodeStatuses[0].currentRevision: Invalid value: \"object\": cannot be unset once set, status.nodeStatuses[1].currentRevision: Invalid value: \"object\": cannot be unset once set, status.nodeStatuses[2].currentRevision: Invalid value: \"object\": cannot be unset once set]"
2026-01-28T09:30:59.512353726Z E0128 09:30:59.512318       1 base_controller.go:279] "Unhandled Error" err="NodeKubeconfigController reconciliation failed: \"secret/node-kubeconfigs\": configmap \"kube-apiserver-server-ca\" not found"
2026-01-28T09:30:59.675885846Z E0128 09:30:59.675851       1 base_controller.go:279] "Unhandled Error" err="CertRotationController reconciliation failed: KubeAPIServer.operator.openshift.io \"cluster\" is invalid: [status.nodeStatuses[0].currentRevision: Invalid value: \"object\": cannot be unset once set, status.nodeStatuses[1].currentRevision: Invalid value: \"object\": cannot be unset once set, status.nodeStatuses[2].currentRevision: Invalid value: \"object\": cannot be unset once set]"
2026-01-28T09:30:59.794520335Z E0128 09:30:59.794450       1 guard_controller.go:310] Missing operand on node ip-10-0-102-200.us-west-1.compute.internal
2026-01-28T09:30:59.794520335Z E0128 09:30:59.794477       1 guard_controller.go:310] Missing operand on node ip-10-0-108-54.us-west-1.compute.internal
2026-01-28T09:30:59.794520335Z E0128 09:30:59.794486       1 guard_controller.go:310] Missing operand on node ip-10-0-3-203.us-west-1.compute.internal
2026-01-28T09:30:59.795969947Z E0128 09:30:59.795935       1 base_controller.go:279] "Unhandled Error" err="GuardController reconciliation failed: [Missing operand on node ip-10-0-102-200.us-west-1.compute.internal, Missing operand on node ip-10-0-108-54.us-west-1.compute.internal, Missing operand on node ip-10-0-3-203.us-west-1.compute.internal]"
2026-01-28T09:30:59.871924954Z E0128 09:30:59.871885       1 base_controller.go:279] "Unhandled Error" err="CertRotationController reconciliation failed: KubeAPIServer.operator.openshift.io \"cluster\" is invalid: [status.nodeStatuses[0].currentRevision: Invalid value: \"object\": cannot be unset once set, status.nodeStatuses[1].currentRevision: Invalid value: \"object\": cannot be unset once set, status.nodeStatuses[2].currentRevision: Invalid value: \"object\": cannot be unset once set]"
2026-01-28T09:31:00.063272790Z I0128 09:31:00.063218       1 request.go:752] "Waited before sending request" delay="3.190714203s" reason="client-side throttling, not priority and fairness" verb="PUT" URL="https://172.30.0.1:443/apis/operator.openshift.io/v1/kubeapiservers/cluster/status"
2026-01-28T09:31:00.095355037Z E0128 09:31:00.095312       1 base_controller.go:279] "Unhandled Error" err="TargetConfigController reconciliation failed: no observedConfig"
2026-01-28T09:31:00.095385979Z I0128 09:31:00.095355       1 event.go:377] Event(v1.ObjectReference{Kind:"Deployment", Namespace:"openshift-kube-apiserver-operator", Name:"kube-apiserver-operator", UID:"0f90e131-ac50-4cb2-87c5-ad12ae1902a5", APIVersion:"apps/v1", ResourceVersion:"", FieldPath:""}): type: 'Warning' reason: 'ConfigMissing' no observedConfig
2026-01-28T09:31:00.096633570Z I0128 09:31:00.096608       1 connectivity_check_controller.go:172] ConnectivityCheckController is waiting for transition to desired version (4.20.0-0-2026-01-28-090915-test-ci-ln-vjb5l1t-latest) to be completed.
2026-01-28T09:31:00.096842601Z E0128 09:31:00.096818       1 base_controller.go:279] "Unhandled Error" err="RevisionController reconciliation failed: configmap \"kube-apiserver-pod\" not found"
2026-01-28T09:31:00.100621397Z E0128 09:31:00.100421       1 base_controller.go:279] "Unhandled Error" err="NodeKubeconfigController reconciliation failed: \"secret/node-kubeconfigs\": configmap \"kube-apiserver-server-ca\" not found"
2026-01-28T09:31:00.101875490Z I0128 09:31:00.101856       1 status_controller.go:230] clusteroperator/kube-apiserver diff {"status":{"conditions":[{"lastTransitionTime":"2026-01-28T09:30:35Z","message":"RevisionControllerDegraded: configmap \"kube-apiserver-pod\" not found\nInstallerControllerDegraded: missing required resources: [configmaps: bound-sa-token-signing-certs-0,config-0,etcd-serving-ca-0,kube-apiserver-audit-policies-0,kube-apiserver-cert-syncer-kubeconfig-0,kube-apiserver-pod-0,kubelet-serving-ca-0,sa-token-signing-certs-0, secrets: etcd-client-0,localhost-recovery-client-token-0,localhost-recovery-serving-certkey-0]\nNodeKubeconfigControllerDegraded: \"secret/node-kubeconfigs\": configmap \"kube-apiserver-server-ca\" not found\nNodeControllerDegraded: All master nodes are ready\nGuardControllerDegraded: [Missing operand on node ip-10-0-102-200.us-west-1.compute.internal, Missing operand on node ip-10-0-108-54.us-west-1.compute.internal, Missing operand on node ip-10-0-3-203.us-west-1.compute.internal]\nConfigObservationDegraded: error writing updated observed config: Operation cannot be fulfilled on kubeapiservers.operator.openshift.io \"cluster\": the object has been modified; please apply your changes to the latest version and try again","reason":"AsExpected","status":"False","type":"Degraded"},{"lastTransitionTime":"2026-01-28T09:30:35Z","message":"NodeInstallerProgressing: 3 nodes are at revision 0","reason":"AsExpected","status":"False","type":"Progressing"},{"lastTransitionTime":"2026-01-28T09:30:35Z","message":"StaticPodsAvailable: 0 nodes are active; 3 nodes are at revision 0","reason":"StaticPods_ZeroNodesActive","status":"False","type":"Available"},{"lastTransitionTime":"2026-01-28T09:30:35Z","message":"KubeletMinorVersionUpgradeable: Kubelet and API server minor versions are synced.","reason":"AsExpected","status":"True","type":"Upgradeable"},{"lastTransitionTime":"2026-01-28T09:30:35Z","reason":"NoData","status":"Unknown","type":"EvaluationConditionsDetected"}]}}
2026-01-28T09:31:00.113428251Z I0128 09:31:00.113400       1 event.go:377] Event(v1.ObjectReference{Kind:"Deployment", Namespace:"openshift-kube-apiserver-operator", Name:"kube-apiserver-operator", UID:"0f90e131-ac50-4cb2-87c5-ad12ae1902a5", APIVersion:"apps/v1", ResourceVersion:"", FieldPath:""}): type: 'Normal' reason: 'OperatorStatusChanged' Status for clusteroperator/kube-apiserver changed: Upgradeable message changed from "All is well" to "KubeletMinorVersionUpgradeable: Kubelet and API server minor versions are synced."
2026-01-28T09:31:00.121815386Z E0128 09:31:00.121777       1 base_controller.go:279] "Unhandled Error" err="TargetConfigController reconciliation failed: no observedConfig"
2026-01-28T09:31:00.122054588Z I0128 09:31:00.121885       1 event.go:377] Event(v1.ObjectReference{Kind:"Deployment", Namespace:"openshift-kube-apiserver-operator", Name:"kube-apiserver-operator", UID:"0f90e131-ac50-4cb2-87c5-ad12ae1902a5", APIVersion:"apps/v1", ResourceVersion:"", FieldPath:""}): type: 'Warning' reason: 'ConfigMissing' no observedConfig
2026-01-28T09:31:00.138614237Z I0128 09:31:00.138580       1 event.go:377] Event(v1.ObjectReference{Kind:"Deployment", Namespace:"openshift-kube-apiserver-operator", Name:"kube-apiserver-operator", UID:"0f90e131-ac50-4cb2-87c5-ad12ae1902a5", APIVersion:"apps/v1", ResourceVersion:"", FieldPath:""}): type: 'Normal' reason: 'ConfigMapCreated' Created ConfigMap/kubelet-serving-ca -n openshift-kube-apiserver because it was missing
2026-01-28T09:31:00.139228507Z E0128 09:31:00.139204       1 base_controller.go:279] "Unhandled Error" err="TargetConfigController reconciliation failed: no observedConfig"
2026-01-28T09:31:00.139249368Z I0128 09:31:00.139225       1 event.go:377] Event(v1.ObjectReference{Kind:"Deployment", Namespace:"openshift-kube-apiserver-operator", Name:"kube-apiserver-operator", UID:"0f90e131-ac50-4cb2-87c5-ad12ae1902a5", APIVersion:"apps/v1", ResourceVersion:"", FieldPath:""}): type: 'Warning' reason: 'ConfigMissing' no observedConfig
2026-01-28T09:31:00.146992291Z E0128 09:31:00.141244       1 base_controller.go:279] "Unhandled Error" err="NodeKubeconfigController reconciliation failed: \"secret/node-kubeconfigs\": configmap \"kube-apiserver-server-ca\" not found"
2026-01-28T09:31:00.147212752Z E0128 09:31:00.147193       1 base_controller.go:279] "Unhandled Error" err="RevisionController reconciliation failed: configmap \"kube-apiserver-pod\" not found"
2026-01-28T09:31:00.147497696Z E0128 09:31:00.147481       1 base_controller.go:279] "Unhandled Error" err="TargetConfigController reconciliation failed: no observedConfig"
2026-01-28T09:31:00.147544279Z I0128 09:31:00.147525       1 event.go:377] Event(v1.ObjectReference{Kind:"Deployment", Namespace:"openshift-kube-apiserver-operator", Name:"kube-apiserver-operator", UID:"0f90e131-ac50-4cb2-87c5-ad12ae1902a5", APIVersion:"apps/v1", ResourceVersion:"", FieldPath:""}): type: 'Warning' reason: 'ConfigMissing' no observedConfig
2026-01-28T09:31:00.147580861Z I0128 09:31:00.147555       1 event.go:377] Event(v1.ObjectReference{Kind:"Deployment", Namespace:"openshift-kube-apiserver-operator", Name:"kube-apiserver-operator", UID:"0f90e131-ac50-4cb2-87c5-ad12ae1902a5", APIVersion:"apps/v1", ResourceVersion:"", FieldPath:""}): type: 'Normal' reason: 'ConfigMapCreated' Created ConfigMap/kubelet-serving-ca -n openshift-config-managed because it was missing
2026-01-28T09:31:00.298764590Z I0128 09:31:00.298720       1 event.go:377] Event(v1.ObjectReference{Kind:"Deployment", Namespace:"openshift-kube-apiserver-operator", Name:"kube-apiserver-operator", UID:"0f90e131-ac50-4cb2-87c5-ad12ae1902a5", APIVersion:"apps/v1", ResourceVersion:"", FieldPath:""}): type: 'Warning' reason: 'ConfigMapCreateFailed' Failed to create ConfigMap/kubelet-serving-ca -n openshift-config-managed: configmaps "kubelet-serving-ca" already exists
2026-01-28T09:31:00.668381655Z I0128 09:31:00.667961       1 connectivity_check_controller.go:172] ConnectivityCheckController is waiting for transition to desired version (4.20.0-0-2026-01-28-090915-test-ci-ln-vjb5l1t-latest) to be completed.
2026-01-28T09:31:00.678145267Z I0128 09:31:00.678098       1 connectivity_check_controller.go:172] ConnectivityCheckController is waiting for transition to desired version (4.20.0-0-2026-01-28-090915-test-ci-ln-vjb5l1t-latest) to be completed.
2026-01-28T09:31:00.687461898Z I0128 09:31:00.687283       1 connectivity_check_controller.go:172] ConnectivityCheckController is waiting for transition to desired version (4.20.0-0-2026-01-28-090915-test-ci-ln-vjb5l1t-latest) to be completed.
2026-01-28T09:31:00.777056611Z I0128 09:31:00.773740       1 connectivity_check_controller.go:172] ConnectivityCheckController is waiting for transition to desired version (4.20.0-0-2026-01-28-090915-test-ci-ln-vjb5l1t-latest) to be completed.
2026-01-28T09:31:00.780904301Z I0128 09:31:00.780695       1 connectivity_check_controller.go:172] ConnectivityCheckController is waiting for transition to desired version (4.20.0-0-2026-01-28-090915-test-ci-ln-vjb5l1t-latest) to be completed.
2026-01-28T09:31:00.787332929Z I0128 09:31:00.787271       1 connectivity_check_controller.go:172] ConnectivityCheckController is waiting for transition to desired version (4.20.0-0-2026-01-28-090915-test-ci-ln-vjb5l1t-latest) to be completed.
2026-01-28T09:31:00.869998568Z I0128 09:31:00.869924       1 event.go:377] Event(v1.ObjectReference{Kind:"Deployment", Namespace:"openshift-kube-apiserver-operator", Name:"kube-apiserver-operator", UID:"0f90e131-ac50-4cb2-87c5-ad12ae1902a5", APIVersion:"apps/v1", ResourceVersion:"", FieldPath:""}): type: 'Warning' reason: 'RequiredInstallerResourcesMissing' configmaps: bound-sa-token-signing-certs-0,config-0,etcd-serving-ca-0,kube-apiserver-audit-policies-0,kube-apiserver-cert-syncer-kubeconfig-0,kube-apiserver-pod-0,kubelet-serving-ca-0,sa-token-signing-certs-0, secrets: etcd-client-0,localhost-recovery-client-token-0,localhost-recovery-serving-certkey-0
2026-01-28T09:31:00.870055371Z E0128 09:31:00.869997       1 base_controller.go:279] "Unhandled Error" err="Installer reconciliation failed: missing required resources: [configmaps: bound-sa-token-signing-certs-0,config-0,etcd-serving-ca-0,kube-apiserver-audit-policies-0,kube-apiserver-cert-syncer-kubeconfig-0,kube-apiserver-pod-0,kubelet-serving-ca-0,sa-token-signing-certs-0, secrets: etcd-client-0,localhost-recovery-client-token-0,localhost-recovery-serving-certkey-0]"
2026-01-28T09:31:01.063364844Z I0128 09:31:01.063304       1 request.go:752] "Waited before sending request" delay="3.180506728s" reason="client-side throttling, not priority and fairness" verb="PUT" URL="https://172.30.0.1:443/apis/operator.openshift.io/v1/kubeapiservers/cluster/status"
2026-01-28T09:31:02.063725581Z I0128 09:31:02.063571       1 request.go:752] "Waited before sending request" delay="3.179971961s" reason="client-side throttling, not priority and fairness" verb="PUT" URL="https://172.30.0.1:443/apis/operator.openshift.io/v1/kubeapiservers/cluster/status"
2026-01-28T09:31:03.064142481Z I0128 09:31:03.064098       1 request.go:752] "Waited before sending request" delay="3.188931425s" reason="client-side throttling, not priority and fairness" verb="PUT" URL="https://172.30.0.1:443/apis/operator.openshift.io/v1/kubeapiservers/cluster/status"
2026-01-28T09:31:03.287105811Z I0128 09:31:03.287070       1 status_controller.go:230] clusteroperator/kube-apiserver diff {"status":{"conditions":[{"lastTransitionTime":"2026-01-28T09:30:35Z","message":"RevisionControllerDegraded: configmap \"kube-apiserver-pod\" not found\nInstallerControllerDegraded: missing required resources: [configmaps: bound-sa-token-signing-certs-0,config-0,etcd-serving-ca-0,kube-apiserver-audit-policies-0,kube-apiserver-cert-syncer-kubeconfig-0,kube-apiserver-pod-0,kubelet-serving-ca-0,sa-token-signing-certs-0, secrets: etcd-client-0,localhost-recovery-client-token-0,localhost-recovery-serving-certkey-0]\nNodeKubeconfigControllerDegraded: \"secret/node-kubeconfigs\": configmap \"kube-apiserver-server-ca\" not found\nNodeControllerDegraded: All master nodes are ready\nGuardControllerDegraded: [Missing operand on node ip-10-0-102-200.us-west-1.compute.internal, Missing operand on node ip-10-0-108-54.us-west-1.compute.internal, Missing operand on node ip-10-0-3-203.us-west-1.compute.internal]\nConfigObservationDegraded: error writing updated observed config: Operation cannot be fulfilled on kubeapiservers.operator.openshift.io \"cluster\": the object has been modified; please apply your changes to the latest version and try again\nResourceSyncControllerDegraded: configmaps \"kubelet-serving-ca\" already exists","reason":"AsExpected","status":"False","type":"Degraded"},{"lastTransitionTime":"2026-01-28T09:30:35Z","message":"NodeInstallerProgressing: 3 nodes are at revision 0","reason":"AsExpected","status":"False","type":"Progressing"},{"lastTransitionTime":"2026-01-28T09:30:35Z","message":"StaticPodsAvailable: 0 nodes are active; 3 nodes are at revision 0","reason":"StaticPods_ZeroNodesActive","status":"False","type":"Available"},{"lastTransitionTime":"2026-01-28T09:30:35Z","message":"KubeletMinorVersionUpgradeable: Kubelet and API server minor versions are synced.","reason":"AsExpected","status":"True","type":"Upgradeable"},{"lastTransitionTime":"2026-01-28T09:30:35Z","reason":"NoData","status":"Unknown","type":"EvaluationConditionsDetected"}]}}
2026-01-28T09:31:03.291546821Z E0128 09:31:03.291424       1 base_controller.go:279] "Unhandled Error" err="TargetConfigController reconciliation failed: no observedConfig"
2026-01-28T09:31:03.291611624Z I0128 09:31:03.291588       1 event.go:377] Event(v1.ObjectReference{Kind:"Deployment", Namespace:"openshift-kube-apiserver-operator", Name:"kube-apiserver-operator", UID:"0f90e131-ac50-4cb2-87c5-ad12ae1902a5", APIVersion:"apps/v1", ResourceVersion:"", FieldPath:""}): type: 'Warning' reason: 'ConfigMissing' no observedConfig
2026-01-28T09:31:03.292061716Z E0128 09:31:03.291787       1 base_controller.go:279] "Unhandled Error" err="RevisionController reconciliation failed: configmap \"kube-apiserver-pod\" not found"
2026-01-28T09:31:03.292061716Z I0128 09:31:03.291927       1 connectivity_check_controller.go:172] ConnectivityCheckController is waiting for transition to desired version (4.20.0-0-2026-01-28-090915-test-ci-ln-vjb5l1t-latest) to be completed.
2026-01-28T09:31:03.293964801Z E0128 09:31:03.293943       1 base_controller.go:279] "Unhandled Error" err="NodeKubeconfigController reconciliation failed: \"secret/node-kubeconfigs\": configmap \"kube-apiserver-server-ca\" not found"
2026-01-28T09:31:03.299289994Z I0128 09:31:03.299260       1 event.go:377] Event(v1.ObjectReference{Kind:"Deployment", Namespace:"openshift-kube-apiserver-operator", Name:"kube-apiserver-operator", UID:"0f90e131-ac50-4cb2-87c5-ad12ae1902a5", APIVersion:"apps/v1", ResourceVersion:"", FieldPath:""}): type: 'Normal' reason: 'OperatorStatusChanged' Status for clusteroperator/kube-apiserver changed: Degraded message changed from "RevisionControllerDegraded: configmap \"kube-apiserver-pod\" not found\nInstallerControllerDegraded: missing required resources: [configmaps: bound-sa-token-signing-certs-0,config-0,etcd-serving-ca-0,kube-apiserver-audit-policies-0,kube-apiserver-cert-syncer-kubeconfig-0,kube-apiserver-pod-0,kubelet-serving-ca-0,sa-token-signing-certs-0, secrets: etcd-client-0,localhost-recovery-client-token-0,localhost-recovery-serving-certkey-0]\nNodeKubeconfigControllerDegraded: \"secret/node-kubeconfigs\": configmap \"kube-apiserver-server-ca\" not found\nNodeControllerDegraded: All master nodes are ready\nGuardControllerDegraded: [Missing operand on node ip-10-0-102-200.us-west-1.compute.internal, Missing operand on node ip-10-0-108-54.us-west-1.compute.internal, Missing operand on node ip-10-0-3-203.us-west-1.compute.internal]\nConfigObservationDegraded: error writing updated observed config: Operation cannot be fulfilled on kubeapiservers.operator.openshift.io \"cluster\": the object has been modified; please apply your changes to the latest version and try again" to "RevisionControllerDegraded: configmap \"kube-apiserver-pod\" not found\nInstallerControllerDegraded: missing required resources: [configmaps: bound-sa-token-signing-certs-0,config-0,etcd-serving-ca-0,kube-apiserver-audit-policies-0,kube-apiserver-cert-syncer-kubeconfig-0,kube-apiserver-pod-0,kubelet-serving-ca-0,sa-token-signing-certs-0, secrets: etcd-client-0,localhost-recovery-client-token-0,localhost-recovery-serving-certkey-0]\nNodeKubeconfigControllerDegraded: \"secret/node-kubeconfigs\": configmap \"kube-apiserver-server-ca\" not found\nNodeControllerDegraded: All master nodes are ready\nGuardControllerDegraded: [Missing operand on node ip-10-0-102-200.us-west-1.compute.internal, Missing operand on node ip-10-0-108-54.us-west-1.compute.internal, Missing operand on node ip-10-0-3-203.us-west-1.compute.internal]\nConfigObservationDegraded: error writing updated observed config: Operation cannot be fulfilled on kubeapiservers.operator.openshift.io \"cluster\": the object has been modified; please apply your changes to the latest version and try again\nResourceSyncControllerDegraded: configmaps \"kubelet-serving-ca\" already exists"
2026-01-28T09:31:04.073001829Z E0128 09:31:04.072951       1 base_controller.go:279] "Unhandled Error" err="Installer reconciliation failed: missing required resources: [configmaps: bound-sa-token-signing-certs-0,config-0,etcd-serving-ca-0,kube-apiserver-audit-policies-0,kube-apiserver-cert-syncer-kubeconfig-0,kube-apiserver-pod-0,kubelet-serving-ca-0,sa-token-signing-certs-0, secrets: etcd-client-0,localhost-recovery-client-token-0,localhost-recovery-serving-certkey-0]"
2026-01-28T09:31:04.073258492Z I0128 09:31:04.073079       1 event.go:377] Event(v1.ObjectReference{Kind:"Deployment", Namespace:"openshift-kube-apiserver-operator", Name:"kube-apiserver-operator", UID:"0f90e131-ac50-4cb2-87c5-ad12ae1902a5", APIVersion:"apps/v1", ResourceVersion:"", FieldPath:""}): type: 'Warning' reason: 'RequiredInstallerResourcesMissing' configmaps: bound-sa-token-signing-certs-0,config-0,etcd-serving-ca-0,kube-apiserver-audit-policies-0,kube-apiserver-cert-syncer-kubeconfig-0,kube-apiserver-pod-0,kubelet-serving-ca-0,sa-token-signing-certs-0, secrets: etcd-client-0,localhost-recovery-client-token-0,localhost-recovery-serving-certkey-0
2026-01-28T09:31:04.266056810Z I0128 09:31:04.263264       1 request.go:752] "Waited before sending request" delay="3.137870429s" reason="client-side throttling, not priority and fairness" verb="PUT" URL="https://172.30.0.1:443/apis/operator.openshift.io/v1/kubeapiservers/cluster/status"
2026-01-28T09:31:05.263801177Z I0128 09:31:05.263711       1 request.go:752] "Waited before sending request" delay="3.137340093s" reason="client-side throttling, not priority and fairness" verb="PUT" URL="https://172.30.0.1:443/apis/operator.openshift.io/v1/kubeapiservers/cluster/status"
2026-01-28T09:31:06.191108771Z I0128 09:31:06.190912       1 connectivity_check_controller.go:172] ConnectivityCheckController is waiting for transition to desired version (4.20.0-0-2026-01-28-090915-test-ci-ln-vjb5l1t-latest) to be completed.
2026-01-28T09:31:06.195914519Z I0128 09:31:06.195886       1 connectivity_check_controller.go:172] ConnectivityCheckController is waiting for transition to desired version (4.20.0-0-2026-01-28-090915-test-ci-ln-vjb5l1t-latest) to be completed.
2026-01-28T09:31:06.200471814Z I0128 09:31:06.200442       1 connectivity_check_controller.go:172] ConnectivityCheckController is waiting for transition to desired version (4.20.0-0-2026-01-28-090915-test-ci-ln-vjb5l1t-latest) to be completed.
2026-01-28T09:31:06.204526985Z I0128 09:31:06.204508       1 connectivity_check_controller.go:172] ConnectivityCheckController is waiting for transition to desired version (4.20.0-0-2026-01-28-090915-test-ci-ln-vjb5l1t-latest) to be completed.
2026-01-28T09:31:06.268900619Z E0128 09:31:06.267813       1 guard_controller.go:310] Missing operand on node ip-10-0-102-200.us-west-1.compute.internal
2026-01-28T09:31:06.268900619Z E0128 09:31:06.267845       1 guard_controller.go:310] Missing operand on node ip-10-0-108-54.us-west-1.compute.internal
2026-01-28T09:31:06.268900619Z E0128 09:31:06.267853       1 guard_controller.go:310] Missing operand on node ip-10-0-3-203.us-west-1.compute.internal
2026-01-28T09:31:06.268900619Z I0128 09:31:06.268129       1 request.go:752] "Waited before sending request" delay="3.184228752s" reason="client-side throttling, not priority and fairness" verb="PUT" URL="https://172.30.0.1:443/apis/operator.openshift.io/v1/kubeapiservers/cluster/status"
2026-01-28T09:31:06.272774121Z E0128 09:31:06.269250       1 base_controller.go:279] "Unhandled Error" err="GuardController reconciliation failed: [Missing operand on node ip-10-0-102-200.us-west-1.compute.internal, Missing operand on node ip-10-0-108-54.us-west-1.compute.internal, Missing operand on node ip-10-0-3-203.us-west-1.compute.internal]"
2026-01-28T09:31:06.506066602Z E0128 09:31:06.505350       1 base_controller.go:279] "Unhandled Error" err="RevisionController reconciliation failed: configmap \"kube-apiserver-pod\" not found"
2026-01-28T09:31:06.511079400Z I0128 09:31:06.509502       1 connectivity_check_controller.go:172] ConnectivityCheckController is waiting for transition to desired version (4.20.0-0-2026-01-28-090915-test-ci-ln-vjb5l1t-latest) to be completed.
2026-01-28T09:31:06.511079400Z E0128 09:31:06.509560       1 base_controller.go:279] "Unhandled Error" err="TargetConfigController reconciliation failed: no observedConfig"
2026-01-28T09:31:06.511079400Z I0128 09:31:06.509576       1 event.go:377] Event(v1.ObjectReference{Kind:"Deployment", Namespace:"openshift-kube-apiserver-operator", Name:"kube-apiserver-operator", UID:"0f90e131-ac50-4cb2-87c5-ad12ae1902a5", APIVersion:"apps/v1", ResourceVersion:"", FieldPath:""}): type: 'Warning' reason: 'ConfigMissing' no observedConfig
2026-01-28T09:31:06.514067478Z I0128 09:31:06.513826       1 status_controller.go:230] clusteroperator/kube-apiserver diff {"status":{"conditions":[{"lastTransitionTime":"2026-01-28T09:30:35Z","message":"RevisionControllerDegraded: configmap \"kube-apiserver-pod\" not found\nInstallerControllerDegraded: missing required resources: [configmaps: bound-sa-token-signing-certs-0,config-0,etcd-serving-ca-0,kube-apiserver-audit-policies-0,kube-apiserver-cert-syncer-kubeconfig-0,kube-apiserver-pod-0,kubelet-serving-ca-0,sa-token-signing-certs-0, secrets: etcd-client-0,localhost-recovery-client-token-0,localhost-recovery-serving-certkey-0]\nNodeKubeconfigControllerDegraded: \"secret/node-kubeconfigs\": configmap \"kube-apiserver-server-ca\" not found\nNodeControllerDegraded: All master nodes are ready\nGuardControllerDegraded: [Missing operand on node ip-10-0-102-200.us-west-1.compute.internal, Missing operand on node ip-10-0-108-54.us-west-1.compute.internal, Missing operand on node ip-10-0-3-203.us-west-1.compute.internal]\nConfigObservationDegraded: error writing updated observed config: Operation cannot be fulfilled on kubeapiservers.operator.openshift.io \"cluster\": the object has been modified; please apply your changes to the latest version and try again","reason":"AsExpected","status":"False","type":"Degraded"},{"lastTransitionTime":"2026-01-28T09:30:35Z","message":"NodeInstallerProgressing: 3 nodes are at revision 0","reason":"AsExpected","status":"False","type":"Progressing"},{"lastTransitionTime":"2026-01-28T09:30:35Z","message":"StaticPodsAvailable: 0 nodes are active; 3 nodes are at revision 0","reason":"StaticPods_ZeroNodesActive","status":"False","type":"Available"},{"lastTransitionTime":"2026-01-28T09:30:35Z","message":"KubeletMinorVersionUpgradeable: Kubelet and API server minor versions are synced.","reason":"AsExpected","status":"True","type":"Upgradeable"},{"lastTransitionTime":"2026-01-28T09:30:35Z","reason":"NoData","status":"Unknown","type":"EvaluationConditionsDetected"}]}}
2026-01-28T09:31:06.517045315Z E0128 09:31:06.514441       1 base_controller.go:279] "Unhandled Error" err="NodeKubeconfigController reconciliation failed: \"secret/node-kubeconfigs\": configmap \"kube-apiserver-server-ca\" not found"
2026-01-28T09:31:06.532057727Z I0128 09:31:06.530309       1 event.go:377] Event(v1.ObjectReference{Kind:"Deployment", Namespace:"openshift-kube-apiserver-operator", Name:"kube-apiserver-operator", UID:"0f90e131-ac50-4cb2-87c5-ad12ae1902a5", APIVersion:"apps/v1", ResourceVersion:"", FieldPath:""}): type: 'Normal' reason: 'OperatorStatusChanged' Status for clusteroperator/kube-apiserver changed: Degraded message changed from "RevisionControllerDegraded: configmap \"kube-apiserver-pod\" not found\nInstallerControllerDegraded: missing required resources: [configmaps: bound-sa-token-signing-certs-0,config-0,etcd-serving-ca-0,kube-apiserver-audit-policies-0,kube-apiserver-cert-syncer-kubeconfig-0,kube-apiserver-pod-0,kubelet-serving-ca-0,sa-token-signing-certs-0, secrets: etcd-client-0,localhost-recovery-client-token-0,localhost-recovery-serving-certkey-0]\nNodeKubeconfigControllerDegraded: \"secret/node-kubeconfigs\": configmap \"kube-apiserver-server-ca\" not found\nNodeControllerDegraded: All master nodes are ready\nGuardControllerDegraded: [Missing operand on node ip-10-0-102-200.us-west-1.compute.internal, Missing operand on node ip-10-0-108-54.us-west-1.compute.internal, Missing operand on node ip-10-0-3-203.us-west-1.compute.internal]\nConfigObservationDegraded: error writing updated observed config: Operation cannot be fulfilled on kubeapiservers.operator.openshift.io \"cluster\": the object has been modified; please apply your changes to the latest version and try again\nResourceSyncControllerDegraded: configmaps \"kubelet-serving-ca\" already exists" to "RevisionControllerDegraded: configmap \"kube-apiserver-pod\" not found\nInstallerControllerDegraded: missing required resources: [configmaps: bound-sa-token-signing-certs-0,config-0,etcd-serving-ca-0,kube-apiserver-audit-policies-0,kube-apiserver-cert-syncer-kubeconfig-0,kube-apiserver-pod-0,kubelet-serving-ca-0,sa-token-signing-certs-0, secrets: etcd-client-0,localhost-recovery-client-token-0,localhost-recovery-serving-certkey-0]\nNodeKubeconfigControllerDegraded: \"secret/node-kubeconfigs\": configmap \"kube-apiserver-server-ca\" not found\nNodeControllerDegraded: All master nodes are ready\nGuardControllerDegraded: [Missing operand on node ip-10-0-102-200.us-west-1.compute.internal, Missing operand on node ip-10-0-108-54.us-west-1.compute.internal, Missing operand on node ip-10-0-3-203.us-west-1.compute.internal]\nConfigObservationDegraded: error writing updated observed config: Operation cannot be fulfilled on kubeapiservers.operator.openshift.io \"cluster\": the object has been modified; please apply your changes to the latest version and try again"
2026-01-28T09:31:06.672419811Z I0128 09:31:06.672365       1 event.go:377] Event(v1.ObjectReference{Kind:"Deployment", Namespace:"openshift-kube-apiserver-operator", Name:"kube-apiserver-operator", UID:"0f90e131-ac50-4cb2-87c5-ad12ae1902a5", APIVersion:"apps/v1", ResourceVersion:"", FieldPath:""}): type: 'Warning' reason: 'ObservedConfigWriteError' Failed to write observed config: Operation cannot be fulfilled on kubeapiservers.operator.openshift.io "cluster": the object has been modified; please apply your changes to the latest version and try again
2026-01-28T09:31:06.673585049Z E0128 09:31:06.673547       1 base_controller.go:279] "Unhandled Error" err="ConfigObserver reconciliation failed: error writing updated observed config: Operation cannot be fulfilled on kubeapiservers.operator.openshift.io \"cluster\": the object has been modified; please apply your changes to the latest version and try again"
2026-01-28T09:31:07.078560753Z E0128 09:31:07.077789       1 base_controller.go:279] "Unhandled Error" err="PodSecurityReadinessController reconciliation failed: Operation cannot be fulfilled on kubeapiservers.operator.openshift.io \"cluster\": the object has been modified; please apply your changes to the latest version and try again"
2026-01-28T09:31:07.103483965Z E0128 09:31:07.103331       1 podsecurityreadinesscontroller.go:88] "namespace:" err="unable to determine if the namespace is violating because no appropriate labels or annotations were found" kube-node-lease="(MISSING)"
2026-01-28T09:31:07.104316667Z E0128 09:31:07.103935       1 podsecurityreadinesscontroller.go:88] "namespace:" err="unable to determine if the namespace is violating because no appropriate labels or annotations were found" openshift-apiserver-operator="(MISSING)"
2026-01-28T09:31:07.104316667Z E0128 09:31:07.104104       1 podsecurityreadinesscontroller.go:88] "namespace:" err="unable to determine if the namespace is violating because no appropriate labels or annotations were found" openshift-cloud-credential-operator="(MISSING)"
2026-01-28T09:31:07.104316667Z E0128 09:31:07.104176       1 podsecurityreadinesscontroller.go:88] "namespace:" err="unable to determine if the namespace is violating because no appropriate labels or annotations were found" openshift-cloud-network-config-controller="(MISSING)"
2026-01-28T09:31:07.104316667Z E0128 09:31:07.104244       1 podsecurityreadinesscontroller.go:88] "namespace:" err="unable to determine if the namespace is violating because no appropriate labels or annotations were found" openshift-cluster-olm-operator="(MISSING)"
2026-01-28T09:31:07.104336268Z E0128 09:31:07.104314       1 podsecurityreadinesscontroller.go:88] "namespace:" err="unable to determine if the namespace is violating because no appropriate labels or annotations were found" openshift-cluster-samples-operator="(MISSING)"
2026-01-28T09:31:07.104902016Z E0128 09:31:07.104421       1 podsecurityreadinesscontroller.go:88] "namespace:" err="unable to determine if the namespace is violating because no appropriate labels or annotations were found" openshift-cluster-storage-operator="(MISSING)"
2026-01-28T09:31:07.104902016Z E0128 09:31:07.104499       1 podsecurityreadinesscontroller.go:88] "namespace:" err="unable to determine if the namespace is violating because no appropriate labels or annotations were found" openshift-config-managed="(MISSING)"
2026-01-28T09:31:07.104902016Z E0128 09:31:07.104571       1 podsecurityreadinesscontroller.go:88] "namespace:" err="unable to determine if the namespace is violating because no appropriate labels or annotations were found" openshift-config-operator="(MISSING)"
2026-01-28T09:31:07.104902016Z E0128 09:31:07.104648       1 podsecurityreadinesscontroller.go:88] "namespace:" err="unable to determine if the namespace is violating because no appropriate labels or annotations were found" openshift-console="(MISSING)"
2026-01-28T09:31:07.104902016Z E0128 09:31:07.104716       1 podsecurityreadinesscontroller.go:88] "namespace:" err="unable to determine if the namespace is violating because no appropriate labels or annotations were found" openshift-console-operator="(MISSING)"
2026-01-28T09:31:07.104902016Z E0128 09:31:07.104788       1 podsecurityreadinesscontroller.go:88] "namespace:" err="unable to determine if the namespace is violating because no appropriate labels or annotations were found" openshift-console-user-settings="(MISSING)"
2026-01-28T09:31:07.104902016Z E0128 09:31:07.104861       1 podsecurityreadinesscontroller.go:88] "namespace:" err="unable to determine if the namespace is violating because no appropriate labels or annotations were found" openshift-controller-manager-operator="(MISSING)"
2026-01-28T09:31:07.104925337Z E0128 09:31:07.104918       1 podsecurityreadinesscontroller.go:88] "namespace:" err="unable to determine if the namespace is violating because no appropriate labels or annotations were found" openshift-dns-operator="(MISSING)"
2026-01-28T09:31:07.106249492Z E0128 09:31:07.106147       1 podsecurityreadinesscontroller.go:88] "namespace:" err="unable to determine if the namespace is violating because no appropriate labels or annotations were found" openshift-host-network="(MISSING)"
2026-01-28T09:31:07.106283044Z E0128 09:31:07.106267       1 podsecurityreadinesscontroller.go:88] "namespace:" err="unable to determine if the namespace is violating because no appropriate labels or annotations were found" openshift-ingress-operator="(MISSING)"
2026-01-28T09:31:07.106460983Z E0128 09:31:07.106355       1 podsecurityreadinesscontroller.go:88] "namespace:" err="unable to determine if the namespace is violating because no appropriate labels or annotations were found" openshift-kube-controller-manager-operator="(MISSING)"
2026-01-28T09:31:07.106460983Z E0128 09:31:07.106446       1 podsecurityreadinesscontroller.go:88] "namespace:" err="unable to determine if the namespace is violating because no appropriate labels or annotations were found" openshift-kube-storage-version-migrator="(MISSING)"
2026-01-28T09:31:07.106603380Z E0128 09:31:07.106516       1 podsecurityreadinesscontroller.go:88] "namespace:" err="unable to determine if the namespace is violating because no appropriate labels or annotations were found" openshift-kube-storage-version-migrator-operator="(MISSING)"
2026-01-28T09:31:07.107585068Z E0128 09:31:07.107216       1 podsecurityreadinesscontroller.go:88] "namespace:" err="unable to determine if the namespace is violating because no appropriate labels or annotations were found" openshift-network-console="(MISSING)"
2026-01-28T09:31:07.107585068Z E0128 09:31:07.107414       1 podsecurityreadinesscontroller.go:88] "namespace:" err="unable to determine if the namespace is violating because no appropriate labels or annotations were found" openshift-network-diagnostics="(MISSING)"
2026-01-28T09:31:07.107585068Z E0128 09:31:07.107471       1 podsecurityreadinesscontroller.go:88] "namespace:" err="unable to determine if the namespace is violating because no appropriate labels or annotations were found" openshift-service-ca="(MISSING)"
2026-01-28T09:31:07.109158266Z E0128 09:31:07.107722       1 podsecurityreadinesscontroller.go:88] "namespace:" err="unable to determine if the namespace is violating because no appropriate labels or annotations were found" openshift-service-ca-operator="(MISSING)"
2026-01-28T09:31:07.109158266Z E0128 09:31:07.107807       1 podsecurityreadinesscontroller.go:88] "namespace:" err="unable to determine if the namespace is violating because no appropriate labels or annotations were found" openshift-user-workload-monitoring="(MISSING)"
2026-01-28T09:31:07.277548036Z I0128 09:31:07.277492       1 event.go:377] Event(v1.ObjectReference{Kind:"Deployment", Namespace:"openshift-kube-apiserver-operator", Name:"kube-apiserver-operator", UID:"0f90e131-ac50-4cb2-87c5-ad12ae1902a5", APIVersion:"apps/v1", ResourceVersion:"", FieldPath:""}): type: 'Warning' reason: 'RequiredInstallerResourcesMissing' configmaps: bound-sa-token-signing-certs-0,config-0,etcd-serving-ca-0,kube-apiserver-audit-policies-0,kube-apiserver-cert-syncer-kubeconfig-0,kube-apiserver-pod-0,kubelet-serving-ca-0,sa-token-signing-certs-0, secrets: etcd-client-0,localhost-recovery-client-token-0,localhost-recovery-serving-certkey-0
2026-01-28T09:31:07.278325065Z E0128 09:31:07.278297       1 base_controller.go:279] "Unhandled Error" err="Installer reconciliation failed: missing required resources: [configmaps: bound-sa-token-signing-certs-0,config-0,etcd-serving-ca-0,kube-apiserver-audit-policies-0,kube-apiserver-cert-syncer-kubeconfig-0,kube-apiserver-pod-0,kubelet-serving-ca-0,sa-token-signing-certs-0, secrets: etcd-client-0,localhost-recovery-client-token-0,localhost-recovery-serving-certkey-0]"
2026-01-28T09:31:07.463913496Z I0128 09:31:07.463859       1 request.go:752] "Waited before sending request" delay="2.933373092s" reason="client-side throttling, not priority and fairness" verb="PUT" URL="https://172.30.0.1:443/apis/operator.openshift.io/v1/kubeapiservers/cluster/status"
2026-01-28T09:31:07.470720192Z E0128 09:31:07.470671       1 base_controller.go:279] "Unhandled Error" err="CertRotationController reconciliation failed: Operation cannot be fulfilled on kubeapiservers.operator.openshift.io \"cluster\": the object has been modified; please apply your changes to the latest version and try again"
2026-01-28T09:31:07.674715294Z E0128 09:31:07.674650       1 base_controller.go:279] "Unhandled Error" err="CertRotationController reconciliation failed: Operation cannot be fulfilled on kubeapiservers.operator.openshift.io \"cluster\": the object has been modified; please apply your changes to the latest version and try again"
2026-01-28T09:31:07.870357353Z E0128 09:31:07.870296       1 base_controller.go:279] "Unhandled Error" err="CertRotationController reconciliation failed: Operation cannot be fulfilled on kubeapiservers.operator.openshift.io \"cluster\": the object has been modified; please apply your changes to the latest version and try again"
2026-01-28T09:31:08.072907793Z E0128 09:31:08.072865       1 base_controller.go:279] "Unhandled Error" err="CertRotationController reconciliation failed: Operation cannot be fulfilled on kubeapiservers.operator.openshift.io \"cluster\": the object has been modified; please apply your changes to the latest version and try again"
2026-01-28T09:31:08.272331487Z E0128 09:31:08.272280       1 base_controller.go:279] "Unhandled Error" err="CertRotationController reconciliation failed: Operation cannot be fulfilled on kubeapiservers.operator.openshift.io \"cluster\": the object has been modified; please apply your changes to the latest version and try again"
2026-01-28T09:31:08.463912621Z I0128 09:31:08.463857       1 request.go:752] "Waited before sending request" delay="2.938299531s" reason="client-side throttling, not priority and fairness" verb="PUT" URL="https://172.30.0.1:443/apis/operator.openshift.io/v1/kubeapiservers/cluster/status"
2026-01-28T09:31:08.670584047Z E0128 09:31:08.670524       1 base_controller.go:279] "Unhandled Error" err="CertRotationController reconciliation failed: Operation cannot be fulfilled on kubeapiservers.operator.openshift.io \"cluster\": the object has been modified; please apply your changes to the latest version and try again"
2026-01-28T09:31:09.463919030Z I0128 09:31:09.463872       1 request.go:752] "Waited before sending request" delay="3.134293017s" reason="client-side throttling, not priority and fairness" verb="PUT" URL="https://172.30.0.1:443/apis/operator.openshift.io/v1/kubeapiservers/cluster/status"
2026-01-28T09:31:09.705695839Z I0128 09:31:09.694505       1 event.go:377] Event(v1.ObjectReference{Kind:"Deployment", Namespace:"openshift-kube-apiserver-operator", Name:"kube-apiserver-operator", UID:"0f90e131-ac50-4cb2-87c5-ad12ae1902a5", APIVersion:"apps/v1", ResourceVersion:"", FieldPath:""}): type: 'Normal' reason: 'ObserveFeatureFlagsUpdated' Updated apiServerArguments.feature-gates to AdditionalRoutingCapabilities=true,AdminNetworkPolicy=true,AlibabaPlatform=true,AzureWorkloadIdentity=true,BuildCSIVolumes=true,CPMSMachineNamePrefix=true,ConsolePluginContentSecurityPolicy=true,ExternalOIDC=true,ExternalOIDCWithUIDAndExtraClaimMappings=true,GatewayAPI=true,GatewayAPIController=true,HighlyAvailableArbiter=true,ImageVolume=true,IngressControllerLBSubnetsAWS=true,KMSv1=true,MachineConfigNodes=true,ManagedBootImages=true,ManagedBootImagesAWS=true,MetricsCollectionProfiles=true,NetworkDiagnosticsConfig=true,NetworkLiveMigration=true,NetworkSegmentation=true,NewOLM=true,PinnedImages=true,PreconfiguredUDNAddresses=true,ProcMountType=true,RouteAdvertisements=true,RouteExternalCertificate=true,ServiceAccountTokenNodeBinding=true,SetEIPForNLBIngressController=true,SigstoreImageVerification=true,StoragePerformantSecurityPolicy=true,UpgradeStatus=true,UserNamespacesPodSecurityStandards=true,UserNamespacesSupport=true,VSphereMultiDisk=true,VSphereMultiNetworks=true,AWSClusterHostedDNS=false,AWSClusterHostedDNSInstall=false,AWSDedicatedHosts=false,AWSServiceLBNetworkSecurityGroup=false,AutomatedEtcdBackup=false,AzureClusterHostedDNSInstall=false,AzureDedicatedHosts=false,AzureMultiDisk=false,BootImageSkewEnforcement=false,BootcNodeManagement=false,ClusterAPIInstall=false,ClusterAPIInstallIBMCloud=false,ClusterMonitoringConfig=false,ClusterVersionOperatorConfiguration=false,DNSNameResolver=false,DualReplica=false,DyanmicServiceEndpointIBMCloud=false,DynamicResourceAllocation=false,EtcdBackendQuota=false,EventedPLEG=false,Example=false,Example2=false,ExternalSnapshotMetadata=false,GCPClusterHostedDNS=false,GCPClusterHostedDNSInstall=false,GCPCustomAPIEndpoints=false,GCPCustomAPIEndpointsInstall=false,ImageModeStatusReporting=false,ImageStreamImportMode=false,IngressControllerDynamicConfigurationManager=false,InsightsConfig=false,InsightsConfigAPI=false,InsightsOnDemandDataGather=false,IrreconcilableMachineConfig=false,KMSEncryptionProvider=false,MachineAPIMigration=false,MachineAPIOperatorDisableMachineHealthCheckController=false,ManagedBootImagesAzure=false,ManagedBootImagesvSphere=false,MaxUnavailableStatefulSet=false,MinimumKubeletVersion=false,MixedCPUsAllocation=false,MultiArchInstallAzure=false,MultiDiskSetup=false,MutatingAdmissionPolicy=false,NewOLMCatalogdAPIV1Metas=false,NewOLMOwnSingleNamespace=false,NewOLMPreflightPermissionChecks=false,NewOLMWebhookProviderOpenshiftServiceCA=false,NoRegistryClusterOperations=false,NodeSwap=false,NutanixMultiSubnets=false,OVNObservability=false,OpenShiftPodSecurityAdmission=false,SELinuxMount=false,ShortCertRotation=false,SignatureStores=false,SigstoreImageVerificationPKI=false,TranslateStreamCloseWebsocketRequests=false,VSphereConfigurableMaxAllowedBlockVolumesPerNode=false,VSphereHostVMGroupZonal=false,VSphereMixedNodeEnv=false,VolumeAttributesClass=false,VolumeGroupSnapshot=false
2026-01-28T09:31:09.705816995Z I0128 09:31:09.705793       1 event.go:377] Event(v1.ObjectReference{Kind:"Deployment", Namespace:"openshift-kube-apiserver-operator", Name:"kube-apiserver-operator", UID:"0f90e131-ac50-4cb2-87c5-ad12ae1902a5", APIVersion:"apps/v1", ResourceVersion:"", FieldPath:""}): type: 'Normal' reason: 'ObserveStorageUpdated' Updated storage urls to https://10.0.161.159:2379,https://localhost:2379
2026-01-28T09:31:09.705854227Z I0128 09:31:09.705838       1 event.go:377] Event(v1.ObjectReference{Kind:"Deployment", Namespace:"openshift-kube-apiserver-operator", Name:"kube-apiserver-operator", UID:"0f90e131-ac50-4cb2-87c5-ad12ae1902a5", APIVersion:"apps/v1", ResourceVersion:"", FieldPath:""}): type: 'Normal' reason: 'ObserveTLSSecurityProfile' minTLSVersion changed to VersionTLS12
2026-01-28T09:31:09.705885679Z I0128 09:31:09.705870       1 event.go:377] Event(v1.ObjectReference{Kind:"Deployment", Namespace:"openshift-kube-apiserver-operator", Name:"kube-apiserver-operator", UID:"0f90e131-ac50-4cb2-87c5-ad12ae1902a5", APIVersion:"apps/v1", ResourceVersion:"", FieldPath:""}): type: 'Normal' reason: 'ObserveTLSSecurityProfile' cipherSuites changed to ["TLS_AES_128_GCM_SHA256" "TLS_AES_256_GCM_SHA384" "TLS_CHACHA20_POLY1305_SHA256" "TLS_ECDHE_ECDSA_WITH_AES_128_GCM_SHA256" "TLS_ECDHE_RSA_WITH_AES_128_GCM_SHA256" "TLS_ECDHE_ECDSA_WITH_AES_256_GCM_SHA384" "TLS_ECDHE_RSA_WITH_AES_256_GCM_SHA384" "TLS_ECDHE_ECDSA_WITH_CHACHA20_POLY1305_SHA256" "TLS_ECDHE_RSA_WITH_CHACHA20_POLY1305_SHA256"]
2026-01-28T09:31:09.705921810Z I0128 09:31:09.705905       1 event.go:377] Event(v1.ObjectReference{Kind:"Deployment", Namespace:"openshift-kube-apiserver-operator", Name:"kube-apiserver-operator", UID:"0f90e131-ac50-4cb2-87c5-ad12ae1902a5", APIVersion:"apps/v1", ResourceVersion:"", FieldPath:""}): type: 'Normal' reason: 'ObservedConfigChanged' Writing updated observed config:   map[string]any{
2026-01-28T09:31:09.705921810Z + 	"admission": map[string]any{
2026-01-28T09:31:09.705921810Z + 		"pluginConfig": map[string]any{
2026-01-28T09:31:09.705921810Z + 			"PodSecurity":                                       map[string]any{"configuration": map[string]any{...}},
2026-01-28T09:31:09.705921810Z + 			"network.openshift.io/ExternalIPRanger":             map[string]any{"configuration": map[string]any{...}},
2026-01-28T09:31:09.705921810Z + 			"network.openshift.io/RestrictedEndpointsAdmission": map[string]any{"configuration": map[string]any{...}},
2026-01-28T09:31:09.705921810Z + 		},
2026-01-28T09:31:09.705921810Z + 	},
2026-01-28T09:31:09.705921810Z + 	"apiServerArguments": map[string]any{
2026-01-28T09:31:09.705921810Z + 		"api-audiences":      []any{string("https://kubernetes.default.svc")},
2026-01-28T09:31:09.705921810Z + 		"authorization-mode": []any{string("Scope"), string("SystemMasters"), string("RBAC"), string("Node")},
2026-01-28T09:31:09.705921810Z + 		"enable-admission-plugins": []any{
2026-01-28T09:31:09.705921810Z + 			string("authorization.openshift.io/RestrictSubjectBindings"),
2026-01-28T09:31:09.705921810Z + 			string("authorization.openshift.io/ValidateRoleBindingRestriction"),
2026-01-28T09:31:09.705921810Z + 		},
2026-01-28T09:31:09.705921810Z + 		"etcd-servers": []any{string("https://10.0.161.159:2379"), string("https://localhost:2379")},
2026-01-28T09:31:09.705921810Z + 		"feature-gates": []any{
2026-01-28T09:31:09.705921810Z + 			string("AdditionalRoutingCapabilities=true"),
2026-01-28T09:31:09.705921810Z + 			string("AdminNetworkPolicy=true"), string("AlibabaPlatform=true"),
2026-01-28T09:31:09.705921810Z + 			string("AzureWorkloadIdentity=true"), string("BuildCSIVolumes=true"),
2026-01-28T09:31:09.705921810Z + 			string("CPMSMachineNamePrefix=true"),
2026-01-28T09:31:09.705921810Z + 			string("ConsolePluginContentSecurityPolicy=true"), string("ExternalOIDC=true"),
2026-01-28T09:31:09.705921810Z + 			...,
2026-01-28T09:31:09.705921810Z + 		},
2026-01-28T09:31:09.705921810Z + 		"goaway-chance":                         []any{string("0.001")},
2026-01-28T09:31:09.705921810Z + 		"send-retry-after-while-not-ready-once": []any{string("false")},
2026-01-28T09:31:09.705921810Z + 		"service-account-issuer":                []any{string("https://kubernetes.default.svc")},
2026-01-28T09:31:09.705921810Z + 		"service-account-jwks-uri":              []any{string("https://api.ci-ln-vjb5l1t-76ef8.XXXXXXXXXXXXXXXXXXXXXX:6443/open"...)},
2026-01-28T09:31:09.705921810Z + 		"shutdown-delay-duration":               []any{string("129s")},
2026-01-28T09:31:09.705921810Z + 	},
2026-01-28T09:31:09.705921810Z + 	"corsAllowedOrigins":          []any{string(`//127\.0\.0\.1(:|$)`), string("//localhost(:|$)")},
2026-01-28T09:31:09.705921810Z + 	"gracefulTerminationDuration": string("194"),
2026-01-28T09:31:09.705921810Z + 	"servicesSubnet":              string("172.30.0.0/16"),
2026-01-28T09:31:09.705921810Z + 	"servingInfo": map[string]any{
2026-01-28T09:31:09.705921810Z + 		"bindAddress": string("0.0.0.0:6443"),
2026-01-28T09:31:09.705921810Z + 		"bindNetwork": string("tcp4"),
2026-01-28T09:31:09.705921810Z + 		"cipherSuites": []any{
2026-01-28T09:31:09.705921810Z + 			string("TLS_AES_128_GCM_SHA256"), string("TLS_AES_256_GCM_SHA384"),
2026-01-28T09:31:09.705921810Z + 			string("TLS_CHACHA20_POLY1305_SHA256"),
2026-01-28T09:31:09.705921810Z + 			string("TLS_ECDHE_ECDSA_WITH_AES_128_GCM_SHA256"),
2026-01-28T09:31:09.705921810Z + 			string("TLS_ECDHE_RSA_WITH_AES_128_GCM_SHA256"),
2026-01-28T09:31:09.705921810Z + 			string("TLS_ECDHE_ECDSA_WITH_AES_256_GCM_SHA384"),
2026-01-28T09:31:09.705921810Z + 			string("TLS_ECDHE_RSA_WITH_AES_256_GCM_SHA384"),
2026-01-28T09:31:09.705921810Z + 			string("TLS_ECDHE_ECDSA_WITH_CHACHA20_POLY1305_SHA256"), ...,
2026-01-28T09:31:09.705921810Z + 		},
2026-01-28T09:31:09.705921810Z + 		"minTLSVersion": string("VersionTLS12"),
2026-01-28T09:31:09.705921810Z + 		"namedCertificates": []any{
2026-01-28T09:31:09.705921810Z + 			map[string]any{
2026-01-28T09:31:09.705921810Z + 				"certFile": string("/etc/kubernetes/static-pod-certs"...),
2026-01-28T09:31:09.705921810Z + 				"keyFile":  string("/etc/kubernetes/static-pod-certs"...),
2026-01-28T09:31:09.705921810Z + 			},
2026-01-28T09:31:09.705921810Z + 			map[string]any{
2026-01-28T09:31:09.705921810Z + 				"certFile": string("/etc/kubernetes/static-pod-certs"...),
2026-01-28T09:31:09.705921810Z + 				"keyFile":  string("/etc/kubernetes/static-pod-certs"...),
2026-01-28T09:31:09.705921810Z + 			},
2026-01-28T09:31:09.705921810Z + 			map[string]any{
2026-01-28T09:31:09.705921810Z + 				"certFile": string("/etc/kubernetes/static-pod-certs"...),
2026-01-28T09:31:09.705921810Z + 				"keyFile":  string("/etc/kubernetes/static-pod-certs"...),
2026-01-28T09:31:09.705921810Z + 			},
2026-01-28T09:31:09.705921810Z + 			map[string]any{
2026-01-28T09:31:09.705921810Z + 				"certFile": string("/etc/kubernetes/static-pod-certs"...),
2026-01-28T09:31:09.705921810Z + 				"keyFile":  string("/etc/kubernetes/static-pod-certs"...),
2026-01-28T09:31:09.705921810Z + 			},
2026-01-28T09:31:09.705921810Z + 			map[string]any{
2026-01-28T09:31:09.705921810Z + 				"certFile": string("/etc/kubernetes/static-pod-resou"...),
2026-01-28T09:31:09.705921810Z + 				"keyFile":  string("/etc/kubernetes/static-pod-resou"...),
2026-01-28T09:31:09.705921810Z + 			},
2026-01-28T09:31:09.705921810Z + 		},
2026-01-28T09:31:09.705921810Z + 	},
2026-01-28T09:31:09.705921810Z   }
2026-01-28T09:31:09.705976403Z E0128 09:31:09.694519       1 base_controller.go:279] "Unhandled Error" err="NodeKubeconfigController reconciliation failed: \"secret/node-kubeconfigs\": configmap \"kube-apiserver-server-ca\" not found"
2026-01-28T09:31:09.706001744Z E0128 09:31:09.704193       1 base_controller.go:279] "Unhandled Error" err="RevisionController reconciliation failed: configmap \"kube-apiserver-pod\" not found"
2026-01-28T09:31:09.708014015Z E0128 09:31:09.707995       1 base_controller.go:279] "Unhandled Error" err="TargetConfigController reconciliation failed: no observedConfig"
2026-01-28T09:31:09.713720230Z I0128 09:31:09.711543       1 connectivity_check_controller.go:172] ConnectivityCheckController is waiting for transition to desired version (4.20.0-0-2026-01-28-090915-test-ci-ln-vjb5l1t-latest) to be completed.
2026-01-28T09:31:09.713797594Z I0128 09:31:09.713775       1 event.go:377] Event(v1.ObjectReference{Kind:"Deployment", Namespace:"openshift-kube-apiserver-operator", Name:"kube-apiserver-operator", UID:"0f90e131-ac50-4cb2-87c5-ad12ae1902a5", APIVersion:"apps/v1", ResourceVersion:"", FieldPath:""}): type: 'Warning' reason: 'ConfigMissing' no observedConfig
2026-01-28T09:31:10.070361863Z E0128 09:31:10.070315       1 base_controller.go:279] "Unhandled Error" err="CertRotationController reconciliation failed: Operation cannot be fulfilled on kubeapiservers.operator.openshift.io \"cluster\": the object has been modified; please apply your changes to the latest version and try again"
2026-01-28T09:31:10.268890623Z I0128 09:31:10.268836       1 event.go:377] Event(v1.ObjectReference{Kind:"Deployment", Namespace:"openshift-kube-apiserver-operator", Name:"kube-apiserver-operator", UID:"0f90e131-ac50-4cb2-87c5-ad12ae1902a5", APIVersion:"apps/v1", ResourceVersion:"", FieldPath:""}): type: 'Warning' reason: 'RequiredInstallerResourcesMissing' configmaps: bound-sa-token-signing-certs-0,config-0,etcd-serving-ca-0,kube-apiserver-audit-policies-0,kube-apiserver-cert-syncer-kubeconfig-0,kube-apiserver-pod-0,kubelet-serving-ca-0,sa-token-signing-certs-0, secrets: etcd-client-0,localhost-recovery-client-token-0,localhost-recovery-serving-certkey-0
2026-01-28T09:31:10.270418409Z E0128 09:31:10.270389       1 base_controller.go:279] "Unhandled Error" err="Installer reconciliation failed: missing required resources: [configmaps: bound-sa-token-signing-certs-0,config-0,etcd-serving-ca-0,kube-apiserver-audit-policies-0,kube-apiserver-cert-syncer-kubeconfig-0,kube-apiserver-pod-0,kubelet-serving-ca-0,sa-token-signing-certs-0, secrets: etcd-client-0,localhost-recovery-client-token-0,localhost-recovery-serving-certkey-0]"
2026-01-28T09:31:10.463919999Z I0128 09:31:10.463875       1 request.go:752] "Waited before sending request" delay="2.990725934s" reason="client-side throttling, not priority and fairness" verb="PUT" URL="https://172.30.0.1:443/apis/operator.openshift.io/v1/kubeapiservers/cluster/status"
2026-01-28T09:31:10.713218263Z I0128 09:31:10.712937       1 connectivity_check_controller.go:172] ConnectivityCheckController is waiting for transition to desired version (4.20.0-0-2026-01-28-090915-test-ci-ln-vjb5l1t-latest) to be completed.
2026-01-28T09:31:11.663862968Z I0128 09:31:11.663815       1 request.go:752] "Waited before sending request" delay="2.92976314s" reason="client-side throttling, not priority and fairness" verb="PUT" URL="https://172.30.0.1:443/apis/operator.openshift.io/v1/kubeapiservers/cluster/status"
2026-01-28T09:31:11.671345641Z E0128 09:31:11.671320       1 base_controller.go:279] "Unhandled Error" err="CertRotationController reconciliation failed: Operation cannot be fulfilled on kubeapiservers.operator.openshift.io \"cluster\": the object has been modified; please apply your changes to the latest version and try again"
2026-01-28T09:31:11.871731045Z E0128 09:31:11.871692       1 base_controller.go:279] "Unhandled Error" err="CertRotationController reconciliation failed: Operation cannot be fulfilled on kubeapiservers.operator.openshift.io \"cluster\": the object has been modified; please apply your changes to the latest version and try again"
2026-01-28T09:31:12.101313715Z E0128 09:31:12.101261       1 base_controller.go:279] "Unhandled Error" err="CertRotationController reconciliation failed: Operation cannot be fulfilled on kubeapiservers.operator.openshift.io \"cluster\": the object has been modified; please apply your changes to the latest version and try again"
2026-01-28T09:31:12.274652758Z E0128 09:31:12.274604       1 base_controller.go:279] "Unhandled Error" err="CertRotationController reconciliation failed: Operation cannot be fulfilled on kubeapiservers.operator.openshift.io \"cluster\": the object has been modified; please apply your changes to the latest version and try again"
2026-01-28T09:31:12.484897973Z E0128 09:31:12.484848       1 base_controller.go:279] "Unhandled Error" err="TargetConfigController reconciliation failed: apiServerArguments.etcd-servers has less than two live etcd endpoints: []"
2026-01-28T09:31:12.484950376Z I0128 09:31:12.484886       1 event.go:377] Event(v1.ObjectReference{Kind:"Deployment", Namespace:"openshift-kube-apiserver-operator", Name:"kube-apiserver-operator", UID:"0f90e131-ac50-4cb2-87c5-ad12ae1902a5", APIVersion:"apps/v1", ResourceVersion:"", FieldPath:""}): type: 'Warning' reason: 'ConfigMissing' apiServerArguments.etcd-servers has less than two live etcd endpoints: []
2026-01-28T09:31:12.487935985Z E0128 09:31:12.487905       1 base_controller.go:279] "Unhandled Error" err="RevisionController reconciliation failed: configmap \"kube-apiserver-pod\" not found"
2026-01-28T09:31:12.498532974Z I0128 09:31:12.498494       1 connectivity_check_controller.go:172] ConnectivityCheckController is waiting for transition to desired version (4.20.0-0-2026-01-28-090915-test-ci-ln-vjb5l1t-latest) to be completed.
2026-01-28T09:31:12.501051070Z E0128 09:31:12.501000       1 base_controller.go:279] "Unhandled Error" err="NodeKubeconfigController reconciliation failed: \"secret/node-kubeconfigs\": configmap \"kube-apiserver-server-ca\" not found"
2026-01-28T09:31:12.672977332Z E0128 09:31:12.672920       1 base_controller.go:279] "Unhandled Error" err="CertRotationController reconciliation failed: Operation cannot be fulfilled on kubeapiservers.operator.openshift.io \"cluster\": the object has been modified; please apply your changes to the latest version and try again"
2026-01-28T09:31:12.863752575Z I0128 09:31:12.863712       1 request.go:752] "Waited before sending request" delay="2.980776296s" reason="client-side throttling, not priority and fairness" verb="PUT" URL="https://172.30.0.1:443/apis/operator.openshift.io/v1/kubeapiservers/cluster/status"
2026-01-28T09:31:13.269078769Z I0128 09:31:13.269007       1 event.go:377] Event(v1.ObjectReference{Kind:"Deployment", Namespace:"openshift-kube-apiserver-operator", Name:"kube-apiserver-operator", UID:"0f90e131-ac50-4cb2-87c5-ad12ae1902a5", APIVersion:"apps/v1", ResourceVersion:"", FieldPath:""}): type: 'Warning' reason: 'RequiredInstallerResourcesMissing' configmaps: bound-sa-token-signing-certs-0,config-0,etcd-serving-ca-0,kube-apiserver-audit-policies-0,kube-apiserver-cert-syncer-kubeconfig-0,kube-apiserver-pod-0,kubelet-serving-ca-0,sa-token-signing-certs-0, secrets: etcd-client-0,localhost-recovery-client-token-0,localhost-recovery-serving-certkey-0
2026-01-28T09:31:13.270319791Z E0128 09:31:13.270286       1 base_controller.go:279] "Unhandled Error" err="Installer reconciliation failed: missing required resources: [configmaps: bound-sa-token-signing-certs-0,config-0,etcd-serving-ca-0,kube-apiserver-audit-policies-0,kube-apiserver-cert-syncer-kubeconfig-0,kube-apiserver-pod-0,kubelet-serving-ca-0,sa-token-signing-certs-0, secrets: etcd-client-0,localhost-recovery-client-token-0,localhost-recovery-serving-certkey-0]"
2026-01-28T09:31:14.063636052Z I0128 09:31:14.063591       1 request.go:752] "Waited before sending request" delay="2.982003238s" reason="client-side throttling, not priority and fairness" verb="PUT" URL="https://172.30.0.1:443/apis/operator.openshift.io/v1/kubeapiservers/cluster/status"
2026-01-28T09:31:15.063999589Z I0128 09:31:15.063642       1 request.go:752] "Waited before sending request" delay="2.960215311s" reason="client-side throttling, not priority and fairness" verb="PUT" URL="https://172.30.0.1:443/apis/operator.openshift.io/v1/kubeapiservers/cluster/status"
2026-01-28T09:31:15.481122711Z W0128 09:31:15.481077       1 degraded_webhook.go:147] failed to connect to webhook "multus-validating-config.k8s.io" via service "multus-admission-controller.openshift-multus.svc:443": dial tcp: lookup multus-admission-controller.openshift-multus.svc: i/o timeout
2026-01-28T09:31:15.483242047Z E0128 09:31:15.483214       1 base_controller.go:279] "Unhandled Error" err="NodeKubeconfigController reconciliation failed: \"secret/node-kubeconfigs\": configmap \"kube-apiserver-server-ca\" not found"
2026-01-28T09:31:15.483629966Z E0128 09:31:15.483608       1 base_controller.go:279] "Unhandled Error" err="TargetConfigController reconciliation failed: apiServerArguments.etcd-servers has less than two live etcd endpoints: []"
2026-01-28T09:31:15.483660158Z I0128 09:31:15.483634       1 event.go:377] Event(v1.ObjectReference{Kind:"Deployment", Namespace:"openshift-kube-apiserver-operator", Name:"kube-apiserver-operator", UID:"0f90e131-ac50-4cb2-87c5-ad12ae1902a5", APIVersion:"apps/v1", ResourceVersion:"", FieldPath:""}): type: 'Warning' reason: 'ConfigMissing' apiServerArguments.etcd-servers has less than two live etcd endpoints: []
2026-01-28T09:31:15.486055997Z I0128 09:31:15.486014       1 connectivity_check_controller.go:172] ConnectivityCheckController is waiting for transition to desired version (4.20.0-0-2026-01-28-090915-test-ci-ln-vjb5l1t-latest) to be completed.
2026-01-28T09:31:15.488471678Z E0128 09:31:15.488419       1 base_controller.go:279] "Unhandled Error" err="RevisionController reconciliation failed: configmap \"kube-apiserver-pod\" not found"
2026-01-28T09:31:15.492049906Z I0128 09:31:15.491957       1 status_controller.go:230] clusteroperator/kube-apiserver diff {"status":{"conditions":[{"lastTransitionTime":"2026-01-28T09:30:35Z","message":"RevisionControllerDegraded: configmap \"kube-apiserver-pod\" not found\nInstallerControllerDegraded: missing required resources: [configmaps: bound-sa-token-signing-certs-0,config-0,etcd-serving-ca-0,kube-apiserver-audit-policies-0,kube-apiserver-cert-syncer-kubeconfig-0,kube-apiserver-pod-0,kubelet-serving-ca-0,sa-token-signing-certs-0, secrets: etcd-client-0,localhost-recovery-client-token-0,localhost-recovery-serving-certkey-0]\nNodeKubeconfigControllerDegraded: \"secret/node-kubeconfigs\": configmap \"kube-apiserver-server-ca\" not found\nNodeControllerDegraded: All master nodes are ready\nGuardControllerDegraded: [Missing operand on node ip-10-0-102-200.us-west-1.compute.internal, Missing operand on node ip-10-0-108-54.us-west-1.compute.internal, Missing operand on node ip-10-0-3-203.us-west-1.compute.internal]","reason":"AsExpected","status":"False","type":"Degraded"},{"lastTransitionTime":"2026-01-28T09:30:35Z","message":"NodeInstallerProgressing: 3 nodes are at revision 0","reason":"AsExpected","status":"False","type":"Progressing"},{"lastTransitionTime":"2026-01-28T09:30:35Z","message":"StaticPodsAvailable: 0 nodes are active; 3 nodes are at revision 0","reason":"StaticPods_ZeroNodesActive","status":"False","type":"Available"},{"lastTransitionTime":"2026-01-28T09:30:35Z","message":"KubeletMinorVersionUpgradeable: Kubelet and API server minor versions are synced.","reason":"AsExpected","status":"True","type":"Upgradeable"},{"lastTransitionTime":"2026-01-28T09:30:35Z","reason":"NoData","status":"Unknown","type":"EvaluationConditionsDetected"}]}}
2026-01-28T09:31:15.501263837Z I0128 09:31:15.499588       1 event.go:377] Event(v1.ObjectReference{Kind:"Deployment", Namespace:"openshift-kube-apiserver-operator", Name:"kube-apiserver-operator", UID:"0f90e131-ac50-4cb2-87c5-ad12ae1902a5", APIVersion:"apps/v1", ResourceVersion:"", FieldPath:""}): type: 'Normal' reason: 'OperatorStatusChanged' Status for clusteroperator/kube-apiserver changed: Degraded message changed from "RevisionControllerDegraded: configmap \"kube-apiserver-pod\" not found\nInstallerControllerDegraded: missing required resources: [configmaps: bound-sa-token-signing-certs-0,config-0,etcd-serving-ca-0,kube-apiserver-audit-policies-0,kube-apiserver-cert-syncer-kubeconfig-0,kube-apiserver-pod-0,kubelet-serving-ca-0,sa-token-signing-certs-0, secrets: etcd-client-0,localhost-recovery-client-token-0,localhost-recovery-serving-certkey-0]\nNodeKubeconfigControllerDegraded: \"secret/node-kubeconfigs\": configmap \"kube-apiserver-server-ca\" not found\nNodeControllerDegraded: All master nodes are ready\nGuardControllerDegraded: [Missing operand on node ip-10-0-102-200.us-west-1.compute.internal, Missing operand on node ip-10-0-108-54.us-west-1.compute.internal, Missing operand on node ip-10-0-3-203.us-west-1.compute.internal]\nConfigObservationDegraded: error writing updated observed config: Operation cannot be fulfilled on kubeapiservers.operator.openshift.io \"cluster\": the object has been modified; please apply your changes to the latest version and try again" to "RevisionControllerDegraded: configmap \"kube-apiserver-pod\" not found\nInstallerControllerDegraded: missing required resources: [configmaps: bound-sa-token-signing-certs-0,config-0,etcd-serving-ca-0,kube-apiserver-audit-policies-0,kube-apiserver-cert-syncer-kubeconfig-0,kube-apiserver-pod-0,kubelet-serving-ca-0,sa-token-signing-certs-0, secrets: etcd-client-0,localhost-recovery-client-token-0,localhost-recovery-serving-certkey-0]\nNodeKubeconfigControllerDegraded: \"secret/node-kubeconfigs\": configmap \"kube-apiserver-server-ca\" not found\nNodeControllerDegraded: All master nodes are ready\nGuardControllerDegraded: [Missing operand on node ip-10-0-102-200.us-west-1.compute.internal, Missing operand on node ip-10-0-108-54.us-west-1.compute.internal, Missing operand on node ip-10-0-3-203.us-west-1.compute.internal]"
2026-01-28T09:31:16.067976506Z I0128 09:31:16.067182       1 request.go:752] "Waited before sending request" delay="2.971211219s" reason="client-side throttling, not priority and fairness" verb="PUT" URL="https://172.30.0.1:443/apis/operator.openshift.io/v1/kubeapiservers/cluster/status"
2026-01-28T09:31:16.298552396Z I0128 09:31:16.297813       1 event.go:377] Event(v1.ObjectReference{Kind:"Deployment", Namespace:"openshift-kube-apiserver-operator", Name:"kube-apiserver-operator", UID:"0f90e131-ac50-4cb2-87c5-ad12ae1902a5", APIVersion:"apps/v1", ResourceVersion:"", FieldPath:""}): type: 'Warning' reason: 'RequiredInstallerResourcesMissing' configmaps: bound-sa-token-signing-certs-0,config-0,etcd-serving-ca-0,kube-apiserver-audit-policies-0,kube-apiserver-cert-syncer-kubeconfig-0,kube-apiserver-pod-0,kubelet-serving-ca-0,sa-token-signing-certs-0, secrets: etcd-client-0,localhost-recovery-client-token-0,localhost-recovery-serving-certkey-0
2026-01-28T09:31:16.307149495Z E0128 09:31:16.306877       1 base_controller.go:279] "Unhandled Error" err="Installer reconciliation failed: missing required resources: [configmaps: bound-sa-token-signing-certs-0,config-0,etcd-serving-ca-0,kube-apiserver-audit-policies-0,kube-apiserver-cert-syncer-kubeconfig-0,kube-apiserver-pod-0,kubelet-serving-ca-0,sa-token-signing-certs-0, secrets: etcd-client-0,localhost-recovery-client-token-0,localhost-recovery-serving-certkey-0]"
2026-01-28T09:31:17.265290784Z I0128 09:31:17.264970       1 request.go:752] "Waited before sending request" delay="2.93857447s" reason="client-side throttling, not priority and fairness" verb="PUT" URL="https://172.30.0.1:443/apis/operator.openshift.io/v1/kubeapiservers/cluster/status"
2026-01-28T09:31:17.329472299Z I0128 09:31:17.328638       1 connectivity_check_controller.go:172] ConnectivityCheckController is waiting for transition to desired version (4.20.0-0-2026-01-28-090915-test-ci-ln-vjb5l1t-latest) to be completed.
2026-01-28T09:31:18.463447335Z I0128 09:31:18.463389       1 request.go:752] "Waited before sending request" delay="2.9814537s" reason="client-side throttling, not priority and fairness" verb="PATCH" URL="https://172.30.0.1:443/apis/operator.openshift.io/v1/kubeapiservers/cluster/status?fieldManager=kube-apiserver-ConfigObserver&force=true"
2026-01-28T09:31:18.484685685Z E0128 09:31:18.484634       1 base_controller.go:279] "Unhandled Error" err="TargetConfigController reconciliation failed: apiServerArguments.etcd-servers has less than two live etcd endpoints: []"
2026-01-28T09:31:18.484685685Z I0128 09:31:18.484666       1 event.go:377] Event(v1.ObjectReference{Kind:"Deployment", Namespace:"openshift-kube-apiserver-operator", Name:"kube-apiserver-operator", UID:"0f90e131-ac50-4cb2-87c5-ad12ae1902a5", APIVersion:"apps/v1", ResourceVersion:"", FieldPath:""}): type: 'Warning' reason: 'ConfigMissing' apiServerArguments.etcd-servers has less than two live etcd endpoints: []
2026-01-28T09:31:18.484940248Z I0128 09:31:18.484920       1 connectivity_check_controller.go:172] ConnectivityCheckController is waiting for transition to desired version (4.20.0-0-2026-01-28-090915-test-ci-ln-vjb5l1t-latest) to be completed.
2026-01-28T09:31:18.486002611Z E0128 09:31:18.485978       1 base_controller.go:279] "Unhandled Error" err="NodeKubeconfigController reconciliation failed: \"secret/node-kubeconfigs\": configmap \"kube-apiserver-server-ca\" not found"
2026-01-28T09:31:18.493583730Z E0128 09:31:18.493552       1 base_controller.go:279] "Unhandled Error" err="RevisionController reconciliation failed: configmap \"kube-apiserver-pod\" not found"
2026-01-28T09:31:18.871635771Z E0128 09:31:18.871578       1 base_controller.go:279] "Unhandled Error" err="PodSecurityReadinessController reconciliation failed: Operation cannot be fulfilled on kubeapiservers.operator.openshift.io \"cluster\": the object has been modified; please apply your changes to the latest version and try again"
2026-01-28T09:31:18.918766404Z E0128 09:31:18.918714       1 podsecurityreadinesscontroller.go:88] "namespace:" err="unable to determine if the namespace is violating because no appropriate labels or annotations were found" kube-node-lease="(MISSING)"
2026-01-28T09:31:18.918826847Z E0128 09:31:18.918809       1 podsecurityreadinesscontroller.go:88] "namespace:" err="unable to determine if the namespace is violating because no appropriate labels or annotations were found" openshift-apiserver-operator="(MISSING)"
2026-01-28T09:31:18.918986475Z E0128 09:31:18.918952       1 podsecurityreadinesscontroller.go:88] "namespace:" err="unable to determine if the namespace is violating because no appropriate labels or annotations were found" openshift-cloud-credential-operator="(MISSING)"
2026-01-28T09:31:18.919049858Z E0128 09:31:18.919041       1 podsecurityreadinesscontroller.go:88] "namespace:" err="unable to determine if the namespace is violating because no appropriate labels or annotations were found" openshift-cloud-network-config-controller="(MISSING)"
2026-01-28T09:31:18.919128172Z E0128 09:31:18.919107       1 podsecurityreadinesscontroller.go:88] "namespace:" err="unable to determine if the namespace is violating because no appropriate labels or annotations were found" openshift-cluster-olm-operator="(MISSING)"
2026-01-28T09:31:18.919196505Z E0128 09:31:18.919178       1 podsecurityreadinesscontroller.go:88] "namespace:" err="unable to determine if the namespace is violating because no appropriate labels or annotations were found" openshift-cluster-samples-operator="(MISSING)"
2026-01-28T09:31:18.919261609Z E0128 09:31:18.919241       1 podsecurityreadinesscontroller.go:88] "namespace:" err="unable to determine if the namespace is violating because no appropriate labels or annotations were found" openshift-cluster-storage-operator="(MISSING)"
2026-01-28T09:31:18.919333943Z E0128 09:31:18.919304       1 podsecurityreadinesscontroller.go:88] "namespace:" err="unable to determine if the namespace is violating because no appropriate labels or annotations were found" openshift-config-managed="(MISSING)"
2026-01-28T09:31:18.919388545Z E0128 09:31:18.919369       1 podsecurityreadinesscontroller.go:88] "namespace:" err="unable to determine if the namespace is violating because no appropriate labels or annotations were found" openshift-config-operator="(MISSING)"
2026-01-28T09:31:18.919457809Z E0128 09:31:18.919436       1 podsecurityreadinesscontroller.go:88] "namespace:" err="unable to determine if the namespace is violating because no appropriate labels or annotations were found" openshift-console="(MISSING)"
2026-01-28T09:31:18.919532062Z E0128 09:31:18.919502       1 podsecurityreadinesscontroller.go:88] "namespace:" err="unable to determine if the namespace is violating because no appropriate labels or annotations were found" openshift-console-operator="(MISSING)"
2026-01-28T09:31:18.919582795Z E0128 09:31:18.919565       1 podsecurityreadinesscontroller.go:88] "namespace:" err="unable to determine if the namespace is violating because no appropriate labels or annotations were found" openshift-console-user-settings="(MISSING)"
2026-01-28T09:31:18.919649668Z E0128 09:31:18.919633       1 podsecurityreadinesscontroller.go:88] "namespace:" err="unable to determine if the namespace is violating because no appropriate labels or annotations were found" openshift-controller-manager-operator="(MISSING)"
2026-01-28T09:31:18.919727102Z E0128 09:31:18.919696       1 podsecurityreadinesscontroller.go:88] "namespace:" err="unable to determine if the namespace is violating because no appropriate labels or annotations were found" openshift-dns-operator="(MISSING)"
2026-01-28T09:31:18.919774565Z E0128 09:31:18.919751       1 podsecurityreadinesscontroller.go:88] "namespace:" err="unable to determine if the namespace is violating because no appropriate labels or annotations were found" openshift-host-network="(MISSING)"
2026-01-28T09:31:18.919841018Z E0128 09:31:18.919827       1 podsecurityreadinesscontroller.go:88] "namespace:" err="unable to determine if the namespace is violating because no appropriate labels or annotations were found" openshift-ingress-operator="(MISSING)"
2026-01-28T09:31:18.919923582Z E0128 09:31:18.919903       1 podsecurityreadinesscontroller.go:88] "namespace:" err="unable to determine if the namespace is violating because no appropriate labels or annotations were found" openshift-kube-controller-manager-operator="(MISSING)"
2026-01-28T09:31:18.919976135Z E0128 09:31:18.919955       1 podsecurityreadinesscontroller.go:88] "namespace:" err="unable to determine if the namespace is violating because no appropriate labels or annotations were found" openshift-kube-storage-version-migrator="(MISSING)"
2026-01-28T09:31:18.920056128Z E0128 09:31:18.920014       1 podsecurityreadinesscontroller.go:88] "namespace:" err="unable to determine if the namespace is violating because no appropriate labels or annotations were found" openshift-kube-storage-version-migrator-operator="(MISSING)"
2026-01-28T09:31:18.920109401Z E0128 09:31:18.920089       1 podsecurityreadinesscontroller.go:88] "namespace:" err="unable to determine if the namespace is violating because no appropriate labels or annotations were found" openshift-network-console="(MISSING)"
2026-01-28T09:31:18.920172244Z E0128 09:31:18.920148       1 podsecurityreadinesscontroller.go:88] "namespace:" err="unable to determine if the namespace is violating because no appropriate labels or annotations were found" openshift-network-diagnostics="(MISSING)"
2026-01-28T09:31:18.920216056Z E0128 09:31:18.920200       1 podsecurityreadinesscontroller.go:88] "namespace:" err="unable to determine if the namespace is violating because no appropriate labels or annotations were found" openshift-service-ca="(MISSING)"
2026-01-28T09:31:18.920283530Z E0128 09:31:18.920267       1 podsecurityreadinesscontroller.go:88] "namespace:" err="unable to determine if the namespace is violating because no appropriate labels or annotations were found" openshift-service-ca-operator="(MISSING)"
2026-01-28T09:31:18.920357003Z E0128 09:31:18.920339       1 podsecurityreadinesscontroller.go:88] "namespace:" err="unable to determine if the namespace is violating because no appropriate labels or annotations were found" openshift-user-workload-monitoring="(MISSING)"
2026-01-28T09:31:19.270147555Z I0128 09:31:19.270093       1 event.go:377] Event(v1.ObjectReference{Kind:"Deployment", Namespace:"openshift-kube-apiserver-operator", Name:"kube-apiserver-operator", UID:"0f90e131-ac50-4cb2-87c5-ad12ae1902a5", APIVersion:"apps/v1", ResourceVersion:"", FieldPath:""}): type: 'Warning' reason: 'RequiredInstallerResourcesMissing' configmaps: bound-sa-token-signing-certs-0,config-0,etcd-serving-ca-0,kube-apiserver-audit-policies-0,kube-apiserver-cert-syncer-kubeconfig-0,kube-apiserver-pod-0,kubelet-serving-ca-0,sa-token-signing-certs-0, secrets: etcd-client-0,localhost-recovery-client-token-0,localhost-recovery-serving-certkey-0
2026-01-28T09:31:19.272321903Z E0128 09:31:19.272296       1 base_controller.go:279] "Unhandled Error" err="Installer reconciliation failed: missing required resources: [configmaps: bound-sa-token-signing-certs-0,config-0,etcd-serving-ca-0,kube-apiserver-audit-policies-0,kube-apiserver-cert-syncer-kubeconfig-0,kube-apiserver-pod-0,kubelet-serving-ca-0,sa-token-signing-certs-0, secrets: etcd-client-0,localhost-recovery-client-token-0,localhost-recovery-serving-certkey-0]"
2026-01-28T09:31:19.464225473Z I0128 09:31:19.464183       1 request.go:752] "Waited before sending request" delay="2.731069632s" reason="client-side throttling, not priority and fairness" verb="PUT" URL="https://172.30.0.1:443/apis/operator.openshift.io/v1/kubeapiservers/cluster/status"
2026-01-28T09:31:19.471435793Z E0128 09:31:19.471409       1 base_controller.go:279] "Unhandled Error" err="CertRotationController reconciliation failed: Operation cannot be fulfilled on kubeapiservers.operator.openshift.io \"cluster\": the object has been modified; please apply your changes to the latest version and try again"
2026-01-28T09:31:19.671044357Z E0128 09:31:19.670983       1 base_controller.go:279] "Unhandled Error" err="CertRotationController reconciliation failed: Operation cannot be fulfilled on kubeapiservers.operator.openshift.io \"cluster\": the object has been modified; please apply your changes to the latest version and try again"
2026-01-28T09:31:19.871156036Z E0128 09:31:19.870878       1 base_controller.go:279] "Unhandled Error" err="CertRotationController reconciliation failed: Operation cannot be fulfilled on kubeapiservers.operator.openshift.io \"cluster\": the object has been modified; please apply your changes to the latest version and try again"
2026-01-28T09:31:20.070421813Z E0128 09:31:20.070379       1 base_controller.go:279] "Unhandled Error" err="CertRotationController reconciliation failed: Operation cannot be fulfilled on kubeapiservers.operator.openshift.io \"cluster\": the object has been modified; please apply your changes to the latest version and try again"
2026-01-28T09:31:20.271293601Z E0128 09:31:20.271079       1 base_controller.go:279] "Unhandled Error" err="CertRotationController reconciliation failed: Operation cannot be fulfilled on kubeapiservers.operator.openshift.io \"cluster\": the object has been modified; please apply your changes to the latest version and try again"
2026-01-28T09:31:20.471714285Z E0128 09:31:20.471675       1 base_controller.go:279] "Unhandled Error" err="CertRotationController reconciliation failed: Operation cannot be fulfilled on kubeapiservers.operator.openshift.io \"cluster\": the object has been modified; please apply your changes to the latest version and try again"
2026-01-28T09:31:20.663779523Z I0128 09:31:20.663732       1 request.go:752] "Waited before sending request" delay="2.9365792s" reason="client-side throttling, not priority and fairness" verb="PUT" URL="https://172.30.0.1:443/apis/operator.openshift.io/v1/kubeapiservers/cluster/status"
2026-01-28T09:31:21.283058107Z E0128 09:31:21.280269       1 guard_controller.go:310] Missing operand on node ip-10-0-108-54.us-west-1.compute.internal
2026-01-28T09:31:21.283058107Z E0128 09:31:21.280288       1 guard_controller.go:310] Missing operand on node ip-10-0-3-203.us-west-1.compute.internal
2026-01-28T09:31:21.283058107Z E0128 09:31:21.280295       1 guard_controller.go:310] Missing operand on node ip-10-0-102-200.us-west-1.compute.internal
2026-01-28T09:31:21.283058107Z E0128 09:31:21.281942       1 base_controller.go:279] "Unhandled Error" err="GuardController reconciliation failed: [Missing operand on node ip-10-0-102-200.us-west-1.compute.internal, Missing operand on node ip-10-0-108-54.us-west-1.compute.internal, Missing operand on node ip-10-0-3-203.us-west-1.compute.internal]"
2026-01-28T09:31:21.473783867Z E0128 09:31:21.473741       1 base_controller.go:279] "Unhandled Error" err="CertRotationController reconciliation failed: KubeAPIServer.operator.openshift.io \"cluster\" is invalid: [status.nodeStatuses[0].currentRevision: Invalid value: \"object\": cannot be unset once set, status.nodeStatuses[1].currentRevision: Invalid value: \"object\": cannot be unset once set, status.nodeStatuses[2].currentRevision: Invalid value: \"object\": cannot be unset once set]"
2026-01-28T09:31:21.528857416Z E0128 09:31:21.523543       1 guard_controller.go:310] Missing operand on node ip-10-0-102-200.us-west-1.compute.internal
2026-01-28T09:31:21.528857416Z E0128 09:31:21.523569       1 guard_controller.go:310] Missing operand on node ip-10-0-108-54.us-west-1.compute.internal
2026-01-28T09:31:21.528857416Z E0128 09:31:21.523576       1 guard_controller.go:310] Missing operand on node ip-10-0-3-203.us-west-1.compute.internal
2026-01-28T09:31:21.528857416Z E0128 09:31:21.525347       1 base_controller.go:279] "Unhandled Error" err="GuardController reconciliation failed: [Missing operand on node ip-10-0-102-200.us-west-1.compute.internal, Missing operand on node ip-10-0-108-54.us-west-1.compute.internal, Missing operand on node ip-10-0-3-203.us-west-1.compute.internal]"
2026-01-28T09:31:21.663784642Z I0128 09:31:21.663738       1 request.go:752] "Waited before sending request" delay="2.742214578s" reason="client-side throttling, not priority and fairness" verb="PUT" URL="https://172.30.0.1:443/apis/operator.openshift.io/v1/kubeapiservers/cluster/status"
2026-01-28T09:31:21.685966819Z I0128 09:31:21.685931       1 connectivity_check_controller.go:172] ConnectivityCheckController is waiting for transition to desired version (4.20.0-0-2026-01-28-090915-test-ci-ln-vjb5l1t-latest) to be completed.
2026-01-28T09:31:21.690564529Z E0128 09:31:21.690539       1 base_controller.go:279] "Unhandled Error" err="NodeKubeconfigController reconciliation failed: \"secret/node-kubeconfigs\": configmap \"kube-apiserver-server-ca\" not found"
2026-01-28T09:31:21.693962278Z E0128 09:31:21.693939       1 base_controller.go:279] "Unhandled Error" err="RevisionController reconciliation failed: configmap \"kube-apiserver-pod\" not found"
2026-01-28T09:31:21.694820081Z I0128 09:31:21.694799       1 status_controller.go:230] clusteroperator/kube-apiserver diff {"status":{"conditions":[{"lastTransitionTime":"2026-01-28T09:30:35Z","message":"RevisionControllerDegraded: configmap \"kube-apiserver-pod\" not found\nInstallerControllerDegraded: missing required resources: [configmaps: bound-sa-token-signing-certs-0,config-0,etcd-serving-ca-0,kube-apiserver-audit-policies-0,kube-apiserver-cert-syncer-kubeconfig-0,kube-apiserver-pod-0,kubelet-serving-ca-0,sa-token-signing-certs-0, secrets: etcd-client-0,localhost-recovery-client-token-0,localhost-recovery-serving-certkey-0]\nNodeKubeconfigControllerDegraded: \"secret/node-kubeconfigs\": configmap \"kube-apiserver-server-ca\" not found\nNodeControllerDegraded: All master nodes are ready\nGuardControllerDegraded: [Missing operand on node ip-10-0-102-200.us-west-1.compute.internal, Missing operand on node ip-10-0-108-54.us-west-1.compute.internal, Missing operand on node ip-10-0-3-203.us-west-1.compute.internal]","reason":"AsExpected","status":"False","type":"Degraded"},{"lastTransitionTime":"2026-01-28T09:30:35Z","message":"NodeInstallerProgressing: 3 nodes are at revision 0","reason":"AsExpected","status":"False","type":"Progressing"},{"lastTransitionTime":"2026-01-28T09:30:35Z","message":"StaticPodsAvailable: 0 nodes are active; 3 nodes are at revision 0","reason":"StaticPods_ZeroNodesActive","status":"False","type":"Available"},{"lastTransitionTime":"2026-01-28T09:30:35Z","message":"KubeletMinorVersionUpgradeable: Kubelet and API server minor versions are synced.","reason":"AsExpected","status":"True","type":"Upgradeable"},{"lastTransitionTime":"2026-01-28T09:31:21Z","message":"PodSecurityInconclusiveEvaluationConditionsDetected: Could not evaluate violations for namespaces: [kube-node-lease openshift-apiserver-operator openshift-cloud-credential-operator openshift-cloud-network-config-controller openshift-cluster-olm-operator openshift-cluster-samples-operator openshift-cluster-storage-operator openshift-config-managed openshift-config-operator openshift-console openshift-console-operator openshift-console-user-settings openshift-controller-manager-operator openshift-dns-operator openshift-host-network openshift-ingress-operator openshift-kube-controller-manager-operator openshift-kube-storage-version-migrator openshift-kube-storage-version-migrator-operator openshift-network-console openshift-network-diagnostics openshift-service-ca openshift-service-ca-operator openshift-user-workload-monitoring]","reason":"PodSecurityInconclusive_PSViolationDecisionInconclusive","status":"True","type":"EvaluationConditionsDetected"}]}}
2026-01-28T09:31:21.699973618Z E0128 09:31:21.699946       1 base_controller.go:279] "Unhandled Error" err="TargetConfigController reconciliation failed: apiServerArguments.etcd-servers has less than two live etcd endpoints: []"
2026-01-28T09:31:21.704425911Z I0128 09:31:21.704383       1 event.go:377] Event(v1.ObjectReference{Kind:"Deployment", Namespace:"openshift-kube-apiserver-operator", Name:"kube-apiserver-operator", UID:"0f90e131-ac50-4cb2-87c5-ad12ae1902a5", APIVersion:"apps/v1", ResourceVersion:"", FieldPath:""}): type: 'Warning' reason: 'ConfigMissing' apiServerArguments.etcd-servers has less than two live etcd endpoints: []
2026-01-28T09:31:21.718166337Z I0128 09:31:21.718122       1 event.go:377] Event(v1.ObjectReference{Kind:"Deployment", Namespace:"openshift-kube-apiserver-operator", Name:"kube-apiserver-operator", UID:"0f90e131-ac50-4cb2-87c5-ad12ae1902a5", APIVersion:"apps/v1", ResourceVersion:"", FieldPath:""}): type: 'Normal' reason: 'OperatorStatusChanged' Status for clusteroperator/kube-apiserver changed: EvaluationConditionsDetected changed from Unknown to True ("PodSecurityInconclusiveEvaluationConditionsDetected: Could not evaluate violations for namespaces: [kube-node-lease openshift-apiserver-operator openshift-cloud-credential-operator openshift-cloud-network-config-controller openshift-cluster-olm-operator openshift-cluster-samples-operator openshift-cluster-storage-operator openshift-config-managed openshift-config-operator openshift-console openshift-console-operator openshift-console-user-settings openshift-controller-manager-operator openshift-dns-operator openshift-host-network openshift-ingress-operator openshift-kube-controller-manager-operator openshift-kube-storage-version-migrator openshift-kube-storage-version-migrator-operator openshift-network-console openshift-network-diagnostics openshift-service-ca openshift-service-ca-operator openshift-user-workload-monitoring]")
2026-01-28T09:31:21.870486700Z I0128 09:31:21.870440       1 event.go:377] Event(v1.ObjectReference{Kind:"Deployment", Namespace:"openshift-kube-apiserver-operator", Name:"kube-apiserver-operator", UID:"0f90e131-ac50-4cb2-87c5-ad12ae1902a5", APIVersion:"apps/v1", ResourceVersion:"", FieldPath:""}): type: 'Warning' reason: 'RequiredInstallerResourcesMissing' configmaps: bound-sa-token-signing-certs-0,config-0,etcd-serving-ca-0,kube-apiserver-audit-policies-0,kube-apiserver-cert-syncer-kubeconfig-0,kube-apiserver-pod-0,kubelet-serving-ca-0,sa-token-signing-certs-0, secrets: etcd-client-0,localhost-recovery-client-token-0,localhost-recovery-serving-certkey-0
2026-01-28T09:31:21.872297341Z E0128 09:31:21.872276       1 base_controller.go:279] "Unhandled Error" err="Installer reconciliation failed: missing required resources: [configmaps: bound-sa-token-signing-certs-0,config-0,etcd-serving-ca-0,kube-apiserver-audit-policies-0,kube-apiserver-cert-syncer-kubeconfig-0,kube-apiserver-pod-0,kubelet-serving-ca-0,sa-token-signing-certs-0, secrets: etcd-client-0,localhost-recovery-client-token-0,localhost-recovery-serving-certkey-0]"
2026-01-28T09:31:22.071278024Z E0128 09:31:22.071236       1 base_controller.go:279] "Unhandled Error" err="CertRotationController reconciliation failed: Operation cannot be fulfilled on kubeapiservers.operator.openshift.io \"cluster\": the object has been modified; please apply your changes to the latest version and try again"
2026-01-28T09:31:22.863706791Z I0128 09:31:22.863662       1 request.go:752] "Waited before sending request" delay="2.790527269s" reason="client-side throttling, not priority and fairness" verb="PUT" URL="https://172.30.0.1:443/apis/operator.openshift.io/v1/kubeapiservers/cluster/status"
2026-01-28T09:31:23.471716102Z E0128 09:31:23.471678       1 base_controller.go:279] "Unhandled Error" err="CertRotationController reconciliation failed: Operation cannot be fulfilled on kubeapiservers.operator.openshift.io \"cluster\": the object has been modified; please apply your changes to the latest version and try again"
2026-01-28T09:31:23.671096194Z E0128 09:31:23.671057       1 base_controller.go:279] "Unhandled Error" err="CertRotationController reconciliation failed: Operation cannot be fulfilled on kubeapiservers.operator.openshift.io \"cluster\": the object has been modified; please apply your changes to the latest version and try again"
2026-01-28T09:31:23.863718730Z I0128 09:31:23.863678       1 request.go:752] "Waited before sending request" delay="2.525774444s" reason="client-side throttling, not priority and fairness" verb="PUT" URL="https://172.30.0.1:443/apis/operator.openshift.io/v1/kubeapiservers/cluster/status"
2026-01-28T09:31:23.874479627Z E0128 09:31:23.873149       1 base_controller.go:279] "Unhandled Error" err="CertRotationController reconciliation failed: Operation cannot be fulfilled on kubeapiservers.operator.openshift.io \"cluster\": the object has been modified; please apply your changes to the latest version and try again"
2026-01-28T09:31:24.277409941Z E0128 09:31:24.273544       1 base_controller.go:279] "Unhandled Error" err="CertRotationController reconciliation failed: Operation cannot be fulfilled on kubeapiservers.operator.openshift.io \"cluster\": the object has been modified; please apply your changes to the latest version and try again"
2026-01-28T09:31:24.478613525Z E0128 09:31:24.478571       1 base_controller.go:279] "Unhandled Error" err="Installer reconciliation failed: missing required resources: [configmaps: bound-sa-token-signing-certs-0,config-0,etcd-serving-ca-0,kube-apiserver-audit-policies-0,kube-apiserver-cert-syncer-kubeconfig-0,kube-apiserver-pod-0,kubelet-serving-ca-0,sa-token-signing-certs-0, secrets: etcd-client-0,localhost-recovery-client-token-0,localhost-recovery-serving-certkey-0]"
2026-01-28T09:31:24.478728141Z I0128 09:31:24.478666       1 event.go:377] Event(v1.ObjectReference{Kind:"Deployment", Namespace:"openshift-kube-apiserver-operator", Name:"kube-apiserver-operator", UID:"0f90e131-ac50-4cb2-87c5-ad12ae1902a5", APIVersion:"apps/v1", ResourceVersion:"", FieldPath:""}): type: 'Warning' reason: 'RequiredInstallerResourcesMissing' configmaps: bound-sa-token-signing-certs-0,config-0,etcd-serving-ca-0,kube-apiserver-audit-policies-0,kube-apiserver-cert-syncer-kubeconfig-0,kube-apiserver-pod-0,kubelet-serving-ca-0,sa-token-signing-certs-0, secrets: etcd-client-0,localhost-recovery-client-token-0,localhost-recovery-serving-certkey-0
2026-01-28T09:31:24.675106144Z E0128 09:31:24.674922       1 base_controller.go:279] "Unhandled Error" err="CertRotationController reconciliation failed: KubeAPIServer.operator.openshift.io \"cluster\" is invalid: [status.nodeStatuses[0].currentRevision: Invalid value: \"object\": cannot be unset once set, status.nodeStatuses[1].currentRevision: Invalid value: \"object\": cannot be unset once set, status.nodeStatuses[2].currentRevision: Invalid value: \"object\": cannot be unset once set]"
2026-01-28T09:31:24.877057615Z E0128 09:31:24.876582       1 base_controller.go:279] "Unhandled Error" err="CertRotationController reconciliation failed: KubeAPIServer.operator.openshift.io \"cluster\" is invalid: [status.nodeStatuses[0].currentRevision: Invalid value: \"object\": cannot be unset once set, status.nodeStatuses[1].currentRevision: Invalid value: \"object\": cannot be unset once set, status.nodeStatuses[2].currentRevision: Invalid value: \"object\": cannot be unset once set]"
2026-01-28T09:31:25.064192806Z I0128 09:31:25.063654       1 request.go:752] "Waited before sending request" delay="2.577138618s" reason="client-side throttling, not priority and fairness" verb="PUT" URL="https://172.30.0.1:443/apis/operator.openshift.io/v1/kubeapiservers/cluster/status"
2026-01-28T09:31:25.074925222Z E0128 09:31:25.074196       1 base_controller.go:279] "Unhandled Error" err="CertRotationController reconciliation failed: KubeAPIServer.operator.openshift.io \"cluster\" is invalid: [status.nodeStatuses[0].currentRevision: Invalid value: \"object\": cannot be unset once set, status.nodeStatuses[1].currentRevision: Invalid value: \"object\": cannot be unset once set, status.nodeStatuses[2].currentRevision: Invalid value: \"object\": cannot be unset once set]"
2026-01-28T09:31:25.279397669Z E0128 09:31:25.279358       1 base_controller.go:279] "Unhandled Error" err="CertRotationController reconciliation failed: KubeAPIServer.operator.openshift.io \"cluster\" is invalid: [status.nodeStatuses[0].currentRevision: Invalid value: \"object\": cannot be unset once set, status.nodeStatuses[1].currentRevision: Invalid value: \"object\": cannot be unset once set, status.nodeStatuses[2].currentRevision: Invalid value: \"object\": cannot be unset once set]"
2026-01-28T09:31:25.474143111Z E0128 09:31:25.474095       1 base_controller.go:279] "Unhandled Error" err="CertRotationController reconciliation failed: KubeAPIServer.operator.openshift.io \"cluster\" is invalid: [status.nodeStatuses[0].currentRevision: Invalid value: \"object\": cannot be unset once set, status.nodeStatuses[1].currentRevision: Invalid value: \"object\": cannot be unset once set, status.nodeStatuses[2].currentRevision: Invalid value: \"object\": cannot be unset once set]"
2026-01-28T09:31:25.675756625Z E0128 09:31:25.675720       1 base_controller.go:279] "Unhandled Error" err="CertRotationController reconciliation failed: KubeAPIServer.operator.openshift.io \"cluster\" is invalid: [status.nodeStatuses[0].currentRevision: Invalid value: \"object\": cannot be unset once set, status.nodeStatuses[1].currentRevision: Invalid value: \"object\": cannot be unset once set, status.nodeStatuses[2].currentRevision: Invalid value: \"object\": cannot be unset once set]"
2026-01-28T09:31:25.698967563Z I0128 09:31:25.696657       1 connectivity_check_controller.go:172] ConnectivityCheckController is waiting for transition to desired version (4.20.0-0-2026-01-28-090915-test-ci-ln-vjb5l1t-latest) to be completed.
2026-01-28T09:31:25.875489185Z E0128 09:31:25.875450       1 base_controller.go:279] "Unhandled Error" err="CertRotationController reconciliation failed: KubeAPIServer.operator.openshift.io \"cluster\" is invalid: [status.nodeStatuses[0].currentRevision: Invalid value: \"object\": cannot be unset once set, status.nodeStatuses[1].currentRevision: Invalid value: \"object\": cannot be unset once set, status.nodeStatuses[2].currentRevision: Invalid value: \"object\": cannot be unset once set]"
2026-01-28T09:31:26.063923072Z I0128 09:31:26.063875       1 request.go:752] "Waited before sending request" delay="2.58940385s" reason="client-side throttling, not priority and fairness" verb="PUT" URL="https://172.30.0.1:443/apis/operator.openshift.io/v1/kubeapiservers/cluster/status"
2026-01-28T09:31:26.074981724Z E0128 09:31:26.074957       1 base_controller.go:279] "Unhandled Error" err="CertRotationController reconciliation failed: KubeAPIServer.operator.openshift.io \"cluster\" is invalid: [status.nodeStatuses[0].currentRevision: Invalid value: \"object\": cannot be unset once set, status.nodeStatuses[1].currentRevision: Invalid value: \"object\": cannot be unset once set, status.nodeStatuses[2].currentRevision: Invalid value: \"object\": cannot be unset once set]"
2026-01-28T09:31:26.284472221Z E0128 09:31:26.284327       1 base_controller.go:279] "Unhandled Error" err="CertRotationController reconciliation failed: KubeAPIServer.operator.openshift.io \"cluster\" is invalid: [status.nodeStatuses[0].currentRevision: Invalid value: \"object\": cannot be unset once set, status.nodeStatuses[1].currentRevision: Invalid value: \"object\": cannot be unset once set, status.nodeStatuses[2].currentRevision: Invalid value: \"object\": cannot be unset once set]"
2026-01-28T09:31:26.477756720Z E0128 09:31:26.477712       1 base_controller.go:279] "Unhandled Error" err="CertRotationController reconciliation failed: KubeAPIServer.operator.openshift.io \"cluster\" is invalid: [status.nodeStatuses[0].currentRevision: Invalid value: \"object\": cannot be unset once set, status.nodeStatuses[1].currentRevision: Invalid value: \"object\": cannot be unset once set, status.nodeStatuses[2].currentRevision: Invalid value: \"object\": cannot be unset once set]"
2026-01-28T09:31:26.679581954Z E0128 09:31:26.679547       1 base_controller.go:279] "Unhandled Error" err="CertRotationController reconciliation failed: KubeAPIServer.operator.openshift.io \"cluster\" is invalid: [status.nodeStatuses[0].currentRevision: Invalid value: \"object\": cannot be unset once set, status.nodeStatuses[1].currentRevision: Invalid value: \"object\": cannot be unset once set, status.nodeStatuses[2].currentRevision: Invalid value: \"object\": cannot be unset once set]"
2026-01-28T09:31:26.884382618Z E0128 09:31:26.884345       1 base_controller.go:279] "Unhandled Error" err="CertRotationController reconciliation failed: KubeAPIServer.operator.openshift.io \"cluster\" is invalid: [status.nodeStatuses[0].currentRevision: Invalid value: \"object\": cannot be unset once set, status.nodeStatuses[1].currentRevision: Invalid value: \"object\": cannot be unset once set, status.nodeStatuses[2].currentRevision: Invalid value: \"object\": cannot be unset once set]"
2026-01-28T09:31:27.087585812Z E0128 09:31:27.087544       1 base_controller.go:279] "Unhandled Error" err="Installer reconciliation failed: missing required resources: [configmaps: bound-sa-token-signing-certs-0,config-0,etcd-serving-ca-0,kube-apiserver-audit-policies-0,kube-apiserver-cert-syncer-kubeconfig-0,kube-apiserver-pod-0,kubelet-serving-ca-0,sa-token-signing-certs-0, secrets: etcd-client-0,localhost-recovery-client-token-0,localhost-recovery-serving-certkey-0]"
2026-01-28T09:31:27.088084957Z I0128 09:31:27.088055       1 event.go:377] Event(v1.ObjectReference{Kind:"Deployment", Namespace:"openshift-kube-apiserver-operator", Name:"kube-apiserver-operator", UID:"0f90e131-ac50-4cb2-87c5-ad12ae1902a5", APIVersion:"apps/v1", ResourceVersion:"", FieldPath:""}): type: 'Warning' reason: 'RequiredInstallerResourcesMissing' configmaps: bound-sa-token-signing-certs-0,config-0,etcd-serving-ca-0,kube-apiserver-audit-policies-0,kube-apiserver-cert-syncer-kubeconfig-0,kube-apiserver-pod-0,kubelet-serving-ca-0,sa-token-signing-certs-0, secrets: etcd-client-0,localhost-recovery-client-token-0,localhost-recovery-serving-certkey-0
2026-01-28T09:31:27.263777577Z I0128 09:31:27.263731       1 request.go:752] "Waited before sending request" delay="2.585169948s" reason="client-side throttling, not priority and fairness" verb="PUT" URL="https://172.30.0.1:443/apis/operator.openshift.io/v1/kubeapiservers/cluster/status"
2026-01-28T09:31:27.274421168Z E0128 09:31:27.274384       1 base_controller.go:279] "Unhandled Error" err="CertRotationController reconciliation failed: KubeAPIServer.operator.openshift.io \"cluster\" is invalid: [status.nodeStatuses[0].currentRevision: Invalid value: \"object\": cannot be unset once set, status.nodeStatuses[1].currentRevision: Invalid value: \"object\": cannot be unset once set, status.nodeStatuses[2].currentRevision: Invalid value: \"object\": cannot be unset once set]"
2026-01-28T09:31:27.474565469Z E0128 09:31:27.474520       1 base_controller.go:279] "Unhandled Error" err="CertRotationController reconciliation failed: KubeAPIServer.operator.openshift.io \"cluster\" is invalid: [status.nodeStatuses[0].currentRevision: Invalid value: \"object\": cannot be unset once set, status.nodeStatuses[1].currentRevision: Invalid value: \"object\": cannot be unset once set, status.nodeStatuses[2].currentRevision: Invalid value: \"object\": cannot be unset once set]"
2026-01-28T09:31:27.675310540Z E0128 09:31:27.675260       1 base_controller.go:279] "Unhandled Error" err="CertRotationController reconciliation failed: KubeAPIServer.operator.openshift.io \"cluster\" is invalid: [status.nodeStatuses[0].currentRevision: Invalid value: \"object\": cannot be unset once set, status.nodeStatuses[1].currentRevision: Invalid value: \"object\": cannot be unset once set, status.nodeStatuses[2].currentRevision: Invalid value: \"object\": cannot be unset once set]"
2026-01-28T09:31:27.874941036Z E0128 09:31:27.874894       1 base_controller.go:279] "Unhandled Error" err="CertRotationController reconciliation failed: KubeAPIServer.operator.openshift.io \"cluster\" is invalid: [status.nodeStatuses[0].currentRevision: Invalid value: \"object\": cannot be unset once set, status.nodeStatuses[1].currentRevision: Invalid value: \"object\": cannot be unset once set, status.nodeStatuses[2].currentRevision: Invalid value: \"object\": cannot be unset once set]"
2026-01-28T09:31:28.097011631Z E0128 09:31:28.096972       1 base_controller.go:279] "Unhandled Error" err="CertRotationController reconciliation failed: KubeAPIServer.operator.openshift.io \"cluster\" is invalid: [status.nodeStatuses[0].currentRevision: Invalid value: \"object\": cannot be unset once set, status.nodeStatuses[1].currentRevision: Invalid value: \"object\": cannot be unset once set, status.nodeStatuses[2].currentRevision: Invalid value: \"object\": cannot be unset once set]"
2026-01-28T09:31:28.263920123Z I0128 09:31:28.263875       1 request.go:752] "Waited before sending request" delay="2.584744357s" reason="client-side throttling, not priority and fairness" verb="PUT" URL="https://172.30.0.1:443/apis/operator.openshift.io/v1/kubeapiservers/cluster/status"
2026-01-28T09:31:28.275840118Z E0128 09:31:28.275809       1 base_controller.go:279] "Unhandled Error" err="CertRotationController reconciliation failed: KubeAPIServer.operator.openshift.io \"cluster\" is invalid: [status.nodeStatuses[0].currentRevision: Invalid value: \"object\": cannot be unset once set, status.nodeStatuses[1].currentRevision: Invalid value: \"object\": cannot be unset once set, status.nodeStatuses[2].currentRevision: Invalid value: \"object\": cannot be unset once set]"
2026-01-28T09:31:28.474418351Z E0128 09:31:28.474196       1 base_controller.go:279] "Unhandled Error" err="CertRotationController reconciliation failed: KubeAPIServer.operator.openshift.io \"cluster\" is invalid: [status.nodeStatuses[0].currentRevision: Invalid value: \"object\": cannot be unset once set, status.nodeStatuses[1].currentRevision: Invalid value: \"object\": cannot be unset once set, status.nodeStatuses[2].currentRevision: Invalid value: \"object\": cannot be unset once set]"
2026-01-28T09:31:28.674879008Z E0128 09:31:28.674840       1 base_controller.go:279] "Unhandled Error" err="CertRotationController reconciliation failed: KubeAPIServer.operator.openshift.io \"cluster\" is invalid: [status.nodeStatuses[0].currentRevision: Invalid value: \"object\": cannot be unset once set, status.nodeStatuses[1].currentRevision: Invalid value: \"object\": cannot be unset once set, status.nodeStatuses[2].currentRevision: Invalid value: \"object\": cannot be unset once set]"
2026-01-28T09:31:28.874845980Z E0128 09:31:28.874805       1 base_controller.go:279] "Unhandled Error" err="CertRotationController reconciliation failed: KubeAPIServer.operator.openshift.io \"cluster\" is invalid: [status.nodeStatuses[0].currentRevision: Invalid value: \"object\": cannot be unset once set, status.nodeStatuses[1].currentRevision: Invalid value: \"object\": cannot be unset once set, status.nodeStatuses[2].currentRevision: Invalid value: \"object\": cannot be unset once set]"
2026-01-28T09:31:29.078315176Z E0128 09:31:29.078263       1 base_controller.go:279] "Unhandled Error" err="CertRotationController reconciliation failed: KubeAPIServer.operator.openshift.io \"cluster\" is invalid: [status.nodeStatuses[0].currentRevision: Invalid value: \"object\": cannot be unset once set, status.nodeStatuses[1].currentRevision: Invalid value: \"object\": cannot be unset once set, status.nodeStatuses[2].currentRevision: Invalid value: \"object\": cannot be unset once set]"
2026-01-28T09:31:29.278697690Z E0128 09:31:29.278659       1 base_controller.go:279] "Unhandled Error" err="CertRotationController reconciliation failed: KubeAPIServer.operator.openshift.io \"cluster\" is invalid: [status.nodeStatuses[0].currentRevision: Invalid value: \"object\": cannot be unset once set, status.nodeStatuses[1].currentRevision: Invalid value: \"object\": cannot be unset once set, status.nodeStatuses[2].currentRevision: Invalid value: \"object\": cannot be unset once set]"
2026-01-28T09:31:29.463926586Z I0128 09:31:29.463668       1 request.go:752] "Waited before sending request" delay="2.574946648s" reason="client-side throttling, not priority and fairness" verb="PUT" URL="https://172.30.0.1:443/apis/operator.openshift.io/v1/kubeapiservers/cluster/status"
2026-01-28T09:31:29.475451861Z E0128 09:31:29.475419       1 base_controller.go:279] "Unhandled Error" err="CertRotationController reconciliation failed: KubeAPIServer.operator.openshift.io \"cluster\" is invalid: [status.nodeStatuses[0].currentRevision: Invalid value: \"object\": cannot be unset once set, status.nodeStatuses[1].currentRevision: Invalid value: \"object\": cannot be unset once set, status.nodeStatuses[2].currentRevision: Invalid value: \"object\": cannot be unset once set]"
2026-01-28T09:31:29.670593113Z I0128 09:31:29.670543       1 event.go:377] Event(v1.ObjectReference{Kind:"Deployment", Namespace:"openshift-kube-apiserver-operator", Name:"kube-apiserver-operator", UID:"0f90e131-ac50-4cb2-87c5-ad12ae1902a5", APIVersion:"apps/v1", ResourceVersion:"", FieldPath:""}): type: 'Warning' reason: 'RequiredInstallerResourcesMissing' configmaps: bound-sa-token-signing-certs-0,config-0,etcd-serving-ca-0,kube-apiserver-audit-policies-0,kube-apiserver-cert-syncer-kubeconfig-0,kube-apiserver-pod-0,kubelet-serving-ca-0,sa-token-signing-certs-0, secrets: etcd-client-0,localhost-recovery-client-token-0,localhost-recovery-serving-certkey-0
2026-01-28T09:31:29.671784892Z E0128 09:31:29.671755       1 base_controller.go:279] "Unhandled Error" err="Installer reconciliation failed: missing required resources: [configmaps: bound-sa-token-signing-certs-0,config-0,etcd-serving-ca-0,kube-apiserver-audit-policies-0,kube-apiserver-cert-syncer-kubeconfig-0,kube-apiserver-pod-0,kubelet-serving-ca-0,sa-token-signing-certs-0, secrets: etcd-client-0,localhost-recovery-client-token-0,localhost-recovery-serving-certkey-0]"
2026-01-28T09:31:29.874151584Z E0128 09:31:29.874104       1 base_controller.go:279] "Unhandled Error" err="CertRotationController reconciliation failed: KubeAPIServer.operator.openshift.io \"cluster\" is invalid: [status.nodeStatuses[0].currentRevision: Invalid value: \"object\": cannot be unset once set, status.nodeStatuses[1].currentRevision: Invalid value: \"object\": cannot be unset once set, status.nodeStatuses[2].currentRevision: Invalid value: \"object\": cannot be unset once set]"
2026-01-28T09:31:30.074267803Z E0128 09:31:30.074225       1 base_controller.go:279] "Unhandled Error" err="CertRotationController reconciliation failed: KubeAPIServer.operator.openshift.io \"cluster\" is invalid: [status.nodeStatuses[0].currentRevision: Invalid value: \"object\": cannot be unset once set, status.nodeStatuses[1].currentRevision: Invalid value: \"object\": cannot be unset once set, status.nodeStatuses[2].currentRevision: Invalid value: \"object\": cannot be unset once set]"
2026-01-28T09:31:30.274602394Z E0128 09:31:30.274548       1 base_controller.go:279] "Unhandled Error" err="CertRotationController reconciliation failed: KubeAPIServer.operator.openshift.io \"cluster\" is invalid: [status.nodeStatuses[0].currentRevision: Invalid value: \"object\": cannot be unset once set, status.nodeStatuses[1].currentRevision: Invalid value: \"object\": cannot be unset once set, status.nodeStatuses[2].currentRevision: Invalid value: \"object\": cannot be unset once set]"
2026-01-28T09:31:30.463733185Z I0128 09:31:30.463680       1 request.go:752] "Waited before sending request" delay="2.58621441s" reason="client-side throttling, not priority and fairness" verb="PUT" URL="https://172.30.0.1:443/apis/operator.openshift.io/v1/kubeapiservers/cluster/status"
2026-01-28T09:31:30.474316553Z E0128 09:31:30.474272       1 base_controller.go:279] "Unhandled Error" err="CertRotationController reconciliation failed: KubeAPIServer.operator.openshift.io \"cluster\" is invalid: [status.nodeStatuses[0].currentRevision: Invalid value: \"object\": cannot be unset once set, status.nodeStatuses[1].currentRevision: Invalid value: \"object\": cannot be unset once set, status.nodeStatuses[2].currentRevision: Invalid value: \"object\": cannot be unset once set]"
2026-01-28T09:31:30.675106357Z E0128 09:31:30.675052       1 base_controller.go:279] "Unhandled Error" err="CertRotationController reconciliation failed: KubeAPIServer.operator.openshift.io \"cluster\" is invalid: [status.nodeStatuses[0].currentRevision: Invalid value: \"object\": cannot be unset once set, status.nodeStatuses[1].currentRevision: Invalid value: \"object\": cannot be unset once set, status.nodeStatuses[2].currentRevision: Invalid value: \"object\": cannot be unset once set]"
2026-01-28T09:31:30.874397025Z E0128 09:31:30.874349       1 base_controller.go:279] "Unhandled Error" err="CertRotationController reconciliation failed: KubeAPIServer.operator.openshift.io \"cluster\" is invalid: [status.nodeStatuses[0].currentRevision: Invalid value: \"object\": cannot be unset once set, status.nodeStatuses[1].currentRevision: Invalid value: \"object\": cannot be unset once set, status.nodeStatuses[2].currentRevision: Invalid value: \"object\": cannot be unset once set]"
2026-01-28T09:31:31.074737185Z E0128 09:31:31.074687       1 base_controller.go:279] "Unhandled Error" err="CertRotationController reconciliation failed: KubeAPIServer.operator.openshift.io \"cluster\" is invalid: [status.nodeStatuses[0].currentRevision: Invalid value: \"object\": cannot be unset once set, status.nodeStatuses[1].currentRevision: Invalid value: \"object\": cannot be unset once set, status.nodeStatuses[2].currentRevision: Invalid value: \"object\": cannot be unset once set]"
2026-01-28T09:31:31.274811173Z E0128 09:31:31.274776       1 base_controller.go:279] "Unhandled Error" err="CertRotationController reconciliation failed: KubeAPIServer.operator.openshift.io \"cluster\" is invalid: [status.nodeStatuses[0].currentRevision: Invalid value: \"object\": cannot be unset once set, status.nodeStatuses[1].currentRevision: Invalid value: \"object\": cannot be unset once set, status.nodeStatuses[2].currentRevision: Invalid value: \"object\": cannot be unset once set]"
2026-01-28T09:31:31.360470119Z E0128 09:31:31.360426       1 guard_controller.go:310] Missing operand on node ip-10-0-102-200.us-west-1.compute.internal
2026-01-28T09:31:31.360537942Z E0128 09:31:31.360524       1 guard_controller.go:310] Missing operand on node ip-10-0-108-54.us-west-1.compute.internal
2026-01-28T09:31:31.360573694Z E0128 09:31:31.360563       1 guard_controller.go:310] Missing operand on node ip-10-0-3-203.us-west-1.compute.internal
2026-01-28T09:31:31.371136551Z E0128 09:31:31.370491       1 base_controller.go:279] "Unhandled Error" err="GuardController reconciliation failed: [Missing operand on node ip-10-0-102-200.us-west-1.compute.internal, Missing operand on node ip-10-0-108-54.us-west-1.compute.internal, Missing operand on node ip-10-0-3-203.us-west-1.compute.internal]"
2026-01-28T09:31:31.464251339Z I0128 09:31:31.464193       1 request.go:752] "Waited before sending request" delay="2.586720926s" reason="client-side throttling, not priority and fairness" verb="PUT" URL="https://172.30.0.1:443/apis/operator.openshift.io/v1/kubeapiservers/cluster/status"
2026-01-28T09:31:31.474251979Z E0128 09:31:31.474219       1 base_controller.go:279] "Unhandled Error" err="CertRotationController reconciliation failed: KubeAPIServer.operator.openshift.io \"cluster\" is invalid: [status.nodeStatuses[0].currentRevision: Invalid value: \"object\": cannot be unset once set, status.nodeStatuses[1].currentRevision: Invalid value: \"object\": cannot be unset once set, status.nodeStatuses[2].currentRevision: Invalid value: \"object\": cannot be unset once set]"
2026-01-28T09:31:31.674704935Z E0128 09:31:31.674649       1 base_controller.go:279] "Unhandled Error" err="CertRotationController reconciliation failed: KubeAPIServer.operator.openshift.io \"cluster\" is invalid: [status.nodeStatuses[0].currentRevision: Invalid value: \"object\": cannot be unset once set, status.nodeStatuses[1].currentRevision: Invalid value: \"object\": cannot be unset once set, status.nodeStatuses[2].currentRevision: Invalid value: \"object\": cannot be unset once set]"
2026-01-28T09:31:31.873821345Z E0128 09:31:31.873785       1 base_controller.go:279] "Unhandled Error" err="CertRotationController reconciliation failed: KubeAPIServer.operator.openshift.io \"cluster\" is invalid: [status.nodeStatuses[0].currentRevision: Invalid value: \"object\": cannot be unset once set, status.nodeStatuses[1].currentRevision: Invalid value: \"object\": cannot be unset once set, status.nodeStatuses[2].currentRevision: Invalid value: \"object\": cannot be unset once set]"
2026-01-28T09:31:32.074725984Z E0128 09:31:32.074676       1 base_controller.go:279] "Unhandled Error" err="CertRotationController reconciliation failed: KubeAPIServer.operator.openshift.io \"cluster\" is invalid: [status.nodeStatuses[0].currentRevision: Invalid value: \"object\": cannot be unset once set, status.nodeStatuses[1].currentRevision: Invalid value: \"object\": cannot be unset once set, status.nodeStatuses[2].currentRevision: Invalid value: \"object\": cannot be unset once set]"
2026-01-28T09:31:32.269067485Z I0128 09:31:32.269002       1 event.go:377] Event(v1.ObjectReference{Kind:"Deployment", Namespace:"openshift-kube-apiserver-operator", Name:"kube-apiserver-operator", UID:"0f90e131-ac50-4cb2-87c5-ad12ae1902a5", APIVersion:"apps/v1", ResourceVersion:"", FieldPath:""}): type: 'Warning' reason: 'RequiredInstallerResourcesMissing' configmaps: bound-sa-token-signing-certs-0,config-0,etcd-serving-ca-0,kube-apiserver-audit-policies-0,kube-apiserver-cert-syncer-kubeconfig-0,kube-apiserver-pod-0,kubelet-serving-ca-0,sa-token-signing-certs-0, secrets: etcd-client-0,localhost-recovery-client-token-0,localhost-recovery-serving-certkey-0
2026-01-28T09:31:32.271161230Z E0128 09:31:32.271136       1 base_controller.go:279] "Unhandled Error" err="Installer reconciliation failed: missing required resources: [configmaps: bound-sa-token-signing-certs-0,config-0,etcd-serving-ca-0,kube-apiserver-audit-policies-0,kube-apiserver-cert-syncer-kubeconfig-0,kube-apiserver-pod-0,kubelet-serving-ca-0,sa-token-signing-certs-0, secrets: etcd-client-0,localhost-recovery-client-token-0,localhost-recovery-serving-certkey-0]"
2026-01-28T09:31:32.473384374Z E0128 09:31:32.473332       1 base_controller.go:279] "Unhandled Error" err="CertRotationController reconciliation failed: KubeAPIServer.operator.openshift.io \"cluster\" is invalid: [status.nodeStatuses[0].currentRevision: Invalid value: \"object\": cannot be unset once set, status.nodeStatuses[1].currentRevision: Invalid value: \"object\": cannot be unset once set, status.nodeStatuses[2].currentRevision: Invalid value: \"object\": cannot be unset once set]"
2026-01-28T09:31:32.663366338Z I0128 09:31:32.663314       1 request.go:752] "Waited before sending request" delay="2.586170019s" reason="client-side throttling, not priority and fairness" verb="PUT" URL="https://172.30.0.1:443/apis/operator.openshift.io/v1/kubeapiservers/cluster/status"
2026-01-28T09:31:32.675559277Z E0128 09:31:32.675524       1 base_controller.go:279] "Unhandled Error" err="CertRotationController reconciliation failed: KubeAPIServer.operator.openshift.io \"cluster\" is invalid: [status.nodeStatuses[0].currentRevision: Invalid value: \"object\": cannot be unset once set, status.nodeStatuses[1].currentRevision: Invalid value: \"object\": cannot be unset once set, status.nodeStatuses[2].currentRevision: Invalid value: \"object\": cannot be unset once set]"
2026-01-28T09:31:32.889096236Z E0128 09:31:32.889057       1 base_controller.go:279] "Unhandled Error" err="CertRotationController reconciliation failed: KubeAPIServer.operator.openshift.io \"cluster\" is invalid: [status.nodeStatuses[0].currentRevision: Invalid value: \"object\": cannot be unset once set, status.nodeStatuses[1].currentRevision: Invalid value: \"object\": cannot be unset once set, status.nodeStatuses[2].currentRevision: Invalid value: \"object\": cannot be unset once set]"
2026-01-28T09:31:33.074471890Z E0128 09:31:33.074428       1 base_controller.go:279] "Unhandled Error" err="CertRotationController reconciliation failed: KubeAPIServer.operator.openshift.io \"cluster\" is invalid: [status.nodeStatuses[0].currentRevision: Invalid value: \"object\": cannot be unset once set, status.nodeStatuses[1].currentRevision: Invalid value: \"object\": cannot be unset once set, status.nodeStatuses[2].currentRevision: Invalid value: \"object\": cannot be unset once set]"
2026-01-28T09:31:33.274201460Z E0128 09:31:33.274159       1 base_controller.go:279] "Unhandled Error" err="CertRotationController reconciliation failed: KubeAPIServer.operator.openshift.io \"cluster\" is invalid: [status.nodeStatuses[0].currentRevision: Invalid value: \"object\": cannot be unset once set, status.nodeStatuses[1].currentRevision: Invalid value: \"object\": cannot be unset once set, status.nodeStatuses[2].currentRevision: Invalid value: \"object\": cannot be unset once set]"
2026-01-28T09:31:33.473681408Z E0128 09:31:33.473627       1 base_controller.go:279] "Unhandled Error" err="CertRotationController reconciliation failed: KubeAPIServer.operator.openshift.io \"cluster\" is invalid: [status.nodeStatuses[0].currentRevision: Invalid value: \"object\": cannot be unset once set, status.nodeStatuses[1].currentRevision: Invalid value: \"object\": cannot be unset once set, status.nodeStatuses[2].currentRevision: Invalid value: \"object\": cannot be unset once set]"
2026-01-28T09:31:33.663407029Z I0128 09:31:33.663357       1 request.go:752] "Waited before sending request" delay="2.586460263s" reason="client-side throttling, not priority and fairness" verb="PUT" URL="https://172.30.0.1:443/apis/operator.openshift.io/v1/kubeapiservers/cluster/status"
2026-01-28T09:31:33.674105563Z E0128 09:31:33.674076       1 base_controller.go:279] "Unhandled Error" err="CertRotationController reconciliation failed: KubeAPIServer.operator.openshift.io \"cluster\" is invalid: [status.nodeStatuses[0].currentRevision: Invalid value: \"object\": cannot be unset once set, status.nodeStatuses[1].currentRevision: Invalid value: \"object\": cannot be unset once set, status.nodeStatuses[2].currentRevision: Invalid value: \"object\": cannot be unset once set]"
2026-01-28T09:31:33.874929988Z E0128 09:31:33.874868       1 base_controller.go:279] "Unhandled Error" err="CertRotationController reconciliation failed: KubeAPIServer.operator.openshift.io \"cluster\" is invalid: [status.nodeStatuses[0].currentRevision: Invalid value: \"object\": cannot be unset once set, status.nodeStatuses[1].currentRevision: Invalid value: \"object\": cannot be unset once set, status.nodeStatuses[2].currentRevision: Invalid value: \"object\": cannot be unset once set]"
2026-01-28T09:31:34.076204995Z E0128 09:31:34.075206       1 base_controller.go:279] "Unhandled Error" err="CertRotationController reconciliation failed: KubeAPIServer.operator.openshift.io \"cluster\" is invalid: [status.nodeStatuses[0].currentRevision: Invalid value: \"object\": cannot be unset once set, status.nodeStatuses[1].currentRevision: Invalid value: \"object\": cannot be unset once set, status.nodeStatuses[2].currentRevision: Invalid value: \"object\": cannot be unset once set]"
2026-01-28T09:31:34.275162377Z E0128 09:31:34.275110       1 base_controller.go:279] "Unhandled Error" err="CertRotationController reconciliation failed: KubeAPIServer.operator.openshift.io \"cluster\" is invalid: [status.nodeStatuses[0].currentRevision: Invalid value: \"object\": cannot be unset once set, status.nodeStatuses[1].currentRevision: Invalid value: \"object\": cannot be unset once set, status.nodeStatuses[2].currentRevision: Invalid value: \"object\": cannot be unset once set]"
2026-01-28T09:31:34.475162300Z E0128 09:31:34.475124       1 base_controller.go:279] "Unhandled Error" err="CertRotationController reconciliation failed: KubeAPIServer.operator.openshift.io \"cluster\" is invalid: [status.nodeStatuses[0].currentRevision: Invalid value: \"object\": cannot be unset once set, status.nodeStatuses[1].currentRevision: Invalid value: \"object\": cannot be unset once set, status.nodeStatuses[2].currentRevision: Invalid value: \"object\": cannot be unset once set]"
2026-01-28T09:31:34.663752865Z I0128 09:31:34.663708       1 request.go:752] "Waited before sending request" delay="2.586353897s" reason="client-side throttling, not priority and fairness" verb="PUT" URL="https://172.30.0.1:443/apis/operator.openshift.io/v1/kubeapiservers/cluster/status"
2026-01-28T09:31:34.674921612Z E0128 09:31:34.674889       1 base_controller.go:279] "Unhandled Error" err="CertRotationController reconciliation failed: KubeAPIServer.operator.openshift.io \"cluster\" is invalid: [status.nodeStatuses[0].currentRevision: Invalid value: \"object\": cannot be unset once set, status.nodeStatuses[1].currentRevision: Invalid value: \"object\": cannot be unset once set, status.nodeStatuses[2].currentRevision: Invalid value: \"object\": cannot be unset once set]"
2026-01-28T09:31:34.783160335Z E0128 09:31:34.783083       1 base_controller.go:279] "Unhandled Error" err="RevisionController reconciliation failed: configmap \"kube-apiserver-pod\" not found"
2026-01-28T09:31:34.873580309Z I0128 09:31:34.873517       1 event.go:377] Event(v1.ObjectReference{Kind:"Deployment", Namespace:"openshift-kube-apiserver-operator", Name:"kube-apiserver-operator", UID:"0f90e131-ac50-4cb2-87c5-ad12ae1902a5", APIVersion:"apps/v1", ResourceVersion:"", FieldPath:""}): type: 'Warning' reason: 'RequiredInstallerResourcesMissing' configmaps: bound-sa-token-signing-certs-0,config-0,etcd-serving-ca-0,kube-apiserver-audit-policies-0,kube-apiserver-cert-syncer-kubeconfig-0,kube-apiserver-pod-0,kubelet-serving-ca-0,sa-token-signing-certs-0, secrets: etcd-client-0,localhost-recovery-client-token-0,localhost-recovery-serving-certkey-0
2026-01-28T09:31:34.876006740Z E0128 09:31:34.875984       1 base_controller.go:279] "Unhandled Error" err="Installer reconciliation failed: missing required resources: [configmaps: bound-sa-token-signing-certs-0,config-0,etcd-serving-ca-0,kube-apiserver-audit-policies-0,kube-apiserver-cert-syncer-kubeconfig-0,kube-apiserver-pod-0,kubelet-serving-ca-0,sa-token-signing-certs-0, secrets: etcd-client-0,localhost-recovery-client-token-0,localhost-recovery-serving-certkey-0]"
2026-01-28T09:31:35.068664658Z E0128 09:31:35.068611       1 base_controller.go:279] "Unhandled Error" err="TargetConfigController reconciliation failed: apiServerArguments.etcd-servers has less than two live etcd endpoints: []"
2026-01-28T09:31:35.068732091Z I0128 09:31:35.068689       1 event.go:377] Event(v1.ObjectReference{Kind:"Deployment", Namespace:"openshift-kube-apiserver-operator", Name:"kube-apiserver-operator", UID:"0f90e131-ac50-4cb2-87c5-ad12ae1902a5", APIVersion:"apps/v1", ResourceVersion:"", FieldPath:""}): type: 'Warning' reason: 'ConfigMissing' apiServerArguments.etcd-servers has less than two live etcd endpoints: []
2026-01-28T09:31:35.076386953Z E0128 09:31:35.076353       1 base_controller.go:279] "Unhandled Error" err="CertRotationController reconciliation failed: KubeAPIServer.operator.openshift.io \"cluster\" is invalid: [status.nodeStatuses[0].currentRevision: Invalid value: \"object\": cannot be unset once set, status.nodeStatuses[1].currentRevision: Invalid value: \"object\": cannot be unset once set, status.nodeStatuses[2].currentRevision: Invalid value: \"object\": cannot be unset once set]"
2026-01-28T09:31:35.274968776Z E0128 09:31:35.274927       1 base_controller.go:279] "Unhandled Error" err="CertRotationController reconciliation failed: KubeAPIServer.operator.openshift.io \"cluster\" is invalid: [status.nodeStatuses[0].currentRevision: Invalid value: \"object\": cannot be unset once set, status.nodeStatuses[1].currentRevision: Invalid value: \"object\": cannot be unset once set, status.nodeStatuses[2].currentRevision: Invalid value: \"object\": cannot be unset once set]"
2026-01-28T09:31:35.474330578Z E0128 09:31:35.474283       1 base_controller.go:279] "Unhandled Error" err="CertRotationController reconciliation failed: KubeAPIServer.operator.openshift.io \"cluster\" is invalid: [status.nodeStatuses[0].currentRevision: Invalid value: \"object\": cannot be unset once set, status.nodeStatuses[1].currentRevision: Invalid value: \"object\": cannot be unset once set, status.nodeStatuses[2].currentRevision: Invalid value: \"object\": cannot be unset once set]"
2026-01-28T09:31:35.663855179Z I0128 09:31:35.663794       1 request.go:752] "Waited before sending request" delay="2.586631342s" reason="client-side throttling, not priority and fairness" verb="PUT" URL="https://172.30.0.1:443/apis/operator.openshift.io/v1/kubeapiservers/cluster/status"
2026-01-28T09:31:35.676467468Z E0128 09:31:35.676431       1 base_controller.go:279] "Unhandled Error" err="CertRotationController reconciliation failed: KubeAPIServer.operator.openshift.io \"cluster\" is invalid: [status.nodeStatuses[0].currentRevision: Invalid value: \"object\": cannot be unset once set, status.nodeStatuses[1].currentRevision: Invalid value: \"object\": cannot be unset once set, status.nodeStatuses[2].currentRevision: Invalid value: \"object\": cannot be unset once set]"
2026-01-28T09:31:35.874748576Z E0128 09:31:35.874698       1 base_controller.go:279] "Unhandled Error" err="CertRotationController reconciliation failed: KubeAPIServer.operator.openshift.io \"cluster\" is invalid: [status.nodeStatuses[0].currentRevision: Invalid value: \"object\": cannot be unset once set, status.nodeStatuses[1].currentRevision: Invalid value: \"object\": cannot be unset once set, status.nodeStatuses[2].currentRevision: Invalid value: \"object\": cannot be unset once set]"
2026-01-28T09:31:36.075455345Z E0128 09:31:36.075413       1 base_controller.go:279] "Unhandled Error" err="CertRotationController reconciliation failed: KubeAPIServer.operator.openshift.io \"cluster\" is invalid: [status.nodeStatuses[0].currentRevision: Invalid value: \"object\": cannot be unset once set, status.nodeStatuses[1].currentRevision: Invalid value: \"object\": cannot be unset once set, status.nodeStatuses[2].currentRevision: Invalid value: \"object\": cannot be unset once set]"
2026-01-28T09:31:36.276001796Z E0128 09:31:36.275962       1 base_controller.go:279] "Unhandled Error" err="CertRotationController reconciliation failed: KubeAPIServer.operator.openshift.io \"cluster\" is invalid: [status.nodeStatuses[0].currentRevision: Invalid value: \"object\": cannot be unset once set, status.nodeStatuses[1].currentRevision: Invalid value: \"object\": cannot be unset once set, status.nodeStatuses[2].currentRevision: Invalid value: \"object\": cannot be unset once set]"
2026-01-28T09:31:36.474494845Z E0128 09:31:36.474438       1 base_controller.go:279] "Unhandled Error" err="CertRotationController reconciliation failed: KubeAPIServer.operator.openshift.io \"cluster\" is invalid: [status.nodeStatuses[0].currentRevision: Invalid value: \"object\": cannot be unset once set, status.nodeStatuses[1].currentRevision: Invalid value: \"object\": cannot be unset once set, status.nodeStatuses[2].currentRevision: Invalid value: \"object\": cannot be unset once set]"
2026-01-28T09:31:36.679362542Z E0128 09:31:36.679236       1 base_controller.go:279] "Unhandled Error" err="CertRotationController reconciliation failed: KubeAPIServer.operator.openshift.io \"cluster\" is invalid: [status.nodeStatuses[0].currentRevision: Invalid value: \"object\": cannot be unset once set, status.nodeStatuses[1].currentRevision: Invalid value: \"object\": cannot be unset once set, status.nodeStatuses[2].currentRevision: Invalid value: \"object\": cannot be unset once set]"
2026-01-28T09:31:36.863775785Z I0128 09:31:36.863727       1 request.go:752] "Waited before sending request" delay="2.585370526s" reason="client-side throttling, not priority and fairness" verb="PUT" URL="https://172.30.0.1:443/apis/operator.openshift.io/v1/kubeapiservers/cluster/status"
2026-01-28T09:31:36.874610381Z E0128 09:31:36.874586       1 base_controller.go:279] "Unhandled Error" err="CertRotationController reconciliation failed: KubeAPIServer.operator.openshift.io \"cluster\" is invalid: [status.nodeStatuses[0].currentRevision: Invalid value: \"object\": cannot be unset once set, status.nodeStatuses[1].currentRevision: Invalid value: \"object\": cannot be unset once set, status.nodeStatuses[2].currentRevision: Invalid value: \"object\": cannot be unset once set]"
2026-01-28T09:31:37.075112383Z E0128 09:31:37.074997       1 base_controller.go:279] "Unhandled Error" err="CertRotationController reconciliation failed: KubeAPIServer.operator.openshift.io \"cluster\" is invalid: [status.nodeStatuses[0].currentRevision: Invalid value: \"object\": cannot be unset once set, status.nodeStatuses[1].currentRevision: Invalid value: \"object\": cannot be unset once set, status.nodeStatuses[2].currentRevision: Invalid value: \"object\": cannot be unset once set]"
2026-01-28T09:31:37.274850606Z E0128 09:31:37.274739       1 base_controller.go:279] "Unhandled Error" err="CertRotationController reconciliation failed: KubeAPIServer.operator.openshift.io \"cluster\" is invalid: [status.nodeStatuses[0].currentRevision: Invalid value: \"object\": cannot be unset once set, status.nodeStatuses[1].currentRevision: Invalid value: \"object\": cannot be unset once set, status.nodeStatuses[2].currentRevision: Invalid value: \"object\": cannot be unset once set]"
2026-01-28T09:31:37.471502627Z I0128 09:31:37.471446       1 event.go:377] Event(v1.ObjectReference{Kind:"Deployment", Namespace:"openshift-kube-apiserver-operator", Name:"kube-apiserver-operator", UID:"0f90e131-ac50-4cb2-87c5-ad12ae1902a5", APIVersion:"apps/v1", ResourceVersion:"", FieldPath:""}): type: 'Warning' reason: 'RequiredInstallerResourcesMissing' configmaps: bound-sa-token-signing-certs-0,config-0,etcd-serving-ca-0,kube-apiserver-audit-policies-0,kube-apiserver-cert-syncer-kubeconfig-0,kube-apiserver-pod-0,kubelet-serving-ca-0,sa-token-signing-certs-0, secrets: etcd-client-0,localhost-recovery-client-token-0,localhost-recovery-serving-certkey-0
2026-01-28T09:31:37.472555959Z E0128 09:31:37.472532       1 base_controller.go:279] "Unhandled Error" err="Installer reconciliation failed: missing required resources: [configmaps: bound-sa-token-signing-certs-0,config-0,etcd-serving-ca-0,kube-apiserver-audit-policies-0,kube-apiserver-cert-syncer-kubeconfig-0,kube-apiserver-pod-0,kubelet-serving-ca-0,sa-token-signing-certs-0, secrets: etcd-client-0,localhost-recovery-client-token-0,localhost-recovery-serving-certkey-0]"
2026-01-28T09:31:37.674646199Z E0128 09:31:37.674599       1 base_controller.go:279] "Unhandled Error" err="CertRotationController reconciliation failed: KubeAPIServer.operator.openshift.io \"cluster\" is invalid: [status.nodeStatuses[0].currentRevision: Invalid value: \"object\": cannot be unset once set, status.nodeStatuses[1].currentRevision: Invalid value: \"object\": cannot be unset once set, status.nodeStatuses[2].currentRevision: Invalid value: \"object\": cannot be unset once set]"
2026-01-28T09:31:37.863872493Z I0128 09:31:37.863813       1 request.go:752] "Waited before sending request" delay="2.586189552s" reason="client-side throttling, not priority and fairness" verb="PUT" URL="https://172.30.0.1:443/apis/operator.openshift.io/v1/kubeapiservers/cluster/status"
2026-01-28T09:31:37.874235856Z E0128 09:31:37.874215       1 base_controller.go:279] "Unhandled Error" err="CertRotationController reconciliation failed: KubeAPIServer.operator.openshift.io \"cluster\" is invalid: [status.nodeStatuses[0].currentRevision: Invalid value: \"object\": cannot be unset once set, status.nodeStatuses[1].currentRevision: Invalid value: \"object\": cannot be unset once set, status.nodeStatuses[2].currentRevision: Invalid value: \"object\": cannot be unset once set]"
2026-01-28T09:31:38.074320136Z E0128 09:31:38.074276       1 base_controller.go:279] "Unhandled Error" err="CertRotationController reconciliation failed: KubeAPIServer.operator.openshift.io \"cluster\" is invalid: [status.nodeStatuses[0].currentRevision: Invalid value: \"object\": cannot be unset once set, status.nodeStatuses[1].currentRevision: Invalid value: \"object\": cannot be unset once set, status.nodeStatuses[2].currentRevision: Invalid value: \"object\": cannot be unset once set]"
2026-01-28T09:31:38.277303520Z E0128 09:31:38.277257       1 base_controller.go:279] "Unhandled Error" err="CertRotationController reconciliation failed: KubeAPIServer.operator.openshift.io \"cluster\" is invalid: [status.nodeStatuses[0].currentRevision: Invalid value: \"object\": cannot be unset once set, status.nodeStatuses[1].currentRevision: Invalid value: \"object\": cannot be unset once set, status.nodeStatuses[2].currentRevision: Invalid value: \"object\": cannot be unset once set]"
2026-01-28T09:31:38.473610884Z E0128 09:31:38.473568       1 base_controller.go:279] "Unhandled Error" err="CertRotationController reconciliation failed: KubeAPIServer.operator.openshift.io \"cluster\" is invalid: [status.nodeStatuses[0].currentRevision: Invalid value: \"object\": cannot be unset once set, status.nodeStatuses[1].currentRevision: Invalid value: \"object\": cannot be unset once set, status.nodeStatuses[2].currentRevision: Invalid value: \"object\": cannot be unset once set]"
2026-01-28T09:31:38.674486894Z E0128 09:31:38.674441       1 base_controller.go:279] "Unhandled Error" err="CertRotationController reconciliation failed: KubeAPIServer.operator.openshift.io \"cluster\" is invalid: [status.nodeStatuses[0].currentRevision: Invalid value: \"object\": cannot be unset once set, status.nodeStatuses[1].currentRevision: Invalid value: \"object\": cannot be unset once set, status.nodeStatuses[2].currentRevision: Invalid value: \"object\": cannot be unset once set]"
2026-01-28T09:31:38.864077996Z I0128 09:31:38.864014       1 request.go:752] "Waited before sending request" delay="2.585043439s" reason="client-side throttling, not priority and fairness" verb="PUT" URL="https://172.30.0.1:443/apis/operator.openshift.io/v1/kubeapiservers/cluster/status"
2026-01-28T09:31:38.873887871Z E0128 09:31:38.873847       1 base_controller.go:279] "Unhandled Error" err="CertRotationController reconciliation failed: KubeAPIServer.operator.openshift.io \"cluster\" is invalid: [status.nodeStatuses[0].currentRevision: Invalid value: \"object\": cannot be unset once set, status.nodeStatuses[1].currentRevision: Invalid value: \"object\": cannot be unset once set, status.nodeStatuses[2].currentRevision: Invalid value: \"object\": cannot be unset once set]"
2026-01-28T09:31:39.074442455Z E0128 09:31:39.074370       1 base_controller.go:279] "Unhandled Error" err="CertRotationController reconciliation failed: KubeAPIServer.operator.openshift.io \"cluster\" is invalid: [status.nodeStatuses[0].currentRevision: Invalid value: \"object\": cannot be unset once set, status.nodeStatuses[1].currentRevision: Invalid value: \"object\": cannot be unset once set, status.nodeStatuses[2].currentRevision: Invalid value: \"object\": cannot be unset once set]"
2026-01-28T09:31:39.276316374Z E0128 09:31:39.276275       1 base_controller.go:279] "Unhandled Error" err="CertRotationController reconciliation failed: KubeAPIServer.operator.openshift.io \"cluster\" is invalid: [status.nodeStatuses[0].currentRevision: Invalid value: \"object\": cannot be unset once set, status.nodeStatuses[1].currentRevision: Invalid value: \"object\": cannot be unset once set, status.nodeStatuses[2].currentRevision: Invalid value: \"object\": cannot be unset once set]"
2026-01-28T09:31:39.473758435Z E0128 09:31:39.473718       1 base_controller.go:279] "Unhandled Error" err="CertRotationController reconciliation failed: KubeAPIServer.operator.openshift.io \"cluster\" is invalid: [status.nodeStatuses[0].currentRevision: Invalid value: \"object\": cannot be unset once set, status.nodeStatuses[1].currentRevision: Invalid value: \"object\": cannot be unset once set, status.nodeStatuses[2].currentRevision: Invalid value: \"object\": cannot be unset once set]"
2026-01-28T09:31:39.673910659Z E0128 09:31:39.673868       1 base_controller.go:279] "Unhandled Error" err="CertRotationController reconciliation failed: KubeAPIServer.operator.openshift.io \"cluster\" is invalid: [status.nodeStatuses[0].currentRevision: Invalid value: \"object\": cannot be unset once set, status.nodeStatuses[1].currentRevision: Invalid value: \"object\": cannot be unset once set, status.nodeStatuses[2].currentRevision: Invalid value: \"object\": cannot be unset once set]"
2026-01-28T09:31:39.873813920Z E0128 09:31:39.873759       1 base_controller.go:279] "Unhandled Error" err="CertRotationController reconciliation failed: KubeAPIServer.operator.openshift.io \"cluster\" is invalid: [status.nodeStatuses[0].currentRevision: Invalid value: \"object\": cannot be unset once set, status.nodeStatuses[1].currentRevision: Invalid value: \"object\": cannot be unset once set, status.nodeStatuses[2].currentRevision: Invalid value: \"object\": cannot be unset once set]"
2026-01-28T09:31:40.064135778Z I0128 09:31:40.064086       1 request.go:752] "Waited before sending request" delay="2.386346874s" reason="client-side throttling, not priority and fairness" verb="PUT" URL="https://172.30.0.1:443/apis/operator.openshift.io/v1/kubeapiservers/cluster/status"
2026-01-28T09:31:40.074179675Z E0128 09:31:40.074148       1 base_controller.go:279] "Unhandled Error" err="CertRotationController reconciliation failed: KubeAPIServer.operator.openshift.io \"cluster\" is invalid: [status.nodeStatuses[0].currentRevision: Invalid value: \"object\": cannot be unset once set, status.nodeStatuses[1].currentRevision: Invalid value: \"object\": cannot be unset once set, status.nodeStatuses[2].currentRevision: Invalid value: \"object\": cannot be unset once set]"
2026-01-28T09:31:40.269707930Z I0128 09:31:40.269655       1 event.go:377] Event(v1.ObjectReference{Kind:"Deployment", Namespace:"openshift-kube-apiserver-operator", Name:"kube-apiserver-operator", UID:"0f90e131-ac50-4cb2-87c5-ad12ae1902a5", APIVersion:"apps/v1", ResourceVersion:"", FieldPath:""}): type: 'Warning' reason: 'RequiredInstallerResourcesMissing' configmaps: bound-sa-token-signing-certs-0,config-0,etcd-serving-ca-0,kube-apiserver-audit-policies-0,kube-apiserver-cert-syncer-kubeconfig-0,kube-apiserver-pod-0,kubelet-serving-ca-0,sa-token-signing-certs-0, secrets: etcd-client-0,localhost-recovery-client-token-0,localhost-recovery-serving-certkey-0
2026-01-28T09:31:40.271274858Z E0128 09:31:40.271251       1 base_controller.go:279] "Unhandled Error" err="Installer reconciliation failed: missing required resources: [configmaps: bound-sa-token-signing-certs-0,config-0,etcd-serving-ca-0,kube-apiserver-audit-policies-0,kube-apiserver-cert-syncer-kubeconfig-0,kube-apiserver-pod-0,kubelet-serving-ca-0,sa-token-signing-certs-0, secrets: etcd-client-0,localhost-recovery-client-token-0,localhost-recovery-serving-certkey-0]"
2026-01-28T09:31:40.473890054Z E0128 09:31:40.473853       1 base_controller.go:279] "Unhandled Error" err="CertRotationController reconciliation failed: KubeAPIServer.operator.openshift.io \"cluster\" is invalid: [status.nodeStatuses[0].currentRevision: Invalid value: \"object\": cannot be unset once set, status.nodeStatuses[1].currentRevision: Invalid value: \"object\": cannot be unset once set, status.nodeStatuses[2].currentRevision: Invalid value: \"object\": cannot be unset once set]"
2026-01-28T09:31:40.674315942Z E0128 09:31:40.674265       1 base_controller.go:279] "Unhandled Error" err="CertRotationController reconciliation failed: KubeAPIServer.operator.openshift.io \"cluster\" is invalid: [status.nodeStatuses[0].currentRevision: Invalid value: \"object\": cannot be unset once set, status.nodeStatuses[1].currentRevision: Invalid value: \"object\": cannot be unset once set, status.nodeStatuses[2].currentRevision: Invalid value: \"object\": cannot be unset once set]"
2026-01-28T09:31:40.695297180Z I0128 09:31:40.695252       1 connectivity_check_controller.go:172] ConnectivityCheckController is waiting for transition to desired version (4.20.0-0-2026-01-28-090915-test-ci-ln-vjb5l1t-latest) to be completed.
2026-01-28T09:31:40.758240075Z E0128 09:31:40.758204       1 guard_controller.go:310] Missing operand on node ip-10-0-102-200.us-west-1.compute.internal
2026-01-28T09:31:40.758240075Z E0128 09:31:40.758222       1 guard_controller.go:310] Missing operand on node ip-10-0-108-54.us-west-1.compute.internal
2026-01-28T09:31:40.758240075Z E0128 09:31:40.758228       1 guard_controller.go:310] Missing operand on node ip-10-0-3-203.us-west-1.compute.internal
2026-01-28T09:31:40.760119448Z E0128 09:31:40.760094       1 base_controller.go:279] "Unhandled Error" err="GuardController reconciliation failed: [Missing operand on node ip-10-0-102-200.us-west-1.compute.internal, Missing operand on node ip-10-0-108-54.us-west-1.compute.internal, Missing operand on node ip-10-0-3-203.us-west-1.compute.internal]"
2026-01-28T09:31:40.889854617Z E0128 09:31:40.889816       1 base_controller.go:279] "Unhandled Error" err="CertRotationController reconciliation failed: KubeAPIServer.operator.openshift.io \"cluster\" is invalid: [status.nodeStatuses[0].currentRevision: Invalid value: \"object\": cannot be unset once set, status.nodeStatuses[1].currentRevision: Invalid value: \"object\": cannot be unset once set, status.nodeStatuses[2].currentRevision: Invalid value: \"object\": cannot be unset once set]"
2026-01-28T09:31:41.075356956Z E0128 09:31:41.075309       1 base_controller.go:279] "Unhandled Error" err="CertRotationController reconciliation failed: KubeAPIServer.operator.openshift.io \"cluster\" is invalid: [status.nodeStatuses[0].currentRevision: Invalid value: \"object\": cannot be unset once set, status.nodeStatuses[1].currentRevision: Invalid value: \"object\": cannot be unset once set, status.nodeStatuses[2].currentRevision: Invalid value: \"object\": cannot be unset once set]"
2026-01-28T09:31:41.263607371Z I0128 09:31:41.263554       1 request.go:752] "Waited before sending request" delay="2.586441794s" reason="client-side throttling, not priority and fairness" verb="PUT" URL="https://172.30.0.1:443/apis/operator.openshift.io/v1/kubeapiservers/cluster/status"
2026-01-28T09:31:41.275715690Z E0128 09:31:41.275679       1 base_controller.go:279] "Unhandled Error" err="CertRotationController reconciliation failed: KubeAPIServer.operator.openshift.io \"cluster\" is invalid: [status.nodeStatuses[0].currentRevision: Invalid value: \"object\": cannot be unset once set, status.nodeStatuses[1].currentRevision: Invalid value: \"object\": cannot be unset once set, status.nodeStatuses[2].currentRevision: Invalid value: \"object\": cannot be unset once set]"
2026-01-28T09:31:41.476320817Z E0128 09:31:41.476281       1 base_controller.go:279] "Unhandled Error" err="CertRotationController reconciliation failed: KubeAPIServer.operator.openshift.io \"cluster\" is invalid: [status.nodeStatuses[0].currentRevision: Invalid value: \"object\": cannot be unset once set, status.nodeStatuses[1].currentRevision: Invalid value: \"object\": cannot be unset once set, status.nodeStatuses[2].currentRevision: Invalid value: \"object\": cannot be unset once set]"
2026-01-28T09:31:41.514061044Z E0128 09:31:41.512055       1 guard_controller.go:310] Missing operand on node ip-10-0-102-200.us-west-1.compute.internal
2026-01-28T09:31:41.514061044Z E0128 09:31:41.512077       1 guard_controller.go:310] Missing operand on node ip-10-0-108-54.us-west-1.compute.internal
2026-01-28T09:31:41.514061044Z E0128 09:31:41.512084       1 guard_controller.go:310] Missing operand on node ip-10-0-3-203.us-west-1.compute.internal
2026-01-28T09:31:41.514061044Z E0128 09:31:41.513959       1 base_controller.go:279] "Unhandled Error" err="GuardController reconciliation failed: [Missing operand on node ip-10-0-102-200.us-west-1.compute.internal, Missing operand on node ip-10-0-108-54.us-west-1.compute.internal, Missing operand on node ip-10-0-3-203.us-west-1.compute.internal]"
2026-01-28T09:31:41.674723865Z E0128 09:31:41.674672       1 base_controller.go:279] "Unhandled Error" err="CertRotationController reconciliation failed: KubeAPIServer.operator.openshift.io \"cluster\" is invalid: [status.nodeStatuses[0].currentRevision: Invalid value: \"object\": cannot be unset once set, status.nodeStatuses[1].currentRevision: Invalid value: \"object\": cannot be unset once set, status.nodeStatuses[2].currentRevision: Invalid value: \"object\": cannot be unset once set]"
2026-01-28T09:31:41.882389260Z E0128 09:31:41.882346       1 base_controller.go:279] "Unhandled Error" err="CertRotationController reconciliation failed: KubeAPIServer.operator.openshift.io \"cluster\" is invalid: [status.nodeStatuses[0].currentRevision: Invalid value: \"object\": cannot be unset once set, status.nodeStatuses[1].currentRevision: Invalid value: \"object\": cannot be unset once set, status.nodeStatuses[2].currentRevision: Invalid value: \"object\": cannot be unset once set]"
2026-01-28T09:31:42.076084405Z E0128 09:31:42.076005       1 base_controller.go:279] "Unhandled Error" err="CertRotationController reconciliation failed: KubeAPIServer.operator.openshift.io \"cluster\" is invalid: [status.nodeStatuses[0].currentRevision: Invalid value: \"object\": cannot be unset once set, status.nodeStatuses[1].currentRevision: Invalid value: \"object\": cannot be unset once set, status.nodeStatuses[2].currentRevision: Invalid value: \"object\": cannot be unset once set]"
2026-01-28T09:31:42.264178392Z I0128 09:31:42.264118       1 request.go:752] "Waited before sending request" delay="2.587197212s" reason="client-side throttling, not priority and fairness" verb="PUT" URL="https://172.30.0.1:443/apis/operator.openshift.io/v1/kubeapiservers/cluster/status"
2026-01-28T09:31:42.276739804Z E0128 09:31:42.276674       1 base_controller.go:279] "Unhandled Error" err="CertRotationController reconciliation failed: KubeAPIServer.operator.openshift.io \"cluster\" is invalid: [status.nodeStatuses[0].currentRevision: Invalid value: \"object\": cannot be unset once set, status.nodeStatuses[1].currentRevision: Invalid value: \"object\": cannot be unset once set, status.nodeStatuses[2].currentRevision: Invalid value: \"object\": cannot be unset once set]"
2026-01-28T09:31:42.473959563Z E0128 09:31:42.473897       1 base_controller.go:279] "Unhandled Error" err="CertRotationController reconciliation failed: KubeAPIServer.operator.openshift.io \"cluster\" is invalid: [status.nodeStatuses[0].currentRevision: Invalid value: \"object\": cannot be unset once set, status.nodeStatuses[1].currentRevision: Invalid value: \"object\": cannot be unset once set, status.nodeStatuses[2].currentRevision: Invalid value: \"object\": cannot be unset once set]"
2026-01-28T09:31:42.676453653Z E0128 09:31:42.676420       1 base_controller.go:279] "Unhandled Error" err="CertRotationController reconciliation failed: KubeAPIServer.operator.openshift.io \"cluster\" is invalid: [status.nodeStatuses[0].currentRevision: Invalid value: \"object\": cannot be unset once set, status.nodeStatuses[1].currentRevision: Invalid value: \"object\": cannot be unset once set, status.nodeStatuses[2].currentRevision: Invalid value: \"object\": cannot be unset once set]"
2026-01-28T09:31:42.874913853Z E0128 09:31:42.874873       1 base_controller.go:279] "Unhandled Error" err="CertRotationController reconciliation failed: KubeAPIServer.operator.openshift.io \"cluster\" is invalid: [status.nodeStatuses[0].currentRevision: Invalid value: \"object\": cannot be unset once set, status.nodeStatuses[1].currentRevision: Invalid value: \"object\": cannot be unset once set, status.nodeStatuses[2].currentRevision: Invalid value: \"object\": cannot be unset once set]"
2026-01-28T09:31:43.074969152Z E0128 09:31:43.074927       1 base_controller.go:279] "Unhandled Error" err="CertRotationController reconciliation failed: KubeAPIServer.operator.openshift.io \"cluster\" is invalid: [status.nodeStatuses[0].currentRevision: Invalid value: \"object\": cannot be unset once set, status.nodeStatuses[1].currentRevision: Invalid value: \"object\": cannot be unset once set, status.nodeStatuses[2].currentRevision: Invalid value: \"object\": cannot be unset once set]"
2026-01-28T09:31:43.276211440Z E0128 09:31:43.276157       1 base_controller.go:279] "Unhandled Error" err="CertRotationController reconciliation failed: KubeAPIServer.operator.openshift.io \"cluster\" is invalid: [status.nodeStatuses[0].currentRevision: Invalid value: \"object\": cannot be unset once set, status.nodeStatuses[1].currentRevision: Invalid value: \"object\": cannot be unset once set, status.nodeStatuses[2].currentRevision: Invalid value: \"object\": cannot be unset once set]"
2026-01-28T09:31:43.464062166Z I0128 09:31:43.463997       1 request.go:752] "Waited before sending request" delay="2.551127287s" reason="client-side throttling, not priority and fairness" verb="GET" URL="https://172.30.0.1:443/apis/operator.openshift.io/v1/kubeapiservers/cluster"
2026-01-28T09:31:43.469008680Z I0128 09:31:43.468977       1 event.go:377] Event(v1.ObjectReference{Kind:"Deployment", Namespace:"openshift-kube-apiserver-operator", Name:"kube-apiserver-operator", UID:"0f90e131-ac50-4cb2-87c5-ad12ae1902a5", APIVersion:"apps/v1", ResourceVersion:"", FieldPath:""}): type: 'Warning' reason: 'RequiredInstallerResourcesMissing' configmaps: bound-sa-token-signing-certs-0,config-0,etcd-serving-ca-0,kube-apiserver-audit-policies-0,kube-apiserver-cert-syncer-kubeconfig-0,kube-apiserver-pod-0,kubelet-serving-ca-0,sa-token-signing-certs-0, secrets: etcd-client-0,localhost-recovery-client-token-0,localhost-recovery-serving-certkey-0
2026-01-28T09:31:43.470267622Z E0128 09:31:43.470244       1 base_controller.go:279] "Unhandled Error" err="Installer reconciliation failed: missing required resources: [configmaps: bound-sa-token-signing-certs-0,config-0,etcd-serving-ca-0,kube-apiserver-audit-policies-0,kube-apiserver-cert-syncer-kubeconfig-0,kube-apiserver-pod-0,kubelet-serving-ca-0,sa-token-signing-certs-0, secrets: etcd-client-0,localhost-recovery-client-token-0,localhost-recovery-serving-certkey-0]"
2026-01-28T09:31:43.676344890Z E0128 09:31:43.676310       1 base_controller.go:279] "Unhandled Error" err="CertRotationController reconciliation failed: KubeAPIServer.operator.openshift.io \"cluster\" is invalid: [status.nodeStatuses[0].currentRevision: Invalid value: \"object\": cannot be unset once set, status.nodeStatuses[1].currentRevision: Invalid value: \"object\": cannot be unset once set, status.nodeStatuses[2].currentRevision: Invalid value: \"object\": cannot be unset once set]"
2026-01-28T09:31:43.887660327Z E0128 09:31:43.887607       1 base_controller.go:279] "Unhandled Error" err="CertRotationController reconciliation failed: KubeAPIServer.operator.openshift.io \"cluster\" is invalid: [status.nodeStatuses[0].currentRevision: Invalid value: \"object\": cannot be unset once set, status.nodeStatuses[1].currentRevision: Invalid value: \"object\": cannot be unset once set, status.nodeStatuses[2].currentRevision: Invalid value: \"object\": cannot be unset once set]"
2026-01-28T09:31:44.074329783Z E0128 09:31:44.074280       1 base_controller.go:279] "Unhandled Error" err="CertRotationController reconciliation failed: KubeAPIServer.operator.openshift.io \"cluster\" is invalid: [status.nodeStatuses[0].currentRevision: Invalid value: \"object\": cannot be unset once set, status.nodeStatuses[1].currentRevision: Invalid value: \"object\": cannot be unset once set, status.nodeStatuses[2].currentRevision: Invalid value: \"object\": cannot be unset once set]"
2026-01-28T09:31:44.278728047Z E0128 09:31:44.278681       1 base_controller.go:279] "Unhandled Error" err="CertRotationController reconciliation failed: KubeAPIServer.operator.openshift.io \"cluster\" is invalid: [status.nodeStatuses[0].currentRevision: Invalid value: \"object\": cannot be unset once set, status.nodeStatuses[1].currentRevision: Invalid value: \"object\": cannot be unset once set, status.nodeStatuses[2].currentRevision: Invalid value: \"object\": cannot be unset once set]"
2026-01-28T09:31:44.474672893Z E0128 09:31:44.474468       1 base_controller.go:279] "Unhandled Error" err="CertRotationController reconciliation failed: KubeAPIServer.operator.openshift.io \"cluster\" is invalid: [status.nodeStatuses[0].currentRevision: Invalid value: \"object\": cannot be unset once set, status.nodeStatuses[1].currentRevision: Invalid value: \"object\": cannot be unset once set, status.nodeStatuses[2].currentRevision: Invalid value: \"object\": cannot be unset once set]"
2026-01-28T09:31:44.664162000Z I0128 09:31:44.664090       1 request.go:752] "Waited before sending request" delay="2.585776891s" reason="client-side throttling, not priority and fairness" verb="PUT" URL="https://172.30.0.1:443/apis/operator.openshift.io/v1/kubeapiservers/cluster/status"
2026-01-28T09:31:44.674600616Z E0128 09:31:44.674566       1 base_controller.go:279] "Unhandled Error" err="CertRotationController reconciliation failed: KubeAPIServer.operator.openshift.io \"cluster\" is invalid: [status.nodeStatuses[0].currentRevision: Invalid value: \"object\": cannot be unset once set, status.nodeStatuses[1].currentRevision: Invalid value: \"object\": cannot be unset once set, status.nodeStatuses[2].currentRevision: Invalid value: \"object\": cannot be unset once set]"
2026-01-28T09:31:44.873752791Z E0128 09:31:44.873700       1 base_controller.go:279] "Unhandled Error" err="CertRotationController reconciliation failed: KubeAPIServer.operator.openshift.io \"cluster\" is invalid: [status.nodeStatuses[0].currentRevision: Invalid value: \"object\": cannot be unset once set, status.nodeStatuses[1].currentRevision: Invalid value: \"object\": cannot be unset once set, status.nodeStatuses[2].currentRevision: Invalid value: \"object\": cannot be unset once set]"
2026-01-28T09:31:45.074193689Z E0128 09:31:45.074142       1 base_controller.go:279] "Unhandled Error" err="CertRotationController reconciliation failed: KubeAPIServer.operator.openshift.io \"cluster\" is invalid: [status.nodeStatuses[0].currentRevision: Invalid value: \"object\": cannot be unset once set, status.nodeStatuses[1].currentRevision: Invalid value: \"object\": cannot be unset once set, status.nodeStatuses[2].currentRevision: Invalid value: \"object\": cannot be unset once set]"
2026-01-28T09:31:45.275660728Z E0128 09:31:45.275578       1 base_controller.go:279] "Unhandled Error" err="CertRotationController reconciliation failed: KubeAPIServer.operator.openshift.io \"cluster\" is invalid: [status.nodeStatuses[0].currentRevision: Invalid value: \"object\": cannot be unset once set, status.nodeStatuses[1].currentRevision: Invalid value: \"object\": cannot be unset once set, status.nodeStatuses[2].currentRevision: Invalid value: \"object\": cannot be unset once set]"
2026-01-28T09:31:45.473724829Z E0128 09:31:45.473512       1 base_controller.go:279] "Unhandled Error" err="CertRotationController reconciliation failed: KubeAPIServer.operator.openshift.io \"cluster\" is invalid: [status.nodeStatuses[0].currentRevision: Invalid value: \"object\": cannot be unset once set, status.nodeStatuses[1].currentRevision: Invalid value: \"object\": cannot be unset once set, status.nodeStatuses[2].currentRevision: Invalid value: \"object\": cannot be unset once set]"
2026-01-28T09:31:45.675953256Z E0128 09:31:45.675906       1 base_controller.go:279] "Unhandled Error" err="CertRotationController reconciliation failed: KubeAPIServer.operator.openshift.io \"cluster\" is invalid: [status.nodeStatuses[0].currentRevision: Invalid value: \"object\": cannot be unset once set, status.nodeStatuses[1].currentRevision: Invalid value: \"object\": cannot be unset once set, status.nodeStatuses[2].currentRevision: Invalid value: \"object\": cannot be unset once set]"
2026-01-28T09:31:45.863747408Z I0128 09:31:45.863700       1 request.go:752] "Waited before sending request" delay="1.973402739s" reason="client-side throttling, not priority and fairness" verb="PUT" URL="https://172.30.0.1:443/apis/operator.openshift.io/v1/kubeapiservers/cluster/status"
2026-01-28T09:31:45.874997685Z E0128 09:31:45.874960       1 base_controller.go:279] "Unhandled Error" err="CertRotationController reconciliation failed: KubeAPIServer.operator.openshift.io \"cluster\" is invalid: [status.nodeStatuses[0].currentRevision: Invalid value: \"object\": cannot be unset once set, status.nodeStatuses[1].currentRevision: Invalid value: \"object\": cannot be unset once set, status.nodeStatuses[2].currentRevision: Invalid value: \"object\": cannot be unset once set]"
2026-01-28T09:31:46.077531167Z E0128 09:31:46.077492       1 base_controller.go:279] "Unhandled Error" err="CertRotationController reconciliation failed: KubeAPIServer.operator.openshift.io \"cluster\" is invalid: [status.nodeStatuses[0].currentRevision: Invalid value: \"object\": cannot be unset once set, status.nodeStatuses[1].currentRevision: Invalid value: \"object\": cannot be unset once set, status.nodeStatuses[2].currentRevision: Invalid value: \"object\": cannot be unset once set]"
2026-01-28T09:31:46.276141825Z E0128 09:31:46.274269       1 base_controller.go:279] "Unhandled Error" err="Installer reconciliation failed: missing required resources: [configmaps: bound-sa-token-signing-certs-0,config-0,etcd-serving-ca-0,kube-apiserver-audit-policies-0,kube-apiserver-cert-syncer-kubeconfig-0,kube-apiserver-pod-0,kubelet-serving-ca-0,sa-token-signing-certs-0, secrets: etcd-client-0,localhost-recovery-client-token-0,localhost-recovery-serving-certkey-0]"
2026-01-28T09:31:46.276141825Z I0128 09:31:46.274567       1 event.go:377] Event(v1.ObjectReference{Kind:"Deployment", Namespace:"openshift-kube-apiserver-operator", Name:"kube-apiserver-operator", UID:"0f90e131-ac50-4cb2-87c5-ad12ae1902a5", APIVersion:"apps/v1", ResourceVersion:"", FieldPath:""}): type: 'Warning' reason: 'RequiredInstallerResourcesMissing' configmaps: bound-sa-token-signing-certs-0,config-0,etcd-serving-ca-0,kube-apiserver-audit-policies-0,kube-apiserver-cert-syncer-kubeconfig-0,kube-apiserver-pod-0,kubelet-serving-ca-0,sa-token-signing-certs-0, secrets: etcd-client-0,localhost-recovery-client-token-0,localhost-recovery-serving-certkey-0
2026-01-28T09:31:46.474458008Z E0128 09:31:46.474420       1 base_controller.go:279] "Unhandled Error" err="CertRotationController reconciliation failed: KubeAPIServer.operator.openshift.io \"cluster\" is invalid: [status.nodeStatuses[0].currentRevision: Invalid value: \"object\": cannot be unset once set, status.nodeStatuses[1].currentRevision: Invalid value: \"object\": cannot be unset once set, status.nodeStatuses[2].currentRevision: Invalid value: \"object\": cannot be unset once set]"
2026-01-28T09:31:46.481800911Z W0128 09:31:46.481772       1 degraded_webhook.go:147] failed to connect to webhook "multus-validating-config.k8s.io" via service "multus-admission-controller.openshift-multus.svc:443": dial tcp: lookup multus-admission-controller.openshift-multus.svc: i/o timeout
2026-01-28T09:31:46.674486796Z E0128 09:31:46.674441       1 base_controller.go:279] "Unhandled Error" err="CertRotationController reconciliation failed: KubeAPIServer.operator.openshift.io \"cluster\" is invalid: [status.nodeStatuses[0].currentRevision: Invalid value: \"object\": cannot be unset once set, status.nodeStatuses[1].currentRevision: Invalid value: \"object\": cannot be unset once set, status.nodeStatuses[2].currentRevision: Invalid value: \"object\": cannot be unset once set]"
2026-01-28T09:31:46.876349615Z E0128 09:31:46.876314       1 base_controller.go:279] "Unhandled Error" err="CertRotationController reconciliation failed: KubeAPIServer.operator.openshift.io \"cluster\" is invalid: [status.nodeStatuses[0].currentRevision: Invalid value: \"object\": cannot be unset once set, status.nodeStatuses[1].currentRevision: Invalid value: \"object\": cannot be unset once set, status.nodeStatuses[2].currentRevision: Invalid value: \"object\": cannot be unset once set]"
2026-01-28T09:31:47.061622352Z E0128 09:31:47.061585       1 guard_controller.go:310] Missing operand on node ip-10-0-102-200.us-west-1.compute.internal
2026-01-28T09:31:47.061678105Z E0128 09:31:47.061665       1 guard_controller.go:310] Missing operand on node ip-10-0-108-54.us-west-1.compute.internal
2026-01-28T09:31:47.061707977Z E0128 09:31:47.061697       1 guard_controller.go:310] Missing operand on node ip-10-0-3-203.us-west-1.compute.internal
2026-01-28T09:31:47.063569849Z E0128 09:31:47.063549       1 base_controller.go:279] "Unhandled Error" err="GuardController reconciliation failed: [Missing operand on node ip-10-0-102-200.us-west-1.compute.internal, Missing operand on node ip-10-0-108-54.us-west-1.compute.internal, Missing operand on node ip-10-0-3-203.us-west-1.compute.internal]"
2026-01-28T09:31:47.074176534Z E0128 09:31:47.074102       1 base_controller.go:279] "Unhandled Error" err="CertRotationController reconciliation failed: KubeAPIServer.operator.openshift.io \"cluster\" is invalid: [status.nodeStatuses[0].currentRevision: Invalid value: \"object\": cannot be unset once set, status.nodeStatuses[1].currentRevision: Invalid value: \"object\": cannot be unset once set, status.nodeStatuses[2].currentRevision: Invalid value: \"object\": cannot be unset once set]"
2026-01-28T09:31:47.273565320Z E0128 09:31:47.273514       1 base_controller.go:279] "Unhandled Error" err="CertRotationController reconciliation failed: KubeAPIServer.operator.openshift.io \"cluster\" is invalid: [status.nodeStatuses[0].currentRevision: Invalid value: \"object\": cannot be unset once set, status.nodeStatuses[1].currentRevision: Invalid value: \"object\": cannot be unset once set, status.nodeStatuses[2].currentRevision: Invalid value: \"object\": cannot be unset once set]"
2026-01-28T09:31:47.388366400Z E0128 09:31:47.388331       1 guard_controller.go:310] Missing operand on node ip-10-0-102-200.us-west-1.compute.internal
2026-01-28T09:31:47.388446534Z E0128 09:31:47.388434       1 guard_controller.go:310] Missing operand on node ip-10-0-108-54.us-west-1.compute.internal
2026-01-28T09:31:47.388483986Z E0128 09:31:47.388473       1 guard_controller.go:310] Missing operand on node ip-10-0-3-203.us-west-1.compute.internal
2026-01-28T09:31:47.390547798Z E0128 09:31:47.390506       1 base_controller.go:279] "Unhandled Error" err="GuardController reconciliation failed: [Missing operand on node ip-10-0-102-200.us-west-1.compute.internal, Missing operand on node ip-10-0-108-54.us-west-1.compute.internal, Missing operand on node ip-10-0-3-203.us-west-1.compute.internal]"
2026-01-28T09:31:47.473953675Z E0128 09:31:47.473888       1 base_controller.go:279] "Unhandled Error" err="CertRotationController reconciliation failed: KubeAPIServer.operator.openshift.io \"cluster\" is invalid: [status.nodeStatuses[0].currentRevision: Invalid value: \"object\": cannot be unset once set, status.nodeStatuses[1].currentRevision: Invalid value: \"object\": cannot be unset once set, status.nodeStatuses[2].currentRevision: Invalid value: \"object\": cannot be unset once set]"
2026-01-28T09:31:47.673926950Z E0128 09:31:47.673886       1 base_controller.go:279] "Unhandled Error" err="CertRotationController reconciliation failed: KubeAPIServer.operator.openshift.io \"cluster\" is invalid: [status.nodeStatuses[0].currentRevision: Invalid value: \"object\": cannot be unset once set, status.nodeStatuses[1].currentRevision: Invalid value: \"object\": cannot be unset once set, status.nodeStatuses[2].currentRevision: Invalid value: \"object\": cannot be unset once set]"
2026-01-28T09:31:47.874562269Z E0128 09:31:47.874519       1 base_controller.go:279] "Unhandled Error" err="CertRotationController reconciliation failed: KubeAPIServer.operator.openshift.io \"cluster\" is invalid: [status.nodeStatuses[0].currentRevision: Invalid value: \"object\": cannot be unset once set, status.nodeStatuses[1].currentRevision: Invalid value: \"object\": cannot be unset once set, status.nodeStatuses[2].currentRevision: Invalid value: \"object\": cannot be unset once set]"
2026-01-28T09:31:48.809092342Z E0128 09:31:48.809049       1 base_controller.go:279] "Unhandled Error" err="CertRotationController reconciliation failed: KubeAPIServer.operator.openshift.io \"cluster\" is invalid: [status.nodeStatuses[0].currentRevision: Invalid value: \"object\": cannot be unset once set, status.nodeStatuses[1].currentRevision: Invalid value: \"object\": cannot be unset once set, status.nodeStatuses[2].currentRevision: Invalid value: \"object\": cannot be unset once set]"
2026-01-28T09:31:48.842665223Z I0128 09:31:48.842602       1 event.go:377] Event(v1.ObjectReference{Kind:"Deployment", Namespace:"openshift-kube-apiserver-operator", Name:"kube-apiserver-operator", UID:"0f90e131-ac50-4cb2-87c5-ad12ae1902a5", APIVersion:"apps/v1", ResourceVersion:"", FieldPath:""}): type: 'Warning' reason: 'RequiredInstallerResourcesMissing' configmaps: bound-sa-token-signing-certs-0,config-0,etcd-serving-ca-0,kube-apiserver-audit-policies-0,kube-apiserver-cert-syncer-kubeconfig-0,kube-apiserver-pod-0,kubelet-serving-ca-0,sa-token-signing-certs-0, secrets: etcd-client-0,localhost-recovery-client-token-0,localhost-recovery-serving-certkey-0
2026-01-28T09:31:48.844807069Z E0128 09:31:48.844782       1 base_controller.go:279] "Unhandled Error" err="Installer reconciliation failed: missing required resources: [configmaps: bound-sa-token-signing-certs-0,config-0,etcd-serving-ca-0,kube-apiserver-audit-policies-0,kube-apiserver-cert-syncer-kubeconfig-0,kube-apiserver-pod-0,kubelet-serving-ca-0,sa-token-signing-certs-0, secrets: etcd-client-0,localhost-recovery-client-token-0,localhost-recovery-serving-certkey-0]"
2026-01-28T09:31:49.021942874Z E0128 09:31:49.021899       1 base_controller.go:279] "Unhandled Error" err="CertRotationController reconciliation failed: KubeAPIServer.operator.openshift.io \"cluster\" is invalid: [status.nodeStatuses[0].currentRevision: Invalid value: \"object\": cannot be unset once set, status.nodeStatuses[1].currentRevision: Invalid value: \"object\": cannot be unset once set, status.nodeStatuses[2].currentRevision: Invalid value: \"object\": cannot be unset once set]"
2026-01-28T09:31:49.807541198Z E0128 09:31:49.807492       1 base_controller.go:279] "Unhandled Error" err="CertRotationController reconciliation failed: KubeAPIServer.operator.openshift.io \"cluster\" is invalid: [status.nodeStatuses[0].currentRevision: Invalid value: \"object\": cannot be unset once set, status.nodeStatuses[1].currentRevision: Invalid value: \"object\": cannot be unset once set, status.nodeStatuses[2].currentRevision: Invalid value: \"object\": cannot be unset once set]"
2026-01-28T09:31:52.283321327Z E0128 09:31:52.274898       1 guard_controller.go:310] Missing operand on node ip-10-0-102-200.us-west-1.compute.internal
2026-01-28T09:31:52.283348058Z E0128 09:31:52.283321       1 guard_controller.go:310] Missing operand on node ip-10-0-108-54.us-west-1.compute.internal
2026-01-28T09:31:52.283348058Z E0128 09:31:52.283330       1 guard_controller.go:310] Missing operand on node ip-10-0-3-203.us-west-1.compute.internal
2026-01-28T09:31:52.287484773Z E0128 09:31:52.286660       1 base_controller.go:279] "Unhandled Error" err="GuardController reconciliation failed: [Missing operand on node ip-10-0-102-200.us-west-1.compute.internal, Missing operand on node ip-10-0-108-54.us-west-1.compute.internal, Missing operand on node ip-10-0-3-203.us-west-1.compute.internal]"
2026-01-28T09:31:52.807391420Z E0128 09:31:52.807245       1 base_controller.go:279] "Unhandled Error" err="TargetConfigController reconciliation failed: apiServerArguments.etcd-servers has less than two live etcd endpoints: []"
2026-01-28T09:31:52.811191968Z I0128 09:31:52.811158       1 event.go:377] Event(v1.ObjectReference{Kind:"Deployment", Namespace:"openshift-kube-apiserver-operator", Name:"kube-apiserver-operator", UID:"0f90e131-ac50-4cb2-87c5-ad12ae1902a5", APIVersion:"apps/v1", ResourceVersion:"", FieldPath:""}): type: 'Warning' reason: 'ConfigMissing' apiServerArguments.etcd-servers has less than two live etcd endpoints: []
2026-01-28T09:31:53.093970800Z E0128 09:31:53.093933       1 guard_controller.go:310] Missing operand on node ip-10-0-3-203.us-west-1.compute.internal
2026-01-28T09:31:53.094066115Z E0128 09:31:53.094051       1 guard_controller.go:310] Missing operand on node ip-10-0-102-200.us-west-1.compute.internal
2026-01-28T09:31:53.101971056Z E0128 09:31:53.101368       1 guard_controller.go:310] Missing operand on node ip-10-0-108-54.us-west-1.compute.internal
2026-01-28T09:31:53.104323513Z E0128 09:31:53.104282       1 base_controller.go:279] "Unhandled Error" err="GuardController reconciliation failed: [Missing operand on node ip-10-0-102-200.us-west-1.compute.internal, Missing operand on node ip-10-0-108-54.us-west-1.compute.internal, Missing operand on node ip-10-0-3-203.us-west-1.compute.internal]"
2026-01-28T09:31:53.993873800Z I0128 09:31:53.993669       1 event.go:377] Event(v1.ObjectReference{Kind:"Deployment", Namespace:"openshift-kube-apiserver-operator", Name:"kube-apiserver-operator", UID:"0f90e131-ac50-4cb2-87c5-ad12ae1902a5", APIVersion:"apps/v1", ResourceVersion:"", FieldPath:""}): type: 'Warning' reason: 'RequiredInstallerResourcesMissing' configmaps: bound-sa-token-signing-certs-0,config-0,etcd-serving-ca-0,kube-apiserver-audit-policies-0,kube-apiserver-cert-syncer-kubeconfig-0,kube-apiserver-pod-0,kubelet-serving-ca-0,sa-token-signing-certs-0, secrets: etcd-client-0,localhost-recovery-client-token-0,localhost-recovery-serving-certkey-0
2026-01-28T09:31:54.017582173Z E0128 09:31:54.017542       1 base_controller.go:279] "Unhandled Error" err="Installer reconciliation failed: missing required resources: [configmaps: bound-sa-token-signing-certs-0,config-0,etcd-serving-ca-0,kube-apiserver-audit-policies-0,kube-apiserver-cert-syncer-kubeconfig-0,kube-apiserver-pod-0,kubelet-serving-ca-0,sa-token-signing-certs-0, secrets: etcd-client-0,localhost-recovery-client-token-0,localhost-recovery-serving-certkey-0]"
2026-01-28T09:31:55.698807665Z I0128 09:31:55.698379       1 connectivity_check_controller.go:172] ConnectivityCheckController is waiting for transition to desired version (4.20.0-0-2026-01-28-090915-test-ci-ln-vjb5l1t-latest) to be completed.
2026-01-28T09:31:55.804180959Z E0128 09:31:55.804134       1 base_controller.go:279] "Unhandled Error" err="CertRotationController reconciliation failed: KubeAPIServer.operator.openshift.io \"cluster\" is invalid: [status.nodeStatuses[0].currentRevision: Invalid value: \"object\": cannot be unset once set, status.nodeStatuses[1].currentRevision: Invalid value: \"object\": cannot be unset once set, status.nodeStatuses[2].currentRevision: Invalid value: \"object\": cannot be unset once set]"
2026-01-28T09:31:56.658157887Z E0128 09:31:56.654557       1 base_controller.go:279] "Unhandled Error" err="TargetConfigController reconciliation failed: apiServerArguments.etcd-servers has less than two live etcd endpoints: []"
2026-01-28T09:31:56.658255441Z I0128 09:31:56.654932       1 event.go:377] Event(v1.ObjectReference{Kind:"Deployment", Namespace:"openshift-kube-apiserver-operator", Name:"kube-apiserver-operator", UID:"0f90e131-ac50-4cb2-87c5-ad12ae1902a5", APIVersion:"apps/v1", ResourceVersion:"", FieldPath:""}): type: 'Warning' reason: 'ConfigMissing' apiServerArguments.etcd-servers has less than two live etcd endpoints: []
2026-01-28T09:31:56.752084754Z E0128 09:31:56.751426       1 base_controller.go:279] "Unhandled Error" err="TargetConfigController reconciliation failed: apiServerArguments.etcd-servers has less than two live etcd endpoints: []"
2026-01-28T09:31:56.752506805Z I0128 09:31:56.752464       1 event.go:377] Event(v1.ObjectReference{Kind:"Deployment", Namespace:"openshift-kube-apiserver-operator", Name:"kube-apiserver-operator", UID:"0f90e131-ac50-4cb2-87c5-ad12ae1902a5", APIVersion:"apps/v1", ResourceVersion:"", FieldPath:""}): type: 'Warning' reason: 'ConfigMissing' apiServerArguments.etcd-servers has less than two live etcd endpoints: []
2026-01-28T09:31:57.148008695Z E0128 09:31:57.147970       1 guard_controller.go:310] Missing operand on node ip-10-0-102-200.us-west-1.compute.internal
2026-01-28T09:31:57.148085229Z E0128 09:31:57.148072       1 guard_controller.go:310] Missing operand on node ip-10-0-108-54.us-west-1.compute.internal
2026-01-28T09:31:57.148120361Z E0128 09:31:57.148109       1 guard_controller.go:310] Missing operand on node ip-10-0-3-203.us-west-1.compute.internal
2026-01-28T09:31:57.192924188Z E0128 09:31:57.190894       1 base_controller.go:279] "Unhandled Error" err="GuardController reconciliation failed: [Missing operand on node ip-10-0-102-200.us-west-1.compute.internal, Missing operand on node ip-10-0-108-54.us-west-1.compute.internal, Missing operand on node ip-10-0-3-203.us-west-1.compute.internal]"
2026-01-28T09:31:57.333081073Z I0128 09:31:57.330352       1 connectivity_check_controller.go:172] ConnectivityCheckController is waiting for transition to desired version (4.20.0-0-2026-01-28-090915-test-ci-ln-vjb5l1t-latest) to be completed.
2026-01-28T09:31:58.102568087Z E0128 09:31:58.102337       1 base_controller.go:279] "Unhandled Error" err="TargetConfigController reconciliation failed: apiServerArguments.etcd-servers has less than two live etcd endpoints: []"
2026-01-28T09:31:58.104622609Z I0128 09:31:58.102905       1 event.go:377] Event(v1.ObjectReference{Kind:"Deployment", Namespace:"openshift-kube-apiserver-operator", Name:"kube-apiserver-operator", UID:"0f90e131-ac50-4cb2-87c5-ad12ae1902a5", APIVersion:"apps/v1", ResourceVersion:"", FieldPath:""}): type: 'Warning' reason: 'ConfigMissing' apiServerArguments.etcd-servers has less than two live etcd endpoints: []
2026-01-28T09:31:58.277715884Z I0128 09:31:58.277582       1 connectivity_check_controller.go:172] ConnectivityCheckController is waiting for transition to desired version (4.20.0-0-2026-01-28-090915-test-ci-ln-vjb5l1t-latest) to be completed.
2026-01-28T09:31:58.287538050Z I0128 09:31:58.287503       1 connectivity_check_controller.go:172] ConnectivityCheckController is waiting for transition to desired version (4.20.0-0-2026-01-28-090915-test-ci-ln-vjb5l1t-latest) to be completed.
2026-01-28T09:31:58.299967745Z I0128 09:31:58.299933       1 connectivity_check_controller.go:172] ConnectivityCheckController is waiting for transition to desired version (4.20.0-0-2026-01-28-090915-test-ci-ln-vjb5l1t-latest) to be completed.
2026-01-28T09:31:58.312856873Z I0128 09:31:58.312828       1 connectivity_check_controller.go:172] ConnectivityCheckController is waiting for transition to desired version (4.20.0-0-2026-01-28-090915-test-ci-ln-vjb5l1t-latest) to be completed.
2026-01-28T09:31:58.378575395Z I0128 09:31:58.378516       1 connectivity_check_controller.go:172] ConnectivityCheckController is waiting for transition to desired version (4.20.0-0-2026-01-28-090915-test-ci-ln-vjb5l1t-latest) to be completed.
2026-01-28T09:31:58.402640215Z I0128 09:31:58.402597       1 connectivity_check_controller.go:172] ConnectivityCheckController is waiting for transition to desired version (4.20.0-0-2026-01-28-090915-test-ci-ln-vjb5l1t-latest) to be completed.
2026-01-28T09:31:58.453095822Z I0128 09:31:58.443043       1 connectivity_check_controller.go:172] ConnectivityCheckController is waiting for transition to desired version (4.20.0-0-2026-01-28-090915-test-ci-ln-vjb5l1t-latest) to be completed.
2026-01-28T09:31:58.568377746Z I0128 09:31:58.568343       1 connectivity_check_controller.go:172] ConnectivityCheckController is waiting for transition to desired version (4.20.0-0-2026-01-28-090915-test-ci-ln-vjb5l1t-latest) to be completed.
2026-01-28T09:31:58.711385552Z I0128 09:31:58.711115       1 connectivity_check_controller.go:172] ConnectivityCheckController is waiting for transition to desired version (4.20.0-0-2026-01-28-090915-test-ci-ln-vjb5l1t-latest) to be completed.
2026-01-28T09:31:58.787963151Z I0128 09:31:58.779194       1 connectivity_check_controller.go:172] ConnectivityCheckController is waiting for transition to desired version (4.20.0-0-2026-01-28-090915-test-ci-ln-vjb5l1t-latest) to be completed.
2026-01-28T09:31:58.861830866Z I0128 09:31:58.861795       1 connectivity_check_controller.go:172] ConnectivityCheckController is waiting for transition to desired version (4.20.0-0-2026-01-28-090915-test-ci-ln-vjb5l1t-latest) to be completed.
2026-01-28T09:31:58.909265973Z I0128 09:31:58.909231       1 connectivity_check_controller.go:172] ConnectivityCheckController is waiting for transition to desired version (4.20.0-0-2026-01-28-090915-test-ci-ln-vjb5l1t-latest) to be completed.
2026-01-28T09:31:59.018398123Z I0128 09:31:59.018366       1 connectivity_check_controller.go:172] ConnectivityCheckController is waiting for transition to desired version (4.20.0-0-2026-01-28-090915-test-ci-ln-vjb5l1t-latest) to be completed.
2026-01-28T09:31:59.087488582Z I0128 09:31:59.081381       1 connectivity_check_controller.go:172] ConnectivityCheckController is waiting for transition to desired version (4.20.0-0-2026-01-28-090915-test-ci-ln-vjb5l1t-latest) to be completed.
2026-01-28T09:31:59.160553067Z I0128 09:31:59.160513       1 connectivity_check_controller.go:172] ConnectivityCheckController is waiting for transition to desired version (4.20.0-0-2026-01-28-090915-test-ci-ln-vjb5l1t-latest) to be completed.
2026-01-28T09:31:59.218756137Z I0128 09:31:59.216994       1 connectivity_check_controller.go:172] ConnectivityCheckController is waiting for transition to desired version (4.20.0-0-2026-01-28-090915-test-ci-ln-vjb5l1t-latest) to be completed.
2026-01-28T09:31:59.383080218Z I0128 09:31:59.381185       1 connectivity_check_controller.go:172] ConnectivityCheckController is waiting for transition to desired version (4.20.0-0-2026-01-28-090915-test-ci-ln-vjb5l1t-latest) to be completed.
2026-01-28T09:31:59.389625132Z I0128 09:31:59.388448       1 connectivity_check_controller.go:172] ConnectivityCheckController is waiting for transition to desired version (4.20.0-0-2026-01-28-090915-test-ci-ln-vjb5l1t-latest) to be completed.
2026-01-28T09:31:59.397061260Z I0128 09:31:59.395542       1 connectivity_check_controller.go:172] ConnectivityCheckController is waiting for transition to desired version (4.20.0-0-2026-01-28-090915-test-ci-ln-vjb5l1t-latest) to be completed.
2026-01-28T09:31:59.404412674Z I0128 09:31:59.401514       1 connectivity_check_controller.go:172] ConnectivityCheckController is waiting for transition to desired version (4.20.0-0-2026-01-28-090915-test-ci-ln-vjb5l1t-latest) to be completed.
2026-01-28T09:31:59.937430268Z I0128 09:31:59.937390       1 connectivity_check_controller.go:172] ConnectivityCheckController is waiting for transition to desired version (4.20.0-0-2026-01-28-090915-test-ci-ln-vjb5l1t-latest) to be completed.
2026-01-28T09:31:59.966142489Z I0128 09:31:59.966108       1 connectivity_check_controller.go:172] ConnectivityCheckController is waiting for transition to desired version (4.20.0-0-2026-01-28-090915-test-ci-ln-vjb5l1t-latest) to be completed.
2026-01-28T09:31:59.998335151Z I0128 09:31:59.998301       1 connectivity_check_controller.go:172] ConnectivityCheckController is waiting for transition to desired version (4.20.0-0-2026-01-28-090915-test-ci-ln-vjb5l1t-latest) to be completed.
2026-01-28T09:32:00.045265164Z I0128 09:32:00.045228       1 connectivity_check_controller.go:172] ConnectivityCheckController is waiting for transition to desired version (4.20.0-0-2026-01-28-090915-test-ci-ln-vjb5l1t-latest) to be completed.
2026-01-28T09:32:00.067519125Z I0128 09:32:00.067485       1 connectivity_check_controller.go:172] ConnectivityCheckController is waiting for transition to desired version (4.20.0-0-2026-01-28-090915-test-ci-ln-vjb5l1t-latest) to be completed.
2026-01-28T09:32:00.118937789Z I0128 09:32:00.118892       1 connectivity_check_controller.go:172] ConnectivityCheckController is waiting for transition to desired version (4.20.0-0-2026-01-28-090915-test-ci-ln-vjb5l1t-latest) to be completed.
2026-01-28T09:32:00.119405822Z I0128 09:32:00.119390       1 connectivity_check_controller.go:172] ConnectivityCheckController is waiting for transition to desired version (4.20.0-0-2026-01-28-090915-test-ci-ln-vjb5l1t-latest) to be completed.
2026-01-28T09:32:00.144640361Z I0128 09:32:00.144605       1 connectivity_check_controller.go:172] ConnectivityCheckController is waiting for transition to desired version (4.20.0-0-2026-01-28-090915-test-ci-ln-vjb5l1t-latest) to be completed.
2026-01-28T09:32:00.169948743Z I0128 09:32:00.169742       1 connectivity_check_controller.go:172] ConnectivityCheckController is waiting for transition to desired version (4.20.0-0-2026-01-28-090915-test-ci-ln-vjb5l1t-latest) to be completed.
2026-01-28T09:32:00.180925856Z I0128 09:32:00.180640       1 connectivity_check_controller.go:172] ConnectivityCheckController is waiting for transition to desired version (4.20.0-0-2026-01-28-090915-test-ci-ln-vjb5l1t-latest) to be completed.
2026-01-28T09:32:00.187350734Z I0128 09:32:00.187189       1 connectivity_check_controller.go:172] ConnectivityCheckController is waiting for transition to desired version (4.20.0-0-2026-01-28-090915-test-ci-ln-vjb5l1t-latest) to be completed.
2026-01-28T09:32:00.194624304Z I0128 09:32:00.194595       1 connectivity_check_controller.go:172] ConnectivityCheckController is waiting for transition to desired version (4.20.0-0-2026-01-28-090915-test-ci-ln-vjb5l1t-latest) to be completed.
2026-01-28T09:32:00.254000572Z E0128 09:32:00.253961       1 base_controller.go:279] "Unhandled Error" err="TargetConfigController reconciliation failed: apiServerArguments.etcd-servers has less than two live etcd endpoints: []"
2026-01-28T09:32:00.254358279Z I0128 09:32:00.254318       1 event.go:377] Event(v1.ObjectReference{Kind:"Deployment", Namespace:"openshift-kube-apiserver-operator", Name:"kube-apiserver-operator", UID:"0f90e131-ac50-4cb2-87c5-ad12ae1902a5", APIVersion:"apps/v1", ResourceVersion:"", FieldPath:""}): type: 'Warning' reason: 'ConfigMissing' apiServerArguments.etcd-servers has less than two live etcd endpoints: []
2026-01-28T09:32:01.717754349Z I0128 09:32:01.717437       1 observer_polling.go:111] Observed file "/var/run/secrets/serving-cert/tls.crt" has been created (hash="1f39ae891950341a724902a5548cdda4c0a64d4b3ca9532f25cad98e1ce70ec4")
2026-01-28T09:32:01.717780641Z W0128 09:32:01.717755       1 builder.go:160] Restart triggered because of file /var/run/secrets/serving-cert/tls.crt was created
2026-01-28T09:32:01.717833904Z I0128 09:32:01.717810       1 observer_polling.go:111] Observed file "/var/run/secrets/serving-cert/tls.key" has been created (hash="a23a155b8891f0eb742c041098a41087551b5790e2fd750a85449d84242fa6f8")
2026-01-28T09:32:01.719221202Z I0128 09:32:01.719197       1 genericapiserver.go:559] "[graceful-termination] shutdown event" name="ShutdownInitiated"
2026-01-28T09:32:01.721616311Z I0128 09:32:01.719737       1 base_controller.go:181] Shutting down webhookSupportabilityController ...
2026-01-28T09:32:01.721667883Z W0128 09:32:01.719884       1 degraded_webhook.go:147] failed to connect to webhook "vwb.performance.openshift.io" via service "performance-addon-operator-service.openshift-cluster-node-tuning-operator.svc:443": dial tcp: lookup performance-addon-operator-service.openshift-cluster-node-tuning-operator.svc: operation was canceled
2026-01-28T09:32:01.721828841Z W0128 09:32:01.721809       1 degraded_webhook.go:147] failed to connect to webhook "alertmanagerconfigs.monitoring.coreos.com" via service "prometheus-operator-admission-webhook.openshift-monitoring.svc:8443": dial tcp: lookup prometheus-operator-admission-webhook.openshift-monitoring.svc: operation was canceled
2026-01-28T09:32:01.723312135Z E0128 09:32:01.723294       1 base_controller.go:279] "Unhandled Error" err="webhookSupportabilityController reconciliation failed: client rate limiter Wait returned an error: context canceled"
2026-01-28T09:32:01.723376398Z I0128 09:32:01.723362       1 genericapiserver.go:662] "[graceful-termination] not going to wait for active watch request(s) to drain"
2026-01-28T09:32:01.723438471Z I0128 09:32:01.723425       1 object_count_tracker.go:151] "StorageObjectCountTracker pruner is exiting"
2026-01-28T09:32:01.724087793Z I0128 09:32:01.723571       1 secure_serving.go:259] Stopped listening on [::]:8443
2026-01-28T09:32:01.724373797Z I0128 09:32:01.724357       1 genericapiserver.go:611] "[graceful-termination] shutdown event" name="HTTPServerStoppedListening"
2026-01-28T09:32:01.724400208Z I0128 09:32:01.719985       1 base_controller.go:181] Shutting down GuardController ...
2026-01-28T09:32:01.724436300Z I0128 09:32:01.719996       1 base_controller.go:181] Shutting down kube-apiserver-Node ...
2026-01-28T09:32:01.724495573Z I0128 09:32:01.720096       1 base_controller.go:181] Shutting down kube-apiserver ...
2026-01-28T09:32:01.724537595Z I0128 09:32:01.720180       1 base_controller.go:181] Shutting down CertRotationController ...
2026-01-28T09:32:01.724573757Z I0128 09:32:01.724563       1 base_controller.go:159] All CertRotationController post start hooks have been terminated
2026-01-28T09:32:01.724596088Z I0128 09:32:01.720191       1 base_controller.go:181] Shutting down CertRotationController ...
2026-01-28T09:32:01.724623659Z I0128 09:32:01.724613       1 base_controller.go:159] All CertRotationController post start hooks have been terminated
2026-01-28T09:32:01.724665742Z I0128 09:32:01.720200       1 base_controller.go:181] Shutting down CertRotationController ...
2026-01-28T09:32:01.724693063Z I0128 09:32:01.724683       1 base_controller.go:159] All CertRotationController post start hooks have been terminated
2026-01-28T09:32:01.724715764Z I0128 09:32:01.720207       1 base_controller.go:181] Shutting down NodeKubeconfigController ...
2026-01-28T09:32:01.726096082Z I0128 09:32:01.720215       1 base_controller.go:181] Shutting down MissingStaticPodController ...
2026-01-28T09:32:01.726131744Z I0128 09:32:01.720222       1 base_controller.go:181] Shutting down CertRotationController ...
2026-01-28T09:32:01.726174446Z I0128 09:32:01.726162       1 base_controller.go:159] All CertRotationController post start hooks have been terminated
2026-01-28T09:32:01.726205368Z I0128 09:32:01.720230       1 certrotationcontroller.go:932] Shutting down CertRotation
2026-01-28T09:32:01.726227219Z I0128 09:32:01.720266       1 base_controller.go:123] Shutting down worker of KubeletVersionSkewController controller ...
2026-01-28T09:32:01.726248200Z I0128 09:32:01.720273       1 base_controller.go:123] Shutting down worker of GuardController controller ...
2026-01-28T09:32:01.726284111Z I0128 09:32:01.726273       1 base_controller.go:113] All GuardController workers have been terminated
2026-01-28T09:32:01.726317003Z I0128 09:32:01.726307       1 controller_manager.go:54] GuardController controller terminated
2026-01-28T09:32:01.726340654Z I0128 09:32:01.720277       1 base_controller.go:123] Shutting down worker of kube-apiserver-Node controller ...
2026-01-28T09:32:01.726365355Z I0128 09:32:01.726356       1 base_controller.go:113] All kube-apiserver-Node workers have been terminated
2026-01-28T09:32:01.726407808Z I0128 09:32:01.726397       1 controller_manager.go:54] kube-apiserver-Node controller terminated
2026-01-28T09:32:01.726430729Z I0128 09:32:01.720281       1 base_controller.go:123] Shutting down worker of kube-apiserver controller ...
2026-01-28T09:32:01.726454930Z I0128 09:32:01.726446       1 base_controller.go:113] All kube-apiserver workers have been terminated
2026-01-28T09:32:01.726491182Z I0128 09:32:01.726446       1 base_controller.go:123] Shutting down worker of webhookSupportabilityController controller ...
2026-01-28T09:32:01.726515253Z I0128 09:32:01.726506       1 base_controller.go:113] All webhookSupportabilityController workers have been terminated
2026-01-28T09:32:01.726538774Z I0128 09:32:01.720314       1 base_controller.go:181] Shutting down StatusSyncer_kube-apiserver ...
2026-01-28T09:32:01.726584826Z I0128 09:32:01.726574       1 base_controller.go:159] All StatusSyncer_kube-apiserver post start hooks have been terminated
2026-01-28T09:32:01.726607107Z I0128 09:32:01.720409       1 base_controller.go:181] Shutting down TargetConfigController ...
2026-01-28T09:32:01.726627908Z I0128 09:32:01.720483       1 base_controller.go:181] Shutting down ConnectivityCheckController ...
2026-01-28T09:32:01.726658410Z I0128 09:32:01.720506       1 base_controller.go:181] Shutting down kube-apiserver-StaticPodState ...
2026-01-28T09:32:01.726685581Z I0128 09:32:01.720514       1 base_controller.go:181] Shutting down kube-apiserver-InstallerState ...
2026-01-28T09:32:01.726706572Z I0128 09:32:01.720522       1 base_controller.go:181] Shutting down Installer ...
2026-01-28T09:32:01.726727064Z I0128 09:32:01.720547       1 base_controller.go:181] Shutting down kube-apiserver-StartupMonitorPodCondition ...
2026-01-28T09:32:01.726756055Z I0128 09:32:01.720557       1 termination_observer.go:155] Shutting down TerminationObserver
2026-01-28T09:32:01.726789216Z I0128 09:32:01.720565       1 base_controller.go:181] Shutting down openshift-kube-apiserver-EncryptionMigration ...
2026-01-28T09:32:01.726813238Z I0128 09:32:01.720590       1 base_controller.go:181] Shutting down ConfigObserver ...
2026-01-28T09:32:01.726834529Z I0128 09:32:01.720603       1 base_controller.go:181] Shutting down openshift-kube-apiserver-EncryptionPrune ...
2026-01-28T09:32:01.726869480Z I0128 09:32:01.720609       1 base_controller.go:123] Shutting down worker of ConnectivityCheckController controller ...
2026-01-28T09:32:01.726895942Z I0128 09:32:01.726886       1 base_controller.go:113] All ConnectivityCheckController workers have been terminated
2026-01-28T09:32:01.726924073Z I0128 09:32:01.720612       1 base_controller.go:181] Shutting down openshift-kube-apiserver-EncryptionState ...
2026-01-28T09:32:01.726961665Z I0128 09:32:01.720614       1 base_controller.go:123] Shutting down worker of ConfigObserver controller ...
2026-01-28T09:32:01.726988146Z I0128 09:32:01.726978       1 base_controller.go:113] All ConfigObserver workers have been terminated
2026-01-28T09:32:01.727009387Z I0128 09:32:01.720620       1 base_controller.go:181] Shutting down openshift-kube-apiserver-EncryptionKey ...
2026-01-28T09:32:01.727067420Z I0128 09:32:01.720627       1 base_controller.go:181] Shutting down openshift-kube-apiserver-EncryptionCondition ...
2026-01-28T09:32:01.727098452Z I0128 09:32:01.720638       1 base_controller.go:181] Shutting down kube-apiserver-StaticPodStateFallback ...
2026-01-28T09:32:01.727150394Z I0128 09:32:01.720602       1 genericapiserver.go:704] "[graceful-termination] pre-shutdown hooks completed" name="PreShutdownHooksStopped"
2026-01-28T09:32:01.727192487Z I0128 09:32:01.727181       1 genericapiserver.go:724] [graceful-termination] apiserver is exiting
2026-01-28T09:32:01.727222098Z I0128 09:32:01.727212       1 builder.go:335] server exited
2026-01-28T09:32:01.727257070Z I0128 09:32:01.720659       1 base_controller.go:181] Shutting down highCPUUsageAlertController ...
2026-01-28T09:32:01.727287941Z I0128 09:32:01.720673       1 base_controller.go:123] Shutting down worker of highCPUUsageAlertController controller ...
2026-01-28T09:32:01.727318343Z I0128 09:32:01.727307       1 base_controller.go:113] All highCPUUsageAlertController workers have been terminated
2026-01-28T09:32:01.727342304Z I0128 09:32:01.720676       1 base_controller.go:181] Shutting down CertRotationController ...
2026-01-28T09:32:01.727387696Z I0128 09:32:01.727376       1 base_controller.go:159] All CertRotationController post start hooks have been terminated
2026-01-28T09:32:01.727417438Z I0128 09:32:01.720684       1 base_controller.go:181] Shutting down ServiceAccountIssuerController ...
2026-01-28T09:32:01.727454639Z I0128 09:32:01.720686       1 base_controller.go:181] Shutting down CertRotationController ...
2026-01-28T09:32:01.727488931Z I0128 09:32:01.727478       1 base_controller.go:159] All CertRotationController post start hooks have been terminated
2026-01-28T09:32:01.727510912Z I0128 09:32:01.720688       1 base_controller.go:181] Shutting down CertRotationController ...
2026-01-28T09:32:01.727533343Z I0128 09:32:01.727524       1 base_controller.go:159] All CertRotationController post start hooks have been terminated
2026-01-28T09:32:01.727568935Z I0128 09:32:01.720694       1 base_controller.go:181] Shutting down WorkerLatencyProfile ...
2026-01-28T09:32:01.727592726Z I0128 09:32:01.720695       1 base_controller.go:123] Shutting down worker of CertRotationController controller ...
2026-01-28T09:32:01.727616787Z I0128 09:32:01.727607       1 base_controller.go:113] All CertRotationController workers have been terminated
2026-01-28T09:32:01.727648519Z I0128 09:32:01.720692       1 base_controller.go:123] Shutting down worker of CertRotationController controller ...
2026-01-28T09:32:01.727678771Z I0128 09:32:01.727669       1 base_controller.go:113] All CertRotationController workers have been terminated
2026-01-28T09:32:01.727699761Z I0128 09:32:01.720703       1 base_controller.go:181] Shutting down auditPolicyController ...
2026-01-28T09:32:01.727720322Z I0128 09:32:01.720703       1 base_controller.go:181] Shutting down CertRotationController ...
2026-01-28T09:32:01.727751464Z I0128 09:32:01.727742       1 base_controller.go:159] All CertRotationController post start hooks have been terminated
2026-01-28T09:32:01.727778865Z I0128 09:32:01.720711       1 base_controller.go:181] Shutting down EventWatchController ...
2026-01-28T09:32:01.727802837Z I0128 09:32:01.720712       1 base_controller.go:123] Shutting down worker of CertRotationController controller ...
2026-01-28T09:32:01.727830278Z I0128 09:32:01.727821       1 base_controller.go:113] All CertRotationController workers have been terminated
2026-01-28T09:32:01.727867670Z I0128 09:32:01.720720       1 base_controller.go:181] Shutting down CertRotationTimeUpgradeableController ...
2026-01-28T09:32:01.727889161Z I0128 09:32:01.720721       1 base_controller.go:181] Shutting down CertRotationController ...
2026-01-28T09:32:01.727911852Z I0128 09:32:01.727903       1 base_controller.go:159] All CertRotationController post start hooks have been terminated
2026-01-28T09:32:01.727942673Z I0128 09:32:01.720729       1 base_controller.go:181] Shutting down kube-apiserver-RemoveStaleConditions ...
2026-01-28T09:32:01.727968425Z I0128 09:32:01.720730       1 base_controller.go:181] Shutting down CertRotationController ...
2026-01-28T09:32:01.727990706Z I0128 09:32:01.727982       1 base_controller.go:159] All CertRotationController post start hooks have been terminated
2026-01-28T09:32:01.728011007Z I0128 09:32:01.720731       1 base_controller.go:123] Shutting down worker of CertRotationController controller ...
2026-01-28T09:32:01.728068960Z I0128 09:32:01.728048       1 base_controller.go:113] All CertRotationController workers have been terminated
2026-01-28T09:32:01.728096631Z I0128 09:32:01.720736       1 base_controller.go:123] Shutting down worker of CertRotationController controller ...
2026-01-28T09:32:01.728130863Z I0128 09:32:01.728121       1 base_controller.go:113] All CertRotationController workers have been terminated
2026-01-28T09:32:01.728158564Z I0128 09:32:01.720738       1 base_controller.go:181] Shutting down LoggingSyncer ...
2026-01-28T09:32:01.728184245Z I0128 09:32:01.720739       1 base_controller.go:181] Shutting down CertRotationController ...
2026-01-28T09:32:01.728208637Z I0128 09:32:01.728198       1 base_controller.go:159] All CertRotationController post start hooks have been terminated
2026-01-28T09:32:01.728251859Z I0128 09:32:01.720740       1 base_controller.go:123] Shutting down worker of CertRotationController controller ...
2026-01-28T09:32:01.728283681Z I0128 09:32:01.728272       1 base_controller.go:113] All CertRotationController workers have been terminated
2026-01-28T09:32:01.728317772Z I0128 09:32:01.720747       1 base_controller.go:181] Shutting down cluster-kube-apiserver-operator-UnsupportedConfigOverrides ...
2026-01-28T09:32:01.728351594Z I0128 09:32:01.720749       1 base_controller.go:181] Shutting down CertRotationController ...
2026-01-28T09:32:01.728379535Z I0128 09:32:01.728368       1 base_controller.go:159] All CertRotationController post start hooks have been terminated
2026-01-28T09:32:01.728403286Z I0128 09:32:01.720745       1 base_controller.go:123] Shutting down worker of CertRotationController controller ...
2026-01-28T09:32:01.728446849Z I0128 09:32:01.728436       1 base_controller.go:113] All CertRotationController workers have been terminated
2026-01-28T09:32:01.728470220Z I0128 09:32:01.720754       1 base_controller.go:123] Shutting down worker of CertRotationController controller ...
2026-01-28T09:32:01.728495421Z I0128 09:32:01.728484       1 base_controller.go:113] All CertRotationController workers have been terminated
2026-01-28T09:32:01.728531073Z I0128 09:32:01.720756       1 base_controller.go:181] Shutting down BackingResourceController-StaticResources ...
2026-01-28T09:32:01.728552034Z I0128 09:32:01.720765       1 base_controller.go:181] Shutting down PruneController ...
2026-01-28T09:32:01.728572795Z I0128 09:32:01.720773       1 base_controller.go:181] Shutting down RevisionController ...
2026-01-28T09:32:01.728602746Z I0128 09:32:01.720782       1 base_controller.go:181] Shutting down KubeAPIServerStaticResources-StaticResources ...
2026-01-28T09:32:01.728630118Z I0128 09:32:01.720791       1 base_controller.go:181] Shutting down SCCReconcileController ...
2026-01-28T09:32:01.728650759Z I0128 09:32:01.720940       1 base_controller.go:181] Shutting down PodSecurityReadinessController ...
2026-01-28T09:32:01.728671060Z I0128 09:32:01.721001       1 simple_featuregate_reader.go:177] Shutting down feature-gate-detector
2026-01-28T09:32:01.728705641Z I0128 09:32:01.721180       1 base_controller.go:123] Shutting down worker of kube-apiserver-StaticPodStateFallback controller ...
2026-01-28T09:32:01.728737173Z I0128 09:32:01.728727       1 base_controller.go:113] All kube-apiserver-StaticPodStateFallback workers have been terminated
2026-01-28T09:32:01.728762194Z I0128 09:32:01.728752       1 controller_manager.go:54] kube-apiserver-StaticPodStateFallback controller terminated
2026-01-28T09:32:01.728799756Z I0128 09:32:01.721188       1 base_controller.go:123] Shutting down worker of CertRotationController controller ...
2026-01-28T09:32:01.728832438Z I0128 09:32:01.728822       1 base_controller.go:113] All CertRotationController workers have been terminated
2026-01-28T09:32:01.728854279Z I0128 09:32:01.721192       1 base_controller.go:123] Shutting down worker of CertRotationController controller ...
2026-01-28T09:32:01.728878040Z I0128 09:32:01.728869       1 base_controller.go:113] All CertRotationController workers have been terminated
2026-01-28T09:32:01.728913122Z I0128 09:32:01.721216       1 base_controller.go:123] Shutting down worker of CertRotationController controller ...
2026-01-28T09:32:01.728941293Z I0128 09:32:01.728932       1 base_controller.go:113] All CertRotationController workers have been terminated
2026-01-28T09:32:01.728962454Z I0128 09:32:01.721220       1 base_controller.go:123] Shutting down worker of NodeKubeconfigController controller ...
2026-01-28T09:32:01.729000116Z I0128 09:32:01.728990       1 base_controller.go:113] All NodeKubeconfigController workers have been terminated
2026-01-28T09:32:01.729036698Z I0128 09:32:01.721225       1 base_controller.go:123] Shutting down worker of MissingStaticPodController controller ...
2026-01-28T09:32:01.729069089Z I0128 09:32:01.721228       1 base_controller.go:123] Shutting down worker of CertRotationController controller ...
2026-01-28T09:32:01.729089941Z I0128 09:32:01.721232       1 base_controller.go:123] Shutting down worker of BoundSATokenSignerController controller ...
2026-01-28T09:32:01.729110331Z I0128 09:32:01.721235       1 base_controller.go:123] Shutting down worker of StatusSyncer_kube-apiserver controller ...
2026-01-28T09:32:01.729139793Z I0128 09:32:01.721239       1 base_controller.go:123] Shutting down worker of TargetConfigController controller ...
2026-01-28T09:32:01.731632896Z I0128 09:32:01.721243       1 base_controller.go:123] Shutting down worker of kube-apiserver-StaticPodState controller ...
2026-01-28T09:32:01.731632896Z I0128 09:32:01.721252       1 base_controller.go:123] Shutting down worker of kube-apiserver-InstallerState controller ...
2026-01-28T09:32:01.731632896Z I0128 09:32:01.721256       1 base_controller.go:123] Shutting down worker of Installer controller ...
2026-01-28T09:32:01.731632896Z I0128 09:32:01.721259       1 base_controller.go:123] Shutting down worker of kube-apiserver-StartupMonitorPodCondition controller ...
2026-01-28T09:32:01.731632896Z I0128 09:32:01.721263       1 base_controller.go:123] Shutting down worker of openshift-kube-apiserver-EncryptionMigration controller ...
2026-01-28T09:32:01.731632896Z I0128 09:32:01.721287       1 base_controller.go:123] Shutting down worker of openshift-kube-apiserver-EncryptionPrune controller ...
2026-01-28T09:32:01.731632896Z I0128 09:32:01.721291       1 base_controller.go:123] Shutting down worker of openshift-kube-apiserver-EncryptionState controller ...
2026-01-28T09:32:01.731632896Z I0128 09:32:01.721301       1 base_controller.go:123] Shutting down worker of openshift-kube-apiserver-EncryptionKey controller ...
2026-01-28T09:32:01.731632896Z I0128 09:32:01.721304       1 base_controller.go:123] Shutting down worker of openshift-kube-apiserver-EncryptionCondition controller ...
2026-01-28T09:32:01.731632896Z I0128 09:32:01.721310       1 base_controller.go:123] Shutting down worker of PruneController controller ...
2026-01-28T09:32:01.731632896Z I0128 09:32:01.721331       1 base_controller.go:123] Shutting down worker of ServiceAccountIssuerController controller ...
2026-01-28T09:32:01.731632896Z I0128 09:32:01.721335       1 base_controller.go:123] Shutting down worker of WorkerLatencyProfile controller ...
2026-01-28T09:32:01.731632896Z I0128 09:32:01.721338       1 base_controller.go:123] Shutting down worker of auditPolicyController controller ...
2026-01-28T09:32:01.731632896Z I0128 09:32:01.721347       1 base_controller.go:123] Shutting down worker of EventWatchController controller ...
2026-01-28T09:32:01.731632896Z I0128 09:32:01.721350       1 base_controller.go:123] Shutting down worker of CertRotationTimeUpgradeableController controller ...
2026-01-28T09:32:01.731632896Z I0128 09:32:01.721354       1 base_controller.go:123] Shutting down worker of kube-apiserver-RemoveStaleConditions controller ...
2026-01-28T09:32:01.731632896Z I0128 09:32:01.721357       1 base_controller.go:123] Shutting down worker of LoggingSyncer controller ...
2026-01-28T09:32:01.731632896Z I0128 09:32:01.721361       1 base_controller.go:123] Shutting down worker of cluster-kube-apiserver-operator-UnsupportedConfigOverrides controller ...
2026-01-28T09:32:01.731632896Z I0128 09:32:01.721364       1 base_controller.go:123] Shutting down worker of BackingResourceController-StaticResources controller ...
2026-01-28T09:32:01.731632896Z I0128 09:32:01.721375       1 base_controller.go:123] Shutting down worker of RevisionController controller ...
2026-01-28T09:32:01.731632896Z I0128 09:32:01.721378       1 base_controller.go:123] Shutting down worker of KubeAPIServerStaticResources-StaticResources controller ...
2026-01-28T09:32:01.731632896Z I0128 09:32:01.721381       1 base_controller.go:123] Shutting down worker of SCCReconcileController controller ...
2026-01-28T09:32:01.731632896Z I0128 09:32:01.721408       1 base_controller.go:123] Shutting down worker of PodSecurityReadinessController controller ...
2026-01-28T09:32:01.731632896Z I0128 09:32:01.723585       1 tlsconfig.go:258] "Shutting down DynamicServingCertificateController"
2026-01-28T09:32:01.731632896Z I0128 09:32:01.723659       1 configmap_cafile_content.go:226] "Shutting down controller" name="client-ca::kube-system::extension-apiserver-authentication::client-ca-file"
2026-01-28T09:32:01.731632896Z I0128 09:32:01.723668       1 requestheader_controller.go:194] Shutting down RequestHeaderAuthRequestController
2026-01-28T09:32:01.731632896Z I0128 09:32:01.723677       1 configmap_cafile_content.go:226] "Shutting down controller" name="client-ca::kube-system::extension-apiserver-authentication::requestheader-client-ca-file"
2026-01-28T09:32:01.731632896Z I0128 09:32:01.719955       1 base_controller.go:181] Shutting down KubeletVersionSkewController ...
2026-01-28T09:32:01.731632896Z I0128 09:32:01.724156       1 dynamic_serving_content.go:149] "Shutting down controller" name="serving-cert::/tmp/serving-cert-3977575726/tls.crt::/tmp/serving-cert-3977575726/tls.key"
2026-01-28T09:32:01.731632896Z I0128 09:32:01.720284       1 base_controller.go:181] Shutting down BoundSATokenSignerController ...
2026-01-28T09:32:01.731632896Z W0128 09:32:01.726680       1 leaderelection.go:84] leader election lost
2026-01-28T09:32:01.731632896Z I0128 09:32:01.726854       1 event.go:377] Event(v1.ObjectReference{Kind:"Lease", Namespace:"openshift-kube-apiserver-operator", Name:"kube-apiserver-operator-lock", UID:"856a4d80-ae44-49ba-9652-48cc2e7678fd", APIVersion:"coordination.k8s.io/v1", ResourceVersion:"10838", FieldPath:""}): type: 'Normal' reason: 'LeaderElection' kube-apiserver-operator-766b8bd8b7-6fdbx_d1ecde9f-c462-434a-9339-9a8da68c1f63 stopped leading
2026-01-28T09:32:01.731632896Z I0128 09:32:01.729240       1 base_controller.go:113] All MissingStaticPodController workers have been terminated
2026-01-28T09:32:01.731632896Z I0128 09:32:01.729786       1 controller_manager.go:54] MissingStaticPodController controller terminated
2026-01-28T09:32:01.731632896Z I0128 09:32:01.729247       1 base_controller.go:113] All StatusSyncer_kube-apiserver workers have been terminated
2026-01-28T09:32:01.731632896Z I0128 09:32:01.729256       1 base_controller.go:113] All CertRotationController workers have been terminated
2026-01-28T09:32:01.731632896Z I0128 09:32:01.729798       1 base_controller.go:113] All TargetConfigController workers have been terminated
2026-01-28T09:32:01.731632896Z I0128 09:32:01.729803       1 base_controller.go:113] All kube-apiserver-StaticPodState workers have been terminated
2026-01-28T09:32:01.731632896Z I0128 09:32:01.729806       1 controller_manager.go:54] kube-apiserver-StaticPodState controller terminated
2026-01-28T09:32:01.731632896Z I0128 09:32:01.729811       1 base_controller.go:113] All kube-apiserver-InstallerState workers have been terminated
2026-01-28T09:32:01.731632896Z I0128 09:32:01.729813       1 controller_manager.go:54] kube-apiserver-InstallerState controller terminated
2026-01-28T09:32:01.731632896Z I0128 09:32:01.729817       1 base_controller.go:113] All Installer workers have been terminated
2026-01-28T09:32:01.731632896Z I0128 09:32:01.729820       1 controller_manager.go:54] Installer controller terminated
2026-01-28T09:32:01.731632896Z I0128 09:32:01.729823       1 base_controller.go:113] All kube-apiserver-StartupMonitorPodCondition workers have been terminated
2026-01-28T09:32:01.731632896Z I0128 09:32:01.729826       1 controller_manager.go:54] kube-apiserver-StartupMonitorPodCondition controller terminated
2026-01-28T09:32:01.731632896Z I0128 09:32:01.729832       1 base_controller.go:113] All openshift-kube-apiserver-EncryptionMigration workers have been terminated
2026-01-28T09:32:01.731632896Z I0128 09:32:01.729838       1 base_controller.go:113] All openshift-kube-apiserver-EncryptionPrune workers have been terminated
2026-01-28T09:32:01.731632896Z I0128 09:32:01.729844       1 base_controller.go:113] All openshift-kube-apiserver-EncryptionState workers have been terminated
2026-01-28T09:32:01.731632896Z I0128 09:32:01.729849       1 base_controller.go:113] All openshift-kube-apiserver-EncryptionKey workers have been terminated
2026-01-28T09:32:01.731632896Z I0128 09:32:01.729856       1 base_controller.go:113] All openshift-kube-apiserver-EncryptionCondition workers have been terminated
2026-01-28T09:32:01.731632896Z I0128 09:32:01.729861       1 base_controller.go:113] All PruneController workers have been terminated
2026-01-28T09:32:01.731632896Z I0128 09:32:01.729865       1 controller_manager.go:54] PruneController controller terminated
2026-01-28T09:32:01.731632896Z I0128 09:32:01.729871       1 base_controller.go:113] All ServiceAccountIssuerController workers have been terminated
2026-01-28T09:32:01.731632896Z I0128 09:32:01.729878       1 base_controller.go:113] All WorkerLatencyProfile workers have been terminated
2026-01-28T09:32:01.731632896Z I0128 09:32:01.729882       1 base_controller.go:113] All auditPolicyController workers have been terminated
2026-01-28T09:32:01.731632896Z I0128 09:32:01.729887       1 base_controller.go:113] All EventWatchController workers have been terminated
2026-01-28T09:32:01.731632896Z I0128 09:32:01.729893       1 base_controller.go:113] All CertRotationTimeUpgradeableController workers have been terminated
2026-01-28T09:32:01.731632896Z I0128 09:32:01.729899       1 base_controller.go:113] All kube-apiserver-RemoveStaleConditions workers have been terminated
2026-01-28T09:32:01.731632896Z I0128 09:32:01.729904       1 base_controller.go:113] All LoggingSyncer workers have been terminated
2026-01-28T09:32:01.731632896Z I0128 09:32:01.729909       1 controller_manager.go:54] LoggingSyncer controller terminated
2026-01-28T09:32:01.731632896Z I0128 09:32:01.729914       1 base_controller.go:113] All cluster-kube-apiserver-operator-UnsupportedConfigOverrides workers have been terminated
2026-01-28T09:32:01.731632896Z I0128 09:32:01.729918       1 controller_manager.go:54] cluster-kube-apiserver-operator-UnsupportedConfigOverrides controller terminated
2026-01-28T09:32:01.731632896Z I0128 09:32:01.729924       1 base_controller.go:113] All BackingResourceController-StaticResources workers have been terminated
2026-01-28T09:32:01.731632896Z I0128 09:32:01.729928       1 controller_manager.go:54] BackingResourceController-StaticResources controller terminated
2026-01-28T09:32:01.731632896Z I0128 09:32:01.729935       1 base_controller.go:113] All RevisionController workers have been terminated
2026-01-28T09:32:01.731632896Z I0128 09:32:01.729940       1 controller_manager.go:54] RevisionController controller terminated
2026-01-28T09:32:01.731694169Z I0128 09:32:01.729946       1 base_controller.go:113] All KubeAPIServerStaticResources-StaticResources workers have been terminated
2026-01-28T09:32:01.731694169Z I0128 09:32:01.729951       1 base_controller.go:113] All SCCReconcileController workers have been terminated
2026-01-28T09:32:01.731694169Z I0128 09:32:01.729958       1 base_controller.go:113] All PodSecurityReadinessController workers have been terminated
2026-01-28T09:32:01.731694169Z I0128 09:32:01.729983       1 base_controller.go:113] All KubeletVersionSkewController workers have been terminated
2026-01-28T09:32:01.731694169Z I0128 09:32:01.729991       1 base_controller.go:113] All BoundSATokenSignerController workers have been terminated
