knit 2026/01/28 10:24:59 copying spec: "/host/sys/devices/system/cpu/cpu1/cache/index3/physical_line_partition"
knit 2026/01/28 10:24:59   copying path: "/host/sys/devices/system/cpu/cpu1/cache/index3/physical_line_partition"
knit 2026/01/28 10:24:59     copying file: "/host/sys/devices/system/cpu/cpu1/cache/index3/physical_line_partition" -> "/tmp/perf-must-gather-58584043/host/sys/devices/system/cpu/cpu1/cache/index3/physical_line_partition"
knit 2026/01/28 10:24:59 creating /tmp/perf-must-gather-58584043/host/sys/devices/system/cpu/cpu1/cache/index3/physical_line_partition
knit 2026/01/28 10:24:59 copying spec: "/host/sys/devices/system/memory/memory74/online"
knit 2026/01/28 10:24:59   copying path: "/host/sys/devices/system/memory/memory74/online"
knit 2026/01/28 10:24:59     copying file: "/host/sys/devices/system/memory/memory74/online" -> "/tmp/perf-must-gather-58584043/host/sys/devices/system/memory/memory74/online"
knit 2026/01/28 10:24:59 creating /tmp/perf-must-gather-58584043/host/sys/devices/system/memory/memory74/online
knit 2026/01/28 10:24:59 copying spec: "/host/sys/devices/system/memory/memory8/online"
knit 2026/01/28 10:24:59   copying path: "/host/sys/devices/system/memory/memory8/online"
knit 2026/01/28 10:24:59     copying file: "/host/sys/devices/system/memory/memory8/online" -> "/tmp/perf-must-gather-58584043/host/sys/devices/system/memory/memory8/online"
knit 2026/01/28 10:24:59 creating /tmp/perf-must-gather-58584043/host/sys/devices/system/memory/memory8/online
knit 2026/01/28 10:24:59 copying spec: "/host/sys/devices/system/memory/memory127/state"
knit 2026/01/28 10:24:59   copying path: "/host/sys/devices/system/memory/memory127/state"
knit 2026/01/28 10:24:59     copying file: "/host/sys/devices/system/memory/memory127/state" -> "/tmp/perf-must-gather-58584043/host/sys/devices/system/memory/memory127/state"
knit 2026/01/28 10:24:59 creating /tmp/perf-must-gather-58584043/host/sys/devices/system/memory/memory127/state
knit 2026/01/28 10:24:59 copying spec: "/host/sys/devices/system/memory/memory44/state"
knit 2026/01/28 10:24:59   copying path: "/host/sys/devices/system/memory/memory44/state"
knit 2026/01/28 10:24:59     copying file: "/host/sys/devices/system/memory/memory44/state" -> "/tmp/perf-must-gather-58584043/host/sys/devices/system/memory/memory44/state"
knit 2026/01/28 10:24:59 creating /tmp/perf-must-gather-58584043/host/sys/devices/system/memory/memory44/state
knit 2026/01/28 10:24:59 copying spec: "/host/sys/devices/system/memory/memory50/state"
knit 2026/01/28 10:24:59   copying path: "/host/sys/devices/system/memory/memory50/state"
knit 2026/01/28 10:24:59     copying file: "/host/sys/devices/system/memory/memory50/state" -> "/tmp/perf-must-gather-58584043/host/sys/devices/system/memory/memory50/state"
knit 2026/01/28 10:24:59 creating /tmp/perf-must-gather-58584043/host/sys/devices/system/memory/memory50/state
knit 2026/01/28 10:24:59 copying spec: "/host/sys/devices/system/memory/memory79/state"
knit 2026/01/28 10:24:59   copying path: "/host/sys/devices/system/memory/memory79/state"
knit 2026/01/28 10:24:59     copying file: "/host/sys/devices/system/memory/memory79/state" -> "/tmp/perf-must-gather-58584043/host/sys/devices/system/memory/memory79/state"
knit 2026/01/28 10:24:59 creating /tmp/perf-must-gather-58584043/host/sys/devices/system/memory/memory79/state
knit 2026/01/28 10:24:59 copying spec: "/host/proc/irq/7/effective_affinity_list"
knit 2026/01/28 10:24:59   copying path: "/host/proc/irq/7/effective_affinity_list"
knit 2026/01/28 10:24:59     copying file: "/host/proc/irq/7/effective_affinity_list" -> "/tmp/perf-must-gather-58584043/host/proc/irq/7/effective_affinity_list"
knit 2026/01/28 10:24:59 creating /tmp/perf-must-gather-58584043/host/proc/irq/7/effective_affinity_list
knit 2026/01/28 10:24:59 copying spec: "/host/sys/devices/system/memory/memory103/online"
knit 2026/01/28 10:24:59   copying path: "/host/sys/devices/system/memory/memory103/online"
knit 2026/01/28 10:24:59     copying file: "/host/sys/devices/system/memory/memory103/online" -> "/tmp/perf-must-gather-58584043/host/sys/devices/system/memory/memory103/online"
knit 2026/01/28 10:24:59 creating /tmp/perf-must-gather-58584043/host/sys/devices/system/memory/memory103/online
knit 2026/01/28 10:24:59 copying spec: "/host/sys/devices/pci0000:00/0000:00:01.0/device"
knit 2026/01/28 10:24:59   copying path: "/host/sys/devices/pci0000:00/0000:00:01.0/device"
knit 2026/01/28 10:24:59     copying file: "/host/sys/devices/pci0000:00/0000:00:01.0/device" -> "/tmp/perf-must-gather-58584043/host/sys/devices/pci0000:00/0000:00:01.0/device"
knit 2026/01/28 10:24:59 creating /tmp/perf-must-gather-58584043/host/sys/devices/pci0000:00/0000:00:01.0/device
knit 2026/01/28 10:24:59 copying spec: "/host/sys/devices/pci0000:00/0000:00:04.0/class"
knit 2026/01/28 10:24:59   copying path: "/host/sys/devices/pci0000:00/0000:00:04.0/class"
knit 2026/01/28 10:24:59     copying file: "/host/sys/devices/pci0000:00/0000:00:04.0/class" -> "/tmp/perf-must-gather-58584043/host/sys/devices/pci0000:00/0000:00:04.0/class"
knit 2026/01/28 10:24:59 creating /tmp/perf-must-gather-58584043/host/sys/devices/pci0000:00/0000:00:04.0/class
knit 2026/01/28 10:24:59 copying spec: "/host/proc/irq/1/node"
knit 2026/01/28 10:24:59   copying path: "/host/proc/irq/1/node"
knit 2026/01/28 10:24:59     copying file: "/host/proc/irq/1/node" -> "/tmp/perf-must-gather-58584043/host/proc/irq/1/node"
knit 2026/01/28 10:24:59 creating /tmp/perf-must-gather-58584043/host/proc/irq/1/node
knit 2026/01/28 10:24:59 copying spec: "/host/sys/devices/system/cpu/cpu3/cache/index1/coherency_line_size"
knit 2026/01/28 10:24:59   copying path: "/host/sys/devices/system/cpu/cpu3/cache/index1/coherency_line_size"
knit 2026/01/28 10:24:59     copying file: "/host/sys/devices/system/cpu/cpu3/cache/index1/coherency_line_size" -> "/tmp/perf-must-gather-58584043/host/sys/devices/system/cpu/cpu3/cache/index1/coherency_line_size"
knit 2026/01/28 10:24:59 creating /tmp/perf-must-gather-58584043/host/sys/devices/system/cpu/cpu3/cache/index1/coherency_line_size
knit 2026/01/28 10:24:59 copying spec: "/host/sys/devices/system/cpu/cpu3/cache/index2/type"
knit 2026/01/28 10:24:59   copying path: "/host/sys/devices/system/cpu/cpu3/cache/index2/type"
knit 2026/01/28 10:24:59     copying file: "/host/sys/devices/system/cpu/cpu3/cache/index2/type" -> "/tmp/perf-must-gather-58584043/host/sys/devices/system/cpu/cpu3/cache/index2/type"
knit 2026/01/28 10:24:59 creating /tmp/perf-must-gather-58584043/host/sys/devices/system/cpu/cpu3/cache/index2/type
knit 2026/01/28 10:24:59 copying spec: "/host/sys/devices/system/memory/memory129/online"
knit 2026/01/28 10:24:59   copying path: "/host/sys/devices/system/memory/memory129/online"
knit 2026/01/28 10:24:59     copying file: "/host/sys/devices/system/memory/memory129/online" -> "/tmp/perf-must-gather-58584043/host/sys/devices/system/memory/memory129/online"
knit 2026/01/28 10:24:59 creating /tmp/perf-must-gather-58584043/host/sys/devices/system/memory/memory129/online
knit 2026/01/28 10:24:59 copying spec: "/host/sys/devices/pci0000:00/0000:00:03.0/class"
knit 2026/01/28 10:24:59   copying path: "/host/sys/devices/pci0000:00/0000:00:03.0/class"
knit 2026/01/28 10:24:59     copying file: "/host/sys/devices/pci0000:00/0000:00:03.0/class" -> "/tmp/perf-must-gather-58584043/host/sys/devices/pci0000:00/0000:00:03.0/class"
knit 2026/01/28 10:24:59 creating /tmp/perf-must-gather-58584043/host/sys/devices/pci0000:00/0000:00:03.0/class
knit 2026/01/28 10:24:59 copying spec: "/host/sys/devices/system/cpu/cpu0/cache/index3/id"
knit 2026/01/28 10:24:59   copying path: "/host/sys/devices/system/cpu/cpu0/cache/index3/id"
knit 2026/01/28 10:24:59     copying file: "/host/sys/devices/system/cpu/cpu0/cache/index3/id" -> "/tmp/perf-must-gather-58584043/host/sys/devices/system/cpu/cpu0/cache/index3/id"
knit 2026/01/28 10:24:59 creating /tmp/perf-must-gather-58584043/host/sys/devices/system/cpu/cpu0/cache/index3/id
knit 2026/01/28 10:24:59 copying spec: "/host/sys/devices/system/cpu/cpu0/cache/index3/type"
knit 2026/01/28 10:24:59   copying path: "/host/sys/devices/system/cpu/cpu0/cache/index3/type"
knit 2026/01/28 10:24:59     copying file: "/host/sys/devices/system/cpu/cpu0/cache/index3/type" -> "/tmp/perf-must-gather-58584043/host/sys/devices/system/cpu/cpu0/cache/index3/type"
knit 2026/01/28 10:24:59 creating /tmp/perf-must-gather-58584043/host/sys/devices/system/cpu/cpu0/cache/index3/type
knit 2026/01/28 10:24:59 copying spec: "/host/sys/devices/system/cpu/cpu3/topology/cluster_cpus_list"
knit 2026/01/28 10:24:59   copying path: "/host/sys/devices/system/cpu/cpu3/topology/cluster_cpus_list"
knit 2026/01/28 10:24:59     copying file: "/host/sys/devices/system/cpu/cpu3/topology/cluster_cpus_list" -> "/tmp/perf-must-gather-58584043/host/sys/devices/system/cpu/cpu3/topology/cluster_cpus_list"
knit 2026/01/28 10:24:59 creating /tmp/perf-must-gather-58584043/host/sys/devices/system/cpu/cpu3/topology/cluster_cpus_list
knit 2026/01/28 10:24:59 copying spec: "/host/sys/devices/system/memory/memory53/online"
knit 2026/01/28 10:24:59   copying path: "/host/sys/devices/system/memory/memory53/online"
knit 2026/01/28 10:24:59     copying file: "/host/sys/devices/system/memory/memory53/online" -> "/tmp/perf-must-gather-58584043/host/sys/devices/system/memory/memory53/online"
knit 2026/01/28 10:24:59 creating /tmp/perf-must-gather-58584043/host/sys/devices/system/memory/memory53/online
knit 2026/01/28 10:24:59 copying spec: "/host/sys/devices/system/memory/memory132/state"
knit 2026/01/28 10:24:59   copying path: "/host/sys/devices/system/memory/memory132/state"
knit 2026/01/28 10:24:59     copying file: "/host/sys/devices/system/memory/memory132/state" -> "/tmp/perf-must-gather-58584043/host/sys/devices/system/memory/memory132/state"
knit 2026/01/28 10:24:59 creating /tmp/perf-must-gather-58584043/host/sys/devices/system/memory/memory132/state
knit 2026/01/28 10:24:59 copying spec: "/host/sys/devices/system/memory/memory54/state"
knit 2026/01/28 10:24:59   copying path: "/host/sys/devices/system/memory/memory54/state"
knit 2026/01/28 10:24:59     copying file: "/host/sys/devices/system/memory/memory54/state" -> "/tmp/perf-must-gather-58584043/host/sys/devices/system/memory/memory54/state"
knit 2026/01/28 10:24:59 creating /tmp/perf-must-gather-58584043/host/sys/devices/system/memory/memory54/state
knit 2026/01/28 10:24:59 copying spec: "/host/sys/devices/system/memory/memory56/state"
knit 2026/01/28 10:24:59   copying path: "/host/sys/devices/system/memory/memory56/state"
knit 2026/01/28 10:24:59     copying file: "/host/sys/devices/system/memory/memory56/state" -> "/tmp/perf-must-gather-58584043/host/sys/devices/system/memory/memory56/state"
knit 2026/01/28 10:24:59 creating /tmp/perf-must-gather-58584043/host/sys/devices/system/memory/memory56/state
knit 2026/01/28 10:24:59 copying spec: "/host/sys/devices/system/cpu/cpu3/topology/die_cpus"
knit 2026/01/28 10:24:59   copying path: "/host/sys/devices/system/cpu/cpu3/topology/die_cpus"
knit 2026/01/28 10:24:59     copying file: "/host/sys/devices/system/cpu/cpu3/topology/die_cpus" -> "/tmp/perf-must-gather-58584043/host/sys/devices/system/cpu/cpu3/topology/die_cpus"
knit 2026/01/28 10:24:59 creating /tmp/perf-must-gather-58584043/host/sys/devices/system/cpu/cpu3/topology/die_cpus
knit 2026/01/28 10:24:59 copying spec: "/host/sys/devices/system/memory/memory111/online"
knit 2026/01/28 10:24:59   copying path: "/host/sys/devices/system/memory/memory111/online"
knit 2026/01/28 10:24:59     copying file: "/host/sys/devices/system/memory/memory111/online" -> "/tmp/perf-must-gather-58584043/host/sys/devices/system/memory/memory111/online"
knit 2026/01/28 10:24:59 creating /tmp/perf-must-gather-58584043/host/sys/devices/system/memory/memory111/online
knit 2026/01/28 10:24:59 copying spec: "/host/sys/devices/system/memory/memory115/online"
knit 2026/01/28 10:24:59   copying path: "/host/sys/devices/system/memory/memory115/online"
knit 2026/01/28 10:24:59     copying file: "/host/sys/devices/system/memory/memory115/online" -> "/tmp/perf-must-gather-58584043/host/sys/devices/system/memory/memory115/online"
knit 2026/01/28 10:24:59 creating /tmp/perf-must-gather-58584043/host/sys/devices/system/memory/memory115/online
knit 2026/01/28 10:24:59 copying spec: "/host/sys/devices/system/memory/memory81/online"
knit 2026/01/28 10:24:59   copying path: "/host/sys/devices/system/memory/memory81/online"
knit 2026/01/28 10:24:59     copying file: "/host/sys/devices/system/memory/memory81/online" -> "/tmp/perf-must-gather-58584043/host/sys/devices/system/memory/memory81/online"
knit 2026/01/28 10:24:59 creating /tmp/perf-must-gather-58584043/host/sys/devices/system/memory/memory81/online
knit 2026/01/28 10:24:59 copying spec: "/host/sys/devices/system/memory/memory22/state"
knit 2026/01/28 10:24:59   copying path: "/host/sys/devices/system/memory/memory22/state"
knit 2026/01/28 10:24:59     copying file: "/host/sys/devices/system/memory/memory22/state" -> "/tmp/perf-must-gather-58584043/host/sys/devices/system/memory/memory22/state"
knit 2026/01/28 10:24:59 creating /tmp/perf-must-gather-58584043/host/sys/devices/system/memory/memory22/state
knit 2026/01/28 10:24:59 copying spec: "/host/sys/devices/system/cpu/cpu3/cache/index3/number_of_sets"
knit 2026/01/28 10:24:59   copying path: "/host/sys/devices/system/cpu/cpu3/cache/index3/number_of_sets"
knit 2026/01/28 10:24:59     copying file: "/host/sys/devices/system/cpu/cpu3/cache/index3/number_of_sets" -> "/tmp/perf-must-gather-58584043/host/sys/devices/system/cpu/cpu3/cache/index3/number_of_sets"
knit 2026/01/28 10:24:59 creating /tmp/perf-must-gather-58584043/host/sys/devices/system/cpu/cpu3/cache/index3/number_of_sets
knit 2026/01/28 10:24:59 copying spec: "/host/sys/devices/system/memory/memory100/online"
knit 2026/01/28 10:24:59   copying path: "/host/sys/devices/system/memory/memory100/online"
knit 2026/01/28 10:24:59     copying file: "/host/sys/devices/system/memory/memory100/online" -> "/tmp/perf-must-gather-58584043/host/sys/devices/system/memory/memory100/online"
knit 2026/01/28 10:24:59 creating /tmp/perf-must-gather-58584043/host/sys/devices/system/memory/memory100/online
knit 2026/01/28 10:24:59 copying spec: "/host/sys/devices/system/memory/memory133/online"
knit 2026/01/28 10:24:59   copying path: "/host/sys/devices/system/memory/memory133/online"
knit 2026/01/28 10:24:59     copying file: "/host/sys/devices/system/memory/memory133/online" -> "/tmp/perf-must-gather-58584043/host/sys/devices/system/memory/memory133/online"
knit 2026/01/28 10:24:59 creating /tmp/perf-must-gather-58584043/host/sys/devices/system/memory/memory133/online
knit 2026/01/28 10:24:59 copying spec: "/host/sys/devices/system/memory/memory57/online"
knit 2026/01/28 10:24:59   copying path: "/host/sys/devices/system/memory/memory57/online"
knit 2026/01/28 10:24:59     copying file: "/host/sys/devices/system/memory/memory57/online" -> "/tmp/perf-must-gather-58584043/host/sys/devices/system/memory/memory57/online"
knit 2026/01/28 10:24:59 creating /tmp/perf-must-gather-58584043/host/sys/devices/system/memory/memory57/online
knit 2026/01/28 10:24:59 copying spec: "/host/sys/devices/system/memory/memory125/state"
knit 2026/01/28 10:24:59   copying path: "/host/sys/devices/system/memory/memory125/state"
knit 2026/01/28 10:24:59     copying file: "/host/sys/devices/system/memory/memory125/state" -> "/tmp/perf-must-gather-58584043/host/sys/devices/system/memory/memory125/state"
knit 2026/01/28 10:24:59 creating /tmp/perf-must-gather-58584043/host/sys/devices/system/memory/memory125/state
knit 2026/01/28 10:24:59 copying spec: "/host/proc/irq/29/smp_affinity_list"
knit 2026/01/28 10:24:59   copying path: "/host/proc/irq/29/smp_affinity_list"
knit 2026/01/28 10:24:59     copying file: "/host/proc/irq/29/smp_affinity_list" -> "/tmp/perf-must-gather-58584043/host/proc/irq/29/smp_affinity_list"
knit 2026/01/28 10:24:59 creating /tmp/perf-must-gather-58584043/host/proc/irq/29/smp_affinity_list
knit 2026/01/28 10:24:59 copying spec: "/host/sys/devices/system/memory/memory116/state"
knit 2026/01/28 10:24:59   copying path: "/host/sys/devices/system/memory/memory116/state"
knit 2026/01/28 10:24:59     copying file: "/host/sys/devices/system/memory/memory116/state" -> "/tmp/perf-must-gather-58584043/host/sys/devices/system/memory/memory116/state"
knit 2026/01/28 10:24:59 creating /tmp/perf-must-gather-58584043/host/sys/devices/system/memory/memory116/state
knit 2026/01/28 10:24:59 copying spec: "/host/sys/devices/system/memory/memory64/state"
knit 2026/01/28 10:24:59   copying path: "/host/sys/devices/system/memory/memory64/state"
knit 2026/01/28 10:24:59     copying file: "/host/sys/devices/system/memory/memory64/state" -> "/tmp/perf-must-gather-58584043/host/sys/devices/system/memory/memory64/state"
knit 2026/01/28 10:24:59 creating /tmp/perf-must-gather-58584043/host/sys/devices/system/memory/memory64/state
knit 2026/01/28 10:24:59 copying spec: "/host/proc/irq/15/effective_affinity_list"
knit 2026/01/28 10:24:59   copying path: "/host/proc/irq/15/effective_affinity_list"
knit 2026/01/28 10:24:59     copying file: "/host/proc/irq/15/effective_affinity_list" -> "/tmp/perf-must-gather-58584043/host/proc/irq/15/effective_affinity_list"
knit 2026/01/28 10:24:59 creating /tmp/perf-must-gather-58584043/host/proc/irq/15/effective_affinity_list
knit 2026/01/28 10:24:59 copying spec: "/host/sys/devices/system/cpu/cpu2/cache/index3/size"
knit 2026/01/28 10:24:59   copying path: "/host/sys/devices/system/cpu/cpu2/cache/index3/size"
knit 2026/01/28 10:24:59     copying file: "/host/sys/devices/system/cpu/cpu2/cache/index3/size" -> "/tmp/perf-must-gather-58584043/host/sys/devices/system/cpu/cpu2/cache/index3/size"
knit 2026/01/28 10:24:59 creating /tmp/perf-must-gather-58584043/host/sys/devices/system/cpu/cpu2/cache/index3/size
knit 2026/01/28 10:24:59 copying spec: "/host/sys/devices/system/memory/memory55/state"
knit 2026/01/28 10:24:59   copying path: "/host/sys/devices/system/memory/memory55/state"
knit 2026/01/28 10:24:59     copying file: "/host/sys/devices/system/memory/memory55/state" -> "/tmp/perf-must-gather-58584043/host/sys/devices/system/memory/memory55/state"
knit 2026/01/28 10:24:59 creating /tmp/perf-must-gather-58584043/host/sys/devices/system/memory/memory55/state
knit 2026/01/28 10:24:59 copying spec: "/host/sys/devices/system/cpu/cpu0/cache/index2/physical_line_partition"
knit 2026/01/28 10:24:59   copying path: "/host/sys/devices/system/cpu/cpu0/cache/index2/physical_line_partition"
knit 2026/01/28 10:24:59     copying file: "/host/sys/devices/system/cpu/cpu0/cache/index2/physical_line_partition" -> "/tmp/perf-must-gather-58584043/host/sys/devices/system/cpu/cpu0/cache/index2/physical_line_partition"
knit 2026/01/28 10:24:59 creating /tmp/perf-must-gather-58584043/host/sys/devices/system/cpu/cpu0/cache/index2/physical_line_partition
knit 2026/01/28 10:24:59 copying spec: "/host/sys/devices/system/memory/memory77/state"
knit 2026/01/28 10:24:59   copying path: "/host/sys/devices/system/memory/memory77/state"
knit 2026/01/28 10:24:59     copying file: "/host/sys/devices/system/memory/memory77/state" -> "/tmp/perf-must-gather-58584043/host/sys/devices/system/memory/memory77/state"
knit 2026/01/28 10:24:59 creating /tmp/perf-must-gather-58584043/host/sys/devices/system/memory/memory77/state
knit 2026/01/28 10:24:59 copying spec: "/host/sys/devices/pci0000:00/0000:00:05.0/local_cpulist"
knit 2026/01/28 10:24:59   copying path: "/host/sys/devices/pci0000:00/0000:00:05.0/local_cpulist"
knit 2026/01/28 10:24:59     copying file: "/host/sys/devices/pci0000:00/0000:00:05.0/local_cpulist" -> "/tmp/perf-must-gather-58584043/host/sys/devices/pci0000:00/0000:00:05.0/local_cpulist"
knit 2026/01/28 10:24:59 creating /tmp/perf-must-gather-58584043/host/sys/devices/pci0000:00/0000:00:05.0/local_cpulist
knit 2026/01/28 10:24:59 copying spec: "/host/sys/devices/system/memory/memory6/online"
knit 2026/01/28 10:24:59   copying path: "/host/sys/devices/system/memory/memory6/online"
knit 2026/01/28 10:24:59     copying file: "/host/sys/devices/system/memory/memory6/online" -> "/tmp/perf-must-gather-58584043/host/sys/devices/system/memory/memory6/online"
knit 2026/01/28 10:24:59 creating /tmp/perf-must-gather-58584043/host/sys/devices/system/memory/memory6/online
knit 2026/01/28 10:24:59 copying spec: "/host/sys/devices/system/memory/memory10/state"
knit 2026/01/28 10:24:59   copying path: "/host/sys/devices/system/memory/memory10/state"
knit 2026/01/28 10:24:59     copying file: "/host/sys/devices/system/memory/memory10/state" -> "/tmp/perf-must-gather-58584043/host/sys/devices/system/memory/memory10/state"
knit 2026/01/28 10:24:59 creating /tmp/perf-must-gather-58584043/host/sys/devices/system/memory/memory10/state
knit 2026/01/28 10:24:59 copying spec: "/host/sys/devices/system/memory/memory76/state"
knit 2026/01/28 10:24:59   copying path: "/host/sys/devices/system/memory/memory76/state"
knit 2026/01/28 10:24:59     copying file: "/host/sys/devices/system/memory/memory76/state" -> "/tmp/perf-must-gather-58584043/host/sys/devices/system/memory/memory76/state"
knit 2026/01/28 10:24:59 creating /tmp/perf-must-gather-58584043/host/sys/devices/system/memory/memory76/state
knit 2026/01/28 10:24:59 copying spec: "/host/sys/devices/system/cpu/cpu3/cache/index1/uevent"
knit 2026/01/28 10:24:59   copying path: "/host/sys/devices/system/cpu/cpu3/cache/index1/uevent"
knit 2026/01/28 10:24:59     copying file: "/host/sys/devices/system/cpu/cpu3/cache/index1/uevent" -> "/tmp/perf-must-gather-58584043/host/sys/devices/system/cpu/cpu3/cache/index1/uevent"
knit 2026/01/28 10:24:59 creating /tmp/perf-must-gather-58584043/host/sys/devices/system/cpu/cpu3/cache/index1/uevent
knit 2026/01/28 10:24:59 copying spec: "/host/sys/devices/system/cpu/cpu0/topology/package_cpus"
knit 2026/01/28 10:24:59   copying path: "/host/sys/devices/system/cpu/cpu0/topology/package_cpus"
knit 2026/01/28 10:24:59     copying file: "/host/sys/devices/system/cpu/cpu0/topology/package_cpus" -> "/tmp/perf-must-gather-58584043/host/sys/devices/system/cpu/cpu0/topology/package_cpus"
knit 2026/01/28 10:24:59 creating /tmp/perf-must-gather-58584043/host/sys/devices/system/cpu/cpu0/topology/package_cpus
knit 2026/01/28 10:24:59 copying spec: "/host/sys/devices/system/memory/memory123/state"
knit 2026/01/28 10:24:59   copying path: "/host/sys/devices/system/memory/memory123/state"
knit 2026/01/28 10:24:59     copying file: "/host/sys/devices/system/memory/memory123/state" -> "/tmp/perf-must-gather-58584043/host/sys/devices/system/memory/memory123/state"
knit 2026/01/28 10:24:59 creating /tmp/perf-must-gather-58584043/host/sys/devices/system/memory/memory123/state
knit 2026/01/28 10:24:59 copying spec: "/host/sys/devices/pci0000:00/0000:00:01.3/numa_node"
knit 2026/01/28 10:24:59   copying path: "/host/sys/devices/pci0000:00/0000:00:01.3/numa_node"
knit 2026/01/28 10:24:59     copying file: "/host/sys/devices/pci0000:00/0000:00:01.3/numa_node" -> "/tmp/perf-must-gather-58584043/host/sys/devices/pci0000:00/0000:00:01.3/numa_node"
knit 2026/01/28 10:24:59 creating /tmp/perf-must-gather-58584043/host/sys/devices/pci0000:00/0000:00:01.3/numa_node
knit 2026/01/28 10:24:59 copying spec: "/host/proc/irq/24/effective_affinity_list"
knit 2026/01/28 10:24:59   copying path: "/host/proc/irq/24/effective_affinity_list"
knit 2026/01/28 10:24:59     copying file: "/host/proc/irq/24/effective_affinity_list" -> "/tmp/perf-must-gather-58584043/host/proc/irq/24/effective_affinity_list"
knit 2026/01/28 10:24:59 creating /tmp/perf-must-gather-58584043/host/proc/irq/24/effective_affinity_list
knit 2026/01/28 10:24:59 copying spec: "/host/proc/irq/29/effective_affinity_list"
knit 2026/01/28 10:24:59   copying path: "/host/proc/irq/29/effective_affinity_list"
knit 2026/01/28 10:24:59     copying file: "/host/proc/irq/29/effective_affinity_list" -> "/tmp/perf-must-gather-58584043/host/proc/irq/29/effective_affinity_list"
knit 2026/01/28 10:24:59 creating /tmp/perf-must-gather-58584043/host/proc/irq/29/effective_affinity_list
knit 2026/01/28 10:24:59 copying spec: "/host/sys/devices/system/cpu/cpu3/cache/index0/size"
knit 2026/01/28 10:24:59   copying path: "/host/sys/devices/system/cpu/cpu3/cache/index0/size"
knit 2026/01/28 10:24:59     copying file: "/host/sys/devices/system/cpu/cpu3/cache/index0/size" -> "/tmp/perf-must-gather-58584043/host/sys/devices/system/cpu/cpu3/cache/index0/size"
knit 2026/01/28 10:24:59 creating /tmp/perf-must-gather-58584043/host/sys/devices/system/cpu/cpu3/cache/index0/size
knit 2026/01/28 10:24:59 copying spec: "/host/sys/devices/system/memory/memory0/online"
knit 2026/01/28 10:24:59   copying path: "/host/sys/devices/system/memory/memory0/online"
knit 2026/01/28 10:24:59     copying file: "/host/sys/devices/system/memory/memory0/online" -> "/tmp/perf-must-gather-58584043/host/sys/devices/system/memory/memory0/online"
knit 2026/01/28 10:24:59 creating /tmp/perf-must-gather-58584043/host/sys/devices/system/memory/memory0/online
knit 2026/01/28 10:24:59 copying spec: "/host/sys/devices/system/memory/memory14/online"
knit 2026/01/28 10:24:59   copying path: "/host/sys/devices/system/memory/memory14/online"
knit 2026/01/28 10:24:59     copying file: "/host/sys/devices/system/memory/memory14/online" -> "/tmp/perf-must-gather-58584043/host/sys/devices/system/memory/memory14/online"
knit 2026/01/28 10:24:59 creating /tmp/perf-must-gather-58584043/host/sys/devices/system/memory/memory14/online
knit 2026/01/28 10:24:59 copying spec: "/host/sys/bus/pci/drivers/xhci-pci-renesas"
knit 2026/01/28 10:24:59   copying path: "/host/sys/bus/pci/drivers/xhci-pci-renesas"
knit 2026/01/28 10:24:59 copying spec: "/host/proc/irq/0/effective_affinity_list"
knit 2026/01/28 10:24:59   copying path: "/host/proc/irq/0/effective_affinity_list"
knit 2026/01/28 10:24:59     copying file: "/host/proc/irq/0/effective_affinity_list" -> "/tmp/perf-must-gather-58584043/host/proc/irq/0/effective_affinity_list"
knit 2026/01/28 10:24:59 creating /tmp/perf-must-gather-58584043/host/proc/irq/0/effective_affinity_list
knit 2026/01/28 10:24:59 copying spec: "/host/sys/devices/system/cpu/cpu0/topology/core_siblings"
knit 2026/01/28 10:24:59   copying path: "/host/sys/devices/system/cpu/cpu0/topology/core_siblings"
knit 2026/01/28 10:24:59     copying file: "/host/sys/devices/system/cpu/cpu0/topology/core_siblings" -> "/tmp/perf-must-gather-58584043/host/sys/devices/system/cpu/cpu0/topology/core_siblings"
knit 2026/01/28 10:24:59 creating /tmp/perf-must-gather-58584043/host/sys/devices/system/cpu/cpu0/topology/core_siblings
knit 2026/01/28 10:24:59 copying spec: "/host/sys/devices/system/memory/memory3/online"
knit 2026/01/28 10:24:59   copying path: "/host/sys/devices/system/memory/memory3/online"
knit 2026/01/28 10:24:59     copying file: "/host/sys/devices/system/memory/memory3/online" -> "/tmp/perf-must-gather-58584043/host/sys/devices/system/memory/memory3/online"
knit 2026/01/28 10:24:59 creating /tmp/perf-must-gather-58584043/host/sys/devices/system/memory/memory3/online
knit 2026/01/28 10:24:59 copying spec: "/host/sys/devices/system/memory/memory94/online"
knit 2026/01/28 10:24:59   copying path: "/host/sys/devices/system/memory/memory94/online"
knit 2026/01/28 10:24:59     copying file: "/host/sys/devices/system/memory/memory94/online" -> "/tmp/perf-must-gather-58584043/host/sys/devices/system/memory/memory94/online"
knit 2026/01/28 10:24:59 creating /tmp/perf-must-gather-58584043/host/sys/devices/system/memory/memory94/online
knit 2026/01/28 10:24:59 copying spec: "/host/sys/devices/system/memory/memory1/state"
knit 2026/01/28 10:24:59   copying path: "/host/sys/devices/system/memory/memory1/state"
knit 2026/01/28 10:24:59     copying file: "/host/sys/devices/system/memory/memory1/state" -> "/tmp/perf-must-gather-58584043/host/sys/devices/system/memory/memory1/state"
knit 2026/01/28 10:24:59 creating /tmp/perf-must-gather-58584043/host/sys/devices/system/memory/memory1/state
knit 2026/01/28 10:24:59 copying spec: "/host/sys/bus/pci/drivers/dw_dmac_pci"
knit 2026/01/28 10:24:59   copying path: "/host/sys/bus/pci/drivers/dw_dmac_pci"
knit 2026/01/28 10:24:59 copying spec: "/host/sys/devices/system/memory/memory52/online"
knit 2026/01/28 10:24:59   copying path: "/host/sys/devices/system/memory/memory52/online"
knit 2026/01/28 10:24:59     copying file: "/host/sys/devices/system/memory/memory52/online" -> "/tmp/perf-must-gather-58584043/host/sys/devices/system/memory/memory52/online"
knit 2026/01/28 10:24:59 creating /tmp/perf-must-gather-58584043/host/sys/devices/system/memory/memory52/online
knit 2026/01/28 10:24:59 copying spec: "/host/sys/devices/system/memory/memory128/state"
knit 2026/01/28 10:24:59   copying path: "/host/sys/devices/system/memory/memory128/state"
knit 2026/01/28 10:24:59     copying file: "/host/sys/devices/system/memory/memory128/state" -> "/tmp/perf-must-gather-58584043/host/sys/devices/system/memory/memory128/state"
knit 2026/01/28 10:24:59 creating /tmp/perf-must-gather-58584043/host/sys/devices/system/memory/memory128/state
knit 2026/01/28 10:24:59 copying spec: "/host/sys/devices/system/node/node0/hugepages/hugepages-2048kB/free_hugepages"
knit 2026/01/28 10:24:59   copying path: "/host/sys/devices/system/node/node0/hugepages/hugepages-2048kB/free_hugepages"
knit 2026/01/28 10:24:59     copying file: "/host/sys/devices/system/node/node0/hugepages/hugepages-2048kB/free_hugepages" -> "/tmp/perf-must-gather-58584043/host/sys/devices/system/node/node0/hugepages/hugepages-2048kB/free_hugepages"
knit 2026/01/28 10:24:59 creating /tmp/perf-must-gather-58584043/host/sys/devices/system/node/node0/hugepages/hugepages-2048kB/free_hugepages
knit 2026/01/28 10:24:59 copying spec: "/host/sys/devices/pci0000:00/0000:00:03.0/local_cpulist"
knit 2026/01/28 10:24:59   copying path: "/host/sys/devices/pci0000:00/0000:00:03.0/local_cpulist"
knit 2026/01/28 10:24:59     copying file: "/host/sys/devices/pci0000:00/0000:00:03.0/local_cpulist" -> "/tmp/perf-must-gather-58584043/host/sys/devices/pci0000:00/0000:00:03.0/local_cpulist"
knit 2026/01/28 10:24:59 creating /tmp/perf-must-gather-58584043/host/sys/devices/pci0000:00/0000:00:03.0/local_cpulist
knit 2026/01/28 10:24:59 copying spec: "/host/proc/irq/14/node"
knit 2026/01/28 10:24:59   copying path: "/host/proc/irq/14/node"
knit 2026/01/28 10:24:59     copying file: "/host/proc/irq/14/node" -> "/tmp/perf-must-gather-58584043/host/proc/irq/14/node"
knit 2026/01/28 10:24:59 creating /tmp/perf-must-gather-58584043/host/proc/irq/14/node
knit 2026/01/28 10:24:59 copying spec: "/host/proc/irq/25/node"
knit 2026/01/28 10:24:59   copying path: "/host/proc/irq/25/node"
knit 2026/01/28 10:24:59     copying file: "/host/proc/irq/25/node" -> "/tmp/perf-must-gather-58584043/host/proc/irq/25/node"
knit 2026/01/28 10:24:59 creating /tmp/perf-must-gather-58584043/host/proc/irq/25/node
knit 2026/01/28 10:24:59 copying spec: "/host/sys/devices/system/cpu/cpu2/cache/index0/shared_cpu_map"
knit 2026/01/28 10:24:59   copying path: "/host/sys/devices/system/cpu/cpu2/cache/index0/shared_cpu_map"
knit 2026/01/28 10:24:59     copying file: "/host/sys/devices/system/cpu/cpu2/cache/index0/shared_cpu_map" -> "/tmp/perf-must-gather-58584043/host/sys/devices/system/cpu/cpu2/cache/index0/shared_cpu_map"
knit 2026/01/28 10:24:59 creating /tmp/perf-must-gather-58584043/host/sys/devices/system/cpu/cpu2/cache/index0/shared_cpu_map
knit 2026/01/28 10:24:59 copying spec: "/host/sys/devices/system/memory/memory9/state"
knit 2026/01/28 10:24:59   copying path: "/host/sys/devices/system/memory/memory9/state"
knit 2026/01/28 10:24:59     copying file: "/host/sys/devices/system/memory/memory9/state" -> "/tmp/perf-must-gather-58584043/host/sys/devices/system/memory/memory9/state"
knit 2026/01/28 10:24:59 creating /tmp/perf-must-gather-58584043/host/sys/devices/system/memory/memory9/state
knit 2026/01/28 10:24:59 copying spec: "/host/sys/devices/system/cpu/cpu0/cache/index0/physical_line_partition"
knit 2026/01/28 10:24:59   copying path: "/host/sys/devices/system/cpu/cpu0/cache/index0/physical_line_partition"
knit 2026/01/28 10:24:59     copying file: "/host/sys/devices/system/cpu/cpu0/cache/index0/physical_line_partition" -> "/tmp/perf-must-gather-58584043/host/sys/devices/system/cpu/cpu0/cache/index0/physical_line_partition"
knit 2026/01/28 10:24:59 creating /tmp/perf-must-gather-58584043/host/sys/devices/system/cpu/cpu0/cache/index0/physical_line_partition
knit 2026/01/28 10:24:59 copying spec: "/host/sys/devices/system/memory/memory107/online"
knit 2026/01/28 10:24:59   copying path: "/host/sys/devices/system/memory/memory107/online"
knit 2026/01/28 10:24:59     copying file: "/host/sys/devices/system/memory/memory107/online" -> "/tmp/perf-must-gather-58584043/host/sys/devices/system/memory/memory107/online"
knit 2026/01/28 10:24:59 creating /tmp/perf-must-gather-58584043/host/sys/devices/system/memory/memory107/online
knit 2026/01/28 10:24:59 copying spec: "/host/sys/devices/system/memory/memory70/online"
knit 2026/01/28 10:24:59   copying path: "/host/sys/devices/system/memory/memory70/online"
knit 2026/01/28 10:24:59     copying file: "/host/sys/devices/system/memory/memory70/online" -> "/tmp/perf-must-gather-58584043/host/sys/devices/system/memory/memory70/online"
knit 2026/01/28 10:24:59 creating /tmp/perf-must-gather-58584043/host/sys/devices/system/memory/memory70/online
knit 2026/01/28 10:24:59 copying spec: "/host/sys/devices/system/memory/memory88/online"
knit 2026/01/28 10:24:59   copying path: "/host/sys/devices/system/memory/memory88/online"
knit 2026/01/28 10:24:59     copying file: "/host/sys/devices/system/memory/memory88/online" -> "/tmp/perf-must-gather-58584043/host/sys/devices/system/memory/memory88/online"
knit 2026/01/28 10:24:59 creating /tmp/perf-must-gather-58584043/host/sys/devices/system/memory/memory88/online
knit 2026/01/28 10:24:59 copying spec: "/host/sys/devices/system/memory/memory14/state"
knit 2026/01/28 10:24:59   copying path: "/host/sys/devices/system/memory/memory14/state"
knit 2026/01/28 10:24:59     copying file: "/host/sys/devices/system/memory/memory14/state" -> "/tmp/perf-must-gather-58584043/host/sys/devices/system/memory/memory14/state"
knit 2026/01/28 10:24:59 creating /tmp/perf-must-gather-58584043/host/sys/devices/system/memory/memory14/state
knit 2026/01/28 10:24:59 copying spec: "/host/sys/devices/pci0000:00/0000:00:01.0/vendor"
knit 2026/01/28 10:24:59   copying path: "/host/sys/devices/pci0000:00/0000:00:01.0/vendor"
knit 2026/01/28 10:24:59     copying file: "/host/sys/devices/pci0000:00/0000:00:01.0/vendor" -> "/tmp/perf-must-gather-58584043/host/sys/devices/pci0000:00/0000:00:01.0/vendor"
knit 2026/01/28 10:24:59 creating /tmp/perf-must-gather-58584043/host/sys/devices/pci0000:00/0000:00:01.0/vendor
knit 2026/01/28 10:24:59 copying spec: "/host/sys/devices/pci0000:00/0000:00:04.0/vendor"
knit 2026/01/28 10:24:59   copying path: "/host/sys/devices/pci0000:00/0000:00:04.0/vendor"
knit 2026/01/28 10:24:59     copying file: "/host/sys/devices/pci0000:00/0000:00:04.0/vendor" -> "/tmp/perf-must-gather-58584043/host/sys/devices/pci0000:00/0000:00:04.0/vendor"
knit 2026/01/28 10:24:59 creating /tmp/perf-must-gather-58584043/host/sys/devices/pci0000:00/0000:00:04.0/vendor
knit 2026/01/28 10:24:59 copying spec: "/host/sys/devices/system/cpu/cpu3/cache/index1/physical_line_partition"
knit 2026/01/28 10:24:59   copying path: "/host/sys/devices/system/cpu/cpu3/cache/index1/physical_line_partition"
knit 2026/01/28 10:24:59     copying file: "/host/sys/devices/system/cpu/cpu3/cache/index1/physical_line_partition" -> "/tmp/perf-must-gather-58584043/host/sys/devices/system/cpu/cpu3/cache/index1/physical_line_partition"
knit 2026/01/28 10:24:59 creating /tmp/perf-must-gather-58584043/host/sys/devices/system/cpu/cpu3/cache/index1/physical_line_partition
knit 2026/01/28 10:24:59 copying spec: "/host/sys/devices/system/cpu/cpu1/topology/thread_siblings_list"
knit 2026/01/28 10:24:59   copying path: "/host/sys/devices/system/cpu/cpu1/topology/thread_siblings_list"
knit 2026/01/28 10:24:59     copying file: "/host/sys/devices/system/cpu/cpu1/topology/thread_siblings_list" -> "/tmp/perf-must-gather-58584043/host/sys/devices/system/cpu/cpu1/topology/thread_siblings_list"
knit 2026/01/28 10:24:59 creating /tmp/perf-must-gather-58584043/host/sys/devices/system/cpu/cpu1/topology/thread_siblings_list
knit 2026/01/28 10:24:59 copying spec: "/host/sys/devices/system/cpu/cpu3/topology/core_id"
knit 2026/01/28 10:24:59   copying path: "/host/sys/devices/system/cpu/cpu3/topology/core_id"
knit 2026/01/28 10:24:59     copying file: "/host/sys/devices/system/cpu/cpu3/topology/core_id" -> "/tmp/perf-must-gather-58584043/host/sys/devices/system/cpu/cpu3/topology/core_id"
knit 2026/01/28 10:24:59 creating /tmp/perf-must-gather-58584043/host/sys/devices/system/cpu/cpu3/topology/core_id
knit 2026/01/28 10:24:59 copying spec: "/host/sys/devices/system/memory/memory88/state"
knit 2026/01/28 10:24:59   copying path: "/host/sys/devices/system/memory/memory88/state"
knit 2026/01/28 10:24:59     copying file: "/host/sys/devices/system/memory/memory88/state" -> "/tmp/perf-must-gather-58584043/host/sys/devices/system/memory/memory88/state"
knit 2026/01/28 10:24:59 creating /tmp/perf-must-gather-58584043/host/sys/devices/system/memory/memory88/state
knit 2026/01/28 10:24:59 copying spec: "/host/sys/devices/pci0000:00/0000:00:01.0/modalias"
knit 2026/01/28 10:24:59   copying path: "/host/sys/devices/pci0000:00/0000:00:01.0/modalias"
knit 2026/01/28 10:24:59     copying file: "/host/sys/devices/pci0000:00/0000:00:01.0/modalias" -> "/tmp/perf-must-gather-58584043/host/sys/devices/pci0000:00/0000:00:01.0/modalias"
knit 2026/01/28 10:24:59 creating /tmp/perf-must-gather-58584043/host/sys/devices/pci0000:00/0000:00:01.0/modalias
knit 2026/01/28 10:24:59 copying spec: "/host/sys/devices/system/cpu/cpu0/cache/index3/coherency_line_size"
knit 2026/01/28 10:24:59   copying path: "/host/sys/devices/system/cpu/cpu0/cache/index3/coherency_line_size"
knit 2026/01/28 10:24:59     copying file: "/host/sys/devices/system/cpu/cpu0/cache/index3/coherency_line_size" -> "/tmp/perf-must-gather-58584043/host/sys/devices/system/cpu/cpu0/cache/index3/coherency_line_size"
knit 2026/01/28 10:24:59 creating /tmp/perf-must-gather-58584043/host/sys/devices/system/cpu/cpu0/cache/index3/coherency_line_size
knit 2026/01/28 10:24:59 copying spec: "/host/sys/devices/system/cpu/cpu2/cache/index1/coherency_line_size"
knit 2026/01/28 10:24:59   copying path: "/host/sys/devices/system/cpu/cpu2/cache/index1/coherency_line_size"
knit 2026/01/28 10:24:59     copying file: "/host/sys/devices/system/cpu/cpu2/cache/index1/coherency_line_size" -> "/tmp/perf-must-gather-58584043/host/sys/devices/system/cpu/cpu2/cache/index1/coherency_line_size"
knit 2026/01/28 10:24:59 creating /tmp/perf-must-gather-58584043/host/sys/devices/system/cpu/cpu2/cache/index1/coherency_line_size
knit 2026/01/28 10:24:59 copying spec: "/host/sys/devices/system/cpu/cpu3/cache/index0/id"
knit 2026/01/28 10:24:59   copying path: "/host/sys/devices/system/cpu/cpu3/cache/index0/id"
knit 2026/01/28 10:24:59     copying file: "/host/sys/devices/system/cpu/cpu3/cache/index0/id" -> "/tmp/perf-must-gather-58584043/host/sys/devices/system/cpu/cpu3/cache/index0/id"
knit 2026/01/28 10:24:59 creating /tmp/perf-must-gather-58584043/host/sys/devices/system/cpu/cpu3/cache/index0/id
knit 2026/01/28 10:24:59 copying spec: "/host/sys/devices/system/memory/memory117/online"
knit 2026/01/28 10:24:59   copying path: "/host/sys/devices/system/memory/memory117/online"
knit 2026/01/28 10:24:59     copying file: "/host/sys/devices/system/memory/memory117/online" -> "/tmp/perf-must-gather-58584043/host/sys/devices/system/memory/memory117/online"
knit 2026/01/28 10:24:59 creating /tmp/perf-must-gather-58584043/host/sys/devices/system/memory/memory117/online
knit 2026/01/28 10:24:59 copying spec: "/host/sys/devices/system/memory/memory76/online"
knit 2026/01/28 10:24:59   copying path: "/host/sys/devices/system/memory/memory76/online"
knit 2026/01/28 10:24:59     copying file: "/host/sys/devices/system/memory/memory76/online" -> "/tmp/perf-must-gather-58584043/host/sys/devices/system/memory/memory76/online"
knit 2026/01/28 10:24:59 creating /tmp/perf-must-gather-58584043/host/sys/devices/system/memory/memory76/online
knit 2026/01/28 10:24:59 copying spec: "/host/sys/devices/system/memory/memory118/state"
knit 2026/01/28 10:24:59   copying path: "/host/sys/devices/system/memory/memory118/state"
knit 2026/01/28 10:24:59     copying file: "/host/sys/devices/system/memory/memory118/state" -> "/tmp/perf-must-gather-58584043/host/sys/devices/system/memory/memory118/state"
knit 2026/01/28 10:24:59 creating /tmp/perf-must-gather-58584043/host/sys/devices/system/memory/memory118/state
knit 2026/01/28 10:24:59 copying spec: "/host/sys/devices/system/node/node0/hugepages/hugepages-1048576kB/demote_size"
knit 2026/01/28 10:24:59   copying path: "/host/sys/devices/system/node/node0/hugepages/hugepages-1048576kB/demote_size"
knit 2026/01/28 10:24:59     copying file: "/host/sys/devices/system/node/node0/hugepages/hugepages-1048576kB/demote_size" -> "/tmp/perf-must-gather-58584043/host/sys/devices/system/node/node0/hugepages/hugepages-1048576kB/demote_size"
knit 2026/01/28 10:24:59 creating /tmp/perf-must-gather-58584043/host/sys/devices/system/node/node0/hugepages/hugepages-1048576kB/demote_size
knit 2026/01/28 10:24:59 copying spec: "/host/sys/bus/pci/drivers/piix4_smbus"
knit 2026/01/28 10:24:59   copying path: "/host/sys/bus/pci/drivers/piix4_smbus"
knit 2026/01/28 10:24:59 copying spec: "/host/proc/irq/4/node"
knit 2026/01/28 10:24:59   copying path: "/host/proc/irq/4/node"
knit 2026/01/28 10:24:59     copying file: "/host/proc/irq/4/node" -> "/tmp/perf-must-gather-58584043/host/proc/irq/4/node"
knit 2026/01/28 10:24:59 creating /tmp/perf-must-gather-58584043/host/proc/irq/4/node
knit 2026/01/28 10:24:59 copying spec: "/host/sys/devices/system/cpu/cpu2/cache/index3/number_of_sets"
knit 2026/01/28 10:24:59   copying path: "/host/sys/devices/system/cpu/cpu2/cache/index3/number_of_sets"
knit 2026/01/28 10:24:59     copying file: "/host/sys/devices/system/cpu/cpu2/cache/index3/number_of_sets" -> "/tmp/perf-must-gather-58584043/host/sys/devices/system/cpu/cpu2/cache/index3/number_of_sets"
knit 2026/01/28 10:24:59 creating /tmp/perf-must-gather-58584043/host/sys/devices/system/cpu/cpu2/cache/index3/number_of_sets
knit 2026/01/28 10:24:59 copying spec: "/host/sys/devices/system/node/node0/meminfo"
knit 2026/01/28 10:24:59   copying path: "/host/sys/devices/system/node/node0/meminfo"
knit 2026/01/28 10:24:59     copying file: "/host/sys/devices/system/node/node0/meminfo" -> "/tmp/perf-must-gather-58584043/host/sys/devices/system/node/node0/meminfo"
knit 2026/01/28 10:24:59 creating /tmp/perf-must-gather-58584043/host/sys/devices/system/node/node0/meminfo
knit 2026/01/28 10:24:59 copying spec: "/host/sys/devices/pci0000:00/0000:00:00.0/vendor"
knit 2026/01/28 10:24:59   copying path: "/host/sys/devices/pci0000:00/0000:00:00.0/vendor"
knit 2026/01/28 10:24:59     copying file: "/host/sys/devices/pci0000:00/0000:00:00.0/vendor" -> "/tmp/perf-must-gather-58584043/host/sys/devices/pci0000:00/0000:00:00.0/vendor"
knit 2026/01/28 10:24:59 creating /tmp/perf-must-gather-58584043/host/sys/devices/pci0000:00/0000:00:00.0/vendor
knit 2026/01/28 10:24:59 copying spec: "/host/sys/devices/system/cpu/cpu0/cache/index3/size"
knit 2026/01/28 10:24:59   copying path: "/host/sys/devices/system/cpu/cpu0/cache/index3/size"
knit 2026/01/28 10:24:59     copying file: "/host/sys/devices/system/cpu/cpu0/cache/index3/size" -> "/tmp/perf-must-gather-58584043/host/sys/devices/system/cpu/cpu0/cache/index3/size"
knit 2026/01/28 10:24:59 creating /tmp/perf-must-gather-58584043/host/sys/devices/system/cpu/cpu0/cache/index3/size
knit 2026/01/28 10:24:59 copying spec: "/host/sys/devices/system/memory/memory98/online"
knit 2026/01/28 10:24:59   copying path: "/host/sys/devices/system/memory/memory98/online"
knit 2026/01/28 10:24:59     copying file: "/host/sys/devices/system/memory/memory98/online" -> "/tmp/perf-must-gather-58584043/host/sys/devices/system/memory/memory98/online"
knit 2026/01/28 10:24:59 creating /tmp/perf-must-gather-58584043/host/sys/devices/system/memory/memory98/online
knit 2026/01/28 10:24:59 copying spec: "/host/proc/irq/27/smp_affinity_list"
knit 2026/01/28 10:24:59   copying path: "/host/proc/irq/27/smp_affinity_list"
knit 2026/01/28 10:24:59     copying file: "/host/proc/irq/27/smp_affinity_list" -> "/tmp/perf-must-gather-58584043/host/proc/irq/27/smp_affinity_list"
knit 2026/01/28 10:24:59 creating /tmp/perf-must-gather-58584043/host/proc/irq/27/smp_affinity_list
knit 2026/01/28 10:24:59 copying spec: "/host/sys/devices/system/cpu/cpu1/cache/index2/size"
knit 2026/01/28 10:24:59   copying path: "/host/sys/devices/system/cpu/cpu1/cache/index2/size"
knit 2026/01/28 10:24:59     copying file: "/host/sys/devices/system/cpu/cpu1/cache/index2/size" -> "/tmp/perf-must-gather-58584043/host/sys/devices/system/cpu/cpu1/cache/index2/size"
knit 2026/01/28 10:24:59 creating /tmp/perf-must-gather-58584043/host/sys/devices/system/cpu/cpu1/cache/index2/size
knit 2026/01/28 10:24:59 copying spec: "/host/sys/devices/system/cpu/cpu1/topology/core_id"
knit 2026/01/28 10:24:59   copying path: "/host/sys/devices/system/cpu/cpu1/topology/core_id"
knit 2026/01/28 10:24:59     copying file: "/host/sys/devices/system/cpu/cpu1/topology/core_id" -> "/tmp/perf-must-gather-58584043/host/sys/devices/system/cpu/cpu1/topology/core_id"
knit 2026/01/28 10:24:59 creating /tmp/perf-must-gather-58584043/host/sys/devices/system/cpu/cpu1/topology/core_id
knit 2026/01/28 10:24:59 copying spec: "/host/sys/devices/system/cpu/cpu3/topology/physical_package_id"
knit 2026/01/28 10:24:59   copying path: "/host/sys/devices/system/cpu/cpu3/topology/physical_package_id"
knit 2026/01/28 10:24:59     copying file: "/host/sys/devices/system/cpu/cpu3/topology/physical_package_id" -> "/tmp/perf-must-gather-58584043/host/sys/devices/system/cpu/cpu3/topology/physical_package_id"
knit 2026/01/28 10:24:59 creating /tmp/perf-must-gather-58584043/host/sys/devices/system/cpu/cpu3/topology/physical_package_id
knit 2026/01/28 10:24:59 copying spec: "/host/sys/devices/system/memory/memory21/online"
knit 2026/01/28 10:24:59   copying path: "/host/sys/devices/system/memory/memory21/online"
knit 2026/01/28 10:24:59     copying file: "/host/sys/devices/system/memory/memory21/online" -> "/tmp/perf-must-gather-58584043/host/sys/devices/system/memory/memory21/online"
knit 2026/01/28 10:24:59 creating /tmp/perf-must-gather-58584043/host/sys/devices/system/memory/memory21/online
knit 2026/01/28 10:24:59 copying spec: "/host/sys/devices/system/memory/memory60/online"
knit 2026/01/28 10:24:59   copying path: "/host/sys/devices/system/memory/memory60/online"
knit 2026/01/28 10:24:59     copying file: "/host/sys/devices/system/memory/memory60/online" -> "/tmp/perf-must-gather-58584043/host/sys/devices/system/memory/memory60/online"
knit 2026/01/28 10:24:59 creating /tmp/perf-must-gather-58584043/host/sys/devices/system/memory/memory60/online
knit 2026/01/28 10:24:59 copying spec: "/host/sys/devices/system/memory/memory106/state"
knit 2026/01/28 10:24:59   copying path: "/host/sys/devices/system/memory/memory106/state"
knit 2026/01/28 10:24:59     copying file: "/host/sys/devices/system/memory/memory106/state" -> "/tmp/perf-must-gather-58584043/host/sys/devices/system/memory/memory106/state"
knit 2026/01/28 10:24:59 creating /tmp/perf-must-gather-58584043/host/sys/devices/system/memory/memory106/state
knit 2026/01/28 10:24:59 copying spec: "/host/sys/devices/system/memory/memory53/state"
knit 2026/01/28 10:24:59   copying path: "/host/sys/devices/system/memory/memory53/state"
knit 2026/01/28 10:24:59     copying file: "/host/sys/devices/system/memory/memory53/state" -> "/tmp/perf-must-gather-58584043/host/sys/devices/system/memory/memory53/state"
knit 2026/01/28 10:24:59 creating /tmp/perf-must-gather-58584043/host/sys/devices/system/memory/memory53/state
knit 2026/01/28 10:24:59 copying spec: "/host/proc/irq/0/smp_affinity_list"
knit 2026/01/28 10:24:59   copying path: "/host/proc/irq/0/smp_affinity_list"
knit 2026/01/28 10:24:59     copying file: "/host/proc/irq/0/smp_affinity_list" -> "/tmp/perf-must-gather-58584043/host/proc/irq/0/smp_affinity_list"
knit 2026/01/28 10:24:59 creating /tmp/perf-must-gather-58584043/host/proc/irq/0/smp_affinity_list
knit 2026/01/28 10:24:59 copying spec: "/host/proc/irq/10/effective_affinity_list"
knit 2026/01/28 10:24:59   copying path: "/host/proc/irq/10/effective_affinity_list"
knit 2026/01/28 10:24:59     copying file: "/host/proc/irq/10/effective_affinity_list" -> "/tmp/perf-must-gather-58584043/host/proc/irq/10/effective_affinity_list"
knit 2026/01/28 10:24:59 creating /tmp/perf-must-gather-58584043/host/proc/irq/10/effective_affinity_list
knit 2026/01/28 10:24:59 copying spec: "/host/sys/devices/system/memory/memory15/online"
knit 2026/01/28 10:24:59   copying path: "/host/sys/devices/system/memory/memory15/online"
knit 2026/01/28 10:24:59     copying file: "/host/sys/devices/system/memory/memory15/online" -> "/tmp/perf-must-gather-58584043/host/sys/devices/system/memory/memory15/online"
knit 2026/01/28 10:24:59 creating /tmp/perf-must-gather-58584043/host/sys/devices/system/memory/memory15/online
knit 2026/01/28 10:24:59 copying spec: "/host/sys/devices/system/memory/memory37/online"
knit 2026/01/28 10:24:59   copying path: "/host/sys/devices/system/memory/memory37/online"
knit 2026/01/28 10:24:59     copying file: "/host/sys/devices/system/memory/memory37/online" -> "/tmp/perf-must-gather-58584043/host/sys/devices/system/memory/memory37/online"
knit 2026/01/28 10:24:59 creating /tmp/perf-must-gather-58584043/host/sys/devices/system/memory/memory37/online
knit 2026/01/28 10:24:59 copying spec: "/host/sys/devices/system/memory/memory73/online"
knit 2026/01/28 10:24:59   copying path: "/host/sys/devices/system/memory/memory73/online"
knit 2026/01/28 10:24:59     copying file: "/host/sys/devices/system/memory/memory73/online" -> "/tmp/perf-must-gather-58584043/host/sys/devices/system/memory/memory73/online"
knit 2026/01/28 10:24:59 creating /tmp/perf-must-gather-58584043/host/sys/devices/system/memory/memory73/online
knit 2026/01/28 10:24:59 copying spec: "/host/sys/devices/system/memory/memory2/state"
knit 2026/01/28 10:24:59   copying path: "/host/sys/devices/system/memory/memory2/state"
knit 2026/01/28 10:24:59     copying file: "/host/sys/devices/system/memory/memory2/state" -> "/tmp/perf-must-gather-58584043/host/sys/devices/system/memory/memory2/state"
knit 2026/01/28 10:24:59 creating /tmp/perf-must-gather-58584043/host/sys/devices/system/memory/memory2/state
knit 2026/01/28 10:24:59 copying spec: "/host/sys/devices/system/memory/memory82/state"
knit 2026/01/28 10:24:59   copying path: "/host/sys/devices/system/memory/memory82/state"
knit 2026/01/28 10:24:59     copying file: "/host/sys/devices/system/memory/memory82/state" -> "/tmp/perf-must-gather-58584043/host/sys/devices/system/memory/memory82/state"
knit 2026/01/28 10:24:59 creating /tmp/perf-must-gather-58584043/host/sys/devices/system/memory/memory82/state
knit 2026/01/28 10:24:59 copying spec: "/host/sys/bus/pci/drivers/parport_pc"
knit 2026/01/28 10:24:59   copying path: "/host/sys/bus/pci/drivers/parport_pc"
knit 2026/01/28 10:24:59 copying spec: "/host/proc/irq/default_smp_affinity"
knit 2026/01/28 10:24:59   copying path: "/host/proc/irq/default_smp_affinity"
knit 2026/01/28 10:24:59     copying file: "/host/proc/irq/default_smp_affinity" -> "/tmp/perf-must-gather-58584043/host/proc/irq/default_smp_affinity"
knit 2026/01/28 10:24:59 creating /tmp/perf-must-gather-58584043/host/proc/irq/default_smp_affinity
knit 2026/01/28 10:24:59 copying spec: "/host/sys/devices/system/cpu/cpu2/cache/index0/level"
knit 2026/01/28 10:24:59   copying path: "/host/sys/devices/system/cpu/cpu2/cache/index0/level"
knit 2026/01/28 10:24:59     copying file: "/host/sys/devices/system/cpu/cpu2/cache/index0/level" -> "/tmp/perf-must-gather-58584043/host/sys/devices/system/cpu/cpu2/cache/index0/level"
knit 2026/01/28 10:24:59 creating /tmp/perf-must-gather-58584043/host/sys/devices/system/cpu/cpu2/cache/index0/level
knit 2026/01/28 10:24:59 copying spec: "/host/sys/devices/system/cpu/cpu2/cache/index1/uevent"
knit 2026/01/28 10:24:59   copying path: "/host/sys/devices/system/cpu/cpu2/cache/index1/uevent"
knit 2026/01/28 10:24:59     copying file: "/host/sys/devices/system/cpu/cpu2/cache/index1/uevent" -> "/tmp/perf-must-gather-58584043/host/sys/devices/system/cpu/cpu2/cache/index1/uevent"
knit 2026/01/28 10:24:59 creating /tmp/perf-must-gather-58584043/host/sys/devices/system/cpu/cpu2/cache/index1/uevent
knit 2026/01/28 10:24:59 copying spec: "/host/sys/devices/system/cpu/cpu3/cache/index2/ways_of_associativity"
knit 2026/01/28 10:24:59   copying path: "/host/sys/devices/system/cpu/cpu3/cache/index2/ways_of_associativity"
knit 2026/01/28 10:24:59     copying file: "/host/sys/devices/system/cpu/cpu3/cache/index2/ways_of_associativity" -> "/tmp/perf-must-gather-58584043/host/sys/devices/system/cpu/cpu3/cache/index2/ways_of_associativity"
knit 2026/01/28 10:24:59 creating /tmp/perf-must-gather-58584043/host/sys/devices/system/cpu/cpu3/cache/index2/ways_of_associativity
knit 2026/01/28 10:24:59 copying spec: "/host/sys/devices/system/cpu/cpu2/topology/cluster_cpus"
knit 2026/01/28 10:24:59   copying path: "/host/sys/devices/system/cpu/cpu2/topology/cluster_cpus"
knit 2026/01/28 10:24:59     copying file: "/host/sys/devices/system/cpu/cpu2/topology/cluster_cpus" -> "/tmp/perf-must-gather-58584043/host/sys/devices/system/cpu/cpu2/topology/cluster_cpus"
knit 2026/01/28 10:24:59 creating /tmp/perf-must-gather-58584043/host/sys/devices/system/cpu/cpu2/topology/cluster_cpus
knit 2026/01/28 10:24:59 copying spec: "/host/sys/devices/system/memory/memory11/state"
knit 2026/01/28 10:24:59   copying path: "/host/sys/devices/system/memory/memory11/state"
knit 2026/01/28 10:24:59     copying file: "/host/sys/devices/system/memory/memory11/state" -> "/tmp/perf-must-gather-58584043/host/sys/devices/system/memory/memory11/state"
knit 2026/01/28 10:24:59 creating /tmp/perf-must-gather-58584043/host/sys/devices/system/memory/memory11/state
knit 2026/01/28 10:24:59 copying spec: "/host/sys/devices/system/memory/memory69/state"
knit 2026/01/28 10:24:59   copying path: "/host/sys/devices/system/memory/memory69/state"
knit 2026/01/28 10:24:59     copying file: "/host/sys/devices/system/memory/memory69/state" -> "/tmp/perf-must-gather-58584043/host/sys/devices/system/memory/memory69/state"
knit 2026/01/28 10:24:59 creating /tmp/perf-must-gather-58584043/host/sys/devices/system/memory/memory69/state
knit 2026/01/28 10:24:59 copying spec: "/host/sys/devices/system/node/node0/hugepages/hugepages-1048576kB/nr_hugepages"
knit 2026/01/28 10:24:59   copying path: "/host/sys/devices/system/node/node0/hugepages/hugepages-1048576kB/nr_hugepages"
knit 2026/01/28 10:24:59     copying file: "/host/sys/devices/system/node/node0/hugepages/hugepages-1048576kB/nr_hugepages" -> "/tmp/perf-must-gather-58584043/host/sys/devices/system/node/node0/hugepages/hugepages-1048576kB/nr_hugepages"
knit 2026/01/28 10:24:59 creating /tmp/perf-must-gather-58584043/host/sys/devices/system/node/node0/hugepages/hugepages-1048576kB/nr_hugepages
knit 2026/01/28 10:24:59 copying spec: "/host/sys/devices/system/cpu/cpu2/cache/index3/type"
knit 2026/01/28 10:24:59   copying path: "/host/sys/devices/system/cpu/cpu2/cache/index3/type"
knit 2026/01/28 10:24:59     copying file: "/host/sys/devices/system/cpu/cpu2/cache/index3/type" -> "/tmp/perf-must-gather-58584043/host/sys/devices/system/cpu/cpu2/cache/index3/type"
knit 2026/01/28 10:24:59 creating /tmp/perf-must-gather-58584043/host/sys/devices/system/cpu/cpu2/cache/index3/type
knit 2026/01/28 10:24:59 copying spec: "/host/sys/devices/pci0000:00/0000:00:05.0/numa_node"
knit 2026/01/28 10:24:59   copying path: "/host/sys/devices/pci0000:00/0000:00:05.0/numa_node"
knit 2026/01/28 10:24:59     copying file: "/host/sys/devices/pci0000:00/0000:00:05.0/numa_node" -> "/tmp/perf-must-gather-58584043/host/sys/devices/pci0000:00/0000:00:05.0/numa_node"
knit 2026/01/28 10:24:59 creating /tmp/perf-must-gather-58584043/host/sys/devices/pci0000:00/0000:00:05.0/numa_node
knit 2026/01/28 10:24:59 copying spec: "/host/sys/devices/system/cpu/cpu1/cache/index1/uevent"
knit 2026/01/28 10:24:59   copying path: "/host/sys/devices/system/cpu/cpu1/cache/index1/uevent"
knit 2026/01/28 10:24:59     copying file: "/host/sys/devices/system/cpu/cpu1/cache/index1/uevent" -> "/tmp/perf-must-gather-58584043/host/sys/devices/system/cpu/cpu1/cache/index1/uevent"
knit 2026/01/28 10:24:59 creating /tmp/perf-must-gather-58584043/host/sys/devices/system/cpu/cpu1/cache/index1/uevent
knit 2026/01/28 10:24:59 copying spec: "/host/sys/devices/system/memory/memory105/online"
knit 2026/01/28 10:24:59   copying path: "/host/sys/devices/system/memory/memory105/online"
knit 2026/01/28 10:24:59     copying file: "/host/sys/devices/system/memory/memory105/online" -> "/tmp/perf-must-gather-58584043/host/sys/devices/system/memory/memory105/online"
knit 2026/01/28 10:24:59 creating /tmp/perf-must-gather-58584043/host/sys/devices/system/memory/memory105/online
knit 2026/01/28 10:24:59 copying spec: "/host/sys/devices/system/memory/memory124/online"
knit 2026/01/28 10:24:59   copying path: "/host/sys/devices/system/memory/memory124/online"
knit 2026/01/28 10:24:59     copying file: "/host/sys/devices/system/memory/memory124/online" -> "/tmp/perf-must-gather-58584043/host/sys/devices/system/memory/memory124/online"
knit 2026/01/28 10:24:59 creating /tmp/perf-must-gather-58584043/host/sys/devices/system/memory/memory124/online
knit 2026/01/28 10:24:59 copying spec: "/host/sys/devices/system/memory/memory131/online"
knit 2026/01/28 10:24:59   copying path: "/host/sys/devices/system/memory/memory131/online"
knit 2026/01/28 10:24:59     copying file: "/host/sys/devices/system/memory/memory131/online" -> "/tmp/perf-must-gather-58584043/host/sys/devices/system/memory/memory131/online"
knit 2026/01/28 10:24:59 creating /tmp/perf-must-gather-58584043/host/sys/devices/system/memory/memory131/online
knit 2026/01/28 10:24:59 copying spec: "/host/sys/devices/system/memory/memory115/state"
knit 2026/01/28 10:24:59   copying path: "/host/sys/devices/system/memory/memory115/state"
knit 2026/01/28 10:24:59     copying file: "/host/sys/devices/system/memory/memory115/state" -> "/tmp/perf-must-gather-58584043/host/sys/devices/system/memory/memory115/state"
knit 2026/01/28 10:24:59 creating /tmp/perf-must-gather-58584043/host/sys/devices/system/memory/memory115/state
knit 2026/01/28 10:24:59 copying spec: "/host/sys/devices/system/node/node0/hugepages/hugepages-2048kB/nr_hugepages"
knit 2026/01/28 10:24:59   copying path: "/host/sys/devices/system/node/node0/hugepages/hugepages-2048kB/nr_hugepages"
knit 2026/01/28 10:24:59     copying file: "/host/sys/devices/system/node/node0/hugepages/hugepages-2048kB/nr_hugepages" -> "/tmp/perf-must-gather-58584043/host/sys/devices/system/node/node0/hugepages/hugepages-2048kB/nr_hugepages"
knit 2026/01/28 10:24:59 creating /tmp/perf-must-gather-58584043/host/sys/devices/system/node/node0/hugepages/hugepages-2048kB/nr_hugepages
knit 2026/01/28 10:24:59 copying spec: "/host/sys/bus/pci/drivers/ohci-pci"
knit 2026/01/28 10:24:59   copying path: "/host/sys/bus/pci/drivers/ohci-pci"
knit 2026/01/28 10:24:59 copying spec: "/host/sys/devices/pci0000:00/0000:00:01.0/numa_node"
knit 2026/01/28 10:24:59   copying path: "/host/sys/devices/pci0000:00/0000:00:01.0/numa_node"
knit 2026/01/28 10:24:59     copying file: "/host/sys/devices/pci0000:00/0000:00:01.0/numa_node" -> "/tmp/perf-must-gather-58584043/host/sys/devices/pci0000:00/0000:00:01.0/numa_node"
knit 2026/01/28 10:24:59 creating /tmp/perf-must-gather-58584043/host/sys/devices/pci0000:00/0000:00:01.0/numa_node
knit 2026/01/28 10:24:59 copying spec: "/host/sys/devices/system/cpu/cpu3/cache/index0/level"
knit 2026/01/28 10:24:59   copying path: "/host/sys/devices/system/cpu/cpu3/cache/index0/level"
knit 2026/01/28 10:24:59     copying file: "/host/sys/devices/system/cpu/cpu3/cache/index0/level" -> "/tmp/perf-must-gather-58584043/host/sys/devices/system/cpu/cpu3/cache/index0/level"
knit 2026/01/28 10:24:59 creating /tmp/perf-must-gather-58584043/host/sys/devices/system/cpu/cpu3/cache/index0/level
knit 2026/01/28 10:24:59 copying spec: "/host/sys/devices/system/cpu/cpu3/cache/index1/size"
knit 2026/01/28 10:24:59   copying path: "/host/sys/devices/system/cpu/cpu3/cache/index1/size"
knit 2026/01/28 10:24:59     copying file: "/host/sys/devices/system/cpu/cpu3/cache/index1/size" -> "/tmp/perf-must-gather-58584043/host/sys/devices/system/cpu/cpu3/cache/index1/size"
knit 2026/01/28 10:24:59 creating /tmp/perf-must-gather-58584043/host/sys/devices/system/cpu/cpu3/cache/index1/size
knit 2026/01/28 10:24:59 copying spec: "/host/sys/devices/system/cpu/cpu1/topology/physical_package_id"
knit 2026/01/28 10:24:59   copying path: "/host/sys/devices/system/cpu/cpu1/topology/physical_package_id"
knit 2026/01/28 10:24:59     copying file: "/host/sys/devices/system/cpu/cpu1/topology/physical_package_id" -> "/tmp/perf-must-gather-58584043/host/sys/devices/system/cpu/cpu1/topology/physical_package_id"
knit 2026/01/28 10:24:59 creating /tmp/perf-must-gather-58584043/host/sys/devices/system/cpu/cpu1/topology/physical_package_id
knit 2026/01/28 10:24:59 copying spec: "/host/sys/devices/system/cpu/cpu1/cache/index2/shared_cpu_list"
knit 2026/01/28 10:24:59   copying path: "/host/sys/devices/system/cpu/cpu1/cache/index2/shared_cpu_list"
knit 2026/01/28 10:24:59     copying file: "/host/sys/devices/system/cpu/cpu1/cache/index2/shared_cpu_list" -> "/tmp/perf-must-gather-58584043/host/sys/devices/system/cpu/cpu1/cache/index2/shared_cpu_list"
knit 2026/01/28 10:24:59 creating /tmp/perf-must-gather-58584043/host/sys/devices/system/cpu/cpu1/cache/index2/shared_cpu_list
knit 2026/01/28 10:24:59 copying spec: "/host/sys/devices/system/cpu/cpu3/cache/index0/shared_cpu_list"
knit 2026/01/28 10:24:59   copying path: "/host/sys/devices/system/cpu/cpu3/cache/index0/shared_cpu_list"
knit 2026/01/28 10:24:59     copying file: "/host/sys/devices/system/cpu/cpu3/cache/index0/shared_cpu_list" -> "/tmp/perf-must-gather-58584043/host/sys/devices/system/cpu/cpu3/cache/index0/shared_cpu_list"
knit 2026/01/28 10:24:59 creating /tmp/perf-must-gather-58584043/host/sys/devices/system/cpu/cpu3/cache/index0/shared_cpu_list
knit 2026/01/28 10:24:59 copying spec: "/host/sys/devices/system/memory/memory34/state"
knit 2026/01/28 10:24:59   copying path: "/host/sys/devices/system/memory/memory34/state"
knit 2026/01/28 10:24:59     copying file: "/host/sys/devices/system/memory/memory34/state" -> "/tmp/perf-must-gather-58584043/host/sys/devices/system/memory/memory34/state"
knit 2026/01/28 10:24:59 creating /tmp/perf-must-gather-58584043/host/sys/devices/system/memory/memory34/state
knit 2026/01/28 10:24:59 copying spec: "/host/sys/devices/system/memory/memory61/state"
knit 2026/01/28 10:24:59   copying path: "/host/sys/devices/system/memory/memory61/state"
knit 2026/01/28 10:24:59     copying file: "/host/sys/devices/system/memory/memory61/state" -> "/tmp/perf-must-gather-58584043/host/sys/devices/system/memory/memory61/state"
knit 2026/01/28 10:24:59 creating /tmp/perf-must-gather-58584043/host/sys/devices/system/memory/memory61/state
knit 2026/01/28 10:24:59 copying spec: "/host/sys/bus/pci/drivers/ehci-pci"
knit 2026/01/28 10:24:59   copying path: "/host/sys/bus/pci/drivers/ehci-pci"
knit 2026/01/28 10:24:59 copying spec: "/host/sys/devices/pci0000:00/0000:00:00.0/local_cpulist"
knit 2026/01/28 10:24:59   copying path: "/host/sys/devices/pci0000:00/0000:00:00.0/local_cpulist"
knit 2026/01/28 10:24:59     copying file: "/host/sys/devices/pci0000:00/0000:00:00.0/local_cpulist" -> "/tmp/perf-must-gather-58584043/host/sys/devices/pci0000:00/0000:00:00.0/local_cpulist"
knit 2026/01/28 10:24:59 creating /tmp/perf-must-gather-58584043/host/sys/devices/pci0000:00/0000:00:00.0/local_cpulist
knit 2026/01/28 10:24:59 copying spec: "/host/sys/devices/pci0000:00/0000:00:01.0/irq"
knit 2026/01/28 10:24:59   copying path: "/host/sys/devices/pci0000:00/0000:00:01.0/irq"
knit 2026/01/28 10:24:59     copying file: "/host/sys/devices/pci0000:00/0000:00:01.0/irq" -> "/tmp/perf-must-gather-58584043/host/sys/devices/pci0000:00/0000:00:01.0/irq"
knit 2026/01/28 10:24:59 creating /tmp/perf-must-gather-58584043/host/sys/devices/pci0000:00/0000:00:01.0/irq
knit 2026/01/28 10:24:59 copying spec: "/host/sys/devices/pci0000:00/0000:00:04.0/irq"
knit 2026/01/28 10:24:59   copying path: "/host/sys/devices/pci0000:00/0000:00:04.0/irq"
knit 2026/01/28 10:24:59     copying file: "/host/sys/devices/pci0000:00/0000:00:04.0/irq" -> "/tmp/perf-must-gather-58584043/host/sys/devices/pci0000:00/0000:00:04.0/irq"
knit 2026/01/28 10:24:59 creating /tmp/perf-must-gather-58584043/host/sys/devices/pci0000:00/0000:00:04.0/irq
knit 2026/01/28 10:24:59 copying spec: "/host/sys/devices/system/memory/memory91/online"
knit 2026/01/28 10:24:59   copying path: "/host/sys/devices/system/memory/memory91/online"
knit 2026/01/28 10:24:59     copying file: "/host/sys/devices/system/memory/memory91/online" -> "/tmp/perf-must-gather-58584043/host/sys/devices/system/memory/memory91/online"
knit 2026/01/28 10:24:59 creating /tmp/perf-must-gather-58584043/host/sys/devices/system/memory/memory91/online
knit 2026/01/28 10:24:59 copying spec: "/host/sys/devices/system/cpu/cpu0/topology/thread_siblings"
knit 2026/01/28 10:24:59   copying path: "/host/sys/devices/system/cpu/cpu0/topology/thread_siblings"
knit 2026/01/28 10:24:59     copying file: "/host/sys/devices/system/cpu/cpu0/topology/thread_siblings" -> "/tmp/perf-must-gather-58584043/host/sys/devices/system/cpu/cpu0/topology/thread_siblings"
knit 2026/01/28 10:24:59 creating /tmp/perf-must-gather-58584043/host/sys/devices/system/cpu/cpu0/topology/thread_siblings
knit 2026/01/28 10:24:59 copying spec: "/host/sys/devices/system/cpu/cpu3/topology/cluster_cpus"
knit 2026/01/28 10:24:59   copying path: "/host/sys/devices/system/cpu/cpu3/topology/cluster_cpus"
knit 2026/01/28 10:24:59     copying file: "/host/sys/devices/system/cpu/cpu3/topology/cluster_cpus" -> "/tmp/perf-must-gather-58584043/host/sys/devices/system/cpu/cpu3/topology/cluster_cpus"
knit 2026/01/28 10:24:59 creating /tmp/perf-must-gather-58584043/host/sys/devices/system/cpu/cpu3/topology/cluster_cpus
knit 2026/01/28 10:24:59 copying spec: "/host/sys/devices/system/memory/memory118/online"
knit 2026/01/28 10:24:59   copying path: "/host/sys/devices/system/memory/memory118/online"
knit 2026/01/28 10:24:59     copying file: "/host/sys/devices/system/memory/memory118/online" -> "/tmp/perf-must-gather-58584043/host/sys/devices/system/memory/memory118/online"
knit 2026/01/28 10:24:59 creating /tmp/perf-must-gather-58584043/host/sys/devices/system/memory/memory118/online
knit 2026/01/28 10:24:59 copying spec: "/host/sys/devices/system/memory/memory12/state"
knit 2026/01/28 10:24:59   copying path: "/host/sys/devices/system/memory/memory12/state"
knit 2026/01/28 10:24:59     copying file: "/host/sys/devices/system/memory/memory12/state" -> "/tmp/perf-must-gather-58584043/host/sys/devices/system/memory/memory12/state"
knit 2026/01/28 10:24:59 creating /tmp/perf-must-gather-58584043/host/sys/devices/system/memory/memory12/state
knit 2026/01/28 10:24:59 copying spec: "/host/sys/devices/system/memory/memory81/state"
knit 2026/01/28 10:24:59   copying path: "/host/sys/devices/system/memory/memory81/state"
knit 2026/01/28 10:24:59     copying file: "/host/sys/devices/system/memory/memory81/state" -> "/tmp/perf-must-gather-58584043/host/sys/devices/system/memory/memory81/state"
knit 2026/01/28 10:24:59 creating /tmp/perf-must-gather-58584043/host/sys/devices/system/memory/memory81/state
knit 2026/01/28 10:24:59 copying spec: "/host/sys/devices/pci0000:00/0000:00:03.0/device"
knit 2026/01/28 10:24:59   copying path: "/host/sys/devices/pci0000:00/0000:00:03.0/device"
knit 2026/01/28 10:24:59     copying file: "/host/sys/devices/pci0000:00/0000:00:03.0/device" -> "/tmp/perf-must-gather-58584043/host/sys/devices/pci0000:00/0000:00:03.0/device"
knit 2026/01/28 10:24:59 creating /tmp/perf-must-gather-58584043/host/sys/devices/pci0000:00/0000:00:03.0/device
knit 2026/01/28 10:24:59 copying spec: "/host/sys/devices/pci0000:00/0000:00:03.0/numa_node"
knit 2026/01/28 10:24:59   copying path: "/host/sys/devices/pci0000:00/0000:00:03.0/numa_node"
knit 2026/01/28 10:24:59     copying file: "/host/sys/devices/pci0000:00/0000:00:03.0/numa_node" -> "/tmp/perf-must-gather-58584043/host/sys/devices/pci0000:00/0000:00:03.0/numa_node"
knit 2026/01/28 10:24:59 creating /tmp/perf-must-gather-58584043/host/sys/devices/pci0000:00/0000:00:03.0/numa_node
knit 2026/01/28 10:24:59 copying spec: "/host/sys/devices/system/cpu/smt/active"
knit 2026/01/28 10:24:59   copying path: "/host/sys/devices/system/cpu/smt/active"
knit 2026/01/28 10:24:59     copying file: "/host/sys/devices/system/cpu/smt/active" -> "/tmp/perf-must-gather-58584043/host/sys/devices/system/cpu/smt/active"
knit 2026/01/28 10:24:59 creating /tmp/perf-must-gather-58584043/host/sys/devices/system/cpu/smt/active
knit 2026/01/28 10:24:59 copying spec: "/host/sys/devices/system/memory/memory122/online"
knit 2026/01/28 10:24:59   copying path: "/host/sys/devices/system/memory/memory122/online"
knit 2026/01/28 10:24:59     copying file: "/host/sys/devices/system/memory/memory122/online" -> "/tmp/perf-must-gather-58584043/host/sys/devices/system/memory/memory122/online"
knit 2026/01/28 10:24:59 creating /tmp/perf-must-gather-58584043/host/sys/devices/system/memory/memory122/online
knit 2026/01/28 10:24:59 copying spec: "/host/sys/devices/system/memory/memory128/online"
knit 2026/01/28 10:24:59   copying path: "/host/sys/devices/system/memory/memory128/online"
knit 2026/01/28 10:24:59     copying file: "/host/sys/devices/system/memory/memory128/online" -> "/tmp/perf-must-gather-58584043/host/sys/devices/system/memory/memory128/online"
knit 2026/01/28 10:24:59 creating /tmp/perf-must-gather-58584043/host/sys/devices/system/memory/memory128/online
knit 2026/01/28 10:24:59 copying spec: "/host/sys/devices/system/memory/memory45/state"
knit 2026/01/28 10:24:59   copying path: "/host/sys/devices/system/memory/memory45/state"
knit 2026/01/28 10:24:59     copying file: "/host/sys/devices/system/memory/memory45/state" -> "/tmp/perf-must-gather-58584043/host/sys/devices/system/memory/memory45/state"
knit 2026/01/28 10:24:59 creating /tmp/perf-must-gather-58584043/host/sys/devices/system/memory/memory45/state
knit 2026/01/28 10:24:59 copying spec: "/host/sys/devices/pci0000:00/0000:00:05.0/modalias"
knit 2026/01/28 10:24:59   copying path: "/host/sys/devices/pci0000:00/0000:00:05.0/modalias"
knit 2026/01/28 10:24:59     copying file: "/host/sys/devices/pci0000:00/0000:00:05.0/modalias" -> "/tmp/perf-must-gather-58584043/host/sys/devices/pci0000:00/0000:00:05.0/modalias"
knit 2026/01/28 10:24:59 creating /tmp/perf-must-gather-58584043/host/sys/devices/pci0000:00/0000:00:05.0/modalias
knit 2026/01/28 10:24:59 copying spec: "/host/proc/irq/27/effective_affinity_list"
knit 2026/01/28 10:24:59   copying path: "/host/proc/irq/27/effective_affinity_list"
knit 2026/01/28 10:24:59     copying file: "/host/proc/irq/27/effective_affinity_list" -> "/tmp/perf-must-gather-58584043/host/proc/irq/27/effective_affinity_list"
knit 2026/01/28 10:24:59 creating /tmp/perf-must-gather-58584043/host/proc/irq/27/effective_affinity_list
knit 2026/01/28 10:24:59 copying spec: "/host/sys/devices/system/cpu/cpu1/cache/index3/size"
knit 2026/01/28 10:24:59   copying path: "/host/sys/devices/system/cpu/cpu1/cache/index3/size"
knit 2026/01/28 10:24:59     copying file: "/host/sys/devices/system/cpu/cpu1/cache/index3/size" -> "/tmp/perf-must-gather-58584043/host/sys/devices/system/cpu/cpu1/cache/index3/size"
knit 2026/01/28 10:24:59 creating /tmp/perf-must-gather-58584043/host/sys/devices/system/cpu/cpu1/cache/index3/size
knit 2026/01/28 10:24:59 copying spec: "/host/sys/devices/system/cpu/cpu2/cache/index2/level"
knit 2026/01/28 10:24:59   copying path: "/host/sys/devices/system/cpu/cpu2/cache/index2/level"
knit 2026/01/28 10:24:59     copying file: "/host/sys/devices/system/cpu/cpu2/cache/index2/level" -> "/tmp/perf-must-gather-58584043/host/sys/devices/system/cpu/cpu2/cache/index2/level"
knit 2026/01/28 10:24:59 creating /tmp/perf-must-gather-58584043/host/sys/devices/system/cpu/cpu2/cache/index2/level
knit 2026/01/28 10:24:59 copying spec: "/host/sys/devices/system/cpu/cpu2/cache/index2/physical_line_partition"
knit 2026/01/28 10:24:59   copying path: "/host/sys/devices/system/cpu/cpu2/cache/index2/physical_line_partition"
knit 2026/01/28 10:24:59     copying file: "/host/sys/devices/system/cpu/cpu2/cache/index2/physical_line_partition" -> "/tmp/perf-must-gather-58584043/host/sys/devices/system/cpu/cpu2/cache/index2/physical_line_partition"
knit 2026/01/28 10:24:59 creating /tmp/perf-must-gather-58584043/host/sys/devices/system/cpu/cpu2/cache/index2/physical_line_partition
knit 2026/01/28 10:24:59 copying spec: "/host/sys/devices/system/cpu/cpu0/topology/cluster_cpus"
knit 2026/01/28 10:24:59   copying path: "/host/sys/devices/system/cpu/cpu0/topology/cluster_cpus"
knit 2026/01/28 10:24:59     copying file: "/host/sys/devices/system/cpu/cpu0/topology/cluster_cpus" -> "/tmp/perf-must-gather-58584043/host/sys/devices/system/cpu/cpu0/topology/cluster_cpus"
knit 2026/01/28 10:24:59 creating /tmp/perf-must-gather-58584043/host/sys/devices/system/cpu/cpu0/topology/cluster_cpus
knit 2026/01/28 10:24:59 copying spec: "/host/sys/devices/system/memory/memory54/online"
knit 2026/01/28 10:24:59   copying path: "/host/sys/devices/system/memory/memory54/online"
knit 2026/01/28 10:24:59     copying file: "/host/sys/devices/system/memory/memory54/online" -> "/tmp/perf-must-gather-58584043/host/sys/devices/system/memory/memory54/online"
knit 2026/01/28 10:24:59 creating /tmp/perf-must-gather-58584043/host/sys/devices/system/memory/memory54/online
knit 2026/01/28 10:24:59 copying spec: "/host/sys/devices/system/memory/memory69/online"
knit 2026/01/28 10:24:59   copying path: "/host/sys/devices/system/memory/memory69/online"
knit 2026/01/28 10:24:59     copying file: "/host/sys/devices/system/memory/memory69/online" -> "/tmp/perf-must-gather-58584043/host/sys/devices/system/memory/memory69/online"
knit 2026/01/28 10:24:59 creating /tmp/perf-must-gather-58584043/host/sys/devices/system/memory/memory69/online
knit 2026/01/28 10:24:59 copying spec: "/host/sys/devices/system/memory/memory83/online"
knit 2026/01/28 10:24:59   copying path: "/host/sys/devices/system/memory/memory83/online"
knit 2026/01/28 10:24:59     copying file: "/host/sys/devices/system/memory/memory83/online" -> "/tmp/perf-must-gather-58584043/host/sys/devices/system/memory/memory83/online"
knit 2026/01/28 10:24:59 creating /tmp/perf-must-gather-58584043/host/sys/devices/system/memory/memory83/online
knit 2026/01/28 10:24:59 copying spec: "/host/sys/devices/system/cpu/cpu1/cache/index3/shared_cpu_map"
knit 2026/01/28 10:24:59   copying path: "/host/sys/devices/system/cpu/cpu1/cache/index3/shared_cpu_map"
knit 2026/01/28 10:24:59     copying file: "/host/sys/devices/system/cpu/cpu1/cache/index3/shared_cpu_map" -> "/tmp/perf-must-gather-58584043/host/sys/devices/system/cpu/cpu1/cache/index3/shared_cpu_map"
knit 2026/01/28 10:24:59 creating /tmp/perf-must-gather-58584043/host/sys/devices/system/cpu/cpu1/cache/index3/shared_cpu_map
knit 2026/01/28 10:24:59 copying spec: "/host/sys/devices/system/memory/memory108/online"
knit 2026/01/28 10:24:59   copying path: "/host/sys/devices/system/memory/memory108/online"
knit 2026/01/28 10:24:59     copying file: "/host/sys/devices/system/memory/memory108/online" -> "/tmp/perf-must-gather-58584043/host/sys/devices/system/memory/memory108/online"
knit 2026/01/28 10:24:59 creating /tmp/perf-must-gather-58584043/host/sys/devices/system/memory/memory108/online
knit 2026/01/28 10:24:59 copying spec: "/host/sys/devices/system/memory/memory59/online"
knit 2026/01/28 10:24:59   copying path: "/host/sys/devices/system/memory/memory59/online"
knit 2026/01/28 10:24:59     copying file: "/host/sys/devices/system/memory/memory59/online" -> "/tmp/perf-must-gather-58584043/host/sys/devices/system/memory/memory59/online"
knit 2026/01/28 10:24:59 creating /tmp/perf-must-gather-58584043/host/sys/devices/system/memory/memory59/online
knit 2026/01/28 10:24:59 copying spec: "/host/sys/devices/system/memory/memory39/state"
knit 2026/01/28 10:24:59   copying path: "/host/sys/devices/system/memory/memory39/state"
knit 2026/01/28 10:24:59     copying file: "/host/sys/devices/system/memory/memory39/state" -> "/tmp/perf-must-gather-58584043/host/sys/devices/system/memory/memory39/state"
knit 2026/01/28 10:24:59 creating /tmp/perf-must-gather-58584043/host/sys/devices/system/memory/memory39/state
knit 2026/01/28 10:24:59 copying spec: "/host/sys/devices/system/memory/memory41/state"
knit 2026/01/28 10:24:59   copying path: "/host/sys/devices/system/memory/memory41/state"
knit 2026/01/28 10:24:59     copying file: "/host/sys/devices/system/memory/memory41/state" -> "/tmp/perf-must-gather-58584043/host/sys/devices/system/memory/memory41/state"
knit 2026/01/28 10:24:59 creating /tmp/perf-must-gather-58584043/host/sys/devices/system/memory/memory41/state
knit 2026/01/28 10:24:59 copying spec: "/host/proc/irq/15/smp_affinity_list"
knit 2026/01/28 10:24:59   copying path: "/host/proc/irq/15/smp_affinity_list"
knit 2026/01/28 10:24:59     copying file: "/host/proc/irq/15/smp_affinity_list" -> "/tmp/perf-must-gather-58584043/host/proc/irq/15/smp_affinity_list"
knit 2026/01/28 10:24:59 creating /tmp/perf-must-gather-58584043/host/proc/irq/15/smp_affinity_list
knit 2026/01/28 10:24:59 copying spec: "/host/proc/irq/9/effective_affinity_list"
knit 2026/01/28 10:24:59   copying path: "/host/proc/irq/9/effective_affinity_list"
knit 2026/01/28 10:24:59     copying file: "/host/proc/irq/9/effective_affinity_list" -> "/tmp/perf-must-gather-58584043/host/proc/irq/9/effective_affinity_list"
knit 2026/01/28 10:24:59 creating /tmp/perf-must-gather-58584043/host/proc/irq/9/effective_affinity_list
knit 2026/01/28 10:24:59 copying spec: "/host/sys/devices/system/cpu/cpu0/cache/index0/shared_cpu_list"
knit 2026/01/28 10:24:59   copying path: "/host/sys/devices/system/cpu/cpu0/cache/index0/shared_cpu_list"
knit 2026/01/28 10:24:59     copying file: "/host/sys/devices/system/cpu/cpu0/cache/index0/shared_cpu_list" -> "/tmp/perf-must-gather-58584043/host/sys/devices/system/cpu/cpu0/cache/index0/shared_cpu_list"
knit 2026/01/28 10:24:59 creating /tmp/perf-must-gather-58584043/host/sys/devices/system/cpu/cpu0/cache/index0/shared_cpu_list
knit 2026/01/28 10:24:59 copying spec: "/host/sys/devices/system/cpu/cpu1/cache/index2/physical_line_partition"
knit 2026/01/28 10:24:59   copying path: "/host/sys/devices/system/cpu/cpu1/cache/index2/physical_line_partition"
knit 2026/01/28 10:24:59     copying file: "/host/sys/devices/system/cpu/cpu1/cache/index2/physical_line_partition" -> "/tmp/perf-must-gather-58584043/host/sys/devices/system/cpu/cpu1/cache/index2/physical_line_partition"
knit 2026/01/28 10:24:59 creating /tmp/perf-must-gather-58584043/host/sys/devices/system/cpu/cpu1/cache/index2/physical_line_partition
knit 2026/01/28 10:24:59 copying spec: "/host/sys/devices/system/cpu/cpu2/cache/index1/level"
knit 2026/01/28 10:24:59   copying path: "/host/sys/devices/system/cpu/cpu2/cache/index1/level"
knit 2026/01/28 10:24:59     copying file: "/host/sys/devices/system/cpu/cpu2/cache/index1/level" -> "/tmp/perf-must-gather-58584043/host/sys/devices/system/cpu/cpu2/cache/index1/level"
knit 2026/01/28 10:24:59 creating /tmp/perf-must-gather-58584043/host/sys/devices/system/cpu/cpu2/cache/index1/level
knit 2026/01/28 10:24:59 copying spec: "/host/sys/devices/system/cpu/cpu2/cache/index2/shared_cpu_list"
knit 2026/01/28 10:24:59   copying path: "/host/sys/devices/system/cpu/cpu2/cache/index2/shared_cpu_list"
knit 2026/01/28 10:24:59     copying file: "/host/sys/devices/system/cpu/cpu2/cache/index2/shared_cpu_list" -> "/tmp/perf-must-gather-58584043/host/sys/devices/system/cpu/cpu2/cache/index2/shared_cpu_list"
knit 2026/01/28 10:24:59 creating /tmp/perf-must-gather-58584043/host/sys/devices/system/cpu/cpu2/cache/index2/shared_cpu_list
knit 2026/01/28 10:24:59 copying spec: "/host/sys/devices/system/memory/memory112/state"
knit 2026/01/28 10:24:59   copying path: "/host/sys/devices/system/memory/memory112/state"
knit 2026/01/28 10:24:59     copying file: "/host/sys/devices/system/memory/memory112/state" -> "/tmp/perf-must-gather-58584043/host/sys/devices/system/memory/memory112/state"
knit 2026/01/28 10:24:59 creating /tmp/perf-must-gather-58584043/host/sys/devices/system/memory/memory112/state
knit 2026/01/28 10:24:59 copying spec: "/host/sys/devices/pci0000:00/0000:00:01.0/local_cpulist"
knit 2026/01/28 10:24:59   copying path: "/host/sys/devices/pci0000:00/0000:00:01.0/local_cpulist"
knit 2026/01/28 10:24:59     copying file: "/host/sys/devices/pci0000:00/0000:00:01.0/local_cpulist" -> "/tmp/perf-must-gather-58584043/host/sys/devices/pci0000:00/0000:00:01.0/local_cpulist"
knit 2026/01/28 10:24:59 creating /tmp/perf-must-gather-58584043/host/sys/devices/pci0000:00/0000:00:01.0/local_cpulist
knit 2026/01/28 10:24:59 copying spec: "/host/sys/devices/system/cpu/cpu0/cache/index2/number_of_sets"
knit 2026/01/28 10:24:59   copying path: "/host/sys/devices/system/cpu/cpu0/cache/index2/number_of_sets"
knit 2026/01/28 10:24:59     copying file: "/host/sys/devices/system/cpu/cpu0/cache/index2/number_of_sets" -> "/tmp/perf-must-gather-58584043/host/sys/devices/system/cpu/cpu0/cache/index2/number_of_sets"
knit 2026/01/28 10:24:59 creating /tmp/perf-must-gather-58584043/host/sys/devices/system/cpu/cpu0/cache/index2/number_of_sets
knit 2026/01/28 10:24:59 copying spec: "/host/sys/devices/system/cpu/cpu1/cache/index2/shared_cpu_map"
knit 2026/01/28 10:24:59   copying path: "/host/sys/devices/system/cpu/cpu1/cache/index2/shared_cpu_map"
knit 2026/01/28 10:24:59     copying file: "/host/sys/devices/system/cpu/cpu1/cache/index2/shared_cpu_map" -> "/tmp/perf-must-gather-58584043/host/sys/devices/system/cpu/cpu1/cache/index2/shared_cpu_map"
knit 2026/01/28 10:24:59 creating /tmp/perf-must-gather-58584043/host/sys/devices/system/cpu/cpu1/cache/index2/shared_cpu_map
knit 2026/01/28 10:24:59 copying spec: "/host/sys/devices/system/cpu/cpu2/cache/index3/id"
knit 2026/01/28 10:24:59   copying path: "/host/sys/devices/system/cpu/cpu2/cache/index3/id"
knit 2026/01/28 10:24:59     copying file: "/host/sys/devices/system/cpu/cpu2/cache/index3/id" -> "/tmp/perf-must-gather-58584043/host/sys/devices/system/cpu/cpu2/cache/index3/id"
knit 2026/01/28 10:24:59 creating /tmp/perf-must-gather-58584043/host/sys/devices/system/cpu/cpu2/cache/index3/id
knit 2026/01/28 10:24:59 copying spec: "/host/sys/devices/system/cpu/cpu2/cache/index3/ways_of_associativity"
knit 2026/01/28 10:24:59   copying path: "/host/sys/devices/system/cpu/cpu2/cache/index3/ways_of_associativity"
knit 2026/01/28 10:24:59     copying file: "/host/sys/devices/system/cpu/cpu2/cache/index3/ways_of_associativity" -> "/tmp/perf-must-gather-58584043/host/sys/devices/system/cpu/cpu2/cache/index3/ways_of_associativity"
knit 2026/01/28 10:24:59 creating /tmp/perf-must-gather-58584043/host/sys/devices/system/cpu/cpu2/cache/index3/ways_of_associativity
knit 2026/01/28 10:24:59 copying spec: "/host/sys/devices/system/cpu/cpu3/cache/index1/level"
knit 2026/01/28 10:24:59   copying path: "/host/sys/devices/system/cpu/cpu3/cache/index1/level"
knit 2026/01/28 10:24:59     copying file: "/host/sys/devices/system/cpu/cpu3/cache/index1/level" -> "/tmp/perf-must-gather-58584043/host/sys/devices/system/cpu/cpu3/cache/index1/level"
knit 2026/01/28 10:24:59 creating /tmp/perf-must-gather-58584043/host/sys/devices/system/cpu/cpu3/cache/index1/level
knit 2026/01/28 10:24:59 copying spec: "/host/sys/devices/system/memory/memory40/state"
knit 2026/01/28 10:24:59   copying path: "/host/sys/devices/system/memory/memory40/state"
knit 2026/01/28 10:24:59     copying file: "/host/sys/devices/system/memory/memory40/state" -> "/tmp/perf-must-gather-58584043/host/sys/devices/system/memory/memory40/state"
knit 2026/01/28 10:24:59 creating /tmp/perf-must-gather-58584043/host/sys/devices/system/memory/memory40/state
knit 2026/01/28 10:24:59 copying spec: "/host/proc/irq/10/smp_affinity_list"
knit 2026/01/28 10:24:59   copying path: "/host/proc/irq/10/smp_affinity_list"
knit 2026/01/28 10:24:59     copying file: "/host/proc/irq/10/smp_affinity_list" -> "/tmp/perf-must-gather-58584043/host/proc/irq/10/smp_affinity_list"
knit 2026/01/28 10:24:59 creating /tmp/perf-must-gather-58584043/host/proc/irq/10/smp_affinity_list
knit 2026/01/28 10:24:59 copying spec: "/host/sys/devices/system/cpu/cpu0/cache/index2/shared_cpu_list"
knit 2026/01/28 10:24:59   copying path: "/host/sys/devices/system/cpu/cpu0/cache/index2/shared_cpu_list"
knit 2026/01/28 10:24:59     copying file: "/host/sys/devices/system/cpu/cpu0/cache/index2/shared_cpu_list" -> "/tmp/perf-must-gather-58584043/host/sys/devices/system/cpu/cpu0/cache/index2/shared_cpu_list"
knit 2026/01/28 10:24:59 creating /tmp/perf-must-gather-58584043/host/sys/devices/system/cpu/cpu0/cache/index2/shared_cpu_list
knit 2026/01/28 10:24:59 copying spec: "/host/sys/devices/system/cpu/cpu2/cache/index1/number_of_sets"
knit 2026/01/28 10:24:59   copying path: "/host/sys/devices/system/cpu/cpu2/cache/index1/number_of_sets"
knit 2026/01/28 10:24:59     copying file: "/host/sys/devices/system/cpu/cpu2/cache/index1/number_of_sets" -> "/tmp/perf-must-gather-58584043/host/sys/devices/system/cpu/cpu2/cache/index1/number_of_sets"
knit 2026/01/28 10:24:59 creating /tmp/perf-must-gather-58584043/host/sys/devices/system/cpu/cpu2/cache/index1/number_of_sets
knit 2026/01/28 10:24:59 copying spec: "/host/sys/devices/system/cpu/cpu1/topology/package_cpus_list"
knit 2026/01/28 10:24:59   copying path: "/host/sys/devices/system/cpu/cpu1/topology/package_cpus_list"
knit 2026/01/28 10:24:59     copying file: "/host/sys/devices/system/cpu/cpu1/topology/package_cpus_list" -> "/tmp/perf-must-gather-58584043/host/sys/devices/system/cpu/cpu1/topology/package_cpus_list"
knit 2026/01/28 10:24:59 creating /tmp/perf-must-gather-58584043/host/sys/devices/system/cpu/cpu1/topology/package_cpus_list
knit 2026/01/28 10:24:59 copying spec: "/host/sys/devices/system/cpu/cpu2/topology/core_cpus"
knit 2026/01/28 10:24:59   copying path: "/host/sys/devices/system/cpu/cpu2/topology/core_cpus"
knit 2026/01/28 10:24:59     copying file: "/host/sys/devices/system/cpu/cpu2/topology/core_cpus" -> "/tmp/perf-must-gather-58584043/host/sys/devices/system/cpu/cpu2/topology/core_cpus"
knit 2026/01/28 10:24:59 creating /tmp/perf-must-gather-58584043/host/sys/devices/system/cpu/cpu2/topology/core_cpus
knit 2026/01/28 10:24:59 copying spec: "/host/sys/devices/system/memory/memory98/state"
knit 2026/01/28 10:24:59   copying path: "/host/sys/devices/system/memory/memory98/state"
knit 2026/01/28 10:24:59     copying file: "/host/sys/devices/system/memory/memory98/state" -> "/tmp/perf-must-gather-58584043/host/sys/devices/system/memory/memory98/state"
knit 2026/01/28 10:24:59 creating /tmp/perf-must-gather-58584043/host/sys/devices/system/memory/memory98/state
knit 2026/01/28 10:24:59 copying spec: "/host/sys/bus/pci/drivers/8250_mid"
knit 2026/01/28 10:24:59   copying path: "/host/sys/bus/pci/drivers/8250_mid"
knit 2026/01/28 10:24:59 copying spec: "/host/proc/irq/26/effective_affinity_list"
knit 2026/01/28 10:24:59   copying path: "/host/proc/irq/26/effective_affinity_list"
knit 2026/01/28 10:24:59     copying file: "/host/proc/irq/26/effective_affinity_list" -> "/tmp/perf-must-gather-58584043/host/proc/irq/26/effective_affinity_list"
knit 2026/01/28 10:24:59 creating /tmp/perf-must-gather-58584043/host/proc/irq/26/effective_affinity_list
knit 2026/01/28 10:24:59 copying spec: "/host/sys/devices/system/cpu/cpu2/cache/index0/number_of_sets"
knit 2026/01/28 10:24:59   copying path: "/host/sys/devices/system/cpu/cpu2/cache/index0/number_of_sets"
knit 2026/01/28 10:24:59     copying file: "/host/sys/devices/system/cpu/cpu2/cache/index0/number_of_sets" -> "/tmp/perf-must-gather-58584043/host/sys/devices/system/cpu/cpu2/cache/index0/number_of_sets"
knit 2026/01/28 10:24:59 creating /tmp/perf-must-gather-58584043/host/sys/devices/system/cpu/cpu2/cache/index0/number_of_sets
knit 2026/01/28 10:24:59 copying spec: "/host/sys/devices/system/cpu/cpu3/cache/index2/level"
knit 2026/01/28 10:24:59   copying path: "/host/sys/devices/system/cpu/cpu3/cache/index2/level"
knit 2026/01/28 10:24:59     copying file: "/host/sys/devices/system/cpu/cpu3/cache/index2/level" -> "/tmp/perf-must-gather-58584043/host/sys/devices/system/cpu/cpu3/cache/index2/level"
knit 2026/01/28 10:24:59 creating /tmp/perf-must-gather-58584043/host/sys/devices/system/cpu/cpu3/cache/index2/level
knit 2026/01/28 10:24:59 copying spec: "/host/sys/devices/system/memory/memory13/online"
knit 2026/01/28 10:24:59   copying path: "/host/sys/devices/system/memory/memory13/online"
knit 2026/01/28 10:24:59     copying file: "/host/sys/devices/system/memory/memory13/online" -> "/tmp/perf-must-gather-58584043/host/sys/devices/system/memory/memory13/online"
knit 2026/01/28 10:24:59 creating /tmp/perf-must-gather-58584043/host/sys/devices/system/memory/memory13/online
knit 2026/01/28 10:24:59 copying spec: "/host/sys/devices/system/memory/memory49/online"
knit 2026/01/28 10:24:59   copying path: "/host/sys/devices/system/memory/memory49/online"
knit 2026/01/28 10:24:59     copying file: "/host/sys/devices/system/memory/memory49/online" -> "/tmp/perf-must-gather-58584043/host/sys/devices/system/memory/memory49/online"
knit 2026/01/28 10:24:59 creating /tmp/perf-must-gather-58584043/host/sys/devices/system/memory/memory49/online
knit 2026/01/28 10:24:59 copying spec: "/host/sys/devices/system/memory/memory62/online"
knit 2026/01/28 10:24:59   copying path: "/host/sys/devices/system/memory/memory62/online"
knit 2026/01/28 10:24:59     copying file: "/host/sys/devices/system/memory/memory62/online" -> "/tmp/perf-must-gather-58584043/host/sys/devices/system/memory/memory62/online"
knit 2026/01/28 10:24:59 creating /tmp/perf-must-gather-58584043/host/sys/devices/system/memory/memory62/online
knit 2026/01/28 10:24:59 copying spec: "/host/sys/devices/system/memory/memory52/state"
knit 2026/01/28 10:24:59   copying path: "/host/sys/devices/system/memory/memory52/state"
knit 2026/01/28 10:24:59     copying file: "/host/sys/devices/system/memory/memory52/state" -> "/tmp/perf-must-gather-58584043/host/sys/devices/system/memory/memory52/state"
knit 2026/01/28 10:24:59 creating /tmp/perf-must-gather-58584043/host/sys/devices/system/memory/memory52/state
knit 2026/01/28 10:24:59 copying spec: "/host/sys/devices/system/memory/memory83/state"
knit 2026/01/28 10:24:59   copying path: "/host/sys/devices/system/memory/memory83/state"
knit 2026/01/28 10:24:59     copying file: "/host/sys/devices/system/memory/memory83/state" -> "/tmp/perf-must-gather-58584043/host/sys/devices/system/memory/memory83/state"
knit 2026/01/28 10:24:59 creating /tmp/perf-must-gather-58584043/host/sys/devices/system/memory/memory83/state
knit 2026/01/28 10:24:59 copying spec: "/host/proc/irq/12/effective_affinity_list"
knit 2026/01/28 10:24:59   copying path: "/host/proc/irq/12/effective_affinity_list"
knit 2026/01/28 10:24:59     copying file: "/host/proc/irq/12/effective_affinity_list" -> "/tmp/perf-must-gather-58584043/host/proc/irq/12/effective_affinity_list"
knit 2026/01/28 10:24:59 creating /tmp/perf-must-gather-58584043/host/proc/irq/12/effective_affinity_list
knit 2026/01/28 10:24:59 copying spec: "/host/proc/irq/14/effective_affinity_list"
knit 2026/01/28 10:24:59   copying path: "/host/proc/irq/14/effective_affinity_list"
knit 2026/01/28 10:24:59     copying file: "/host/proc/irq/14/effective_affinity_list" -> "/tmp/perf-must-gather-58584043/host/proc/irq/14/effective_affinity_list"
knit 2026/01/28 10:24:59 creating /tmp/perf-must-gather-58584043/host/proc/irq/14/effective_affinity_list
knit 2026/01/28 10:24:59 copying spec: "/host/sys/devices/system/cpu/cpu1/cache/index3/ways_of_associativity"
knit 2026/01/28 10:24:59   copying path: "/host/sys/devices/system/cpu/cpu1/cache/index3/ways_of_associativity"
knit 2026/01/28 10:24:59     copying file: "/host/sys/devices/system/cpu/cpu1/cache/index3/ways_of_associativity" -> "/tmp/perf-must-gather-58584043/host/sys/devices/system/cpu/cpu1/cache/index3/ways_of_associativity"
knit 2026/01/28 10:24:59 creating /tmp/perf-must-gather-58584043/host/sys/devices/system/cpu/cpu1/cache/index3/ways_of_associativity
knit 2026/01/28 10:24:59 copying spec: "/host/sys/devices/system/cpu/cpu3/cache/index2/id"
knit 2026/01/28 10:24:59   copying path: "/host/sys/devices/system/cpu/cpu3/cache/index2/id"
knit 2026/01/28 10:24:59     copying file: "/host/sys/devices/system/cpu/cpu3/cache/index2/id" -> "/tmp/perf-must-gather-58584043/host/sys/devices/system/cpu/cpu3/cache/index2/id"
knit 2026/01/28 10:24:59 creating /tmp/perf-must-gather-58584043/host/sys/devices/system/cpu/cpu3/cache/index2/id
knit 2026/01/28 10:24:59 copying spec: "/host/sys/devices/system/cpu/cpu2/topology/physical_package_id"
knit 2026/01/28 10:24:59   copying path: "/host/sys/devices/system/cpu/cpu2/topology/physical_package_id"
knit 2026/01/28 10:24:59     copying file: "/host/sys/devices/system/cpu/cpu2/topology/physical_package_id" -> "/tmp/perf-must-gather-58584043/host/sys/devices/system/cpu/cpu2/topology/physical_package_id"
knit 2026/01/28 10:24:59 creating /tmp/perf-must-gather-58584043/host/sys/devices/system/cpu/cpu2/topology/physical_package_id
knit 2026/01/28 10:24:59 copying spec: "/host/sys/devices/system/cpu/cpu2/topology/thread_siblings_list"
knit 2026/01/28 10:24:59   copying path: "/host/sys/devices/system/cpu/cpu2/topology/thread_siblings_list"
knit 2026/01/28 10:24:59     copying file: "/host/sys/devices/system/cpu/cpu2/topology/thread_siblings_list" -> "/tmp/perf-must-gather-58584043/host/sys/devices/system/cpu/cpu2/topology/thread_siblings_list"
knit 2026/01/28 10:24:59 creating /tmp/perf-must-gather-58584043/host/sys/devices/system/cpu/cpu2/topology/thread_siblings_list
knit 2026/01/28 10:24:59 copying spec: "/host/sys/devices/system/memory/memory117/state"
knit 2026/01/28 10:24:59   copying path: "/host/sys/devices/system/memory/memory117/state"
knit 2026/01/28 10:24:59     copying file: "/host/sys/devices/system/memory/memory117/state" -> "/tmp/perf-must-gather-58584043/host/sys/devices/system/memory/memory117/state"
knit 2026/01/28 10:24:59 creating /tmp/perf-must-gather-58584043/host/sys/devices/system/memory/memory117/state
knit 2026/01/28 10:24:59 copying spec: "/host/sys/devices/pci0000:00/0000:00:05.0/revision"
knit 2026/01/28 10:24:59   copying path: "/host/sys/devices/pci0000:00/0000:00:05.0/revision"
knit 2026/01/28 10:24:59     copying file: "/host/sys/devices/pci0000:00/0000:00:05.0/revision" -> "/tmp/perf-must-gather-58584043/host/sys/devices/pci0000:00/0000:00:05.0/revision"
knit 2026/01/28 10:24:59 creating /tmp/perf-must-gather-58584043/host/sys/devices/pci0000:00/0000:00:05.0/revision
knit 2026/01/28 10:24:59 copying spec: "/host/proc/irq/10/node"
knit 2026/01/28 10:24:59   copying path: "/host/proc/irq/10/node"
knit 2026/01/28 10:24:59     copying file: "/host/proc/irq/10/node" -> "/tmp/perf-must-gather-58584043/host/proc/irq/10/node"
knit 2026/01/28 10:24:59 creating /tmp/perf-must-gather-58584043/host/proc/irq/10/node
knit 2026/01/28 10:24:59 copying spec: "/host/sys/devices/system/cpu/cpu2/topology/thread_siblings"
knit 2026/01/28 10:24:59   copying path: "/host/sys/devices/system/cpu/cpu2/topology/thread_siblings"
knit 2026/01/28 10:24:59     copying file: "/host/sys/devices/system/cpu/cpu2/topology/thread_siblings" -> "/tmp/perf-must-gather-58584043/host/sys/devices/system/cpu/cpu2/topology/thread_siblings"
knit 2026/01/28 10:24:59 creating /tmp/perf-must-gather-58584043/host/sys/devices/system/cpu/cpu2/topology/thread_siblings
knit 2026/01/28 10:24:59 copying spec: "/host/sys/devices/system/memory/memory121/online"
knit 2026/01/28 10:24:59   copying path: "/host/sys/devices/system/memory/memory121/online"
knit 2026/01/28 10:24:59     copying file: "/host/sys/devices/system/memory/memory121/online" -> "/tmp/perf-must-gather-58584043/host/sys/devices/system/memory/memory121/online"
knit 2026/01/28 10:24:59 creating /tmp/perf-must-gather-58584043/host/sys/devices/system/memory/memory121/online
knit 2026/01/28 10:24:59 copying spec: "/host/sys/devices/system/memory/memory64/online"
knit 2026/01/28 10:24:59   copying path: "/host/sys/devices/system/memory/memory64/online"
knit 2026/01/28 10:24:59     copying file: "/host/sys/devices/system/memory/memory64/online" -> "/tmp/perf-must-gather-58584043/host/sys/devices/system/memory/memory64/online"
knit 2026/01/28 10:24:59 creating /tmp/perf-must-gather-58584043/host/sys/devices/system/memory/memory64/online
knit 2026/01/28 10:24:59 copying spec: "/host/sys/devices/system/memory/memory130/state"
knit 2026/01/28 10:24:59   copying path: "/host/sys/devices/system/memory/memory130/state"
knit 2026/01/28 10:24:59     copying file: "/host/sys/devices/system/memory/memory130/state" -> "/tmp/perf-must-gather-58584043/host/sys/devices/system/memory/memory130/state"
knit 2026/01/28 10:24:59 creating /tmp/perf-must-gather-58584043/host/sys/devices/system/memory/memory130/state
knit 2026/01/28 10:24:59 copying spec: "/host/sys/devices/system/memory/memory90/state"
knit 2026/01/28 10:24:59   copying path: "/host/sys/devices/system/memory/memory90/state"
knit 2026/01/28 10:24:59     copying file: "/host/sys/devices/system/memory/memory90/state" -> "/tmp/perf-must-gather-58584043/host/sys/devices/system/memory/memory90/state"
knit 2026/01/28 10:24:59 creating /tmp/perf-must-gather-58584043/host/sys/devices/system/memory/memory90/state
knit 2026/01/28 10:24:59 copying spec: "/host/proc/cmdline"
knit 2026/01/28 10:24:59   copying path: "/host/proc/cmdline"
knit 2026/01/28 10:24:59     copying file: "/host/proc/cmdline" -> "/tmp/perf-must-gather-58584043/host/proc/cmdline"
knit 2026/01/28 10:24:59 creating /tmp/perf-must-gather-58584043/host/proc/cmdline
knit 2026/01/28 10:24:59 copying spec: "/host/sys/devices/system/cpu/cpu2/cache/index1/shared_cpu_map"
knit 2026/01/28 10:24:59   copying path: "/host/sys/devices/system/cpu/cpu2/cache/index1/shared_cpu_map"
knit 2026/01/28 10:24:59     copying file: "/host/sys/devices/system/cpu/cpu2/cache/index1/shared_cpu_map" -> "/tmp/perf-must-gather-58584043/host/sys/devices/system/cpu/cpu2/cache/index1/shared_cpu_map"
knit 2026/01/28 10:24:59 creating /tmp/perf-must-gather-58584043/host/sys/devices/system/cpu/cpu2/cache/index1/shared_cpu_map
knit 2026/01/28 10:24:59 copying spec: "/host/sys/devices/system/cpu/cpu1/topology/die_id"
knit 2026/01/28 10:24:59   copying path: "/host/sys/devices/system/cpu/cpu1/topology/die_id"
knit 2026/01/28 10:24:59     copying file: "/host/sys/devices/system/cpu/cpu1/topology/die_id" -> "/tmp/perf-must-gather-58584043/host/sys/devices/system/cpu/cpu1/topology/die_id"
knit 2026/01/28 10:24:59 creating /tmp/perf-must-gather-58584043/host/sys/devices/system/cpu/cpu1/topology/die_id
knit 2026/01/28 10:24:59 copying spec: "/host/sys/devices/system/memory/memory120/online"
knit 2026/01/28 10:24:59   copying path: "/host/sys/devices/system/memory/memory120/online"
knit 2026/01/28 10:24:59     copying file: "/host/sys/devices/system/memory/memory120/online" -> "/tmp/perf-must-gather-58584043/host/sys/devices/system/memory/memory120/online"
knit 2026/01/28 10:24:59 creating /tmp/perf-must-gather-58584043/host/sys/devices/system/memory/memory120/online
knit 2026/01/28 10:24:59 copying spec: "/host/sys/devices/system/memory/memory32/online"
knit 2026/01/28 10:24:59   copying path: "/host/sys/devices/system/memory/memory32/online"
knit 2026/01/28 10:24:59     copying file: "/host/sys/devices/system/memory/memory32/online" -> "/tmp/perf-must-gather-58584043/host/sys/devices/system/memory/memory32/online"
knit 2026/01/28 10:24:59 creating /tmp/perf-must-gather-58584043/host/sys/devices/system/memory/memory32/online
knit 2026/01/28 10:24:59 copying spec: "/host/sys/devices/system/memory/memory89/online"
knit 2026/01/28 10:24:59   copying path: "/host/sys/devices/system/memory/memory89/online"
knit 2026/01/28 10:24:59     copying file: "/host/sys/devices/system/memory/memory89/online" -> "/tmp/perf-must-gather-58584043/host/sys/devices/system/memory/memory89/online"
knit 2026/01/28 10:24:59 creating /tmp/perf-must-gather-58584043/host/sys/devices/system/memory/memory89/online
knit 2026/01/28 10:24:59 copying spec: "/host/sys/devices/system/memory/memory92/online"
knit 2026/01/28 10:24:59   copying path: "/host/sys/devices/system/memory/memory92/online"
knit 2026/01/28 10:24:59     copying file: "/host/sys/devices/system/memory/memory92/online" -> "/tmp/perf-must-gather-58584043/host/sys/devices/system/memory/memory92/online"
knit 2026/01/28 10:24:59 creating /tmp/perf-must-gather-58584043/host/sys/devices/system/memory/memory92/online
knit 2026/01/28 10:24:59 copying spec: "/host/sys/devices/pci0000:00/0000:00:01.3/modalias"
knit 2026/01/28 10:24:59   copying path: "/host/sys/devices/pci0000:00/0000:00:01.3/modalias"
knit 2026/01/28 10:24:59     copying file: "/host/sys/devices/pci0000:00/0000:00:01.3/modalias" -> "/tmp/perf-must-gather-58584043/host/sys/devices/pci0000:00/0000:00:01.3/modalias"
knit 2026/01/28 10:24:59 creating /tmp/perf-must-gather-58584043/host/sys/devices/pci0000:00/0000:00:01.3/modalias
knit 2026/01/28 10:24:59 copying spec: "/host/proc/irq/12/smp_affinity_list"
knit 2026/01/28 10:24:59   copying path: "/host/proc/irq/12/smp_affinity_list"
knit 2026/01/28 10:24:59     copying file: "/host/proc/irq/12/smp_affinity_list" -> "/tmp/perf-must-gather-58584043/host/proc/irq/12/smp_affinity_list"
knit 2026/01/28 10:24:59 creating /tmp/perf-must-gather-58584043/host/proc/irq/12/smp_affinity_list
knit 2026/01/28 10:24:59 copying spec: "/host/sys/devices/system/cpu/cpu3/topology/package_cpus_list"
knit 2026/01/28 10:24:59   copying path: "/host/sys/devices/system/cpu/cpu3/topology/package_cpus_list"
knit 2026/01/28 10:24:59     copying file: "/host/sys/devices/system/cpu/cpu3/topology/package_cpus_list" -> "/tmp/perf-must-gather-58584043/host/sys/devices/system/cpu/cpu3/topology/package_cpus_list"
knit 2026/01/28 10:24:59 creating /tmp/perf-must-gather-58584043/host/sys/devices/system/cpu/cpu3/topology/package_cpus_list
knit 2026/01/28 10:24:59 copying spec: "/host/sys/devices/system/memory/memory23/online"
knit 2026/01/28 10:24:59   copying path: "/host/sys/devices/system/memory/memory23/online"
knit 2026/01/28 10:24:59     copying file: "/host/sys/devices/system/memory/memory23/online" -> "/tmp/perf-must-gather-58584043/host/sys/devices/system/memory/memory23/online"
knit 2026/01/28 10:24:59 creating /tmp/perf-must-gather-58584043/host/sys/devices/system/memory/memory23/online
knit 2026/01/28 10:24:59 copying spec: "/host/sys/devices/system/memory/memory9/online"
knit 2026/01/28 10:24:59   copying path: "/host/sys/devices/system/memory/memory9/online"
knit 2026/01/28 10:24:59     copying file: "/host/sys/devices/system/memory/memory9/online" -> "/tmp/perf-must-gather-58584043/host/sys/devices/system/memory/memory9/online"
knit 2026/01/28 10:24:59 creating /tmp/perf-must-gather-58584043/host/sys/devices/system/memory/memory9/online
knit 2026/01/28 10:24:59 copying spec: "/host/sys/devices/system/memory/memory107/state"
knit 2026/01/28 10:24:59   copying path: "/host/sys/devices/system/memory/memory107/state"
knit 2026/01/28 10:24:59     copying file: "/host/sys/devices/system/memory/memory107/state" -> "/tmp/perf-must-gather-58584043/host/sys/devices/system/memory/memory107/state"
knit 2026/01/28 10:24:59 creating /tmp/perf-must-gather-58584043/host/sys/devices/system/memory/memory107/state
knit 2026/01/28 10:24:59 copying spec: "/host/sys/devices/system/memory/memory110/state"
knit 2026/01/28 10:24:59   copying path: "/host/sys/devices/system/memory/memory110/state"
knit 2026/01/28 10:24:59     copying file: "/host/sys/devices/system/memory/memory110/state" -> "/tmp/perf-must-gather-58584043/host/sys/devices/system/memory/memory110/state"
knit 2026/01/28 10:24:59 creating /tmp/perf-must-gather-58584043/host/sys/devices/system/memory/memory110/state
knit 2026/01/28 10:24:59 copying spec: "/host/sys/devices/system/node/has_memory"
knit 2026/01/28 10:24:59   copying path: "/host/sys/devices/system/node/has_memory"
knit 2026/01/28 10:24:59     copying file: "/host/sys/devices/system/node/has_memory" -> "/tmp/perf-must-gather-58584043/host/sys/devices/system/node/has_memory"
knit 2026/01/28 10:24:59 creating /tmp/perf-must-gather-58584043/host/sys/devices/system/node/has_memory
knit 2026/01/28 10:24:59 copying spec: "/host/sys/bus/pci/drivers/serial"
knit 2026/01/28 10:24:59   copying path: "/host/sys/bus/pci/drivers/serial"
knit 2026/01/28 10:24:59 copying spec: "/host/sys/devices/system/cpu/cpu0/cache/index2/shared_cpu_map"
knit 2026/01/28 10:24:59   copying path: "/host/sys/devices/system/cpu/cpu0/cache/index2/shared_cpu_map"
knit 2026/01/28 10:24:59     copying file: "/host/sys/devices/system/cpu/cpu0/cache/index2/shared_cpu_map" -> "/tmp/perf-must-gather-58584043/host/sys/devices/system/cpu/cpu0/cache/index2/shared_cpu_map"
knit 2026/01/28 10:24:59 creating /tmp/perf-must-gather-58584043/host/sys/devices/system/cpu/cpu0/cache/index2/shared_cpu_map
knit 2026/01/28 10:24:59 copying spec: "/host/sys/devices/system/cpu/cpu0/cache/index3/physical_line_partition"
knit 2026/01/28 10:24:59   copying path: "/host/sys/devices/system/cpu/cpu0/cache/index3/physical_line_partition"
knit 2026/01/28 10:24:59     copying file: "/host/sys/devices/system/cpu/cpu0/cache/index3/physical_line_partition" -> "/tmp/perf-must-gather-58584043/host/sys/devices/system/cpu/cpu0/cache/index3/physical_line_partition"
knit 2026/01/28 10:24:59 creating /tmp/perf-must-gather-58584043/host/sys/devices/system/cpu/cpu0/cache/index3/physical_line_partition
knit 2026/01/28 10:24:59 copying spec: "/host/sys/devices/system/cpu/cpu1/cache/index2/number_of_sets"
knit 2026/01/28 10:24:59   copying path: "/host/sys/devices/system/cpu/cpu1/cache/index2/number_of_sets"
knit 2026/01/28 10:24:59     copying file: "/host/sys/devices/system/cpu/cpu1/cache/index2/number_of_sets" -> "/tmp/perf-must-gather-58584043/host/sys/devices/system/cpu/cpu1/cache/index2/number_of_sets"
knit 2026/01/28 10:24:59 creating /tmp/perf-must-gather-58584043/host/sys/devices/system/cpu/cpu1/cache/index2/number_of_sets
knit 2026/01/28 10:24:59 copying spec: "/host/sys/devices/system/cpu/cpu3/cache/index1/shared_cpu_list"
knit 2026/01/28 10:24:59   copying path: "/host/sys/devices/system/cpu/cpu3/cache/index1/shared_cpu_list"
knit 2026/01/28 10:24:59     copying file: "/host/sys/devices/system/cpu/cpu3/cache/index1/shared_cpu_list" -> "/tmp/perf-must-gather-58584043/host/sys/devices/system/cpu/cpu3/cache/index1/shared_cpu_list"
knit 2026/01/28 10:24:59 creating /tmp/perf-must-gather-58584043/host/sys/devices/system/cpu/cpu3/cache/index1/shared_cpu_list
knit 2026/01/28 10:24:59 copying spec: "/host/sys/devices/system/memory/memory66/online"
knit 2026/01/28 10:24:59   copying path: "/host/sys/devices/system/memory/memory66/online"
knit 2026/01/28 10:24:59     copying file: "/host/sys/devices/system/memory/memory66/online" -> "/tmp/perf-must-gather-58584043/host/sys/devices/system/memory/memory66/online"
knit 2026/01/28 10:24:59 creating /tmp/perf-must-gather-58584043/host/sys/devices/system/memory/memory66/online
knit 2026/01/28 10:24:59 copying spec: "/host/sys/devices/pci0000:00/0000:00:04.0/numa_node"
knit 2026/01/28 10:24:59   copying path: "/host/sys/devices/pci0000:00/0000:00:04.0/numa_node"
knit 2026/01/28 10:24:59     copying file: "/host/sys/devices/pci0000:00/0000:00:04.0/numa_node" -> "/tmp/perf-must-gather-58584043/host/sys/devices/pci0000:00/0000:00:04.0/numa_node"
knit 2026/01/28 10:24:59 creating /tmp/perf-must-gather-58584043/host/sys/devices/pci0000:00/0000:00:04.0/numa_node
knit 2026/01/28 10:24:59 copying spec: "/host/sys/devices/system/cpu/cpu0/cache/index0/coherency_line_size"
knit 2026/01/28 10:24:59   copying path: "/host/sys/devices/system/cpu/cpu0/cache/index0/coherency_line_size"
knit 2026/01/28 10:24:59     copying file: "/host/sys/devices/system/cpu/cpu0/cache/index0/coherency_line_size" -> "/tmp/perf-must-gather-58584043/host/sys/devices/system/cpu/cpu0/cache/index0/coherency_line_size"
knit 2026/01/28 10:24:59 creating /tmp/perf-must-gather-58584043/host/sys/devices/system/cpu/cpu0/cache/index0/coherency_line_size
knit 2026/01/28 10:24:59 copying spec: "/host/sys/devices/system/cpu/cpu2/cache/index1/ways_of_associativity"
knit 2026/01/28 10:24:59   copying path: "/host/sys/devices/system/cpu/cpu2/cache/index1/ways_of_associativity"
knit 2026/01/28 10:24:59     copying file: "/host/sys/devices/system/cpu/cpu2/cache/index1/ways_of_associativity" -> "/tmp/perf-must-gather-58584043/host/sys/devices/system/cpu/cpu2/cache/index1/ways_of_associativity"
knit 2026/01/28 10:24:59 creating /tmp/perf-must-gather-58584043/host/sys/devices/system/cpu/cpu2/cache/index1/ways_of_associativity
knit 2026/01/28 10:24:59 copying spec: "/host/sys/devices/system/memory/memory84/online"
knit 2026/01/28 10:24:59   copying path: "/host/sys/devices/system/memory/memory84/online"
knit 2026/01/28 10:24:59     copying file: "/host/sys/devices/system/memory/memory84/online" -> "/tmp/perf-must-gather-58584043/host/sys/devices/system/memory/memory84/online"
knit 2026/01/28 10:24:59 creating /tmp/perf-must-gather-58584043/host/sys/devices/system/memory/memory84/online
knit 2026/01/28 10:24:59 copying spec: "/host/proc/irq/8/effective_affinity_list"
knit 2026/01/28 10:24:59   copying path: "/host/proc/irq/8/effective_affinity_list"
knit 2026/01/28 10:24:59     copying file: "/host/proc/irq/8/effective_affinity_list" -> "/tmp/perf-must-gather-58584043/host/proc/irq/8/effective_affinity_list"
knit 2026/01/28 10:24:59 creating /tmp/perf-must-gather-58584043/host/proc/irq/8/effective_affinity_list
knit 2026/01/28 10:24:59 copying spec: "/host/sys/devices/system/cpu/cpu0/cache/index3/shared_cpu_map"
knit 2026/01/28 10:24:59   copying path: "/host/sys/devices/system/cpu/cpu0/cache/index3/shared_cpu_map"
knit 2026/01/28 10:24:59     copying file: "/host/sys/devices/system/cpu/cpu0/cache/index3/shared_cpu_map" -> "/tmp/perf-must-gather-58584043/host/sys/devices/system/cpu/cpu0/cache/index3/shared_cpu_map"
knit 2026/01/28 10:24:59 creating /tmp/perf-must-gather-58584043/host/sys/devices/system/cpu/cpu0/cache/index3/shared_cpu_map
knit 2026/01/28 10:24:59 copying spec: "/host/sys/devices/system/memory/memory125/online"
knit 2026/01/28 10:24:59   copying path: "/host/sys/devices/system/memory/memory125/online"
knit 2026/01/28 10:24:59     copying file: "/host/sys/devices/system/memory/memory125/online" -> "/tmp/perf-must-gather-58584043/host/sys/devices/system/memory/memory125/online"
knit 2026/01/28 10:24:59 creating /tmp/perf-must-gather-58584043/host/sys/devices/system/memory/memory125/online
knit 2026/01/28 10:24:59 copying spec: "/host/sys/devices/system/memory/memory4/online"
knit 2026/01/28 10:24:59   copying path: "/host/sys/devices/system/memory/memory4/online"
knit 2026/01/28 10:24:59     copying file: "/host/sys/devices/system/memory/memory4/online" -> "/tmp/perf-must-gather-58584043/host/sys/devices/system/memory/memory4/online"
knit 2026/01/28 10:24:59 creating /tmp/perf-must-gather-58584043/host/sys/devices/system/memory/memory4/online
knit 2026/01/28 10:24:59 copying spec: "/host/sys/devices/system/memory/memory108/state"
knit 2026/01/28 10:24:59   copying path: "/host/sys/devices/system/memory/memory108/state"
knit 2026/01/28 10:24:59     copying file: "/host/sys/devices/system/memory/memory108/state" -> "/tmp/perf-must-gather-58584043/host/sys/devices/system/memory/memory108/state"
knit 2026/01/28 10:24:59 creating /tmp/perf-must-gather-58584043/host/sys/devices/system/memory/memory108/state
knit 2026/01/28 10:24:59 copying spec: "/host/sys/devices/system/memory/memory4/state"
knit 2026/01/28 10:24:59   copying path: "/host/sys/devices/system/memory/memory4/state"
knit 2026/01/28 10:24:59     copying file: "/host/sys/devices/system/memory/memory4/state" -> "/tmp/perf-must-gather-58584043/host/sys/devices/system/memory/memory4/state"
knit 2026/01/28 10:24:59 creating /tmp/perf-must-gather-58584043/host/sys/devices/system/memory/memory4/state
knit 2026/01/28 10:24:59 copying spec: "/host/sys/bus/pci/drivers/pcieport"
knit 2026/01/28 10:24:59   copying path: "/host/sys/bus/pci/drivers/pcieport"
knit 2026/01/28 10:24:59 copying spec: "/host/sys/devices/system/cpu/cpu0/cache/index2/size"
knit 2026/01/28 10:24:59   copying path: "/host/sys/devices/system/cpu/cpu0/cache/index2/size"
knit 2026/01/28 10:24:59     copying file: "/host/sys/devices/system/cpu/cpu0/cache/index2/size" -> "/tmp/perf-must-gather-58584043/host/sys/devices/system/cpu/cpu0/cache/index2/size"
knit 2026/01/28 10:24:59 creating /tmp/perf-must-gather-58584043/host/sys/devices/system/cpu/cpu0/cache/index2/size
knit 2026/01/28 10:24:59 copying spec: "/host/sys/devices/system/cpu/cpu2/cache/index3/shared_cpu_list"
knit 2026/01/28 10:24:59   copying path: "/host/sys/devices/system/cpu/cpu2/cache/index3/shared_cpu_list"
knit 2026/01/28 10:24:59     copying file: "/host/sys/devices/system/cpu/cpu2/cache/index3/shared_cpu_list" -> "/tmp/perf-must-gather-58584043/host/sys/devices/system/cpu/cpu2/cache/index3/shared_cpu_list"
knit 2026/01/28 10:24:59 creating /tmp/perf-must-gather-58584043/host/sys/devices/system/cpu/cpu2/cache/index3/shared_cpu_list
knit 2026/01/28 10:24:59 copying spec: "/host/sys/devices/system/memory/memory99/online"
knit 2026/01/28 10:24:59   copying path: "/host/sys/devices/system/memory/memory99/online"
knit 2026/01/28 10:24:59     copying file: "/host/sys/devices/system/memory/memory99/online" -> "/tmp/perf-must-gather-58584043/host/sys/devices/system/memory/memory99/online"
knit 2026/01/28 10:24:59 creating /tmp/perf-must-gather-58584043/host/sys/devices/system/memory/memory99/online
knit 2026/01/28 10:24:59 copying spec: "/host/sys/devices/system/memory/memory47/state"
knit 2026/01/28 10:24:59   copying path: "/host/sys/devices/system/memory/memory47/state"
knit 2026/01/28 10:24:59     copying file: "/host/sys/devices/system/memory/memory47/state" -> "/tmp/perf-must-gather-58584043/host/sys/devices/system/memory/memory47/state"
knit 2026/01/28 10:24:59 creating /tmp/perf-must-gather-58584043/host/sys/devices/system/memory/memory47/state
knit 2026/01/28 10:24:59 copying spec: "/host/sys/devices/system/cpu/cpu1/cache/index1/ways_of_associativity"
knit 2026/01/28 10:24:59   copying path: "/host/sys/devices/system/cpu/cpu1/cache/index1/ways_of_associativity"
knit 2026/01/28 10:24:59     copying file: "/host/sys/devices/system/cpu/cpu1/cache/index1/ways_of_associativity" -> "/tmp/perf-must-gather-58584043/host/sys/devices/system/cpu/cpu1/cache/index1/ways_of_associativity"
knit 2026/01/28 10:24:59 creating /tmp/perf-must-gather-58584043/host/sys/devices/system/cpu/cpu1/cache/index1/ways_of_associativity
knit 2026/01/28 10:24:59 copying spec: "/host/sys/devices/system/cpu/cpu0/topology/physical_package_id"
knit 2026/01/28 10:24:59   copying path: "/host/sys/devices/system/cpu/cpu0/topology/physical_package_id"
knit 2026/01/28 10:24:59     copying file: "/host/sys/devices/system/cpu/cpu0/topology/physical_package_id" -> "/tmp/perf-must-gather-58584043/host/sys/devices/system/cpu/cpu0/topology/physical_package_id"
knit 2026/01/28 10:24:59 creating /tmp/perf-must-gather-58584043/host/sys/devices/system/cpu/cpu0/topology/physical_package_id
knit 2026/01/28 10:24:59 copying spec: "/host/sys/devices/system/memory/memory50/online"
knit 2026/01/28 10:24:59   copying path: "/host/sys/devices/system/memory/memory50/online"
knit 2026/01/28 10:24:59     copying file: "/host/sys/devices/system/memory/memory50/online" -> "/tmp/perf-must-gather-58584043/host/sys/devices/system/memory/memory50/online"
knit 2026/01/28 10:24:59 creating /tmp/perf-must-gather-58584043/host/sys/devices/system/memory/memory50/online
knit 2026/01/28 10:24:59 copying spec: "/host/sys/devices/system/memory/memory86/online"
knit 2026/01/28 10:24:59   copying path: "/host/sys/devices/system/memory/memory86/online"
knit 2026/01/28 10:24:59     copying file: "/host/sys/devices/system/memory/memory86/online" -> "/tmp/perf-must-gather-58584043/host/sys/devices/system/memory/memory86/online"
knit 2026/01/28 10:24:59 creating /tmp/perf-must-gather-58584043/host/sys/devices/system/memory/memory86/online
knit 2026/01/28 10:24:59 copying spec: "/host/sys/devices/system/memory/memory101/state"
knit 2026/01/28 10:24:59   copying path: "/host/sys/devices/system/memory/memory101/state"
knit 2026/01/28 10:24:59     copying file: "/host/sys/devices/system/memory/memory101/state" -> "/tmp/perf-must-gather-58584043/host/sys/devices/system/memory/memory101/state"
knit 2026/01/28 10:24:59 creating /tmp/perf-must-gather-58584043/host/sys/devices/system/memory/memory101/state
knit 2026/01/28 10:24:59 copying spec: "/host/sys/devices/system/memory/memory63/state"
knit 2026/01/28 10:24:59   copying path: "/host/sys/devices/system/memory/memory63/state"
knit 2026/01/28 10:24:59     copying file: "/host/sys/devices/system/memory/memory63/state" -> "/tmp/perf-must-gather-58584043/host/sys/devices/system/memory/memory63/state"
knit 2026/01/28 10:24:59 creating /tmp/perf-must-gather-58584043/host/sys/devices/system/memory/memory63/state
knit 2026/01/28 10:24:59 copying spec: "/host/proc/irq/1/smp_affinity_list"
knit 2026/01/28 10:24:59   copying path: "/host/proc/irq/1/smp_affinity_list"
knit 2026/01/28 10:24:59     copying file: "/host/proc/irq/1/smp_affinity_list" -> "/tmp/perf-must-gather-58584043/host/proc/irq/1/smp_affinity_list"
knit 2026/01/28 10:24:59 creating /tmp/perf-must-gather-58584043/host/proc/irq/1/smp_affinity_list
knit 2026/01/28 10:24:59 copying spec: "/host/sys/devices/system/cpu/cpu2/cache/index2/size"
knit 2026/01/28 10:24:59   copying path: "/host/sys/devices/system/cpu/cpu2/cache/index2/size"
knit 2026/01/28 10:24:59     copying file: "/host/sys/devices/system/cpu/cpu2/cache/index2/size" -> "/tmp/perf-must-gather-58584043/host/sys/devices/system/cpu/cpu2/cache/index2/size"
knit 2026/01/28 10:24:59 creating /tmp/perf-must-gather-58584043/host/sys/devices/system/cpu/cpu2/cache/index2/size
knit 2026/01/28 10:24:59 copying spec: "/host/sys/devices/system/cpu/cpu3/cache/index0/type"
knit 2026/01/28 10:24:59   copying path: "/host/sys/devices/system/cpu/cpu3/cache/index0/type"
knit 2026/01/28 10:24:59     copying file: "/host/sys/devices/system/cpu/cpu3/cache/index0/type" -> "/tmp/perf-must-gather-58584043/host/sys/devices/system/cpu/cpu3/cache/index0/type"
knit 2026/01/28 10:24:59 creating /tmp/perf-must-gather-58584043/host/sys/devices/system/cpu/cpu3/cache/index0/type
knit 2026/01/28 10:24:59 copying spec: "/host/sys/devices/system/cpu/cpu3/topology/die_cpus_list"
knit 2026/01/28 10:24:59   copying path: "/host/sys/devices/system/cpu/cpu3/topology/die_cpus_list"
knit 2026/01/28 10:24:59     copying file: "/host/sys/devices/system/cpu/cpu3/topology/die_cpus_list" -> "/tmp/perf-must-gather-58584043/host/sys/devices/system/cpu/cpu3/topology/die_cpus_list"
knit 2026/01/28 10:24:59 creating /tmp/perf-must-gather-58584043/host/sys/devices/system/cpu/cpu3/topology/die_cpus_list
knit 2026/01/28 10:24:59 copying spec: "/host/sys/devices/system/memory/memory80/online"
knit 2026/01/28 10:24:59   copying path: "/host/sys/devices/system/memory/memory80/online"
knit 2026/01/28 10:24:59     copying file: "/host/sys/devices/system/memory/memory80/online" -> "/tmp/perf-must-gather-58584043/host/sys/devices/system/memory/memory80/online"
knit 2026/01/28 10:24:59 creating /tmp/perf-must-gather-58584043/host/sys/devices/system/memory/memory80/online
knit 2026/01/28 10:24:59 copying spec: "/host/sys/devices/pci0000:00/0000:00:01.3/vendor"
knit 2026/01/28 10:24:59   copying path: "/host/sys/devices/pci0000:00/0000:00:01.3/vendor"
knit 2026/01/28 10:24:59     copying file: "/host/sys/devices/pci0000:00/0000:00:01.3/vendor" -> "/tmp/perf-must-gather-58584043/host/sys/devices/pci0000:00/0000:00:01.3/vendor"
knit 2026/01/28 10:24:59 creating /tmp/perf-must-gather-58584043/host/sys/devices/pci0000:00/0000:00:01.3/vendor
knit 2026/01/28 10:24:59 copying spec: "/host/proc/irq/30/effective_affinity_list"
knit 2026/01/28 10:24:59   copying path: "/host/proc/irq/30/effective_affinity_list"
knit 2026/01/28 10:24:59     copying file: "/host/proc/irq/30/effective_affinity_list" -> "/tmp/perf-must-gather-58584043/host/proc/irq/30/effective_affinity_list"
knit 2026/01/28 10:24:59 creating /tmp/perf-must-gather-58584043/host/proc/irq/30/effective_affinity_list
knit 2026/01/28 10:24:59 copying spec: "/host/proc/irq/12/node"
knit 2026/01/28 10:24:59   copying path: "/host/proc/irq/12/node"
knit 2026/01/28 10:24:59     copying file: "/host/proc/irq/12/node" -> "/tmp/perf-must-gather-58584043/host/proc/irq/12/node"
knit 2026/01/28 10:24:59 creating /tmp/perf-must-gather-58584043/host/proc/irq/12/node
knit 2026/01/28 10:24:59 copying spec: "/host/sys/devices/system/cpu/cpu2/topology/die_cpus"
knit 2026/01/28 10:24:59   copying path: "/host/sys/devices/system/cpu/cpu2/topology/die_cpus"
knit 2026/01/28 10:24:59     copying file: "/host/sys/devices/system/cpu/cpu2/topology/die_cpus" -> "/tmp/perf-must-gather-58584043/host/sys/devices/system/cpu/cpu2/topology/die_cpus"
knit 2026/01/28 10:24:59 creating /tmp/perf-must-gather-58584043/host/sys/devices/system/cpu/cpu2/topology/die_cpus
knit 2026/01/28 10:24:59 copying spec: "/host/sys/devices/system/cpu/cpu3/topology/core_siblings_list"
knit 2026/01/28 10:24:59   copying path: "/host/sys/devices/system/cpu/cpu3/topology/core_siblings_list"
knit 2026/01/28 10:24:59     copying file: "/host/sys/devices/system/cpu/cpu3/topology/core_siblings_list" -> "/tmp/perf-must-gather-58584043/host/sys/devices/system/cpu/cpu3/topology/core_siblings_list"
knit 2026/01/28 10:24:59 creating /tmp/perf-must-gather-58584043/host/sys/devices/system/cpu/cpu3/topology/core_siblings_list
knit 2026/01/28 10:24:59 copying spec: "/host/sys/devices/system/memory/memory15/state"
knit 2026/01/28 10:24:59   copying path: "/host/sys/devices/system/memory/memory15/state"
knit 2026/01/28 10:24:59     copying file: "/host/sys/devices/system/memory/memory15/state" -> "/tmp/perf-must-gather-58584043/host/sys/devices/system/memory/memory15/state"
knit 2026/01/28 10:24:59 creating /tmp/perf-must-gather-58584043/host/sys/devices/system/memory/memory15/state
knit 2026/01/28 10:24:59 copying spec: "/host/sys/bus/pci/drivers/8250_pericom"
knit 2026/01/28 10:24:59   copying path: "/host/sys/bus/pci/drivers/8250_pericom"
knit 2026/01/28 10:24:59 copying spec: "/host/sys/devices/system/cpu/cpu0/cache/index2/coherency_line_size"
knit 2026/01/28 10:24:59   copying path: "/host/sys/devices/system/cpu/cpu0/cache/index2/coherency_line_size"
knit 2026/01/28 10:24:59     copying file: "/host/sys/devices/system/cpu/cpu0/cache/index2/coherency_line_size" -> "/tmp/perf-must-gather-58584043/host/sys/devices/system/cpu/cpu0/cache/index2/coherency_line_size"
knit 2026/01/28 10:24:59 creating /tmp/perf-must-gather-58584043/host/sys/devices/system/cpu/cpu0/cache/index2/coherency_line_size
knit 2026/01/28 10:24:59 copying spec: "/host/sys/devices/system/cpu/cpu3/topology/package_cpus"
knit 2026/01/28 10:24:59   copying path: "/host/sys/devices/system/cpu/cpu3/topology/package_cpus"
knit 2026/01/28 10:24:59     copying file: "/host/sys/devices/system/cpu/cpu3/topology/package_cpus" -> "/tmp/perf-must-gather-58584043/host/sys/devices/system/cpu/cpu3/topology/package_cpus"
knit 2026/01/28 10:24:59 creating /tmp/perf-must-gather-58584043/host/sys/devices/system/cpu/cpu3/topology/package_cpus
knit 2026/01/28 10:24:59 copying spec: "/host/sys/devices/system/memory/memory71/online"
knit 2026/01/28 10:24:59   copying path: "/host/sys/devices/system/memory/memory71/online"
knit 2026/01/28 10:24:59     copying file: "/host/sys/devices/system/memory/memory71/online" -> "/tmp/perf-must-gather-58584043/host/sys/devices/system/memory/memory71/online"
knit 2026/01/28 10:24:59 creating /tmp/perf-must-gather-58584043/host/sys/devices/system/memory/memory71/online
knit 2026/01/28 10:24:59 copying spec: "/host/sys/devices/system/memory/memory94/state"
knit 2026/01/28 10:24:59   copying path: "/host/sys/devices/system/memory/memory94/state"
knit 2026/01/28 10:24:59     copying file: "/host/sys/devices/system/memory/memory94/state" -> "/tmp/perf-must-gather-58584043/host/sys/devices/system/memory/memory94/state"
knit 2026/01/28 10:24:59 creating /tmp/perf-must-gather-58584043/host/sys/devices/system/memory/memory94/state
knit 2026/01/28 10:24:59 copying spec: "/host/sys/devices/system/node/node0/cpulist"
knit 2026/01/28 10:24:59   copying path: "/host/sys/devices/system/node/node0/cpulist"
knit 2026/01/28 10:24:59     copying file: "/host/sys/devices/system/node/node0/cpulist" -> "/tmp/perf-must-gather-58584043/host/sys/devices/system/node/node0/cpulist"
knit 2026/01/28 10:24:59 creating /tmp/perf-must-gather-58584043/host/sys/devices/system/node/node0/cpulist
knit 2026/01/28 10:24:59 copying spec: "/host/sys/devices/pci0000:00/0000:00:00.0/revision"
knit 2026/01/28 10:24:59   copying path: "/host/sys/devices/pci0000:00/0000:00:00.0/revision"
knit 2026/01/28 10:24:59     copying file: "/host/sys/devices/pci0000:00/0000:00:00.0/revision" -> "/tmp/perf-must-gather-58584043/host/sys/devices/pci0000:00/0000:00:00.0/revision"
knit 2026/01/28 10:24:59 creating /tmp/perf-must-gather-58584043/host/sys/devices/pci0000:00/0000:00:00.0/revision
knit 2026/01/28 10:24:59 copying spec: "/host/proc/interrupts"
knit 2026/01/28 10:24:59   copying path: "/host/proc/interrupts"
knit 2026/01/28 10:24:59     copying file: "/host/proc/interrupts" -> "/tmp/perf-must-gather-58584043/host/proc/interrupts"
knit 2026/01/28 10:24:59 creating /tmp/perf-must-gather-58584043/host/proc/interrupts
knit 2026/01/28 10:24:59 copying spec: "/host/sys/devices/system/cpu/offline"
knit 2026/01/28 10:24:59   copying path: "/host/sys/devices/system/cpu/offline"
knit 2026/01/28 10:24:59     copying file: "/host/sys/devices/system/cpu/offline" -> "/tmp/perf-must-gather-58584043/host/sys/devices/system/cpu/offline"
knit 2026/01/28 10:24:59 creating /tmp/perf-must-gather-58584043/host/sys/devices/system/cpu/offline
knit 2026/01/28 10:24:59 copying spec: "/host/sys/devices/system/cpu/cpu1/cache/index3/type"
knit 2026/01/28 10:24:59   copying path: "/host/sys/devices/system/cpu/cpu1/cache/index3/type"
knit 2026/01/28 10:24:59     copying file: "/host/sys/devices/system/cpu/cpu1/cache/index3/type" -> "/tmp/perf-must-gather-58584043/host/sys/devices/system/cpu/cpu1/cache/index3/type"
knit 2026/01/28 10:24:59 creating /tmp/perf-must-gather-58584043/host/sys/devices/system/cpu/cpu1/cache/index3/type
knit 2026/01/28 10:24:59 copying spec: "/host/sys/devices/system/memory/memory72/online"
knit 2026/01/28 10:24:59   copying path: "/host/sys/devices/system/memory/memory72/online"
knit 2026/01/28 10:24:59     copying file: "/host/sys/devices/system/memory/memory72/online" -> "/tmp/perf-must-gather-58584043/host/sys/devices/system/memory/memory72/online"
knit 2026/01/28 10:24:59 creating /tmp/perf-must-gather-58584043/host/sys/devices/system/memory/memory72/online
knit 2026/01/28 10:24:59 copying spec: "/host/sys/devices/system/memory/memory126/state"
knit 2026/01/28 10:24:59   copying path: "/host/sys/devices/system/memory/memory126/state"
knit 2026/01/28 10:24:59     copying file: "/host/sys/devices/system/memory/memory126/state" -> "/tmp/perf-must-gather-58584043/host/sys/devices/system/memory/memory126/state"
knit 2026/01/28 10:24:59 creating /tmp/perf-must-gather-58584043/host/sys/devices/system/memory/memory126/state
knit 2026/01/28 10:24:59 copying spec: "/host/sys/devices/system/node/online"
knit 2026/01/28 10:24:59   copying path: "/host/sys/devices/system/node/online"
knit 2026/01/28 10:24:59     copying file: "/host/sys/devices/system/node/online" -> "/tmp/perf-must-gather-58584043/host/sys/devices/system/node/online"
knit 2026/01/28 10:24:59 creating /tmp/perf-must-gather-58584043/host/sys/devices/system/node/online
knit 2026/01/28 10:24:59 copying spec: "/host/sys/devices/system/node/node0/hugepages/hugepages-1048576kB/free_hugepages"
knit 2026/01/28 10:24:59   copying path: "/host/sys/devices/system/node/node0/hugepages/hugepages-1048576kB/free_hugepages"
knit 2026/01/28 10:24:59     copying file: "/host/sys/devices/system/node/node0/hugepages/hugepages-1048576kB/free_hugepages" -> "/tmp/perf-must-gather-58584043/host/sys/devices/system/node/node0/hugepages/hugepages-1048576kB/free_hugepages"
knit 2026/01/28 10:24:59 creating /tmp/perf-must-gather-58584043/host/sys/devices/system/node/node0/hugepages/hugepages-1048576kB/free_hugepages
knit 2026/01/28 10:24:59 copying spec: "/host/proc/irq/14/smp_affinity_list"
knit 2026/01/28 10:24:59   copying path: "/host/proc/irq/14/smp_affinity_list"
knit 2026/01/28 10:24:59     copying file: "/host/proc/irq/14/smp_affinity_list" -> "/tmp/perf-must-gather-58584043/host/proc/irq/14/smp_affinity_list"
knit 2026/01/28 10:24:59 creating /tmp/perf-must-gather-58584043/host/proc/irq/14/smp_affinity_list
knit 2026/01/28 10:24:59 copying spec: "/host/sys/devices/system/cpu/cpu3/cache/index1/number_of_sets"
knit 2026/01/28 10:24:59   copying path: "/host/sys/devices/system/cpu/cpu3/cache/index1/number_of_sets"
knit 2026/01/28 10:24:59     copying file: "/host/sys/devices/system/cpu/cpu3/cache/index1/number_of_sets" -> "/tmp/perf-must-gather-58584043/host/sys/devices/system/cpu/cpu3/cache/index1/number_of_sets"
knit 2026/01/28 10:24:59 creating /tmp/perf-must-gather-58584043/host/sys/devices/system/cpu/cpu3/cache/index1/number_of_sets
knit 2026/01/28 10:24:59 copying spec: "/host/sys/devices/system/memory/memory12/online"
knit 2026/01/28 10:24:59   copying path: "/host/sys/devices/system/memory/memory12/online"
knit 2026/01/28 10:24:59     copying file: "/host/sys/devices/system/memory/memory12/online" -> "/tmp/perf-must-gather-58584043/host/sys/devices/system/memory/memory12/online"
knit 2026/01/28 10:24:59 creating /tmp/perf-must-gather-58584043/host/sys/devices/system/memory/memory12/online
knit 2026/01/28 10:24:59 copying spec: "/host/sys/devices/system/memory/memory126/online"
knit 2026/01/28 10:24:59   copying path: "/host/sys/devices/system/memory/memory126/online"
knit 2026/01/28 10:24:59     copying file: "/host/sys/devices/system/memory/memory126/online" -> "/tmp/perf-must-gather-58584043/host/sys/devices/system/memory/memory126/online"
knit 2026/01/28 10:24:59 creating /tmp/perf-must-gather-58584043/host/sys/devices/system/memory/memory126/online
knit 2026/01/28 10:24:59 copying spec: "/host/sys/devices/system/memory/memory3/state"
knit 2026/01/28 10:24:59   copying path: "/host/sys/devices/system/memory/memory3/state"
knit 2026/01/28 10:24:59     copying file: "/host/sys/devices/system/memory/memory3/state" -> "/tmp/perf-must-gather-58584043/host/sys/devices/system/memory/memory3/state"
knit 2026/01/28 10:24:59 creating /tmp/perf-must-gather-58584043/host/sys/devices/system/memory/memory3/state
knit 2026/01/28 10:24:59 copying spec: "/host/sys/devices/system/cpu/cpu0/topology/thread_siblings_list"
knit 2026/01/28 10:24:59   copying path: "/host/sys/devices/system/cpu/cpu0/topology/thread_siblings_list"
knit 2026/01/28 10:24:59     copying file: "/host/sys/devices/system/cpu/cpu0/topology/thread_siblings_list" -> "/tmp/perf-must-gather-58584043/host/sys/devices/system/cpu/cpu0/topology/thread_siblings_list"
knit 2026/01/28 10:24:59 creating /tmp/perf-must-gather-58584043/host/sys/devices/system/cpu/cpu0/topology/thread_siblings_list
knit 2026/01/28 10:24:59 copying spec: "/host/sys/devices/system/cpu/cpu2/topology/core_cpus_list"
knit 2026/01/28 10:24:59   copying path: "/host/sys/devices/system/cpu/cpu2/topology/core_cpus_list"
knit 2026/01/28 10:24:59     copying file: "/host/sys/devices/system/cpu/cpu2/topology/core_cpus_list" -> "/tmp/perf-must-gather-58584043/host/sys/devices/system/cpu/cpu2/topology/core_cpus_list"
knit 2026/01/28 10:24:59 creating /tmp/perf-must-gather-58584043/host/sys/devices/system/cpu/cpu2/topology/core_cpus_list
knit 2026/01/28 10:24:59 copying spec: "/host/sys/devices/system/cpu/cpu2/topology/core_siblings"
knit 2026/01/28 10:24:59   copying path: "/host/sys/devices/system/cpu/cpu2/topology/core_siblings"
knit 2026/01/28 10:24:59     copying file: "/host/sys/devices/system/cpu/cpu2/topology/core_siblings" -> "/tmp/perf-must-gather-58584043/host/sys/devices/system/cpu/cpu2/topology/core_siblings"
knit 2026/01/28 10:24:59 creating /tmp/perf-must-gather-58584043/host/sys/devices/system/cpu/cpu2/topology/core_siblings
knit 2026/01/28 10:24:59 copying spec: "/host/sys/devices/system/cpu/cpu2/topology/core_siblings_list"
knit 2026/01/28 10:24:59   copying path: "/host/sys/devices/system/cpu/cpu2/topology/core_siblings_list"
knit 2026/01/28 10:24:59     copying file: "/host/sys/devices/system/cpu/cpu2/topology/core_siblings_list" -> "/tmp/perf-must-gather-58584043/host/sys/devices/system/cpu/cpu2/topology/core_siblings_list"
knit 2026/01/28 10:24:59 creating /tmp/perf-must-gather-58584043/host/sys/devices/system/cpu/cpu2/topology/core_siblings_list
knit 2026/01/28 10:24:59 copying spec: "/host/sys/devices/system/cpu/cpu0/cache/index1/ways_of_associativity"
knit 2026/01/28 10:24:59   copying path: "/host/sys/devices/system/cpu/cpu0/cache/index1/ways_of_associativity"
knit 2026/01/28 10:24:59     copying file: "/host/sys/devices/system/cpu/cpu0/cache/index1/ways_of_associativity" -> "/tmp/perf-must-gather-58584043/host/sys/devices/system/cpu/cpu0/cache/index1/ways_of_associativity"
knit 2026/01/28 10:24:59 creating /tmp/perf-must-gather-58584043/host/sys/devices/system/cpu/cpu0/cache/index1/ways_of_associativity
knit 2026/01/28 10:24:59 copying spec: "/host/sys/devices/system/cpu/cpu1/cache/index0/shared_cpu_list"
knit 2026/01/28 10:24:59   copying path: "/host/sys/devices/system/cpu/cpu1/cache/index0/shared_cpu_list"
knit 2026/01/28 10:24:59     copying file: "/host/sys/devices/system/cpu/cpu1/cache/index0/shared_cpu_list" -> "/tmp/perf-must-gather-58584043/host/sys/devices/system/cpu/cpu1/cache/index0/shared_cpu_list"
knit 2026/01/28 10:24:59 creating /tmp/perf-must-gather-58584043/host/sys/devices/system/cpu/cpu1/cache/index0/shared_cpu_list
knit 2026/01/28 10:24:59 copying spec: "/host/sys/devices/system/cpu/cpu3/cache/index0/ways_of_associativity"
knit 2026/01/28 10:24:59   copying path: "/host/sys/devices/system/cpu/cpu3/cache/index0/ways_of_associativity"
knit 2026/01/28 10:24:59     copying file: "/host/sys/devices/system/cpu/cpu3/cache/index0/ways_of_associativity" -> "/tmp/perf-must-gather-58584043/host/sys/devices/system/cpu/cpu3/cache/index0/ways_of_associativity"
knit 2026/01/28 10:24:59 creating /tmp/perf-must-gather-58584043/host/sys/devices/system/cpu/cpu3/cache/index0/ways_of_associativity
knit 2026/01/28 10:24:59 copying spec: "/host/sys/devices/system/memory/memory116/online"
knit 2026/01/28 10:24:59   copying path: "/host/sys/devices/system/memory/memory116/online"
knit 2026/01/28 10:24:59     copying file: "/host/sys/devices/system/memory/memory116/online" -> "/tmp/perf-must-gather-58584043/host/sys/devices/system/memory/memory116/online"
knit 2026/01/28 10:24:59 creating /tmp/perf-must-gather-58584043/host/sys/devices/system/memory/memory116/online
knit 2026/01/28 10:24:59 copying spec: "/host/sys/devices/system/memory/memory16/online"
knit 2026/01/28 10:24:59   copying path: "/host/sys/devices/system/memory/memory16/online"
knit 2026/01/28 10:24:59     copying file: "/host/sys/devices/system/memory/memory16/online" -> "/tmp/perf-must-gather-58584043/host/sys/devices/system/memory/memory16/online"
knit 2026/01/28 10:24:59 creating /tmp/perf-must-gather-58584043/host/sys/devices/system/memory/memory16/online
knit 2026/01/28 10:24:59 copying spec: "/host/proc/irq/2/node"
knit 2026/01/28 10:24:59   copying path: "/host/proc/irq/2/node"
knit 2026/01/28 10:24:59     copying file: "/host/proc/irq/2/node" -> "/tmp/perf-must-gather-58584043/host/proc/irq/2/node"
knit 2026/01/28 10:24:59 creating /tmp/perf-must-gather-58584043/host/proc/irq/2/node
knit 2026/01/28 10:24:59 copying spec: "/host/sys/devices/system/cpu/cpu3/cache/index0/number_of_sets"
knit 2026/01/28 10:24:59   copying path: "/host/sys/devices/system/cpu/cpu3/cache/index0/number_of_sets"
knit 2026/01/28 10:24:59     copying file: "/host/sys/devices/system/cpu/cpu3/cache/index0/number_of_sets" -> "/tmp/perf-must-gather-58584043/host/sys/devices/system/cpu/cpu3/cache/index0/number_of_sets"
knit 2026/01/28 10:24:59 creating /tmp/perf-must-gather-58584043/host/sys/devices/system/cpu/cpu3/cache/index0/number_of_sets
knit 2026/01/28 10:24:59 copying spec: "/host/sys/devices/system/cpu/cpu2/topology/package_cpus"
knit 2026/01/28 10:24:59   copying path: "/host/sys/devices/system/cpu/cpu2/topology/package_cpus"
knit 2026/01/28 10:24:59     copying file: "/host/sys/devices/system/cpu/cpu2/topology/package_cpus" -> "/tmp/perf-must-gather-58584043/host/sys/devices/system/cpu/cpu2/topology/package_cpus"
knit 2026/01/28 10:24:59 creating /tmp/perf-must-gather-58584043/host/sys/devices/system/cpu/cpu2/topology/package_cpus
knit 2026/01/28 10:24:59 copying spec: "/host/sys/devices/system/memory/memory66/state"
knit 2026/01/28 10:24:59   copying path: "/host/sys/devices/system/memory/memory66/state"
knit 2026/01/28 10:24:59     copying file: "/host/sys/devices/system/memory/memory66/state" -> "/tmp/perf-must-gather-58584043/host/sys/devices/system/memory/memory66/state"
knit 2026/01/28 10:24:59 creating /tmp/perf-must-gather-58584043/host/sys/devices/system/memory/memory66/state
knit 2026/01/28 10:24:59 copying spec: "/host/sys/devices/system/cpu/cpu1/cache/index1/shared_cpu_list"
knit 2026/01/28 10:24:59   copying path: "/host/sys/devices/system/cpu/cpu1/cache/index1/shared_cpu_list"
knit 2026/01/28 10:24:59     copying file: "/host/sys/devices/system/cpu/cpu1/cache/index1/shared_cpu_list" -> "/tmp/perf-must-gather-58584043/host/sys/devices/system/cpu/cpu1/cache/index1/shared_cpu_list"
knit 2026/01/28 10:24:59 creating /tmp/perf-must-gather-58584043/host/sys/devices/system/cpu/cpu1/cache/index1/shared_cpu_list
knit 2026/01/28 10:24:59 copying spec: "/host/sys/devices/system/cpu/cpu3/cache/index1/shared_cpu_map"
knit 2026/01/28 10:24:59   copying path: "/host/sys/devices/system/cpu/cpu3/cache/index1/shared_cpu_map"
knit 2026/01/28 10:24:59     copying file: "/host/sys/devices/system/cpu/cpu3/cache/index1/shared_cpu_map" -> "/tmp/perf-must-gather-58584043/host/sys/devices/system/cpu/cpu3/cache/index1/shared_cpu_map"
knit 2026/01/28 10:24:59 creating /tmp/perf-must-gather-58584043/host/sys/devices/system/cpu/cpu3/cache/index1/shared_cpu_map
knit 2026/01/28 10:24:59 copying spec: "/host/sys/devices/system/cpu/cpu0/topology/cluster_cpus_list"
knit 2026/01/28 10:24:59   copying path: "/host/sys/devices/system/cpu/cpu0/topology/cluster_cpus_list"
knit 2026/01/28 10:24:59     copying file: "/host/sys/devices/system/cpu/cpu0/topology/cluster_cpus_list" -> "/tmp/perf-must-gather-58584043/host/sys/devices/system/cpu/cpu0/topology/cluster_cpus_list"
knit 2026/01/28 10:24:59 creating /tmp/perf-must-gather-58584043/host/sys/devices/system/cpu/cpu0/topology/cluster_cpus_list
knit 2026/01/28 10:24:59 copying spec: "/host/sys/devices/system/cpu/cpu0/topology/die_cpus"
knit 2026/01/28 10:24:59   copying path: "/host/sys/devices/system/cpu/cpu0/topology/die_cpus"
knit 2026/01/28 10:24:59     copying file: "/host/sys/devices/system/cpu/cpu0/topology/die_cpus" -> "/tmp/perf-must-gather-58584043/host/sys/devices/system/cpu/cpu0/topology/die_cpus"
knit 2026/01/28 10:24:59 creating /tmp/perf-must-gather-58584043/host/sys/devices/system/cpu/cpu0/topology/die_cpus
knit 2026/01/28 10:24:59 copying spec: "/host/sys/devices/system/memory/memory74/state"
knit 2026/01/28 10:24:59   copying path: "/host/sys/devices/system/memory/memory74/state"
knit 2026/01/28 10:24:59     copying file: "/host/sys/devices/system/memory/memory74/state" -> "/tmp/perf-must-gather-58584043/host/sys/devices/system/memory/memory74/state"
knit 2026/01/28 10:24:59 creating /tmp/perf-must-gather-58584043/host/sys/devices/system/memory/memory74/state
knit 2026/01/28 10:24:59 copying spec: "/host/sys/devices/system/node/has_cpu"
knit 2026/01/28 10:24:59   copying path: "/host/sys/devices/system/node/has_cpu"
knit 2026/01/28 10:24:59     copying file: "/host/sys/devices/system/node/has_cpu" -> "/tmp/perf-must-gather-58584043/host/sys/devices/system/node/has_cpu"
knit 2026/01/28 10:24:59 creating /tmp/perf-must-gather-58584043/host/sys/devices/system/node/has_cpu
knit 2026/01/28 10:24:59 copying spec: "/host/sys/devices/system/node/node0/memory_failure"
knit 2026/01/28 10:24:59   copying path: "/host/sys/devices/system/node/node0/memory_failure"
knit 2026/01/28 10:24:59 expanded glob path "/host/sys/devices/system/node/node0/memory_failure" is a directory - skipped
knit 2026/01/28 10:24:59 copying spec: "/host/proc/irq/30/node"
knit 2026/01/28 10:24:59   copying path: "/host/proc/irq/30/node"
knit 2026/01/28 10:24:59     copying file: "/host/proc/irq/30/node" -> "/tmp/perf-must-gather-58584043/host/proc/irq/30/node"
knit 2026/01/28 10:24:59 creating /tmp/perf-must-gather-58584043/host/proc/irq/30/node
knit 2026/01/28 10:24:59 copying spec: "/host/sys/devices/system/cpu/cpu2/cache/index0/physical_line_partition"
knit 2026/01/28 10:24:59   copying path: "/host/sys/devices/system/cpu/cpu2/cache/index0/physical_line_partition"
knit 2026/01/28 10:24:59     copying file: "/host/sys/devices/system/cpu/cpu2/cache/index0/physical_line_partition" -> "/tmp/perf-must-gather-58584043/host/sys/devices/system/cpu/cpu2/cache/index0/physical_line_partition"
knit 2026/01/28 10:24:59 creating /tmp/perf-must-gather-58584043/host/sys/devices/system/cpu/cpu2/cache/index0/physical_line_partition
knit 2026/01/28 10:24:59 copying spec: "/host/sys/devices/system/cpu/cpu3/cache/index1/id"
knit 2026/01/28 10:24:59   copying path: "/host/sys/devices/system/cpu/cpu3/cache/index1/id"
knit 2026/01/28 10:24:59     copying file: "/host/sys/devices/system/cpu/cpu3/cache/index1/id" -> "/tmp/perf-must-gather-58584043/host/sys/devices/system/cpu/cpu3/cache/index1/id"
knit 2026/01/28 10:24:59 creating /tmp/perf-must-gather-58584043/host/sys/devices/system/cpu/cpu3/cache/index1/id
knit 2026/01/28 10:24:59 copying spec: "/host/sys/devices/system/cpu/cpu1/topology/core_siblings"
knit 2026/01/28 10:24:59   copying path: "/host/sys/devices/system/cpu/cpu1/topology/core_siblings"
knit 2026/01/28 10:24:59     copying file: "/host/sys/devices/system/cpu/cpu1/topology/core_siblings" -> "/tmp/perf-must-gather-58584043/host/sys/devices/system/cpu/cpu1/topology/core_siblings"
knit 2026/01/28 10:24:59 creating /tmp/perf-must-gather-58584043/host/sys/devices/system/cpu/cpu1/topology/core_siblings
knit 2026/01/28 10:24:59 copying spec: "/host/sys/devices/system/memory/memory17/online"
knit 2026/01/28 10:24:59   copying path: "/host/sys/devices/system/memory/memory17/online"
knit 2026/01/28 10:24:59     copying file: "/host/sys/devices/system/memory/memory17/online" -> "/tmp/perf-must-gather-58584043/host/sys/devices/system/memory/memory17/online"
knit 2026/01/28 10:24:59 creating /tmp/perf-must-gather-58584043/host/sys/devices/system/memory/memory17/online
knit 2026/01/28 10:24:59 copying spec: "/host/sys/devices/system/memory/memory78/state"
knit 2026/01/28 10:24:59   copying path: "/host/sys/devices/system/memory/memory78/state"
knit 2026/01/28 10:24:59     copying file: "/host/sys/devices/system/memory/memory78/state" -> "/tmp/perf-must-gather-58584043/host/sys/devices/system/memory/memory78/state"
knit 2026/01/28 10:24:59 creating /tmp/perf-must-gather-58584043/host/sys/devices/system/memory/memory78/state
knit 2026/01/28 10:24:59 copying spec: "/host/sys/devices/system/cpu/cpu1/cache/index0/physical_line_partition"
knit 2026/01/28 10:24:59   copying path: "/host/sys/devices/system/cpu/cpu1/cache/index0/physical_line_partition"
knit 2026/01/28 10:24:59     copying file: "/host/sys/devices/system/cpu/cpu1/cache/index0/physical_line_partition" -> "/tmp/perf-must-gather-58584043/host/sys/devices/system/cpu/cpu1/cache/index0/physical_line_partition"
knit 2026/01/28 10:24:59 creating /tmp/perf-must-gather-58584043/host/sys/devices/system/cpu/cpu1/cache/index0/physical_line_partition
knit 2026/01/28 10:24:59 copying spec: "/host/sys/devices/system/cpu/cpu1/cache/index1/coherency_line_size"
knit 2026/01/28 10:24:59   copying path: "/host/sys/devices/system/cpu/cpu1/cache/index1/coherency_line_size"
knit 2026/01/28 10:24:59     copying file: "/host/sys/devices/system/cpu/cpu1/cache/index1/coherency_line_size" -> "/tmp/perf-must-gather-58584043/host/sys/devices/system/cpu/cpu1/cache/index1/coherency_line_size"
knit 2026/01/28 10:24:59 creating /tmp/perf-must-gather-58584043/host/sys/devices/system/cpu/cpu1/cache/index1/coherency_line_size
knit 2026/01/28 10:24:59 copying spec: "/host/sys/devices/system/cpu/cpu3/cache/index1/type"
knit 2026/01/28 10:24:59   copying path: "/host/sys/devices/system/cpu/cpu3/cache/index1/type"
knit 2026/01/28 10:24:59     copying file: "/host/sys/devices/system/cpu/cpu3/cache/index1/type" -> "/tmp/perf-must-gather-58584043/host/sys/devices/system/cpu/cpu3/cache/index1/type"
knit 2026/01/28 10:24:59 creating /tmp/perf-must-gather-58584043/host/sys/devices/system/cpu/cpu3/cache/index1/type
knit 2026/01/28 10:24:59 copying spec: "/host/sys/devices/system/cpu/cpu3/cache/index3/level"
knit 2026/01/28 10:24:59   copying path: "/host/sys/devices/system/cpu/cpu3/cache/index3/level"
knit 2026/01/28 10:24:59     copying file: "/host/sys/devices/system/cpu/cpu3/cache/index3/level" -> "/tmp/perf-must-gather-58584043/host/sys/devices/system/cpu/cpu3/cache/index3/level"
knit 2026/01/28 10:24:59 creating /tmp/perf-must-gather-58584043/host/sys/devices/system/cpu/cpu3/cache/index3/level
knit 2026/01/28 10:24:59 copying spec: "/host/sys/devices/system/memory/memory111/state"
knit 2026/01/28 10:24:59   copying path: "/host/sys/devices/system/memory/memory111/state"
knit 2026/01/28 10:24:59     copying file: "/host/sys/devices/system/memory/memory111/state" -> "/tmp/perf-must-gather-58584043/host/sys/devices/system/memory/memory111/state"
knit 2026/01/28 10:24:59 creating /tmp/perf-must-gather-58584043/host/sys/devices/system/memory/memory111/state
knit 2026/01/28 10:24:59 copying spec: "/host/proc/irq/31/smp_affinity_list"
knit 2026/01/28 10:24:59   copying path: "/host/proc/irq/31/smp_affinity_list"
knit 2026/01/28 10:24:59     copying file: "/host/proc/irq/31/smp_affinity_list" -> "/tmp/perf-must-gather-58584043/host/proc/irq/31/smp_affinity_list"
knit 2026/01/28 10:24:59 creating /tmp/perf-must-gather-58584043/host/proc/irq/31/smp_affinity_list
knit 2026/01/28 10:24:59 copying spec: "/host/proc/irq/26/node"
knit 2026/01/28 10:24:59   copying path: "/host/proc/irq/26/node"
knit 2026/01/28 10:24:59     copying file: "/host/proc/irq/26/node" -> "/tmp/perf-must-gather-58584043/host/proc/irq/26/node"
knit 2026/01/28 10:24:59 creating /tmp/perf-must-gather-58584043/host/proc/irq/26/node
knit 2026/01/28 10:24:59 copying spec: "/host/sys/devices/system/cpu/cpu2/cache/index3/level"
knit 2026/01/28 10:24:59   copying path: "/host/sys/devices/system/cpu/cpu2/cache/index3/level"
knit 2026/01/28 10:24:59     copying file: "/host/sys/devices/system/cpu/cpu2/cache/index3/level" -> "/tmp/perf-must-gather-58584043/host/sys/devices/system/cpu/cpu2/cache/index3/level"
knit 2026/01/28 10:24:59 creating /tmp/perf-must-gather-58584043/host/sys/devices/system/cpu/cpu2/cache/index3/level
knit 2026/01/28 10:24:59 copying spec: "/host/sys/devices/system/cpu/cpu3/topology/thread_siblings"
knit 2026/01/28 10:24:59   copying path: "/host/sys/devices/system/cpu/cpu3/topology/thread_siblings"
knit 2026/01/28 10:24:59     copying file: "/host/sys/devices/system/cpu/cpu3/topology/thread_siblings" -> "/tmp/perf-must-gather-58584043/host/sys/devices/system/cpu/cpu3/topology/thread_siblings"
knit 2026/01/28 10:24:59 creating /tmp/perf-must-gather-58584043/host/sys/devices/system/cpu/cpu3/topology/thread_siblings
knit 2026/01/28 10:24:59 copying spec: "/host/sys/devices/system/memory/memory90/online"
knit 2026/01/28 10:24:59   copying path: "/host/sys/devices/system/memory/memory90/online"
knit 2026/01/28 10:24:59     copying file: "/host/sys/devices/system/memory/memory90/online" -> "/tmp/perf-must-gather-58584043/host/sys/devices/system/memory/memory90/online"
knit 2026/01/28 10:24:59 creating /tmp/perf-must-gather-58584043/host/sys/devices/system/memory/memory90/online
knit 2026/01/28 10:24:59 copying spec: "/host/sys/bus/pci/drivers/qla4xxx"
knit 2026/01/28 10:24:59   copying path: "/host/sys/bus/pci/drivers/qla4xxx"
knit 2026/01/28 10:24:59 copying spec: "/host/sys/devices/system/cpu/cpu0/cache/index3/ways_of_associativity"
knit 2026/01/28 10:24:59   copying path: "/host/sys/devices/system/cpu/cpu0/cache/index3/ways_of_associativity"
knit 2026/01/28 10:24:59     copying file: "/host/sys/devices/system/cpu/cpu0/cache/index3/ways_of_associativity" -> "/tmp/perf-must-gather-58584043/host/sys/devices/system/cpu/cpu0/cache/index3/ways_of_associativity"
knit 2026/01/28 10:24:59 creating /tmp/perf-must-gather-58584043/host/sys/devices/system/cpu/cpu0/cache/index3/ways_of_associativity
knit 2026/01/28 10:24:59 copying spec: "/host/sys/devices/system/cpu/cpu2/cache/index1/shared_cpu_list"
knit 2026/01/28 10:24:59   copying path: "/host/sys/devices/system/cpu/cpu2/cache/index1/shared_cpu_list"
knit 2026/01/28 10:24:59     copying file: "/host/sys/devices/system/cpu/cpu2/cache/index1/shared_cpu_list" -> "/tmp/perf-must-gather-58584043/host/sys/devices/system/cpu/cpu2/cache/index1/shared_cpu_list"
knit 2026/01/28 10:24:59 creating /tmp/perf-must-gather-58584043/host/sys/devices/system/cpu/cpu2/cache/index1/shared_cpu_list
knit 2026/01/28 10:24:59 copying spec: "/host/sys/devices/pci0000:00/0000:00:01.3/device"
knit 2026/01/28 10:24:59   copying path: "/host/sys/devices/pci0000:00/0000:00:01.3/device"
knit 2026/01/28 10:24:59     copying file: "/host/sys/devices/pci0000:00/0000:00:01.3/device" -> "/tmp/perf-must-gather-58584043/host/sys/devices/pci0000:00/0000:00:01.3/device"
knit 2026/01/28 10:24:59 creating /tmp/perf-must-gather-58584043/host/sys/devices/pci0000:00/0000:00:01.3/device
knit 2026/01/28 10:24:59 copying spec: "/host/proc/irq/2/smp_affinity_list"
knit 2026/01/28 10:24:59   copying path: "/host/proc/irq/2/smp_affinity_list"
knit 2026/01/28 10:24:59     copying file: "/host/proc/irq/2/smp_affinity_list" -> "/tmp/perf-must-gather-58584043/host/proc/irq/2/smp_affinity_list"
knit 2026/01/28 10:24:59 creating /tmp/perf-must-gather-58584043/host/proc/irq/2/smp_affinity_list
knit 2026/01/28 10:24:59 copying spec: "/host/sys/devices/system/cpu/cpu0/cache/index1/uevent"
knit 2026/01/28 10:24:59   copying path: "/host/sys/devices/system/cpu/cpu0/cache/index1/uevent"
knit 2026/01/28 10:24:59     copying file: "/host/sys/devices/system/cpu/cpu0/cache/index1/uevent" -> "/tmp/perf-must-gather-58584043/host/sys/devices/system/cpu/cpu0/cache/index1/uevent"
knit 2026/01/28 10:24:59 creating /tmp/perf-must-gather-58584043/host/sys/devices/system/cpu/cpu0/cache/index1/uevent
knit 2026/01/28 10:24:59 copying spec: "/host/sys/devices/system/memory/memory110/online"
knit 2026/01/28 10:24:59   copying path: "/host/sys/devices/system/memory/memory110/online"
knit 2026/01/28 10:24:59     copying file: "/host/sys/devices/system/memory/memory110/online" -> "/tmp/perf-must-gather-58584043/host/sys/devices/system/memory/memory110/online"
knit 2026/01/28 10:24:59 creating /tmp/perf-must-gather-58584043/host/sys/devices/system/memory/memory110/online
knit 2026/01/28 10:24:59 copying spec: "/host/sys/devices/system/memory/memory47/online"
knit 2026/01/28 10:24:59   copying path: "/host/sys/devices/system/memory/memory47/online"
knit 2026/01/28 10:24:59     copying file: "/host/sys/devices/system/memory/memory47/online" -> "/tmp/perf-must-gather-58584043/host/sys/devices/system/memory/memory47/online"
knit 2026/01/28 10:24:59 creating /tmp/perf-must-gather-58584043/host/sys/devices/system/memory/memory47/online
knit 2026/01/28 10:24:59 copying spec: "/host/sys/devices/system/cpu/cpu1/topology/core_cpus"
knit 2026/01/28 10:24:59   copying path: "/host/sys/devices/system/cpu/cpu1/topology/core_cpus"
knit 2026/01/28 10:24:59     copying file: "/host/sys/devices/system/cpu/cpu1/topology/core_cpus" -> "/tmp/perf-must-gather-58584043/host/sys/devices/system/cpu/cpu1/topology/core_cpus"
knit 2026/01/28 10:24:59 creating /tmp/perf-must-gather-58584043/host/sys/devices/system/cpu/cpu1/topology/core_cpus
knit 2026/01/28 10:24:59 copying spec: "/host/sys/devices/system/memory/memory48/online"
knit 2026/01/28 10:24:59   copying path: "/host/sys/devices/system/memory/memory48/online"
knit 2026/01/28 10:24:59     copying file: "/host/sys/devices/system/memory/memory48/online" -> "/tmp/perf-must-gather-58584043/host/sys/devices/system/memory/memory48/online"
knit 2026/01/28 10:24:59 creating /tmp/perf-must-gather-58584043/host/sys/devices/system/memory/memory48/online
knit 2026/01/28 10:24:59 copying spec: "/host/sys/devices/system/memory/memory72/state"
knit 2026/01/28 10:24:59   copying path: "/host/sys/devices/system/memory/memory72/state"
knit 2026/01/28 10:24:59     copying file: "/host/sys/devices/system/memory/memory72/state" -> "/tmp/perf-must-gather-58584043/host/sys/devices/system/memory/memory72/state"
knit 2026/01/28 10:24:59 creating /tmp/perf-must-gather-58584043/host/sys/devices/system/memory/memory72/state
knit 2026/01/28 10:24:59 copying spec: "/host/sys/devices/system/node/node0/cpumap"
knit 2026/01/28 10:24:59   copying path: "/host/sys/devices/system/node/node0/cpumap"
knit 2026/01/28 10:24:59     copying file: "/host/sys/devices/system/node/node0/cpumap" -> "/tmp/perf-must-gather-58584043/host/sys/devices/system/node/node0/cpumap"
knit 2026/01/28 10:24:59 creating /tmp/perf-must-gather-58584043/host/sys/devices/system/node/node0/cpumap
knit 2026/01/28 10:24:59 copying spec: "/host/sys/devices/system/cpu/cpu1/cache/index3/level"
knit 2026/01/28 10:24:59   copying path: "/host/sys/devices/system/cpu/cpu1/cache/index3/level"
knit 2026/01/28 10:24:59     copying file: "/host/sys/devices/system/cpu/cpu1/cache/index3/level" -> "/tmp/perf-must-gather-58584043/host/sys/devices/system/cpu/cpu1/cache/index3/level"
knit 2026/01/28 10:24:59 creating /tmp/perf-must-gather-58584043/host/sys/devices/system/cpu/cpu1/cache/index3/level
knit 2026/01/28 10:24:59 copying spec: "/host/proc/irq/24/smp_affinity_list"
knit 2026/01/28 10:24:59   copying path: "/host/proc/irq/24/smp_affinity_list"
knit 2026/01/28 10:24:59     copying file: "/host/proc/irq/24/smp_affinity_list" -> "/tmp/perf-must-gather-58584043/host/proc/irq/24/smp_affinity_list"
knit 2026/01/28 10:24:59 creating /tmp/perf-must-gather-58584043/host/proc/irq/24/smp_affinity_list
knit 2026/01/28 10:24:59 copying spec: "/host/sys/devices/system/cpu/cpu0/cache/index1/physical_line_partition"
knit 2026/01/28 10:24:59   copying path: "/host/sys/devices/system/cpu/cpu0/cache/index1/physical_line_partition"
knit 2026/01/28 10:24:59     copying file: "/host/sys/devices/system/cpu/cpu0/cache/index1/physical_line_partition" -> "/tmp/perf-must-gather-58584043/host/sys/devices/system/cpu/cpu0/cache/index1/physical_line_partition"
knit 2026/01/28 10:24:59 creating /tmp/perf-must-gather-58584043/host/sys/devices/system/cpu/cpu0/cache/index1/physical_line_partition
knit 2026/01/28 10:24:59 copying spec: "/host/sys/devices/system/cpu/cpu0/cache/index1/size"
knit 2026/01/28 10:24:59   copying path: "/host/sys/devices/system/cpu/cpu0/cache/index1/size"
knit 2026/01/28 10:24:59     copying file: "/host/sys/devices/system/cpu/cpu0/cache/index1/size" -> "/tmp/perf-must-gather-58584043/host/sys/devices/system/cpu/cpu0/cache/index1/size"
knit 2026/01/28 10:24:59 creating /tmp/perf-must-gather-58584043/host/sys/devices/system/cpu/cpu0/cache/index1/size
knit 2026/01/28 10:24:59 copying spec: "/host/proc/irq/9/smp_affinity_list"
knit 2026/01/28 10:24:59   copying path: "/host/proc/irq/9/smp_affinity_list"
knit 2026/01/28 10:24:59     copying file: "/host/proc/irq/9/smp_affinity_list" -> "/tmp/perf-must-gather-58584043/host/proc/irq/9/smp_affinity_list"
knit 2026/01/28 10:24:59 creating /tmp/perf-must-gather-58584043/host/proc/irq/9/smp_affinity_list
knit 2026/01/28 10:24:59 copying spec: "/host/sys/devices/system/cpu/cpu1/cache/index0/coherency_line_size"
knit 2026/01/28 10:24:59   copying path: "/host/sys/devices/system/cpu/cpu1/cache/index0/coherency_line_size"
knit 2026/01/28 10:24:59     copying file: "/host/sys/devices/system/cpu/cpu1/cache/index0/coherency_line_size" -> "/tmp/perf-must-gather-58584043/host/sys/devices/system/cpu/cpu1/cache/index0/coherency_line_size"
knit 2026/01/28 10:24:59 creating /tmp/perf-must-gather-58584043/host/sys/devices/system/cpu/cpu1/cache/index0/coherency_line_size
knit 2026/01/28 10:24:59 copying spec: "/host/sys/devices/system/cpu/cpu3/cache/index0/physical_line_partition"
knit 2026/01/28 10:24:59   copying path: "/host/sys/devices/system/cpu/cpu3/cache/index0/physical_line_partition"
knit 2026/01/28 10:24:59     copying file: "/host/sys/devices/system/cpu/cpu3/cache/index0/physical_line_partition" -> "/tmp/perf-must-gather-58584043/host/sys/devices/system/cpu/cpu3/cache/index0/physical_line_partition"
knit 2026/01/28 10:24:59 creating /tmp/perf-must-gather-58584043/host/sys/devices/system/cpu/cpu3/cache/index0/physical_line_partition
knit 2026/01/28 10:24:59 copying spec: "/host/sys/devices/system/memory/memory18/online"
knit 2026/01/28 10:24:59   copying path: "/host/sys/devices/system/memory/memory18/online"
knit 2026/01/28 10:24:59     copying file: "/host/sys/devices/system/memory/memory18/online" -> "/tmp/perf-must-gather-58584043/host/sys/devices/system/memory/memory18/online"
knit 2026/01/28 10:24:59 creating /tmp/perf-must-gather-58584043/host/sys/devices/system/memory/memory18/online
knit 2026/01/28 10:24:59 copying spec: "/host/sys/devices/system/memory/memory58/state"
knit 2026/01/28 10:24:59   copying path: "/host/sys/devices/system/memory/memory58/state"
knit 2026/01/28 10:24:59     copying file: "/host/sys/devices/system/memory/memory58/state" -> "/tmp/perf-must-gather-58584043/host/sys/devices/system/memory/memory58/state"
knit 2026/01/28 10:24:59 creating /tmp/perf-must-gather-58584043/host/sys/devices/system/memory/memory58/state
knit 2026/01/28 10:24:59 copying spec: "/host/sys/devices/system/memory/memory96/state"
knit 2026/01/28 10:24:59   copying path: "/host/sys/devices/system/memory/memory96/state"
knit 2026/01/28 10:24:59     copying file: "/host/sys/devices/system/memory/memory96/state" -> "/tmp/perf-must-gather-58584043/host/sys/devices/system/memory/memory96/state"
knit 2026/01/28 10:24:59 creating /tmp/perf-must-gather-58584043/host/sys/devices/system/memory/memory96/state
knit 2026/01/28 10:24:59 copying spec: "/host/proc/cpuinfo"
knit 2026/01/28 10:24:59   copying path: "/host/proc/cpuinfo"
knit 2026/01/28 10:24:59     copying file: "/host/proc/cpuinfo" -> "/tmp/perf-must-gather-58584043/host/proc/cpuinfo"
knit 2026/01/28 10:24:59 creating /tmp/perf-must-gather-58584043/host/proc/cpuinfo
knit 2026/01/28 10:24:59 copying spec: "/host/sys/devices/system/cpu/cpu0/cache/index3/uevent"
knit 2026/01/28 10:24:59   copying path: "/host/sys/devices/system/cpu/cpu0/cache/index3/uevent"
knit 2026/01/28 10:24:59     copying file: "/host/sys/devices/system/cpu/cpu0/cache/index3/uevent" -> "/tmp/perf-must-gather-58584043/host/sys/devices/system/cpu/cpu0/cache/index3/uevent"
knit 2026/01/28 10:24:59 creating /tmp/perf-must-gather-58584043/host/sys/devices/system/cpu/cpu0/cache/index3/uevent
knit 2026/01/28 10:24:59 copying spec: "/host/sys/devices/system/cpu/cpu3/cache/index3/coherency_line_size"
knit 2026/01/28 10:24:59   copying path: "/host/sys/devices/system/cpu/cpu3/cache/index3/coherency_line_size"
knit 2026/01/28 10:24:59     copying file: "/host/sys/devices/system/cpu/cpu3/cache/index3/coherency_line_size" -> "/tmp/perf-must-gather-58584043/host/sys/devices/system/cpu/cpu3/cache/index3/coherency_line_size"
knit 2026/01/28 10:24:59 creating /tmp/perf-must-gather-58584043/host/sys/devices/system/cpu/cpu3/cache/index3/coherency_line_size
knit 2026/01/28 10:24:59 copying spec: "/host/sys/devices/system/memory/memory46/state"
knit 2026/01/28 10:24:59   copying path: "/host/sys/devices/system/memory/memory46/state"
knit 2026/01/28 10:24:59     copying file: "/host/sys/devices/system/memory/memory46/state" -> "/tmp/perf-must-gather-58584043/host/sys/devices/system/memory/memory46/state"
knit 2026/01/28 10:24:59 creating /tmp/perf-must-gather-58584043/host/sys/devices/system/memory/memory46/state
knit 2026/01/28 10:24:59 copying spec: "/host/sys/devices/system/memory/memory87/state"
knit 2026/01/28 10:24:59   copying path: "/host/sys/devices/system/memory/memory87/state"
knit 2026/01/28 10:24:59     copying file: "/host/sys/devices/system/memory/memory87/state" -> "/tmp/perf-must-gather-58584043/host/sys/devices/system/memory/memory87/state"
knit 2026/01/28 10:24:59 creating /tmp/perf-must-gather-58584043/host/sys/devices/system/memory/memory87/state
knit 2026/01/28 10:24:59 copying spec: "/host/proc/irq/2/effective_affinity_list"
knit 2026/01/28 10:24:59   copying path: "/host/proc/irq/2/effective_affinity_list"
knit 2026/01/28 10:24:59     copying file: "/host/proc/irq/2/effective_affinity_list" -> "/tmp/perf-must-gather-58584043/host/proc/irq/2/effective_affinity_list"
knit 2026/01/28 10:24:59 creating /tmp/perf-must-gather-58584043/host/proc/irq/2/effective_affinity_list
knit 2026/01/28 10:24:59 copying spec: "/host/sys/devices/system/cpu/cpu2/cache/index2/type"
knit 2026/01/28 10:24:59   copying path: "/host/sys/devices/system/cpu/cpu2/cache/index2/type"
knit 2026/01/28 10:24:59     copying file: "/host/sys/devices/system/cpu/cpu2/cache/index2/type" -> "/tmp/perf-must-gather-58584043/host/sys/devices/system/cpu/cpu2/cache/index2/type"
knit 2026/01/28 10:24:59 creating /tmp/perf-must-gather-58584043/host/sys/devices/system/cpu/cpu2/cache/index2/type
knit 2026/01/28 10:24:59 copying spec: "/host/sys/devices/system/cpu/cpu0/topology/core_siblings_list"
knit 2026/01/28 10:24:59   copying path: "/host/sys/devices/system/cpu/cpu0/topology/core_siblings_list"
knit 2026/01/28 10:24:59     copying file: "/host/sys/devices/system/cpu/cpu0/topology/core_siblings_list" -> "/tmp/perf-must-gather-58584043/host/sys/devices/system/cpu/cpu0/topology/core_siblings_list"
knit 2026/01/28 10:24:59 creating /tmp/perf-must-gather-58584043/host/sys/devices/system/cpu/cpu0/topology/core_siblings_list
knit 2026/01/28 10:24:59 copying spec: "/host/sys/devices/system/memory/memory105/state"
knit 2026/01/28 10:24:59   copying path: "/host/sys/devices/system/memory/memory105/state"
knit 2026/01/28 10:24:59     copying file: "/host/sys/devices/system/memory/memory105/state" -> "/tmp/perf-must-gather-58584043/host/sys/devices/system/memory/memory105/state"
knit 2026/01/28 10:24:59 creating /tmp/perf-must-gather-58584043/host/sys/devices/system/memory/memory105/state
knit 2026/01/28 10:24:59 copying spec: "/host/proc/irq/28/smp_affinity_list"
knit 2026/01/28 10:24:59   copying path: "/host/proc/irq/28/smp_affinity_list"
knit 2026/01/28 10:24:59     copying file: "/host/proc/irq/28/smp_affinity_list" -> "/tmp/perf-must-gather-58584043/host/proc/irq/28/smp_affinity_list"
knit 2026/01/28 10:24:59 creating /tmp/perf-must-gather-58584043/host/proc/irq/28/smp_affinity_list
knit 2026/01/28 10:24:59 copying spec: "/host/sys/devices/system/memory/memory37/state"
knit 2026/01/28 10:24:59   copying path: "/host/sys/devices/system/memory/memory37/state"
knit 2026/01/28 10:24:59     copying file: "/host/sys/devices/system/memory/memory37/state" -> "/tmp/perf-must-gather-58584043/host/sys/devices/system/memory/memory37/state"
knit 2026/01/28 10:24:59 creating /tmp/perf-must-gather-58584043/host/sys/devices/system/memory/memory37/state
knit 2026/01/28 10:24:59 copying spec: "/host/sys/devices/system/memory/memory67/state"
knit 2026/01/28 10:24:59   copying path: "/host/sys/devices/system/memory/memory67/state"
knit 2026/01/28 10:24:59     copying file: "/host/sys/devices/system/memory/memory67/state" -> "/tmp/perf-must-gather-58584043/host/sys/devices/system/memory/memory67/state"
knit 2026/01/28 10:24:59 creating /tmp/perf-must-gather-58584043/host/sys/devices/system/memory/memory67/state
knit 2026/01/28 10:24:59 copying spec: "/host/sys/devices/system/memory/memory73/state"
knit 2026/01/28 10:24:59   copying path: "/host/sys/devices/system/memory/memory73/state"
knit 2026/01/28 10:24:59     copying file: "/host/sys/devices/system/memory/memory73/state" -> "/tmp/perf-must-gather-58584043/host/sys/devices/system/memory/memory73/state"
knit 2026/01/28 10:24:59 creating /tmp/perf-must-gather-58584043/host/sys/devices/system/memory/memory73/state
knit 2026/01/28 10:24:59 copying spec: "/host/sys/devices/system/node/node0/hugepages/hugepages-1048576kB/demote"
knit 2026/01/28 10:24:59   copying path: "/host/sys/devices/system/node/node0/hugepages/hugepages-1048576kB/demote"
knit 2026/01/28 10:24:59     copying file: "/host/sys/devices/system/node/node0/hugepages/hugepages-1048576kB/demote" -> "/tmp/perf-must-gather-58584043/host/sys/devices/system/node/node0/hugepages/hugepages-1048576kB/demote"
knit 2026/01/28 10:24:59 copying spec: "/host/proc/irq/4/smp_affinity_list"
knit 2026/01/28 10:24:59   copying path: "/host/proc/irq/4/smp_affinity_list"
knit 2026/01/28 10:24:59     copying file: "/host/proc/irq/4/smp_affinity_list" -> "/tmp/perf-must-gather-58584043/host/proc/irq/4/smp_affinity_list"
knit 2026/01/28 10:24:59 creating /tmp/perf-must-gather-58584043/host/proc/irq/4/smp_affinity_list
knit 2026/01/28 10:24:59 copying spec: "/host/proc/irq/15/node"
knit 2026/01/28 10:24:59   copying path: "/host/proc/irq/15/node"
knit 2026/01/28 10:24:59     copying file: "/host/proc/irq/15/node" -> "/tmp/perf-must-gather-58584043/host/proc/irq/15/node"
knit 2026/01/28 10:24:59 creating /tmp/perf-must-gather-58584043/host/proc/irq/15/node
knit 2026/01/28 10:24:59 copying spec: "/host/sys/devices/system/cpu/cpu2/topology/die_id"
knit 2026/01/28 10:24:59   copying path: "/host/sys/devices/system/cpu/cpu2/topology/die_id"
knit 2026/01/28 10:24:59     copying file: "/host/sys/devices/system/cpu/cpu2/topology/die_id" -> "/tmp/perf-must-gather-58584043/host/sys/devices/system/cpu/cpu2/topology/die_id"
knit 2026/01/28 10:24:59 creating /tmp/perf-must-gather-58584043/host/sys/devices/system/cpu/cpu2/topology/die_id
knit 2026/01/28 10:24:59 copying spec: "/host/sys/devices/system/memory/memory63/online"
knit 2026/01/28 10:24:59   copying path: "/host/sys/devices/system/memory/memory63/online"
knit 2026/01/28 10:24:59     copying file: "/host/sys/devices/system/memory/memory63/online" -> "/tmp/perf-must-gather-58584043/host/sys/devices/system/memory/memory63/online"
knit 2026/01/28 10:24:59 creating /tmp/perf-must-gather-58584043/host/sys/devices/system/memory/memory63/online
knit 2026/01/28 10:24:59 copying spec: "/host/sys/devices/system/memory/memory13/state"
knit 2026/01/28 10:24:59   copying path: "/host/sys/devices/system/memory/memory13/state"
knit 2026/01/28 10:24:59     copying file: "/host/sys/devices/system/memory/memory13/state" -> "/tmp/perf-must-gather-58584043/host/sys/devices/system/memory/memory13/state"
knit 2026/01/28 10:24:59 creating /tmp/perf-must-gather-58584043/host/sys/devices/system/memory/memory13/state
knit 2026/01/28 10:24:59 copying spec: "/host/sys/devices/system/cpu/cpu3/cache/index3/size"
knit 2026/01/28 10:24:59   copying path: "/host/sys/devices/system/cpu/cpu3/cache/index3/size"
knit 2026/01/28 10:24:59     copying file: "/host/sys/devices/system/cpu/cpu3/cache/index3/size" -> "/tmp/perf-must-gather-58584043/host/sys/devices/system/cpu/cpu3/cache/index3/size"
knit 2026/01/28 10:24:59 creating /tmp/perf-must-gather-58584043/host/sys/devices/system/cpu/cpu3/cache/index3/size
knit 2026/01/28 10:24:59 copying spec: "/host/sys/devices/system/memory/memory10/online"
knit 2026/01/28 10:24:59   copying path: "/host/sys/devices/system/memory/memory10/online"
knit 2026/01/28 10:24:59     copying file: "/host/sys/devices/system/memory/memory10/online" -> "/tmp/perf-must-gather-58584043/host/sys/devices/system/memory/memory10/online"
knit 2026/01/28 10:24:59 creating /tmp/perf-must-gather-58584043/host/sys/devices/system/memory/memory10/online
knit 2026/01/28 10:24:59 copying spec: "/host/sys/devices/system/memory/memory101/online"
knit 2026/01/28 10:24:59   copying path: "/host/sys/devices/system/memory/memory101/online"
knit 2026/01/28 10:24:59     copying file: "/host/sys/devices/system/memory/memory101/online" -> "/tmp/perf-must-gather-58584043/host/sys/devices/system/memory/memory101/online"
knit 2026/01/28 10:24:59 creating /tmp/perf-must-gather-58584043/host/sys/devices/system/memory/memory101/online
knit 2026/01/28 10:24:59 copying spec: "/host/sys/devices/system/memory/memory49/state"
knit 2026/01/28 10:24:59   copying path: "/host/sys/devices/system/memory/memory49/state"
knit 2026/01/28 10:24:59     copying file: "/host/sys/devices/system/memory/memory49/state" -> "/tmp/perf-must-gather-58584043/host/sys/devices/system/memory/memory49/state"
knit 2026/01/28 10:24:59 creating /tmp/perf-must-gather-58584043/host/sys/devices/system/memory/memory49/state
knit 2026/01/28 10:24:59 copying spec: "/host/sys/devices/system/node/possible"
knit 2026/01/28 10:24:59   copying path: "/host/sys/devices/system/node/possible"
knit 2026/01/28 10:24:59     copying file: "/host/sys/devices/system/node/possible" -> "/tmp/perf-must-gather-58584043/host/sys/devices/system/node/possible"
knit 2026/01/28 10:24:59 creating /tmp/perf-must-gather-58584043/host/sys/devices/system/node/possible
knit 2026/01/28 10:24:59 copying spec: "/host/sys/devices/system/cpu/cpu1/topology/cluster_cpus"
knit 2026/01/28 10:24:59   copying path: "/host/sys/devices/system/cpu/cpu1/topology/cluster_cpus"
knit 2026/01/28 10:24:59     copying file: "/host/sys/devices/system/cpu/cpu1/topology/cluster_cpus" -> "/tmp/perf-must-gather-58584043/host/sys/devices/system/cpu/cpu1/topology/cluster_cpus"
knit 2026/01/28 10:24:59 creating /tmp/perf-must-gather-58584043/host/sys/devices/system/cpu/cpu1/topology/cluster_cpus
knit 2026/01/28 10:24:59 copying spec: "/host/sys/devices/system/memory/memory43/state"
knit 2026/01/28 10:24:59   copying path: "/host/sys/devices/system/memory/memory43/state"
knit 2026/01/28 10:24:59     copying file: "/host/sys/devices/system/memory/memory43/state" -> "/tmp/perf-must-gather-58584043/host/sys/devices/system/memory/memory43/state"
knit 2026/01/28 10:24:59 creating /tmp/perf-must-gather-58584043/host/sys/devices/system/memory/memory43/state
knit 2026/01/28 10:24:59 copying spec: "/host/sys/devices/system/memory/memory7/online"
knit 2026/01/28 10:24:59   copying path: "/host/sys/devices/system/memory/memory7/online"
knit 2026/01/28 10:24:59     copying file: "/host/sys/devices/system/memory/memory7/online" -> "/tmp/perf-must-gather-58584043/host/sys/devices/system/memory/memory7/online"
knit 2026/01/28 10:24:59 creating /tmp/perf-must-gather-58584043/host/sys/devices/system/memory/memory7/online
knit 2026/01/28 10:24:59 copying spec: "/host/sys/devices/system/memory/memory80/state"
knit 2026/01/28 10:24:59   copying path: "/host/sys/devices/system/memory/memory80/state"
knit 2026/01/28 10:24:59     copying file: "/host/sys/devices/system/memory/memory80/state" -> "/tmp/perf-must-gather-58584043/host/sys/devices/system/memory/memory80/state"
knit 2026/01/28 10:24:59 creating /tmp/perf-must-gather-58584043/host/sys/devices/system/memory/memory80/state
knit 2026/01/28 10:24:59 copying spec: "/host/sys/bus/pci/drivers/nvme"
knit 2026/01/28 10:24:59   copying path: "/host/sys/bus/pci/drivers/nvme"
knit 2026/01/28 10:24:59 copying spec: "/host/sys/devices/pci0000:00/0000:00:01.3/revision"
knit 2026/01/28 10:24:59   copying path: "/host/sys/devices/pci0000:00/0000:00:01.3/revision"
knit 2026/01/28 10:24:59     copying file: "/host/sys/devices/pci0000:00/0000:00:01.3/revision" -> "/tmp/perf-must-gather-58584043/host/sys/devices/pci0000:00/0000:00:01.3/revision"
knit 2026/01/28 10:24:59 creating /tmp/perf-must-gather-58584043/host/sys/devices/pci0000:00/0000:00:01.3/revision
knit 2026/01/28 10:24:59 copying spec: "/host/sys/devices/system/cpu/cpu1/cache/index0/uevent"
knit 2026/01/28 10:24:59   copying path: "/host/sys/devices/system/cpu/cpu1/cache/index0/uevent"
knit 2026/01/28 10:24:59     copying file: "/host/sys/devices/system/cpu/cpu1/cache/index0/uevent" -> "/tmp/perf-must-gather-58584043/host/sys/devices/system/cpu/cpu1/cache/index0/uevent"
knit 2026/01/28 10:24:59 creating /tmp/perf-must-gather-58584043/host/sys/devices/system/cpu/cpu1/cache/index0/uevent
knit 2026/01/28 10:24:59 copying spec: "/host/sys/devices/system/memory/memory33/online"
knit 2026/01/28 10:24:59   copying path: "/host/sys/devices/system/memory/memory33/online"
knit 2026/01/28 10:24:59     copying file: "/host/sys/devices/system/memory/memory33/online" -> "/tmp/perf-must-gather-58584043/host/sys/devices/system/memory/memory33/online"
knit 2026/01/28 10:24:59 creating /tmp/perf-must-gather-58584043/host/sys/devices/system/memory/memory33/online
knit 2026/01/28 10:24:59 copying spec: "/host/sys/devices/system/memory/memory86/state"
knit 2026/01/28 10:24:59   copying path: "/host/sys/devices/system/memory/memory86/state"
knit 2026/01/28 10:24:59     copying file: "/host/sys/devices/system/memory/memory86/state" -> "/tmp/perf-must-gather-58584043/host/sys/devices/system/memory/memory86/state"
knit 2026/01/28 10:24:59 creating /tmp/perf-must-gather-58584043/host/sys/devices/system/memory/memory86/state
knit 2026/01/28 10:24:59 copying spec: "/host/sys/devices/pci0000:00/0000:00:01.0/class"
knit 2026/01/28 10:24:59   copying path: "/host/sys/devices/pci0000:00/0000:00:01.0/class"
knit 2026/01/28 10:24:59     copying file: "/host/sys/devices/pci0000:00/0000:00:01.0/class" -> "/tmp/perf-must-gather-58584043/host/sys/devices/pci0000:00/0000:00:01.0/class"
knit 2026/01/28 10:24:59 creating /tmp/perf-must-gather-58584043/host/sys/devices/pci0000:00/0000:00:01.0/class
knit 2026/01/28 10:24:59 copying spec: "/host/sys/devices/pci0000:00/0000:00:01.3/irq"
knit 2026/01/28 10:24:59   copying path: "/host/sys/devices/pci0000:00/0000:00:01.3/irq"
knit 2026/01/28 10:24:59     copying file: "/host/sys/devices/pci0000:00/0000:00:01.3/irq" -> "/tmp/perf-must-gather-58584043/host/sys/devices/pci0000:00/0000:00:01.3/irq"
knit 2026/01/28 10:24:59 creating /tmp/perf-must-gather-58584043/host/sys/devices/pci0000:00/0000:00:01.3/irq
knit 2026/01/28 10:24:59 copying spec: "/host/proc/irq/13/effective_affinity_list"
knit 2026/01/28 10:24:59   copying path: "/host/proc/irq/13/effective_affinity_list"
knit 2026/01/28 10:24:59     copying file: "/host/proc/irq/13/effective_affinity_list" -> "/tmp/perf-must-gather-58584043/host/proc/irq/13/effective_affinity_list"
knit 2026/01/28 10:24:59 creating /tmp/perf-must-gather-58584043/host/proc/irq/13/effective_affinity_list
knit 2026/01/28 10:24:59 copying spec: "/host/sys/devices/system/memory/memory114/online"
knit 2026/01/28 10:24:59   copying path: "/host/sys/devices/system/memory/memory114/online"
knit 2026/01/28 10:24:59     copying file: "/host/sys/devices/system/memory/memory114/online" -> "/tmp/perf-must-gather-58584043/host/sys/devices/system/memory/memory114/online"
knit 2026/01/28 10:24:59 creating /tmp/perf-must-gather-58584043/host/sys/devices/system/memory/memory114/online
knit 2026/01/28 10:24:59 copying spec: "/host/sys/devices/system/memory/memory96/online"
knit 2026/01/28 10:24:59   copying path: "/host/sys/devices/system/memory/memory96/online"
knit 2026/01/28 10:24:59     copying file: "/host/sys/devices/system/memory/memory96/online" -> "/tmp/perf-must-gather-58584043/host/sys/devices/system/memory/memory96/online"
knit 2026/01/28 10:24:59 creating /tmp/perf-must-gather-58584043/host/sys/devices/system/memory/memory96/online
knit 2026/01/28 10:24:59 copying spec: "/host/sys/devices/system/memory/memory133/state"
knit 2026/01/28 10:24:59   copying path: "/host/sys/devices/system/memory/memory133/state"
knit 2026/01/28 10:24:59     copying file: "/host/sys/devices/system/memory/memory133/state" -> "/tmp/perf-must-gather-58584043/host/sys/devices/system/memory/memory133/state"
knit 2026/01/28 10:24:59 creating /tmp/perf-must-gather-58584043/host/sys/devices/system/memory/memory133/state
knit 2026/01/28 10:25:00 copying spec: "/host/sys/devices/system/memory/memory20/state"
knit 2026/01/28 10:25:00   copying path: "/host/sys/devices/system/memory/memory20/state"
knit 2026/01/28 10:25:00     copying file: "/host/sys/devices/system/memory/memory20/state" -> "/tmp/perf-must-gather-58584043/host/sys/devices/system/memory/memory20/state"
knit 2026/01/28 10:25:00 creating /tmp/perf-must-gather-58584043/host/sys/devices/system/memory/memory20/state
knit 2026/01/28 10:25:00 copying spec: "/host/sys/devices/system/memory/memory36/state"
knit 2026/01/28 10:25:00   copying path: "/host/sys/devices/system/memory/memory36/state"
knit 2026/01/28 10:25:00     copying file: "/host/sys/devices/system/memory/memory36/state" -> "/tmp/perf-must-gather-58584043/host/sys/devices/system/memory/memory36/state"
knit 2026/01/28 10:25:00 creating /tmp/perf-must-gather-58584043/host/sys/devices/system/memory/memory36/state
knit 2026/01/28 10:25:00 copying spec: "/host/sys/devices/system/cpu/cpu1/cache/index2/ways_of_associativity"
knit 2026/01/28 10:25:00   copying path: "/host/sys/devices/system/cpu/cpu1/cache/index2/ways_of_associativity"
knit 2026/01/28 10:25:00     copying file: "/host/sys/devices/system/cpu/cpu1/cache/index2/ways_of_associativity" -> "/tmp/perf-must-gather-58584043/host/sys/devices/system/cpu/cpu1/cache/index2/ways_of_associativity"
knit 2026/01/28 10:25:00 creating /tmp/perf-must-gather-58584043/host/sys/devices/system/cpu/cpu1/cache/index2/ways_of_associativity
knit 2026/01/28 10:25:00 copying spec: "/host/sys/devices/system/cpu/cpu2/cache/index0/uevent"
knit 2026/01/28 10:25:00   copying path: "/host/sys/devices/system/cpu/cpu2/cache/index0/uevent"
knit 2026/01/28 10:25:00     copying file: "/host/sys/devices/system/cpu/cpu2/cache/index0/uevent" -> "/tmp/perf-must-gather-58584043/host/sys/devices/system/cpu/cpu2/cache/index0/uevent"
knit 2026/01/28 10:25:00 creating /tmp/perf-must-gather-58584043/host/sys/devices/system/cpu/cpu2/cache/index0/uevent
knit 2026/01/28 10:25:00 copying spec: "/host/sys/devices/system/cpu/cpu3/cache/index3/id"
knit 2026/01/28 10:25:00   copying path: "/host/sys/devices/system/cpu/cpu3/cache/index3/id"
knit 2026/01/28 10:25:00     copying file: "/host/sys/devices/system/cpu/cpu3/cache/index3/id" -> "/tmp/perf-must-gather-58584043/host/sys/devices/system/cpu/cpu3/cache/index3/id"
knit 2026/01/28 10:25:00 creating /tmp/perf-must-gather-58584043/host/sys/devices/system/cpu/cpu3/cache/index3/id
knit 2026/01/28 10:25:00 copying spec: "/host/sys/bus/pci/drivers/pci-stub"
knit 2026/01/28 10:25:00   copying path: "/host/sys/bus/pci/drivers/pci-stub"
knit 2026/01/28 10:25:00 copying spec: "/host/sys/devices/pci0000:00/0000:00:05.0/device"
knit 2026/01/28 10:25:00   copying path: "/host/sys/devices/pci0000:00/0000:00:05.0/device"
knit 2026/01/28 10:25:00     copying file: "/host/sys/devices/pci0000:00/0000:00:05.0/device" -> "/tmp/perf-must-gather-58584043/host/sys/devices/pci0000:00/0000:00:05.0/device"
knit 2026/01/28 10:25:00 creating /tmp/perf-must-gather-58584043/host/sys/devices/pci0000:00/0000:00:05.0/device
knit 2026/01/28 10:25:00 copying spec: "/host/proc/irq/29/node"
knit 2026/01/28 10:25:00   copying path: "/host/proc/irq/29/node"
knit 2026/01/28 10:25:00     copying file: "/host/proc/irq/29/node" -> "/tmp/perf-must-gather-58584043/host/proc/irq/29/node"
knit 2026/01/28 10:25:00 creating /tmp/perf-must-gather-58584043/host/proc/irq/29/node
knit 2026/01/28 10:25:00 copying spec: "/host/sys/devices/system/cpu/cpu0/cache/index2/uevent"
knit 2026/01/28 10:25:00   copying path: "/host/sys/devices/system/cpu/cpu0/cache/index2/uevent"
knit 2026/01/28 10:25:00     copying file: "/host/sys/devices/system/cpu/cpu0/cache/index2/uevent" -> "/tmp/perf-must-gather-58584043/host/sys/devices/system/cpu/cpu0/cache/index2/uevent"
knit 2026/01/28 10:25:00 creating /tmp/perf-must-gather-58584043/host/sys/devices/system/cpu/cpu0/cache/index2/uevent
knit 2026/01/28 10:25:00 copying spec: "/host/sys/devices/system/cpu/cpu2/cache/index2/id"
knit 2026/01/28 10:25:00   copying path: "/host/sys/devices/system/cpu/cpu2/cache/index2/id"
knit 2026/01/28 10:25:00     copying file: "/host/sys/devices/system/cpu/cpu2/cache/index2/id" -> "/tmp/perf-must-gather-58584043/host/sys/devices/system/cpu/cpu2/cache/index2/id"
knit 2026/01/28 10:25:00 creating /tmp/perf-must-gather-58584043/host/sys/devices/system/cpu/cpu2/cache/index2/id
knit 2026/01/28 10:25:00 copying spec: "/host/sys/devices/system/cpu/cpu2/cache/index2/ways_of_associativity"
knit 2026/01/28 10:25:00   copying path: "/host/sys/devices/system/cpu/cpu2/cache/index2/ways_of_associativity"
knit 2026/01/28 10:25:00     copying file: "/host/sys/devices/system/cpu/cpu2/cache/index2/ways_of_associativity" -> "/tmp/perf-must-gather-58584043/host/sys/devices/system/cpu/cpu2/cache/index2/ways_of_associativity"
knit 2026/01/28 10:25:00 creating /tmp/perf-must-gather-58584043/host/sys/devices/system/cpu/cpu2/cache/index2/ways_of_associativity
knit 2026/01/28 10:25:00 copying spec: "/host/sys/devices/system/cpu/cpu3/topology/core_cpus"
knit 2026/01/28 10:25:00   copying path: "/host/sys/devices/system/cpu/cpu3/topology/core_cpus"
knit 2026/01/28 10:25:00     copying file: "/host/sys/devices/system/cpu/cpu3/topology/core_cpus" -> "/tmp/perf-must-gather-58584043/host/sys/devices/system/cpu/cpu3/topology/core_cpus"
knit 2026/01/28 10:25:00 creating /tmp/perf-must-gather-58584043/host/sys/devices/system/cpu/cpu3/topology/core_cpus
knit 2026/01/28 10:25:00 copying spec: "/host/sys/devices/system/memory/memory102/state"
knit 2026/01/28 10:25:00   copying path: "/host/sys/devices/system/memory/memory102/state"
knit 2026/01/28 10:25:00     copying file: "/host/sys/devices/system/memory/memory102/state" -> "/tmp/perf-must-gather-58584043/host/sys/devices/system/memory/memory102/state"
knit 2026/01/28 10:25:00 creating /tmp/perf-must-gather-58584043/host/sys/devices/system/memory/memory102/state
knit 2026/01/28 10:25:00 copying spec: "/host/sys/devices/system/memory/memory35/state"
knit 2026/01/28 10:25:00   copying path: "/host/sys/devices/system/memory/memory35/state"
knit 2026/01/28 10:25:00     copying file: "/host/sys/devices/system/memory/memory35/state" -> "/tmp/perf-must-gather-58584043/host/sys/devices/system/memory/memory35/state"
knit 2026/01/28 10:25:00 creating /tmp/perf-must-gather-58584043/host/sys/devices/system/memory/memory35/state
knit 2026/01/28 10:25:00 copying spec: "/host/sys/devices/system/memory/memory65/state"
knit 2026/01/28 10:25:00   copying path: "/host/sys/devices/system/memory/memory65/state"
knit 2026/01/28 10:25:00     copying file: "/host/sys/devices/system/memory/memory65/state" -> "/tmp/perf-must-gather-58584043/host/sys/devices/system/memory/memory65/state"
knit 2026/01/28 10:25:00 creating /tmp/perf-must-gather-58584043/host/sys/devices/system/memory/memory65/state
knit 2026/01/28 10:25:00 copying spec: "/host/proc/irq/28/effective_affinity_list"
knit 2026/01/28 10:25:00   copying path: "/host/proc/irq/28/effective_affinity_list"
knit 2026/01/28 10:25:00     copying file: "/host/proc/irq/28/effective_affinity_list" -> "/tmp/perf-must-gather-58584043/host/proc/irq/28/effective_affinity_list"
knit 2026/01/28 10:25:00 creating /tmp/perf-must-gather-58584043/host/proc/irq/28/effective_affinity_list
knit 2026/01/28 10:25:00 copying spec: "/host/sys/devices/system/cpu/cpu2/cache/index0/size"
knit 2026/01/28 10:25:00   copying path: "/host/sys/devices/system/cpu/cpu2/cache/index0/size"
knit 2026/01/28 10:25:00     copying file: "/host/sys/devices/system/cpu/cpu2/cache/index0/size" -> "/tmp/perf-must-gather-58584043/host/sys/devices/system/cpu/cpu2/cache/index0/size"
knit 2026/01/28 10:25:00 creating /tmp/perf-must-gather-58584043/host/sys/devices/system/cpu/cpu2/cache/index0/size
knit 2026/01/28 10:25:00 copying spec: "/host/sys/devices/system/cpu/cpu1/topology/die_cpus"
knit 2026/01/28 10:25:00   copying path: "/host/sys/devices/system/cpu/cpu1/topology/die_cpus"
knit 2026/01/28 10:25:00     copying file: "/host/sys/devices/system/cpu/cpu1/topology/die_cpus" -> "/tmp/perf-must-gather-58584043/host/sys/devices/system/cpu/cpu1/topology/die_cpus"
knit 2026/01/28 10:25:00 creating /tmp/perf-must-gather-58584043/host/sys/devices/system/cpu/cpu1/topology/die_cpus
knit 2026/01/28 10:25:00 copying spec: "/host/sys/devices/system/memory/memory43/online"
knit 2026/01/28 10:25:00   copying path: "/host/sys/devices/system/memory/memory43/online"
knit 2026/01/28 10:25:00     copying file: "/host/sys/devices/system/memory/memory43/online" -> "/tmp/perf-must-gather-58584043/host/sys/devices/system/memory/memory43/online"
knit 2026/01/28 10:25:00 creating /tmp/perf-must-gather-58584043/host/sys/devices/system/memory/memory43/online
knit 2026/01/28 10:25:00 copying spec: "/host/sys/devices/system/memory/memory100/state"
knit 2026/01/28 10:25:00   copying path: "/host/sys/devices/system/memory/memory100/state"
knit 2026/01/28 10:25:00     copying file: "/host/sys/devices/system/memory/memory100/state" -> "/tmp/perf-must-gather-58584043/host/sys/devices/system/memory/memory100/state"
knit 2026/01/28 10:25:00 creating /tmp/perf-must-gather-58584043/host/sys/devices/system/memory/memory100/state
knit 2026/01/28 10:25:00 copying spec: "/host/sys/devices/system/memory/memory97/state"
knit 2026/01/28 10:25:00   copying path: "/host/sys/devices/system/memory/memory97/state"
knit 2026/01/28 10:25:00     copying file: "/host/sys/devices/system/memory/memory97/state" -> "/tmp/perf-must-gather-58584043/host/sys/devices/system/memory/memory97/state"
knit 2026/01/28 10:25:00 creating /tmp/perf-must-gather-58584043/host/sys/devices/system/memory/memory97/state
knit 2026/01/28 10:25:00 copying spec: "/host/sys/devices/system/node/node0/hugepages/hugepages-2048kB/surplus_hugepages"
knit 2026/01/28 10:25:00   copying path: "/host/sys/devices/system/node/node0/hugepages/hugepages-2048kB/surplus_hugepages"
knit 2026/01/28 10:25:00     copying file: "/host/sys/devices/system/node/node0/hugepages/hugepages-2048kB/surplus_hugepages" -> "/tmp/perf-must-gather-58584043/host/sys/devices/system/node/node0/hugepages/hugepages-2048kB/surplus_hugepages"
knit 2026/01/28 10:25:00 creating /tmp/perf-must-gather-58584043/host/sys/devices/system/node/node0/hugepages/hugepages-2048kB/surplus_hugepages
knit 2026/01/28 10:25:00 copying spec: "/host/proc/irq/30/smp_affinity_list"
knit 2026/01/28 10:25:00   copying path: "/host/proc/irq/30/smp_affinity_list"
knit 2026/01/28 10:25:00     copying file: "/host/proc/irq/30/smp_affinity_list" -> "/tmp/perf-must-gather-58584043/host/proc/irq/30/smp_affinity_list"
knit 2026/01/28 10:25:00 creating /tmp/perf-must-gather-58584043/host/proc/irq/30/smp_affinity_list
knit 2026/01/28 10:25:00 copying spec: "/host/proc/irq/5/smp_affinity_list"
knit 2026/01/28 10:25:00   copying path: "/host/proc/irq/5/smp_affinity_list"
knit 2026/01/28 10:25:00     copying file: "/host/proc/irq/5/smp_affinity_list" -> "/tmp/perf-must-gather-58584043/host/proc/irq/5/smp_affinity_list"
knit 2026/01/28 10:25:00 creating /tmp/perf-must-gather-58584043/host/proc/irq/5/smp_affinity_list
knit 2026/01/28 10:25:00 copying spec: "/host/sys/devices/system/cpu/cpu2/cache/index1/id"
knit 2026/01/28 10:25:00   copying path: "/host/sys/devices/system/cpu/cpu2/cache/index1/id"
knit 2026/01/28 10:25:00     copying file: "/host/sys/devices/system/cpu/cpu2/cache/index1/id" -> "/tmp/perf-must-gather-58584043/host/sys/devices/system/cpu/cpu2/cache/index1/id"
knit 2026/01/28 10:25:00 creating /tmp/perf-must-gather-58584043/host/sys/devices/system/cpu/cpu2/cache/index1/id
knit 2026/01/28 10:25:00 copying spec: "/host/sys/devices/system/cpu/cpu0/topology/die_id"
knit 2026/01/28 10:25:00   copying path: "/host/sys/devices/system/cpu/cpu0/topology/die_id"
knit 2026/01/28 10:25:00     copying file: "/host/sys/devices/system/cpu/cpu0/topology/die_id" -> "/tmp/perf-must-gather-58584043/host/sys/devices/system/cpu/cpu0/topology/die_id"
knit 2026/01/28 10:25:00 creating /tmp/perf-must-gather-58584043/host/sys/devices/system/cpu/cpu0/topology/die_id
knit 2026/01/28 10:25:00 copying spec: "/host/sys/devices/system/cpu/cpu2/topology/core_id"
knit 2026/01/28 10:25:00   copying path: "/host/sys/devices/system/cpu/cpu2/topology/core_id"
knit 2026/01/28 10:25:00     copying file: "/host/sys/devices/system/cpu/cpu2/topology/core_id" -> "/tmp/perf-must-gather-58584043/host/sys/devices/system/cpu/cpu2/topology/core_id"
knit 2026/01/28 10:25:00 creating /tmp/perf-must-gather-58584043/host/sys/devices/system/cpu/cpu2/topology/core_id
knit 2026/01/28 10:25:00 copying spec: "/host/proc/irq/11/smp_affinity_list"
knit 2026/01/28 10:25:00   copying path: "/host/proc/irq/11/smp_affinity_list"
knit 2026/01/28 10:25:00     copying file: "/host/proc/irq/11/smp_affinity_list" -> "/tmp/perf-must-gather-58584043/host/proc/irq/11/smp_affinity_list"
knit 2026/01/28 10:25:00 creating /tmp/perf-must-gather-58584043/host/proc/irq/11/smp_affinity_list
knit 2026/01/28 10:25:00 copying spec: "/host/sys/devices/system/cpu/cpu0/cache/index0/size"
knit 2026/01/28 10:25:00   copying path: "/host/sys/devices/system/cpu/cpu0/cache/index0/size"
knit 2026/01/28 10:25:00     copying file: "/host/sys/devices/system/cpu/cpu0/cache/index0/size" -> "/tmp/perf-must-gather-58584043/host/sys/devices/system/cpu/cpu0/cache/index0/size"
knit 2026/01/28 10:25:00 creating /tmp/perf-must-gather-58584043/host/sys/devices/system/cpu/cpu0/cache/index0/size
knit 2026/01/28 10:25:00 copying spec: "/host/sys/devices/system/cpu/cpu1/topology/die_cpus_list"
knit 2026/01/28 10:25:00   copying path: "/host/sys/devices/system/cpu/cpu1/topology/die_cpus_list"
knit 2026/01/28 10:25:00     copying file: "/host/sys/devices/system/cpu/cpu1/topology/die_cpus_list" -> "/tmp/perf-must-gather-58584043/host/sys/devices/system/cpu/cpu1/topology/die_cpus_list"
knit 2026/01/28 10:25:00 creating /tmp/perf-must-gather-58584043/host/sys/devices/system/cpu/cpu1/topology/die_cpus_list
knit 2026/01/28 10:25:00 copying spec: "/host/sys/devices/system/memory/memory39/online"
knit 2026/01/28 10:25:00   copying path: "/host/sys/devices/system/memory/memory39/online"
knit 2026/01/28 10:25:00     copying file: "/host/sys/devices/system/memory/memory39/online" -> "/tmp/perf-must-gather-58584043/host/sys/devices/system/memory/memory39/online"
knit 2026/01/28 10:25:00 creating /tmp/perf-must-gather-58584043/host/sys/devices/system/memory/memory39/online
knit 2026/01/28 10:25:00 copying spec: "/host/sys/devices/system/memory/memory51/online"
knit 2026/01/28 10:25:00   copying path: "/host/sys/devices/system/memory/memory51/online"
knit 2026/01/28 10:25:00     copying file: "/host/sys/devices/system/memory/memory51/online" -> "/tmp/perf-must-gather-58584043/host/sys/devices/system/memory/memory51/online"
knit 2026/01/28 10:25:00 creating /tmp/perf-must-gather-58584043/host/sys/devices/system/memory/memory51/online
knit 2026/01/28 10:25:00 copying spec: "/host/sys/devices/system/node/has_generic_initiator"
knit 2026/01/28 10:25:00   copying path: "/host/sys/devices/system/node/has_generic_initiator"
knit 2026/01/28 10:25:00     copying file: "/host/sys/devices/system/node/has_generic_initiator" -> "/tmp/perf-must-gather-58584043/host/sys/devices/system/node/has_generic_initiator"
knit 2026/01/28 10:25:00 creating /tmp/perf-must-gather-58584043/host/sys/devices/system/node/has_generic_initiator
knit 2026/01/28 10:25:00 copying spec: "/host/sys/devices/system/node/node0/distance"
knit 2026/01/28 10:25:00   copying path: "/host/sys/devices/system/node/node0/distance"
knit 2026/01/28 10:25:00     copying file: "/host/sys/devices/system/node/node0/distance" -> "/tmp/perf-must-gather-58584043/host/sys/devices/system/node/node0/distance"
knit 2026/01/28 10:25:00 creating /tmp/perf-must-gather-58584043/host/sys/devices/system/node/node0/distance
knit 2026/01/28 10:25:00 copying spec: "/host/proc/irq/5/effective_affinity_list"
knit 2026/01/28 10:25:00   copying path: "/host/proc/irq/5/effective_affinity_list"
knit 2026/01/28 10:25:00     copying file: "/host/proc/irq/5/effective_affinity_list" -> "/tmp/perf-must-gather-58584043/host/proc/irq/5/effective_affinity_list"
knit 2026/01/28 10:25:00 creating /tmp/perf-must-gather-58584043/host/proc/irq/5/effective_affinity_list
knit 2026/01/28 10:25:00 copying spec: "/host/sys/devices/system/cpu/cpu0/cache/index0/level"
knit 2026/01/28 10:25:00   copying path: "/host/sys/devices/system/cpu/cpu0/cache/index0/level"
knit 2026/01/28 10:25:00     copying file: "/host/sys/devices/system/cpu/cpu0/cache/index0/level" -> "/tmp/perf-must-gather-58584043/host/sys/devices/system/cpu/cpu0/cache/index0/level"
knit 2026/01/28 10:25:00 creating /tmp/perf-must-gather-58584043/host/sys/devices/system/cpu/cpu0/cache/index0/level
knit 2026/01/28 10:25:00 copying spec: "/host/sys/devices/system/cpu/cpu1/cache/index1/type"
knit 2026/01/28 10:25:00   copying path: "/host/sys/devices/system/cpu/cpu1/cache/index1/type"
knit 2026/01/28 10:25:00     copying file: "/host/sys/devices/system/cpu/cpu1/cache/index1/type" -> "/tmp/perf-must-gather-58584043/host/sys/devices/system/cpu/cpu1/cache/index1/type"
knit 2026/01/28 10:25:00 creating /tmp/perf-must-gather-58584043/host/sys/devices/system/cpu/cpu1/cache/index1/type
knit 2026/01/28 10:25:00 copying spec: "/host/sys/devices/system/cpu/cpu2/cache/index0/shared_cpu_list"
knit 2026/01/28 10:25:00   copying path: "/host/sys/devices/system/cpu/cpu2/cache/index0/shared_cpu_list"
knit 2026/01/28 10:25:00     copying file: "/host/sys/devices/system/cpu/cpu2/cache/index0/shared_cpu_list" -> "/tmp/perf-must-gather-58584043/host/sys/devices/system/cpu/cpu2/cache/index0/shared_cpu_list"
knit 2026/01/28 10:25:00 creating /tmp/perf-must-gather-58584043/host/sys/devices/system/cpu/cpu2/cache/index0/shared_cpu_list
knit 2026/01/28 10:25:00 copying spec: "/host/sys/devices/system/cpu/cpu0/cache/index3/number_of_sets"
knit 2026/01/28 10:25:00   copying path: "/host/sys/devices/system/cpu/cpu0/cache/index3/number_of_sets"
knit 2026/01/28 10:25:00     copying file: "/host/sys/devices/system/cpu/cpu0/cache/index3/number_of_sets" -> "/tmp/perf-must-gather-58584043/host/sys/devices/system/cpu/cpu0/cache/index3/number_of_sets"
knit 2026/01/28 10:25:00 creating /tmp/perf-must-gather-58584043/host/sys/devices/system/cpu/cpu0/cache/index3/number_of_sets
knit 2026/01/28 10:25:00 copying spec: "/host/sys/devices/system/memory/memory87/online"
knit 2026/01/28 10:25:00   copying path: "/host/sys/devices/system/memory/memory87/online"
knit 2026/01/28 10:25:00     copying file: "/host/sys/devices/system/memory/memory87/online" -> "/tmp/perf-must-gather-58584043/host/sys/devices/system/memory/memory87/online"
knit 2026/01/28 10:25:00 creating /tmp/perf-must-gather-58584043/host/sys/devices/system/memory/memory87/online
knit 2026/01/28 10:25:00 copying spec: "/host/proc/irq/13/node"
knit 2026/01/28 10:25:00   copying path: "/host/proc/irq/13/node"
knit 2026/01/28 10:25:00     copying file: "/host/proc/irq/13/node" -> "/tmp/perf-must-gather-58584043/host/proc/irq/13/node"
knit 2026/01/28 10:25:00 creating /tmp/perf-must-gather-58584043/host/proc/irq/13/node
knit 2026/01/28 10:25:00 copying spec: "/host/sys/devices/system/cpu/cpu0/cache/index0/shared_cpu_map"
knit 2026/01/28 10:25:00   copying path: "/host/sys/devices/system/cpu/cpu0/cache/index0/shared_cpu_map"
knit 2026/01/28 10:25:00     copying file: "/host/sys/devices/system/cpu/cpu0/cache/index0/shared_cpu_map" -> "/tmp/perf-must-gather-58584043/host/sys/devices/system/cpu/cpu0/cache/index0/shared_cpu_map"
knit 2026/01/28 10:25:00 creating /tmp/perf-must-gather-58584043/host/sys/devices/system/cpu/cpu0/cache/index0/shared_cpu_map
knit 2026/01/28 10:25:00 copying spec: "/host/sys/devices/system/cpu/cpu0/cache/index1/coherency_line_size"
knit 2026/01/28 10:25:00   copying path: "/host/sys/devices/system/cpu/cpu0/cache/index1/coherency_line_size"
knit 2026/01/28 10:25:00     copying file: "/host/sys/devices/system/cpu/cpu0/cache/index1/coherency_line_size" -> "/tmp/perf-must-gather-58584043/host/sys/devices/system/cpu/cpu0/cache/index1/coherency_line_size"
knit 2026/01/28 10:25:00 creating /tmp/perf-must-gather-58584043/host/sys/devices/system/cpu/cpu0/cache/index1/coherency_line_size
knit 2026/01/28 10:25:00 copying spec: "/host/sys/devices/system/cpu/cpu0/cache/index2/ways_of_associativity"
knit 2026/01/28 10:25:00   copying path: "/host/sys/devices/system/cpu/cpu0/cache/index2/ways_of_associativity"
knit 2026/01/28 10:25:00     copying file: "/host/sys/devices/system/cpu/cpu0/cache/index2/ways_of_associativity" -> "/tmp/perf-must-gather-58584043/host/sys/devices/system/cpu/cpu0/cache/index2/ways_of_associativity"
knit 2026/01/28 10:25:00 creating /tmp/perf-must-gather-58584043/host/sys/devices/system/cpu/cpu0/cache/index2/ways_of_associativity
knit 2026/01/28 10:25:00 copying spec: "/host/sys/devices/system/cpu/cpu2/cache/index3/coherency_line_size"
knit 2026/01/28 10:25:00   copying path: "/host/sys/devices/system/cpu/cpu2/cache/index3/coherency_line_size"
knit 2026/01/28 10:25:00     copying file: "/host/sys/devices/system/cpu/cpu2/cache/index3/coherency_line_size" -> "/tmp/perf-must-gather-58584043/host/sys/devices/system/cpu/cpu2/cache/index3/coherency_line_size"
knit 2026/01/28 10:25:00 creating /tmp/perf-must-gather-58584043/host/sys/devices/system/cpu/cpu2/cache/index3/coherency_line_size
knit 2026/01/28 10:25:00 copying spec: "/host/sys/devices/system/memory/memory58/online"
knit 2026/01/28 10:25:00   copying path: "/host/sys/devices/system/memory/memory58/online"
knit 2026/01/28 10:25:00     copying file: "/host/sys/devices/system/memory/memory58/online" -> "/tmp/perf-must-gather-58584043/host/sys/devices/system/memory/memory58/online"
knit 2026/01/28 10:25:00 creating /tmp/perf-must-gather-58584043/host/sys/devices/system/memory/memory58/online
knit 2026/01/28 10:25:00 copying spec: "/host/sys/devices/system/memory/memory68/online"
knit 2026/01/28 10:25:00   copying path: "/host/sys/devices/system/memory/memory68/online"
knit 2026/01/28 10:25:00     copying file: "/host/sys/devices/system/memory/memory68/online" -> "/tmp/perf-must-gather-58584043/host/sys/devices/system/memory/memory68/online"
knit 2026/01/28 10:25:00 creating /tmp/perf-must-gather-58584043/host/sys/devices/system/memory/memory68/online
knit 2026/01/28 10:25:00 copying spec: "/host/sys/bus/pci/drivers/thunderbolt"
knit 2026/01/28 10:25:00   copying path: "/host/sys/bus/pci/drivers/thunderbolt"
knit 2026/01/28 10:25:00 copying spec: "/host/sys/devices/system/memory/memory93/online"
knit 2026/01/28 10:25:00   copying path: "/host/sys/devices/system/memory/memory93/online"
knit 2026/01/28 10:25:00     copying file: "/host/sys/devices/system/memory/memory93/online" -> "/tmp/perf-must-gather-58584043/host/sys/devices/system/memory/memory93/online"
knit 2026/01/28 10:25:00 creating /tmp/perf-must-gather-58584043/host/sys/devices/system/memory/memory93/online
knit 2026/01/28 10:25:00 copying spec: "/host/sys/devices/system/memory/memory48/state"
knit 2026/01/28 10:25:00   copying path: "/host/sys/devices/system/memory/memory48/state"
knit 2026/01/28 10:25:00     copying file: "/host/sys/devices/system/memory/memory48/state" -> "/tmp/perf-must-gather-58584043/host/sys/devices/system/memory/memory48/state"
knit 2026/01/28 10:25:00 creating /tmp/perf-must-gather-58584043/host/sys/devices/system/memory/memory48/state
knit 2026/01/28 10:25:00 copying spec: "/host/sys/devices/system/memory/memory5/state"
knit 2026/01/28 10:25:00   copying path: "/host/sys/devices/system/memory/memory5/state"
knit 2026/01/28 10:25:00     copying file: "/host/sys/devices/system/memory/memory5/state" -> "/tmp/perf-must-gather-58584043/host/sys/devices/system/memory/memory5/state"
knit 2026/01/28 10:25:00 creating /tmp/perf-must-gather-58584043/host/sys/devices/system/memory/memory5/state
knit 2026/01/28 10:25:00 copying spec: "/host/sys/devices/system/memory/memory92/state"
knit 2026/01/28 10:25:00   copying path: "/host/sys/devices/system/memory/memory92/state"
knit 2026/01/28 10:25:00     copying file: "/host/sys/devices/system/memory/memory92/state" -> "/tmp/perf-must-gather-58584043/host/sys/devices/system/memory/memory92/state"
knit 2026/01/28 10:25:00 creating /tmp/perf-must-gather-58584043/host/sys/devices/system/memory/memory92/state
knit 2026/01/28 10:25:00 copying spec: "/host/sys/devices/system/cpu/cpu0/cache/index1/shared_cpu_list"
knit 2026/01/28 10:25:00   copying path: "/host/sys/devices/system/cpu/cpu0/cache/index1/shared_cpu_list"
knit 2026/01/28 10:25:00     copying file: "/host/sys/devices/system/cpu/cpu0/cache/index1/shared_cpu_list" -> "/tmp/perf-must-gather-58584043/host/sys/devices/system/cpu/cpu0/cache/index1/shared_cpu_list"
knit 2026/01/28 10:25:00 creating /tmp/perf-must-gather-58584043/host/sys/devices/system/cpu/cpu0/cache/index1/shared_cpu_list
knit 2026/01/28 10:25:00 copying spec: "/host/sys/devices/system/cpu/cpu1/topology/core_cpus_list"
knit 2026/01/28 10:25:00   copying path: "/host/sys/devices/system/cpu/cpu1/topology/core_cpus_list"
knit 2026/01/28 10:25:00     copying file: "/host/sys/devices/system/cpu/cpu1/topology/core_cpus_list" -> "/tmp/perf-must-gather-58584043/host/sys/devices/system/cpu/cpu1/topology/core_cpus_list"
knit 2026/01/28 10:25:00 creating /tmp/perf-must-gather-58584043/host/sys/devices/system/cpu/cpu1/topology/core_cpus_list
knit 2026/01/28 10:25:00 copying spec: "/host/sys/devices/system/cpu/cpu3/topology/die_id"
knit 2026/01/28 10:25:00   copying path: "/host/sys/devices/system/cpu/cpu3/topology/die_id"
knit 2026/01/28 10:25:00     copying file: "/host/sys/devices/system/cpu/cpu3/topology/die_id" -> "/tmp/perf-must-gather-58584043/host/sys/devices/system/cpu/cpu3/topology/die_id"
knit 2026/01/28 10:25:00 creating /tmp/perf-must-gather-58584043/host/sys/devices/system/cpu/cpu3/topology/die_id
knit 2026/01/28 10:25:00 copying spec: "/host/sys/devices/system/memory/memory44/online"
knit 2026/01/28 10:25:00   copying path: "/host/sys/devices/system/memory/memory44/online"
knit 2026/01/28 10:25:00     copying file: "/host/sys/devices/system/memory/memory44/online" -> "/tmp/perf-must-gather-58584043/host/sys/devices/system/memory/memory44/online"
knit 2026/01/28 10:25:00 creating /tmp/perf-must-gather-58584043/host/sys/devices/system/memory/memory44/online
knit 2026/01/28 10:25:00 copying spec: "/host/sys/devices/system/cpu/cpu3/topology/core_siblings"
knit 2026/01/28 10:25:00   copying path: "/host/sys/devices/system/cpu/cpu3/topology/core_siblings"
knit 2026/01/28 10:25:00     copying file: "/host/sys/devices/system/cpu/cpu3/topology/core_siblings" -> "/tmp/perf-must-gather-58584043/host/sys/devices/system/cpu/cpu3/topology/core_siblings"
knit 2026/01/28 10:25:00 creating /tmp/perf-must-gather-58584043/host/sys/devices/system/cpu/cpu3/topology/core_siblings
knit 2026/01/28 10:25:00 copying spec: "/host/sys/devices/system/memory/memory119/online"
knit 2026/01/28 10:25:00   copying path: "/host/sys/devices/system/memory/memory119/online"
knit 2026/01/28 10:25:00     copying file: "/host/sys/devices/system/memory/memory119/online" -> "/tmp/perf-must-gather-58584043/host/sys/devices/system/memory/memory119/online"
knit 2026/01/28 10:25:00 creating /tmp/perf-must-gather-58584043/host/sys/devices/system/memory/memory119/online
knit 2026/01/28 10:25:00 copying spec: "/host/proc/irq/26/smp_affinity_list"
knit 2026/01/28 10:25:00   copying path: "/host/proc/irq/26/smp_affinity_list"
knit 2026/01/28 10:25:00     copying file: "/host/proc/irq/26/smp_affinity_list" -> "/tmp/perf-must-gather-58584043/host/proc/irq/26/smp_affinity_list"
knit 2026/01/28 10:25:00 creating /tmp/perf-must-gather-58584043/host/proc/irq/26/smp_affinity_list
knit 2026/01/28 10:25:00 copying spec: "/host/sys/devices/system/cpu/cpu1/cache/index0/id"
knit 2026/01/28 10:25:00   copying path: "/host/sys/devices/system/cpu/cpu1/cache/index0/id"
knit 2026/01/28 10:25:00     copying file: "/host/sys/devices/system/cpu/cpu1/cache/index0/id" -> "/tmp/perf-must-gather-58584043/host/sys/devices/system/cpu/cpu1/cache/index0/id"
knit 2026/01/28 10:25:00 creating /tmp/perf-must-gather-58584043/host/sys/devices/system/cpu/cpu1/cache/index0/id
knit 2026/01/28 10:25:00 copying spec: "/host/sys/devices/system/cpu/cpu1/cache/index0/type"
knit 2026/01/28 10:25:00   copying path: "/host/sys/devices/system/cpu/cpu1/cache/index0/type"
knit 2026/01/28 10:25:00     copying file: "/host/sys/devices/system/cpu/cpu1/cache/index0/type" -> "/tmp/perf-must-gather-58584043/host/sys/devices/system/cpu/cpu1/cache/index0/type"
knit 2026/01/28 10:25:00 creating /tmp/perf-must-gather-58584043/host/sys/devices/system/cpu/cpu1/cache/index0/type
knit 2026/01/28 10:25:00 copying spec: "/host/sys/devices/system/memory/memory1/online"
knit 2026/01/28 10:25:00   copying path: "/host/sys/devices/system/memory/memory1/online"
knit 2026/01/28 10:25:00     copying file: "/host/sys/devices/system/memory/memory1/online" -> "/tmp/perf-must-gather-58584043/host/sys/devices/system/memory/memory1/online"
knit 2026/01/28 10:25:00 creating /tmp/perf-must-gather-58584043/host/sys/devices/system/memory/memory1/online
knit 2026/01/28 10:25:00 copying spec: "/host/sys/devices/system/memory/memory109/state"
knit 2026/01/28 10:25:00   copying path: "/host/sys/devices/system/memory/memory109/state"
knit 2026/01/28 10:25:00     copying file: "/host/sys/devices/system/memory/memory109/state" -> "/tmp/perf-must-gather-58584043/host/sys/devices/system/memory/memory109/state"
knit 2026/01/28 10:25:00 creating /tmp/perf-must-gather-58584043/host/sys/devices/system/memory/memory109/state
knit 2026/01/28 10:25:00 copying spec: "/host/proc/irq/8/node"
knit 2026/01/28 10:25:00   copying path: "/host/proc/irq/8/node"
knit 2026/01/28 10:25:00     copying file: "/host/proc/irq/8/node" -> "/tmp/perf-must-gather-58584043/host/proc/irq/8/node"
knit 2026/01/28 10:25:00 creating /tmp/perf-must-gather-58584043/host/proc/irq/8/node
knit 2026/01/28 10:25:00 copying spec: "/host/sys/devices/system/cpu/cpu3/cache/index3/type"
knit 2026/01/28 10:25:00   copying path: "/host/sys/devices/system/cpu/cpu3/cache/index3/type"
knit 2026/01/28 10:25:00     copying file: "/host/sys/devices/system/cpu/cpu3/cache/index3/type" -> "/tmp/perf-must-gather-58584043/host/sys/devices/system/cpu/cpu3/cache/index3/type"
knit 2026/01/28 10:25:00 creating /tmp/perf-must-gather-58584043/host/sys/devices/system/cpu/cpu3/cache/index3/type
knit 2026/01/28 10:25:00 copying spec: "/host/sys/devices/system/cpu/cpu1/topology/cluster_cpus_list"
knit 2026/01/28 10:25:00   copying path: "/host/sys/devices/system/cpu/cpu1/topology/cluster_cpus_list"
knit 2026/01/28 10:25:00     copying file: "/host/sys/devices/system/cpu/cpu1/topology/cluster_cpus_list" -> "/tmp/perf-must-gather-58584043/host/sys/devices/system/cpu/cpu1/topology/cluster_cpus_list"
knit 2026/01/28 10:25:00 creating /tmp/perf-must-gather-58584043/host/sys/devices/system/cpu/cpu1/topology/cluster_cpus_list
knit 2026/01/28 10:25:00 copying spec: "/host/sys/devices/system/cpu/cpu1/topology/core_siblings_list"
knit 2026/01/28 10:25:00   copying path: "/host/sys/devices/system/cpu/cpu1/topology/core_siblings_list"
knit 2026/01/28 10:25:00     copying file: "/host/sys/devices/system/cpu/cpu1/topology/core_siblings_list" -> "/tmp/perf-must-gather-58584043/host/sys/devices/system/cpu/cpu1/topology/core_siblings_list"
knit 2026/01/28 10:25:00 creating /tmp/perf-must-gather-58584043/host/sys/devices/system/cpu/cpu1/topology/core_siblings_list
knit 2026/01/28 10:25:00 copying spec: "/host/sys/devices/system/memory/memory35/online"
knit 2026/01/28 10:25:00   copying path: "/host/sys/devices/system/memory/memory35/online"
knit 2026/01/28 10:25:00     copying file: "/host/sys/devices/system/memory/memory35/online" -> "/tmp/perf-must-gather-58584043/host/sys/devices/system/memory/memory35/online"
knit 2026/01/28 10:25:00 creating /tmp/perf-must-gather-58584043/host/sys/devices/system/memory/memory35/online
knit 2026/01/28 10:25:00 copying spec: "/host/sys/devices/system/memory/memory32/state"
knit 2026/01/28 10:25:00   copying path: "/host/sys/devices/system/memory/memory32/state"
knit 2026/01/28 10:25:00     copying file: "/host/sys/devices/system/memory/memory32/state" -> "/tmp/perf-must-gather-58584043/host/sys/devices/system/memory/memory32/state"
knit 2026/01/28 10:25:00 creating /tmp/perf-must-gather-58584043/host/sys/devices/system/memory/memory32/state
knit 2026/01/28 10:25:00 copying spec: "/host/sys/devices/pci0000:00/0000:00:05.0/vendor"
knit 2026/01/28 10:25:00   copying path: "/host/sys/devices/pci0000:00/0000:00:05.0/vendor"
knit 2026/01/28 10:25:00     copying file: "/host/sys/devices/pci0000:00/0000:00:05.0/vendor" -> "/tmp/perf-must-gather-58584043/host/sys/devices/pci0000:00/0000:00:05.0/vendor"
knit 2026/01/28 10:25:00 creating /tmp/perf-must-gather-58584043/host/sys/devices/pci0000:00/0000:00:05.0/vendor
knit 2026/01/28 10:25:00 copying spec: "/host/sys/devices/system/cpu/cpu0/cache/index2/type"
knit 2026/01/28 10:25:00   copying path: "/host/sys/devices/system/cpu/cpu0/cache/index2/type"
knit 2026/01/28 10:25:00     copying file: "/host/sys/devices/system/cpu/cpu0/cache/index2/type" -> "/tmp/perf-must-gather-58584043/host/sys/devices/system/cpu/cpu0/cache/index2/type"
knit 2026/01/28 10:25:00 creating /tmp/perf-must-gather-58584043/host/sys/devices/system/cpu/cpu0/cache/index2/type
knit 2026/01/28 10:25:00 copying spec: "/host/sys/devices/system/cpu/cpu1/cache/index0/shared_cpu_map"
knit 2026/01/28 10:25:00   copying path: "/host/sys/devices/system/cpu/cpu1/cache/index0/shared_cpu_map"
knit 2026/01/28 10:25:00     copying file: "/host/sys/devices/system/cpu/cpu1/cache/index0/shared_cpu_map" -> "/tmp/perf-must-gather-58584043/host/sys/devices/system/cpu/cpu1/cache/index0/shared_cpu_map"
knit 2026/01/28 10:25:00 creating /tmp/perf-must-gather-58584043/host/sys/devices/system/cpu/cpu1/cache/index0/shared_cpu_map
knit 2026/01/28 10:25:00 copying spec: "/host/sys/devices/system/cpu/cpu3/cache/index0/uevent"
knit 2026/01/28 10:25:00   copying path: "/host/sys/devices/system/cpu/cpu3/cache/index0/uevent"
knit 2026/01/28 10:25:00     copying file: "/host/sys/devices/system/cpu/cpu3/cache/index0/uevent" -> "/tmp/perf-must-gather-58584043/host/sys/devices/system/cpu/cpu3/cache/index0/uevent"
knit 2026/01/28 10:25:00 creating /tmp/perf-must-gather-58584043/host/sys/devices/system/cpu/cpu3/cache/index0/uevent
knit 2026/01/28 10:25:00 copying spec: "/host/sys/devices/system/cpu/cpu3/cache/index2/physical_line_partition"
knit 2026/01/28 10:25:00   copying path: "/host/sys/devices/system/cpu/cpu3/cache/index2/physical_line_partition"
knit 2026/01/28 10:25:00     copying file: "/host/sys/devices/system/cpu/cpu3/cache/index2/physical_line_partition" -> "/tmp/perf-must-gather-58584043/host/sys/devices/system/cpu/cpu3/cache/index2/physical_line_partition"
knit 2026/01/28 10:25:00 creating /tmp/perf-must-gather-58584043/host/sys/devices/system/cpu/cpu3/cache/index2/physical_line_partition
knit 2026/01/28 10:25:00 copying spec: "/host/sys/devices/system/memory/memory62/state"
knit 2026/01/28 10:25:00   copying path: "/host/sys/devices/system/memory/memory62/state"
knit 2026/01/28 10:25:00     copying file: "/host/sys/devices/system/memory/memory62/state" -> "/tmp/perf-must-gather-58584043/host/sys/devices/system/memory/memory62/state"
knit 2026/01/28 10:25:00 creating /tmp/perf-must-gather-58584043/host/sys/devices/system/memory/memory62/state
knit 2026/01/28 10:25:00 copying spec: "/host/sys/devices/system/memory/memory95/state"
knit 2026/01/28 10:25:00   copying path: "/host/sys/devices/system/memory/memory95/state"
knit 2026/01/28 10:25:00     copying file: "/host/sys/devices/system/memory/memory95/state" -> "/tmp/perf-must-gather-58584043/host/sys/devices/system/memory/memory95/state"
knit 2026/01/28 10:25:00 creating /tmp/perf-must-gather-58584043/host/sys/devices/system/memory/memory95/state
knit 2026/01/28 10:25:00 copying spec: "/host/sys/bus/pci/drivers/cxgb4"
knit 2026/01/28 10:25:00   copying path: "/host/sys/bus/pci/drivers/cxgb4"
knit 2026/01/28 10:25:00 copying spec: "/host/sys/bus/pci/drivers/ena"
knit 2026/01/28 10:25:00   copying path: "/host/sys/bus/pci/drivers/ena"
knit 2026/01/28 10:25:00 copying spec: "/host/proc/irq/24/node"
knit 2026/01/28 10:25:00   copying path: "/host/proc/irq/24/node"
knit 2026/01/28 10:25:00     copying file: "/host/proc/irq/24/node" -> "/tmp/perf-must-gather-58584043/host/proc/irq/24/node"
knit 2026/01/28 10:25:00 creating /tmp/perf-must-gather-58584043/host/proc/irq/24/node
knit 2026/01/28 10:25:00 copying spec: "/host/sys/devices/system/cpu/cpu0/cache/index0/id"
knit 2026/01/28 10:25:00   copying path: "/host/sys/devices/system/cpu/cpu0/cache/index0/id"
knit 2026/01/28 10:25:00     copying file: "/host/sys/devices/system/cpu/cpu0/cache/index0/id" -> "/tmp/perf-must-gather-58584043/host/sys/devices/system/cpu/cpu0/cache/index0/id"
knit 2026/01/28 10:25:00 creating /tmp/perf-must-gather-58584043/host/sys/devices/system/cpu/cpu0/cache/index0/id
knit 2026/01/28 10:25:00 copying spec: "/host/sys/devices/system/cpu/cpu1/cache/index2/level"
knit 2026/01/28 10:25:00   copying path: "/host/sys/devices/system/cpu/cpu1/cache/index2/level"
knit 2026/01/28 10:25:00     copying file: "/host/sys/devices/system/cpu/cpu1/cache/index2/level" -> "/tmp/perf-must-gather-58584043/host/sys/devices/system/cpu/cpu1/cache/index2/level"
knit 2026/01/28 10:25:00 creating /tmp/perf-must-gather-58584043/host/sys/devices/system/cpu/cpu1/cache/index2/level
knit 2026/01/28 10:25:00 copying spec: "/host/sys/devices/system/cpu/cpu1/cache/index3/number_of_sets"
knit 2026/01/28 10:25:00   copying path: "/host/sys/devices/system/cpu/cpu1/cache/index3/number_of_sets"
knit 2026/01/28 10:25:00     copying file: "/host/sys/devices/system/cpu/cpu1/cache/index3/number_of_sets" -> "/tmp/perf-must-gather-58584043/host/sys/devices/system/cpu/cpu1/cache/index3/number_of_sets"
knit 2026/01/28 10:25:00 creating /tmp/perf-must-gather-58584043/host/sys/devices/system/cpu/cpu1/cache/index3/number_of_sets
knit 2026/01/28 10:25:00 copying spec: "/host/sys/devices/system/cpu/cpu2/cache/index1/size"
knit 2026/01/28 10:25:00   copying path: "/host/sys/devices/system/cpu/cpu2/cache/index1/size"
knit 2026/01/28 10:25:00     copying file: "/host/sys/devices/system/cpu/cpu2/cache/index1/size" -> "/tmp/perf-must-gather-58584043/host/sys/devices/system/cpu/cpu2/cache/index1/size"
knit 2026/01/28 10:25:00 creating /tmp/perf-must-gather-58584043/host/sys/devices/system/cpu/cpu2/cache/index1/size
knit 2026/01/28 10:25:00 copying spec: "/host/sys/devices/system/memory/memory19/online"
knit 2026/01/28 10:25:00   copying path: "/host/sys/devices/system/memory/memory19/online"
knit 2026/01/28 10:25:00     copying file: "/host/sys/devices/system/memory/memory19/online" -> "/tmp/perf-must-gather-58584043/host/sys/devices/system/memory/memory19/online"
knit 2026/01/28 10:25:00 creating /tmp/perf-must-gather-58584043/host/sys/devices/system/memory/memory19/online
knit 2026/01/28 10:25:00 copying spec: "/host/sys/devices/system/memory/memory103/state"
knit 2026/01/28 10:25:00   copying path: "/host/sys/devices/system/memory/memory103/state"
knit 2026/01/28 10:25:00     copying file: "/host/sys/devices/system/memory/memory103/state" -> "/tmp/perf-must-gather-58584043/host/sys/devices/system/memory/memory103/state"
knit 2026/01/28 10:25:00 creating /tmp/perf-must-gather-58584043/host/sys/devices/system/memory/memory103/state
knit 2026/01/28 10:25:00 copying spec: "/host/sys/devices/system/memory/memory6/state"
knit 2026/01/28 10:25:00   copying path: "/host/sys/devices/system/memory/memory6/state"
knit 2026/01/28 10:25:00     copying file: "/host/sys/devices/system/memory/memory6/state" -> "/tmp/perf-must-gather-58584043/host/sys/devices/system/memory/memory6/state"
knit 2026/01/28 10:25:00 creating /tmp/perf-must-gather-58584043/host/sys/devices/system/memory/memory6/state
knit 2026/01/28 10:25:00 copying spec: "/host/sys/devices/system/cpu/cpu1/cache/index2/coherency_line_size"
knit 2026/01/28 10:25:00   copying path: "/host/sys/devices/system/cpu/cpu1/cache/index2/coherency_line_size"
knit 2026/01/28 10:25:00     copying file: "/host/sys/devices/system/cpu/cpu1/cache/index2/coherency_line_size" -> "/tmp/perf-must-gather-58584043/host/sys/devices/system/cpu/cpu1/cache/index2/coherency_line_size"
knit 2026/01/28 10:25:00 creating /tmp/perf-must-gather-58584043/host/sys/devices/system/cpu/cpu1/cache/index2/coherency_line_size
knit 2026/01/28 10:25:00 copying spec: "/host/sys/devices/system/cpu/cpu2/topology/die_cpus_list"
knit 2026/01/28 10:25:00   copying path: "/host/sys/devices/system/cpu/cpu2/topology/die_cpus_list"
knit 2026/01/28 10:25:00     copying file: "/host/sys/devices/system/cpu/cpu2/topology/die_cpus_list" -> "/tmp/perf-must-gather-58584043/host/sys/devices/system/cpu/cpu2/topology/die_cpus_list"
knit 2026/01/28 10:25:00 creating /tmp/perf-must-gather-58584043/host/sys/devices/system/cpu/cpu2/topology/die_cpus_list
knit 2026/01/28 10:25:00 copying spec: "/host/sys/devices/system/memory/memory75/state"
knit 2026/01/28 10:25:00   copying path: "/host/sys/devices/system/memory/memory75/state"
knit 2026/01/28 10:25:00     copying file: "/host/sys/devices/system/memory/memory75/state" -> "/tmp/perf-must-gather-58584043/host/sys/devices/system/memory/memory75/state"
knit 2026/01/28 10:25:00 creating /tmp/perf-must-gather-58584043/host/sys/devices/system/memory/memory75/state
knit 2026/01/28 10:25:00 copying spec: "/host/sys/devices/system/cpu/cpu1/cache/index1/level"
knit 2026/01/28 10:25:00   copying path: "/host/sys/devices/system/cpu/cpu1/cache/index1/level"
knit 2026/01/28 10:25:00     copying file: "/host/sys/devices/system/cpu/cpu1/cache/index1/level" -> "/tmp/perf-must-gather-58584043/host/sys/devices/system/cpu/cpu1/cache/index1/level"
knit 2026/01/28 10:25:00 creating /tmp/perf-must-gather-58584043/host/sys/devices/system/cpu/cpu1/cache/index1/level
knit 2026/01/28 10:25:00 copying spec: "/host/sys/devices/system/memory/block_size_bytes"
knit 2026/01/28 10:25:00   copying path: "/host/sys/devices/system/memory/block_size_bytes"
knit 2026/01/28 10:25:00     copying file: "/host/sys/devices/system/memory/block_size_bytes" -> "/tmp/perf-must-gather-58584043/host/sys/devices/system/memory/block_size_bytes"
knit 2026/01/28 10:25:00 creating /tmp/perf-must-gather-58584043/host/sys/devices/system/memory/block_size_bytes
knit 2026/01/28 10:25:00 copying spec: "/host/sys/devices/system/memory/memory106/online"
knit 2026/01/28 10:25:00   copying path: "/host/sys/devices/system/memory/memory106/online"
knit 2026/01/28 10:25:00     copying file: "/host/sys/devices/system/memory/memory106/online" -> "/tmp/perf-must-gather-58584043/host/sys/devices/system/memory/memory106/online"
knit 2026/01/28 10:25:00 creating /tmp/perf-must-gather-58584043/host/sys/devices/system/memory/memory106/online
knit 2026/01/28 10:25:00 copying spec: "/host/sys/devices/system/memory/memory97/online"
knit 2026/01/28 10:25:00   copying path: "/host/sys/devices/system/memory/memory97/online"
knit 2026/01/28 10:25:00     copying file: "/host/sys/devices/system/memory/memory97/online" -> "/tmp/perf-must-gather-58584043/host/sys/devices/system/memory/memory97/online"
knit 2026/01/28 10:25:00 creating /tmp/perf-must-gather-58584043/host/sys/devices/system/memory/memory97/online
knit 2026/01/28 10:25:00 copying spec: "/host/sys/devices/system/memory/memory122/state"
knit 2026/01/28 10:25:00   copying path: "/host/sys/devices/system/memory/memory122/state"
knit 2026/01/28 10:25:00     copying file: "/host/sys/devices/system/memory/memory122/state" -> "/tmp/perf-must-gather-58584043/host/sys/devices/system/memory/memory122/state"
knit 2026/01/28 10:25:00 creating /tmp/perf-must-gather-58584043/host/sys/devices/system/memory/memory122/state
knit 2026/01/28 10:25:00 copying spec: "/host/sys/devices/system/node/node0/hugepages/hugepages-1048576kB/surplus_hugepages"
knit 2026/01/28 10:25:00   copying path: "/host/sys/devices/system/node/node0/hugepages/hugepages-1048576kB/surplus_hugepages"
knit 2026/01/28 10:25:00     copying file: "/host/sys/devices/system/node/node0/hugepages/hugepages-1048576kB/surplus_hugepages" -> "/tmp/perf-must-gather-58584043/host/sys/devices/system/node/node0/hugepages/hugepages-1048576kB/surplus_hugepages"
knit 2026/01/28 10:25:00 creating /tmp/perf-must-gather-58584043/host/sys/devices/system/node/node0/hugepages/hugepages-1048576kB/surplus_hugepages
knit 2026/01/28 10:25:00 copying spec: "/host/sys/devices/pci0000:00/0000:00:00.0/class"
knit 2026/01/28 10:25:00   copying path: "/host/sys/devices/pci0000:00/0000:00:00.0/class"
knit 2026/01/28 10:25:00     copying file: "/host/sys/devices/pci0000:00/0000:00:00.0/class" -> "/tmp/perf-must-gather-58584043/host/sys/devices/pci0000:00/0000:00:00.0/class"
knit 2026/01/28 10:25:00 creating /tmp/perf-must-gather-58584043/host/sys/devices/pci0000:00/0000:00:00.0/class
knit 2026/01/28 10:25:00 copying spec: "/host/sys/devices/pci0000:00/0000:00:01.3/local_cpulist"
knit 2026/01/28 10:25:00   copying path: "/host/sys/devices/pci0000:00/0000:00:01.3/local_cpulist"
knit 2026/01/28 10:25:00     copying file: "/host/sys/devices/pci0000:00/0000:00:01.3/local_cpulist" -> "/tmp/perf-must-gather-58584043/host/sys/devices/pci0000:00/0000:00:01.3/local_cpulist"
knit 2026/01/28 10:25:00 creating /tmp/perf-must-gather-58584043/host/sys/devices/pci0000:00/0000:00:01.3/local_cpulist
knit 2026/01/28 10:25:00 copying spec: "/host/proc/irq/7/smp_affinity_list"
knit 2026/01/28 10:25:00   copying path: "/host/proc/irq/7/smp_affinity_list"
knit 2026/01/28 10:25:00     copying file: "/host/proc/irq/7/smp_affinity_list" -> "/tmp/perf-must-gather-58584043/host/proc/irq/7/smp_affinity_list"
knit 2026/01/28 10:25:00 creating /tmp/perf-must-gather-58584043/host/proc/irq/7/smp_affinity_list
knit 2026/01/28 10:25:00 copying spec: "/host/proc/softirqs"
knit 2026/01/28 10:25:00   copying path: "/host/proc/softirqs"
knit 2026/01/28 10:25:00     copying file: "/host/proc/softirqs" -> "/tmp/perf-must-gather-58584043/host/proc/softirqs"
knit 2026/01/28 10:25:00 creating /tmp/perf-must-gather-58584043/host/proc/softirqs
knit 2026/01/28 10:25:00 copying spec: "/host/sys/devices/system/memory/memory113/online"
knit 2026/01/28 10:25:00   copying path: "/host/sys/devices/system/memory/memory113/online"
knit 2026/01/28 10:25:00     copying file: "/host/sys/devices/system/memory/memory113/online" -> "/tmp/perf-must-gather-58584043/host/sys/devices/system/memory/memory113/online"
knit 2026/01/28 10:25:00 creating /tmp/perf-must-gather-58584043/host/sys/devices/system/memory/memory113/online
knit 2026/01/28 10:25:00 copying spec: "/host/sys/devices/system/memory/memory130/online"
knit 2026/01/28 10:25:00   copying path: "/host/sys/devices/system/memory/memory130/online"
knit 2026/01/28 10:25:00     copying file: "/host/sys/devices/system/memory/memory130/online" -> "/tmp/perf-must-gather-58584043/host/sys/devices/system/memory/memory130/online"
knit 2026/01/28 10:25:00 creating /tmp/perf-must-gather-58584043/host/sys/devices/system/memory/memory130/online
knit 2026/01/28 10:25:00 copying spec: "/host/sys/devices/pci0000:00/0000:00:03.0/irq"
knit 2026/01/28 10:25:00   copying path: "/host/sys/devices/pci0000:00/0000:00:03.0/irq"
knit 2026/01/28 10:25:00     copying file: "/host/sys/devices/pci0000:00/0000:00:03.0/irq" -> "/tmp/perf-must-gather-58584043/host/sys/devices/pci0000:00/0000:00:03.0/irq"
knit 2026/01/28 10:25:00 creating /tmp/perf-must-gather-58584043/host/sys/devices/pci0000:00/0000:00:03.0/irq
knit 2026/01/28 10:25:00 copying spec: "/host/proc/irq/11/effective_affinity_list"
knit 2026/01/28 10:25:00   copying path: "/host/proc/irq/11/effective_affinity_list"
knit 2026/01/28 10:25:00     copying file: "/host/proc/irq/11/effective_affinity_list" -> "/tmp/perf-must-gather-58584043/host/proc/irq/11/effective_affinity_list"
knit 2026/01/28 10:25:00 creating /tmp/perf-must-gather-58584043/host/proc/irq/11/effective_affinity_list
knit 2026/01/28 10:25:00 copying spec: "/host/sys/devices/system/cpu/cpu0/cache/index1/number_of_sets"
knit 2026/01/28 10:25:00   copying path: "/host/sys/devices/system/cpu/cpu0/cache/index1/number_of_sets"
knit 2026/01/28 10:25:00     copying file: "/host/sys/devices/system/cpu/cpu0/cache/index1/number_of_sets" -> "/tmp/perf-must-gather-58584043/host/sys/devices/system/cpu/cpu0/cache/index1/number_of_sets"
knit 2026/01/28 10:25:00 creating /tmp/perf-must-gather-58584043/host/sys/devices/system/cpu/cpu0/cache/index1/number_of_sets
knit 2026/01/28 10:25:00 copying spec: "/host/sys/devices/system/memory/memory77/online"
knit 2026/01/28 10:25:00   copying path: "/host/sys/devices/system/memory/memory77/online"
knit 2026/01/28 10:25:00     copying file: "/host/sys/devices/system/memory/memory77/online" -> "/tmp/perf-must-gather-58584043/host/sys/devices/system/memory/memory77/online"
knit 2026/01/28 10:25:00 creating /tmp/perf-must-gather-58584043/host/sys/devices/system/memory/memory77/online
knit 2026/01/28 10:25:00 copying spec: "/host/sys/devices/system/memory/memory85/online"
knit 2026/01/28 10:25:00   copying path: "/host/sys/devices/system/memory/memory85/online"
knit 2026/01/28 10:25:00     copying file: "/host/sys/devices/system/memory/memory85/online" -> "/tmp/perf-must-gather-58584043/host/sys/devices/system/memory/memory85/online"
knit 2026/01/28 10:25:00 creating /tmp/perf-must-gather-58584043/host/sys/devices/system/memory/memory85/online
knit 2026/01/28 10:25:00 copying spec: "/host/sys/devices/system/memory/memory113/state"
knit 2026/01/28 10:25:00   copying path: "/host/sys/devices/system/memory/memory113/state"
knit 2026/01/28 10:25:00     copying file: "/host/sys/devices/system/memory/memory113/state" -> "/tmp/perf-must-gather-58584043/host/sys/devices/system/memory/memory113/state"
knit 2026/01/28 10:25:00 creating /tmp/perf-must-gather-58584043/host/sys/devices/system/memory/memory113/state
knit 2026/01/28 10:25:00 copying spec: "/host/sys/devices/pci0000:00/0000:00:04.0/device"
knit 2026/01/28 10:25:00   copying path: "/host/sys/devices/pci0000:00/0000:00:04.0/device"
knit 2026/01/28 10:25:00     copying file: "/host/sys/devices/pci0000:00/0000:00:04.0/device" -> "/tmp/perf-must-gather-58584043/host/sys/devices/pci0000:00/0000:00:04.0/device"
knit 2026/01/28 10:25:00 creating /tmp/perf-must-gather-58584043/host/sys/devices/pci0000:00/0000:00:04.0/device
knit 2026/01/28 10:25:00 copying spec: "/host/sys/devices/system/cpu/cpu1/cache/index0/ways_of_associativity"
knit 2026/01/28 10:25:00   copying path: "/host/sys/devices/system/cpu/cpu1/cache/index0/ways_of_associativity"
knit 2026/01/28 10:25:00     copying file: "/host/sys/devices/system/cpu/cpu1/cache/index0/ways_of_associativity" -> "/tmp/perf-must-gather-58584043/host/sys/devices/system/cpu/cpu1/cache/index0/ways_of_associativity"
knit 2026/01/28 10:25:00 creating /tmp/perf-must-gather-58584043/host/sys/devices/system/cpu/cpu1/cache/index0/ways_of_associativity
knit 2026/01/28 10:25:00 copying spec: "/host/sys/devices/system/cpu/cpu2/cache/index2/number_of_sets"
knit 2026/01/28 10:25:00   copying path: "/host/sys/devices/system/cpu/cpu2/cache/index2/number_of_sets"
knit 2026/01/28 10:25:00     copying file: "/host/sys/devices/system/cpu/cpu2/cache/index2/number_of_sets" -> "/tmp/perf-must-gather-58584043/host/sys/devices/system/cpu/cpu2/cache/index2/number_of_sets"
knit 2026/01/28 10:25:00 creating /tmp/perf-must-gather-58584043/host/sys/devices/system/cpu/cpu2/cache/index2/number_of_sets
knit 2026/01/28 10:25:00 copying spec: "/host/sys/devices/system/cpu/cpu2/cache/index3/uevent"
knit 2026/01/28 10:25:00   copying path: "/host/sys/devices/system/cpu/cpu2/cache/index3/uevent"
knit 2026/01/28 10:25:00     copying file: "/host/sys/devices/system/cpu/cpu2/cache/index3/uevent" -> "/tmp/perf-must-gather-58584043/host/sys/devices/system/cpu/cpu2/cache/index3/uevent"
knit 2026/01/28 10:25:00 creating /tmp/perf-must-gather-58584043/host/sys/devices/system/cpu/cpu2/cache/index3/uevent
knit 2026/01/28 10:25:00 copying spec: "/host/sys/devices/system/memory/memory82/online"
knit 2026/01/28 10:25:00   copying path: "/host/sys/devices/system/memory/memory82/online"
knit 2026/01/28 10:25:00     copying file: "/host/sys/devices/system/memory/memory82/online" -> "/tmp/perf-must-gather-58584043/host/sys/devices/system/memory/memory82/online"
knit 2026/01/28 10:25:00 creating /tmp/perf-must-gather-58584043/host/sys/devices/system/memory/memory82/online
knit 2026/01/28 10:25:00 copying spec: "/host/sys/devices/system/memory/memory59/state"
knit 2026/01/28 10:25:00   copying path: "/host/sys/devices/system/memory/memory59/state"
knit 2026/01/28 10:25:00     copying file: "/host/sys/devices/system/memory/memory59/state" -> "/tmp/perf-must-gather-58584043/host/sys/devices/system/memory/memory59/state"
knit 2026/01/28 10:25:00 creating /tmp/perf-must-gather-58584043/host/sys/devices/system/memory/memory59/state
knit 2026/01/28 10:25:00 copying spec: "/host/sys/bus/pci/drivers/xen-platform-pci"
knit 2026/01/28 10:25:00   copying path: "/host/sys/bus/pci/drivers/xen-platform-pci"
knit 2026/01/28 10:25:00 copying spec: "/host/sys/devices/pci0000:00/0000:00:03.0/revision"
knit 2026/01/28 10:25:00   copying path: "/host/sys/devices/pci0000:00/0000:00:03.0/revision"
knit 2026/01/28 10:25:00     copying file: "/host/sys/devices/pci0000:00/0000:00:03.0/revision" -> "/tmp/perf-must-gather-58584043/host/sys/devices/pci0000:00/0000:00:03.0/revision"
knit 2026/01/28 10:25:00 creating /tmp/perf-must-gather-58584043/host/sys/devices/pci0000:00/0000:00:03.0/revision
knit 2026/01/28 10:25:00 copying spec: "/host/proc/irq/27/node"
knit 2026/01/28 10:25:00   copying path: "/host/proc/irq/27/node"
knit 2026/01/28 10:25:00     copying file: "/host/proc/irq/27/node" -> "/tmp/perf-must-gather-58584043/host/proc/irq/27/node"
knit 2026/01/28 10:25:00 creating /tmp/perf-must-gather-58584043/host/proc/irq/27/node
knit 2026/01/28 10:25:00 copying spec: "/host/proc/irq/3/node"
knit 2026/01/28 10:25:00   copying path: "/host/proc/irq/3/node"
knit 2026/01/28 10:25:00     copying file: "/host/proc/irq/3/node" -> "/tmp/perf-must-gather-58584043/host/proc/irq/3/node"
knit 2026/01/28 10:25:00 creating /tmp/perf-must-gather-58584043/host/proc/irq/3/node
knit 2026/01/28 10:25:00 copying spec: "/host/sys/devices/system/cpu/cpu2/cache/index0/ways_of_associativity"
knit 2026/01/28 10:25:00   copying path: "/host/sys/devices/system/cpu/cpu2/cache/index0/ways_of_associativity"
knit 2026/01/28 10:25:00     copying file: "/host/sys/devices/system/cpu/cpu2/cache/index0/ways_of_associativity" -> "/tmp/perf-must-gather-58584043/host/sys/devices/system/cpu/cpu2/cache/index0/ways_of_associativity"
knit 2026/01/28 10:25:00 creating /tmp/perf-must-gather-58584043/host/sys/devices/system/cpu/cpu2/cache/index0/ways_of_associativity
knit 2026/01/28 10:25:00 copying spec: "/host/sys/devices/system/cpu/cpu3/cache/index2/coherency_line_size"
knit 2026/01/28 10:25:00   copying path: "/host/sys/devices/system/cpu/cpu3/cache/index2/coherency_line_size"
knit 2026/01/28 10:25:00     copying file: "/host/sys/devices/system/cpu/cpu3/cache/index2/coherency_line_size" -> "/tmp/perf-must-gather-58584043/host/sys/devices/system/cpu/cpu3/cache/index2/coherency_line_size"
knit 2026/01/28 10:25:00 creating /tmp/perf-must-gather-58584043/host/sys/devices/system/cpu/cpu3/cache/index2/coherency_line_size
knit 2026/01/28 10:25:00 copying spec: "/host/sys/devices/system/memory/memory42/online"
knit 2026/01/28 10:25:00   copying path: "/host/sys/devices/system/memory/memory42/online"
knit 2026/01/28 10:25:00     copying file: "/host/sys/devices/system/memory/memory42/online" -> "/tmp/perf-must-gather-58584043/host/sys/devices/system/memory/memory42/online"
knit 2026/01/28 10:25:00 creating /tmp/perf-must-gather-58584043/host/sys/devices/system/memory/memory42/online
knit 2026/01/28 10:25:00 copying spec: "/host/sys/devices/system/memory/memory61/online"
knit 2026/01/28 10:25:00   copying path: "/host/sys/devices/system/memory/memory61/online"
knit 2026/01/28 10:25:00     copying file: "/host/sys/devices/system/memory/memory61/online" -> "/tmp/perf-must-gather-58584043/host/sys/devices/system/memory/memory61/online"
knit 2026/01/28 10:25:00 creating /tmp/perf-must-gather-58584043/host/sys/devices/system/memory/memory61/online
knit 2026/01/28 10:25:00 copying spec: "/host/sys/devices/system/memory/memory119/state"
knit 2026/01/28 10:25:00   copying path: "/host/sys/devices/system/memory/memory119/state"
knit 2026/01/28 10:25:00     copying file: "/host/sys/devices/system/memory/memory119/state" -> "/tmp/perf-must-gather-58584043/host/sys/devices/system/memory/memory119/state"
knit 2026/01/28 10:25:00 creating /tmp/perf-must-gather-58584043/host/sys/devices/system/memory/memory119/state
knit 2026/01/28 10:25:00 copying spec: "/host/sys/devices/system/cpu/cpu0/cache/index0/number_of_sets"
knit 2026/01/28 10:25:00   copying path: "/host/sys/devices/system/cpu/cpu0/cache/index0/number_of_sets"
knit 2026/01/28 10:25:00     copying file: "/host/sys/devices/system/cpu/cpu0/cache/index0/number_of_sets" -> "/tmp/perf-must-gather-58584043/host/sys/devices/system/cpu/cpu0/cache/index0/number_of_sets"
knit 2026/01/28 10:25:00 creating /tmp/perf-must-gather-58584043/host/sys/devices/system/cpu/cpu0/cache/index0/number_of_sets
knit 2026/01/28 10:25:00 copying spec: "/host/sys/devices/system/cpu/cpu1/cache/index1/shared_cpu_map"
knit 2026/01/28 10:25:00   copying path: "/host/sys/devices/system/cpu/cpu1/cache/index1/shared_cpu_map"
knit 2026/01/28 10:25:00     copying file: "/host/sys/devices/system/cpu/cpu1/cache/index1/shared_cpu_map" -> "/tmp/perf-must-gather-58584043/host/sys/devices/system/cpu/cpu1/cache/index1/shared_cpu_map"
knit 2026/01/28 10:25:00 creating /tmp/perf-must-gather-58584043/host/sys/devices/system/cpu/cpu1/cache/index1/shared_cpu_map
knit 2026/01/28 10:25:00 copying spec: "/host/sys/devices/system/cpu/cpu2/topology/cluster_id"
knit 2026/01/28 10:25:00   copying path: "/host/sys/devices/system/cpu/cpu2/topology/cluster_id"
knit 2026/01/28 10:25:00     copying file: "/host/sys/devices/system/cpu/cpu2/topology/cluster_id" -> "/tmp/perf-must-gather-58584043/host/sys/devices/system/cpu/cpu2/topology/cluster_id"
knit 2026/01/28 10:25:00 creating /tmp/perf-must-gather-58584043/host/sys/devices/system/cpu/cpu2/topology/cluster_id
knit 2026/01/28 10:25:00 copying spec: "/host/sys/devices/system/memory/memory102/online"
knit 2026/01/28 10:25:00   copying path: "/host/sys/devices/system/memory/memory102/online"
knit 2026/01/28 10:25:00     copying file: "/host/sys/devices/system/memory/memory102/online" -> "/tmp/perf-must-gather-58584043/host/sys/devices/system/memory/memory102/online"
knit 2026/01/28 10:25:00 creating /tmp/perf-must-gather-58584043/host/sys/devices/system/memory/memory102/online
knit 2026/01/28 10:25:00 copying spec: "/host/sys/devices/system/memory/memory40/online"
knit 2026/01/28 10:25:00   copying path: "/host/sys/devices/system/memory/memory40/online"
knit 2026/01/28 10:25:00     copying file: "/host/sys/devices/system/memory/memory40/online" -> "/tmp/perf-must-gather-58584043/host/sys/devices/system/memory/memory40/online"
knit 2026/01/28 10:25:00 creating /tmp/perf-must-gather-58584043/host/sys/devices/system/memory/memory40/online
knit 2026/01/28 10:25:00 copying spec: "/host/sys/devices/system/memory/memory114/state"
knit 2026/01/28 10:25:00   copying path: "/host/sys/devices/system/memory/memory114/state"
knit 2026/01/28 10:25:00     copying file: "/host/sys/devices/system/memory/memory114/state" -> "/tmp/perf-must-gather-58584043/host/sys/devices/system/memory/memory114/state"
knit 2026/01/28 10:25:00 creating /tmp/perf-must-gather-58584043/host/sys/devices/system/memory/memory114/state
knit 2026/01/28 10:25:00 copying spec: "/host/sys/devices/pci0000:00/0000:00:00.0/irq"
knit 2026/01/28 10:25:00   copying path: "/host/sys/devices/pci0000:00/0000:00:00.0/irq"
knit 2026/01/28 10:25:00     copying file: "/host/sys/devices/pci0000:00/0000:00:00.0/irq" -> "/tmp/perf-must-gather-58584043/host/sys/devices/pci0000:00/0000:00:00.0/irq"
knit 2026/01/28 10:25:00 creating /tmp/perf-must-gather-58584043/host/sys/devices/pci0000:00/0000:00:00.0/irq
knit 2026/01/28 10:25:00 copying spec: "/host/sys/devices/pci0000:00/0000:00:01.0/revision"
knit 2026/01/28 10:25:00   copying path: "/host/sys/devices/pci0000:00/0000:00:01.0/revision"
knit 2026/01/28 10:25:00     copying file: "/host/sys/devices/pci0000:00/0000:00:01.0/revision" -> "/tmp/perf-must-gather-58584043/host/sys/devices/pci0000:00/0000:00:01.0/revision"
knit 2026/01/28 10:25:00 creating /tmp/perf-must-gather-58584043/host/sys/devices/pci0000:00/0000:00:01.0/revision
knit 2026/01/28 10:25:00 copying spec: "/host/proc/irq/4/effective_affinity_list"
knit 2026/01/28 10:25:00   copying path: "/host/proc/irq/4/effective_affinity_list"
knit 2026/01/28 10:25:00     copying file: "/host/proc/irq/4/effective_affinity_list" -> "/tmp/perf-must-gather-58584043/host/proc/irq/4/effective_affinity_list"
knit 2026/01/28 10:25:00 creating /tmp/perf-must-gather-58584043/host/proc/irq/4/effective_affinity_list
knit 2026/01/28 10:25:00 copying spec: "/host/sys/devices/system/cpu/cpu0/cache/index1/type"
knit 2026/01/28 10:25:00   copying path: "/host/sys/devices/system/cpu/cpu0/cache/index1/type"
knit 2026/01/28 10:25:00     copying file: "/host/sys/devices/system/cpu/cpu0/cache/index1/type" -> "/tmp/perf-must-gather-58584043/host/sys/devices/system/cpu/cpu0/cache/index1/type"
knit 2026/01/28 10:25:00 creating /tmp/perf-must-gather-58584043/host/sys/devices/system/cpu/cpu0/cache/index1/type
knit 2026/01/28 10:25:00 copying spec: "/host/sys/devices/system/cpu/cpu1/topology/package_cpus"
knit 2026/01/28 10:25:00   copying path: "/host/sys/devices/system/cpu/cpu1/topology/package_cpus"
knit 2026/01/28 10:25:00     copying file: "/host/sys/devices/system/cpu/cpu1/topology/package_cpus" -> "/tmp/perf-must-gather-58584043/host/sys/devices/system/cpu/cpu1/topology/package_cpus"
knit 2026/01/28 10:25:00 creating /tmp/perf-must-gather-58584043/host/sys/devices/system/cpu/cpu1/topology/package_cpus
knit 2026/01/28 10:25:00 copying spec: "/host/sys/devices/system/memory/memory132/online"
knit 2026/01/28 10:25:00   copying path: "/host/sys/devices/system/memory/memory132/online"
knit 2026/01/28 10:25:00     copying file: "/host/sys/devices/system/memory/memory132/online" -> "/tmp/perf-must-gather-58584043/host/sys/devices/system/memory/memory132/online"
knit 2026/01/28 10:25:00 creating /tmp/perf-must-gather-58584043/host/sys/devices/system/memory/memory132/online
knit 2026/01/28 10:25:00 copying spec: "/host/sys/devices/system/memory/memory22/online"
knit 2026/01/28 10:25:00   copying path: "/host/sys/devices/system/memory/memory22/online"
knit 2026/01/28 10:25:00     copying file: "/host/sys/devices/system/memory/memory22/online" -> "/tmp/perf-must-gather-58584043/host/sys/devices/system/memory/memory22/online"
knit 2026/01/28 10:25:00 creating /tmp/perf-must-gather-58584043/host/sys/devices/system/memory/memory22/online
knit 2026/01/28 10:25:00 copying spec: "/host/sys/devices/system/memory/memory55/online"
knit 2026/01/28 10:25:00   copying path: "/host/sys/devices/system/memory/memory55/online"
knit 2026/01/28 10:25:00     copying file: "/host/sys/devices/system/memory/memory55/online" -> "/tmp/perf-must-gather-58584043/host/sys/devices/system/memory/memory55/online"
knit 2026/01/28 10:25:00 creating /tmp/perf-must-gather-58584043/host/sys/devices/system/memory/memory55/online
knit 2026/01/28 10:25:00 copying spec: "/host/sys/devices/system/memory/memory131/state"
knit 2026/01/28 10:25:00   copying path: "/host/sys/devices/system/memory/memory131/state"
knit 2026/01/28 10:25:00     copying file: "/host/sys/devices/system/memory/memory131/state" -> "/tmp/perf-must-gather-58584043/host/sys/devices/system/memory/memory131/state"
knit 2026/01/28 10:25:00 creating /tmp/perf-must-gather-58584043/host/sys/devices/system/memory/memory131/state
knit 2026/01/28 10:25:00 copying spec: "/host/sys/devices/pci0000:00/0000:00:05.0/class"
knit 2026/01/28 10:25:00   copying path: "/host/sys/devices/pci0000:00/0000:00:05.0/class"
knit 2026/01/28 10:25:00     copying file: "/host/sys/devices/pci0000:00/0000:00:05.0/class" -> "/tmp/perf-must-gather-58584043/host/sys/devices/pci0000:00/0000:00:05.0/class"
knit 2026/01/28 10:25:00 creating /tmp/perf-must-gather-58584043/host/sys/devices/pci0000:00/0000:00:05.0/class
knit 2026/01/28 10:25:00 copying spec: "/host/proc/irq/0/node"
knit 2026/01/28 10:25:00   copying path: "/host/proc/irq/0/node"
knit 2026/01/28 10:25:00     copying file: "/host/proc/irq/0/node" -> "/tmp/perf-must-gather-58584043/host/proc/irq/0/node"
knit 2026/01/28 10:25:00 creating /tmp/perf-must-gather-58584043/host/proc/irq/0/node
knit 2026/01/28 10:25:00 copying spec: "/host/sys/devices/system/memory/memory124/state"
knit 2026/01/28 10:25:00   copying path: "/host/sys/devices/system/memory/memory124/state"
knit 2026/01/28 10:25:00     copying file: "/host/sys/devices/system/memory/memory124/state" -> "/tmp/perf-must-gather-58584043/host/sys/devices/system/memory/memory124/state"
knit 2026/01/28 10:25:00 creating /tmp/perf-must-gather-58584043/host/sys/devices/system/memory/memory124/state
knit 2026/01/28 10:25:00 copying spec: "/host/sys/devices/system/memory/memory18/state"
knit 2026/01/28 10:25:00   copying path: "/host/sys/devices/system/memory/memory18/state"
knit 2026/01/28 10:25:00     copying file: "/host/sys/devices/system/memory/memory18/state" -> "/tmp/perf-must-gather-58584043/host/sys/devices/system/memory/memory18/state"
knit 2026/01/28 10:25:00 creating /tmp/perf-must-gather-58584043/host/sys/devices/system/memory/memory18/state
knit 2026/01/28 10:25:00 copying spec: "/host/proc/irq/7/node"
knit 2026/01/28 10:25:00   copying path: "/host/proc/irq/7/node"
knit 2026/01/28 10:25:00     copying file: "/host/proc/irq/7/node" -> "/tmp/perf-must-gather-58584043/host/proc/irq/7/node"
knit 2026/01/28 10:25:00 creating /tmp/perf-must-gather-58584043/host/proc/irq/7/node
knit 2026/01/28 10:25:00 copying spec: "/host/sys/devices/system/memory/memory23/state"
knit 2026/01/28 10:25:00   copying path: "/host/sys/devices/system/memory/memory23/state"
knit 2026/01/28 10:25:00     copying file: "/host/sys/devices/system/memory/memory23/state" -> "/tmp/perf-must-gather-58584043/host/sys/devices/system/memory/memory23/state"
knit 2026/01/28 10:25:00 creating /tmp/perf-must-gather-58584043/host/sys/devices/system/memory/memory23/state
knit 2026/01/28 10:25:00 copying spec: "/host/proc/meminfo"
knit 2026/01/28 10:25:00   copying path: "/host/proc/meminfo"
knit 2026/01/28 10:25:00     copying file: "/host/proc/meminfo" -> "/tmp/perf-must-gather-58584043/host/proc/meminfo"
knit 2026/01/28 10:25:00 creating /tmp/perf-must-gather-58584043/host/proc/meminfo
knit 2026/01/28 10:25:00 copying spec: "/host/sys/devices/system/cpu/cpu1/cache/index0/level"
knit 2026/01/28 10:25:00   copying path: "/host/sys/devices/system/cpu/cpu1/cache/index0/level"
knit 2026/01/28 10:25:00     copying file: "/host/sys/devices/system/cpu/cpu1/cache/index0/level" -> "/tmp/perf-must-gather-58584043/host/sys/devices/system/cpu/cpu1/cache/index0/level"
knit 2026/01/28 10:25:00 creating /tmp/perf-must-gather-58584043/host/sys/devices/system/cpu/cpu1/cache/index0/level
knit 2026/01/28 10:25:00 copying spec: "/host/sys/devices/system/cpu/cpu1/cache/index0/size"
knit 2026/01/28 10:25:00   copying path: "/host/sys/devices/system/cpu/cpu1/cache/index0/size"
knit 2026/01/28 10:25:00     copying file: "/host/sys/devices/system/cpu/cpu1/cache/index0/size" -> "/tmp/perf-must-gather-58584043/host/sys/devices/system/cpu/cpu1/cache/index0/size"
knit 2026/01/28 10:25:00 creating /tmp/perf-must-gather-58584043/host/sys/devices/system/cpu/cpu1/cache/index0/size
knit 2026/01/28 10:25:00 copying spec: "/host/sys/devices/system/cpu/cpu1/cache/index3/uevent"
knit 2026/01/28 10:25:00   copying path: "/host/sys/devices/system/cpu/cpu1/cache/index3/uevent"
knit 2026/01/28 10:25:00     copying file: "/host/sys/devices/system/cpu/cpu1/cache/index3/uevent" -> "/tmp/perf-must-gather-58584043/host/sys/devices/system/cpu/cpu1/cache/index3/uevent"
knit 2026/01/28 10:25:00 creating /tmp/perf-must-gather-58584043/host/sys/devices/system/cpu/cpu1/cache/index3/uevent
knit 2026/01/28 10:25:00 copying spec: "/host/sys/devices/system/cpu/cpu0/topology/cluster_id"
knit 2026/01/28 10:25:00   copying path: "/host/sys/devices/system/cpu/cpu0/topology/cluster_id"
knit 2026/01/28 10:25:00     copying file: "/host/sys/devices/system/cpu/cpu0/topology/cluster_id" -> "/tmp/perf-must-gather-58584043/host/sys/devices/system/cpu/cpu0/topology/cluster_id"
knit 2026/01/28 10:25:00 creating /tmp/perf-must-gather-58584043/host/sys/devices/system/cpu/cpu0/topology/cluster_id
knit 2026/01/28 10:25:00 copying spec: "/host/sys/devices/system/cpu/cpu0/topology/die_cpus_list"
knit 2026/01/28 10:25:00   copying path: "/host/sys/devices/system/cpu/cpu0/topology/die_cpus_list"
knit 2026/01/28 10:25:00     copying file: "/host/sys/devices/system/cpu/cpu0/topology/die_cpus_list" -> "/tmp/perf-must-gather-58584043/host/sys/devices/system/cpu/cpu0/topology/die_cpus_list"
knit 2026/01/28 10:25:00 creating /tmp/perf-must-gather-58584043/host/sys/devices/system/cpu/cpu0/topology/die_cpus_list
knit 2026/01/28 10:25:00 copying spec: "/host/sys/devices/system/cpu/cpu1/topology/thread_siblings"
knit 2026/01/28 10:25:00   copying path: "/host/sys/devices/system/cpu/cpu1/topology/thread_siblings"
knit 2026/01/28 10:25:00     copying file: "/host/sys/devices/system/cpu/cpu1/topology/thread_siblings" -> "/tmp/perf-must-gather-58584043/host/sys/devices/system/cpu/cpu1/topology/thread_siblings"
knit 2026/01/28 10:25:00 creating /tmp/perf-must-gather-58584043/host/sys/devices/system/cpu/cpu1/topology/thread_siblings
knit 2026/01/28 10:25:00 copying spec: "/host/sys/devices/system/memory/memory8/state"
knit 2026/01/28 10:25:00   copying path: "/host/sys/devices/system/memory/memory8/state"
knit 2026/01/28 10:25:00     copying file: "/host/sys/devices/system/memory/memory8/state" -> "/tmp/perf-must-gather-58584043/host/sys/devices/system/memory/memory8/state"
knit 2026/01/28 10:25:00 creating /tmp/perf-must-gather-58584043/host/sys/devices/system/memory/memory8/state
knit 2026/01/28 10:25:00 copying spec: "/host/sys/devices/system/cpu/cpu0/cache/index0/uevent"
knit 2026/01/28 10:25:00   copying path: "/host/sys/devices/system/cpu/cpu0/cache/index0/uevent"
knit 2026/01/28 10:25:00     copying file: "/host/sys/devices/system/cpu/cpu0/cache/index0/uevent" -> "/tmp/perf-must-gather-58584043/host/sys/devices/system/cpu/cpu0/cache/index0/uevent"
knit 2026/01/28 10:25:00 creating /tmp/perf-must-gather-58584043/host/sys/devices/system/cpu/cpu0/cache/index0/uevent
knit 2026/01/28 10:25:00 copying spec: "/host/sys/devices/system/cpu/cpu2/cache/index3/shared_cpu_map"
knit 2026/01/28 10:25:00   copying path: "/host/sys/devices/system/cpu/cpu2/cache/index3/shared_cpu_map"
knit 2026/01/28 10:25:00     copying file: "/host/sys/devices/system/cpu/cpu2/cache/index3/shared_cpu_map" -> "/tmp/perf-must-gather-58584043/host/sys/devices/system/cpu/cpu2/cache/index3/shared_cpu_map"
knit 2026/01/28 10:25:00 creating /tmp/perf-must-gather-58584043/host/sys/devices/system/cpu/cpu2/cache/index3/shared_cpu_map
knit 2026/01/28 10:25:00 copying spec: "/host/sys/devices/system/memory/memory45/online"
knit 2026/01/28 10:25:00   copying path: "/host/sys/devices/system/memory/memory45/online"
knit 2026/01/28 10:25:00     copying file: "/host/sys/devices/system/memory/memory45/online" -> "/tmp/perf-must-gather-58584043/host/sys/devices/system/memory/memory45/online"
knit 2026/01/28 10:25:00 creating /tmp/perf-must-gather-58584043/host/sys/devices/system/memory/memory45/online
knit 2026/01/28 10:25:00 copying spec: "/host/sys/devices/system/memory/memory51/state"
knit 2026/01/28 10:25:00   copying path: "/host/sys/devices/system/memory/memory51/state"
knit 2026/01/28 10:25:00     copying file: "/host/sys/devices/system/memory/memory51/state" -> "/tmp/perf-must-gather-58584043/host/sys/devices/system/memory/memory51/state"
knit 2026/01/28 10:25:00 creating /tmp/perf-must-gather-58584043/host/sys/devices/system/memory/memory51/state
knit 2026/01/28 10:25:00 copying spec: "/host/sys/devices/system/node/has_normal_memory"
knit 2026/01/28 10:25:00   copying path: "/host/sys/devices/system/node/has_normal_memory"
knit 2026/01/28 10:25:00     copying file: "/host/sys/devices/system/node/has_normal_memory" -> "/tmp/perf-must-gather-58584043/host/sys/devices/system/node/has_normal_memory"
knit 2026/01/28 10:25:00 creating /tmp/perf-must-gather-58584043/host/sys/devices/system/node/has_normal_memory
knit 2026/01/28 10:25:00 copying spec: "/host/proc/irq/6/effective_affinity_list"
knit 2026/01/28 10:25:00   copying path: "/host/proc/irq/6/effective_affinity_list"
knit 2026/01/28 10:25:00     copying file: "/host/proc/irq/6/effective_affinity_list" -> "/tmp/perf-must-gather-58584043/host/proc/irq/6/effective_affinity_list"
knit 2026/01/28 10:25:00 creating /tmp/perf-must-gather-58584043/host/proc/irq/6/effective_affinity_list
knit 2026/01/28 10:25:00 copying spec: "/host/sys/devices/system/cpu/cpu0/cache/index2/level"
knit 2026/01/28 10:25:00   copying path: "/host/sys/devices/system/cpu/cpu0/cache/index2/level"
knit 2026/01/28 10:25:00     copying file: "/host/sys/devices/system/cpu/cpu0/cache/index2/level" -> "/tmp/perf-must-gather-58584043/host/sys/devices/system/cpu/cpu0/cache/index2/level"
knit 2026/01/28 10:25:00 creating /tmp/perf-must-gather-58584043/host/sys/devices/system/cpu/cpu0/cache/index2/level
knit 2026/01/28 10:25:00 copying spec: "/host/sys/devices/system/cpu/cpu2/cache/index1/physical_line_partition"
knit 2026/01/28 10:25:00   copying path: "/host/sys/devices/system/cpu/cpu2/cache/index1/physical_line_partition"
knit 2026/01/28 10:25:00     copying file: "/host/sys/devices/system/cpu/cpu2/cache/index1/physical_line_partition" -> "/tmp/perf-must-gather-58584043/host/sys/devices/system/cpu/cpu2/cache/index1/physical_line_partition"
knit 2026/01/28 10:25:00 creating /tmp/perf-must-gather-58584043/host/sys/devices/system/cpu/cpu2/cache/index1/physical_line_partition
knit 2026/01/28 10:25:00 copying spec: "/host/sys/devices/system/memory/memory70/state"
knit 2026/01/28 10:25:00   copying path: "/host/sys/devices/system/memory/memory70/state"
knit 2026/01/28 10:25:00     copying file: "/host/sys/devices/system/memory/memory70/state" -> "/tmp/perf-must-gather-58584043/host/sys/devices/system/memory/memory70/state"
knit 2026/01/28 10:25:00 creating /tmp/perf-must-gather-58584043/host/sys/devices/system/memory/memory70/state
knit 2026/01/28 10:25:00 copying spec: "/host/sys/devices/system/memory/memory89/state"
knit 2026/01/28 10:25:00   copying path: "/host/sys/devices/system/memory/memory89/state"
knit 2026/01/28 10:25:00     copying file: "/host/sys/devices/system/memory/memory89/state" -> "/tmp/perf-must-gather-58584043/host/sys/devices/system/memory/memory89/state"
knit 2026/01/28 10:25:00 creating /tmp/perf-must-gather-58584043/host/sys/devices/system/memory/memory89/state
knit 2026/01/28 10:25:00 copying spec: "/host/sys/devices/pci0000:00/0000:00:04.0/revision"
knit 2026/01/28 10:25:00   copying path: "/host/sys/devices/pci0000:00/0000:00:04.0/revision"
knit 2026/01/28 10:25:00     copying file: "/host/sys/devices/pci0000:00/0000:00:04.0/revision" -> "/tmp/perf-must-gather-58584043/host/sys/devices/pci0000:00/0000:00:04.0/revision"
knit 2026/01/28 10:25:00 creating /tmp/perf-must-gather-58584043/host/sys/devices/pci0000:00/0000:00:04.0/revision
knit 2026/01/28 10:25:00 copying spec: "/host/sys/devices/system/cpu/cpu1/cache/index2/id"
knit 2026/01/28 10:25:00   copying path: "/host/sys/devices/system/cpu/cpu1/cache/index2/id"
knit 2026/01/28 10:25:00     copying file: "/host/sys/devices/system/cpu/cpu1/cache/index2/id" -> "/tmp/perf-must-gather-58584043/host/sys/devices/system/cpu/cpu1/cache/index2/id"
knit 2026/01/28 10:25:00 creating /tmp/perf-must-gather-58584043/host/sys/devices/system/cpu/cpu1/cache/index2/id
knit 2026/01/28 10:25:00 copying spec: "/host/sys/devices/system/cpu/cpu0/topology/core_cpus_list"
knit 2026/01/28 10:25:00   copying path: "/host/sys/devices/system/cpu/cpu0/topology/core_cpus_list"
knit 2026/01/28 10:25:00     copying file: "/host/sys/devices/system/cpu/cpu0/topology/core_cpus_list" -> "/tmp/perf-must-gather-58584043/host/sys/devices/system/cpu/cpu0/topology/core_cpus_list"
knit 2026/01/28 10:25:00 creating /tmp/perf-must-gather-58584043/host/sys/devices/system/cpu/cpu0/topology/core_cpus_list
knit 2026/01/28 10:25:00 copying spec: "/host/sys/devices/system/memory/memory127/online"
knit 2026/01/28 10:25:00   copying path: "/host/sys/devices/system/memory/memory127/online"
knit 2026/01/28 10:25:00     copying file: "/host/sys/devices/system/memory/memory127/online" -> "/tmp/perf-must-gather-58584043/host/sys/devices/system/memory/memory127/online"
knit 2026/01/28 10:25:00 creating /tmp/perf-must-gather-58584043/host/sys/devices/system/memory/memory127/online
knit 2026/01/28 10:25:00 copying spec: "/host/sys/devices/system/memory/memory2/online"
knit 2026/01/28 10:25:00   copying path: "/host/sys/devices/system/memory/memory2/online"
knit 2026/01/28 10:25:00     copying file: "/host/sys/devices/system/memory/memory2/online" -> "/tmp/perf-must-gather-58584043/host/sys/devices/system/memory/memory2/online"
knit 2026/01/28 10:25:00 creating /tmp/perf-must-gather-58584043/host/sys/devices/system/memory/memory2/online
knit 2026/01/28 10:25:00 copying spec: "/host/sys/devices/system/memory/memory20/online"
knit 2026/01/28 10:25:00   copying path: "/host/sys/devices/system/memory/memory20/online"
knit 2026/01/28 10:25:00     copying file: "/host/sys/devices/system/memory/memory20/online" -> "/tmp/perf-must-gather-58584043/host/sys/devices/system/memory/memory20/online"
knit 2026/01/28 10:25:00 creating /tmp/perf-must-gather-58584043/host/sys/devices/system/memory/memory20/online
knit 2026/01/28 10:25:00 copying spec: "/host/sys/devices/system/memory/memory75/online"
knit 2026/01/28 10:25:00   copying path: "/host/sys/devices/system/memory/memory75/online"
knit 2026/01/28 10:25:00     copying file: "/host/sys/devices/system/memory/memory75/online" -> "/tmp/perf-must-gather-58584043/host/sys/devices/system/memory/memory75/online"
knit 2026/01/28 10:25:00 creating /tmp/perf-must-gather-58584043/host/sys/devices/system/memory/memory75/online
knit 2026/01/28 10:25:00 copying spec: "/host/sys/bus/pci/drivers/xhci_hcd"
knit 2026/01/28 10:25:00   copying path: "/host/sys/bus/pci/drivers/xhci_hcd"
knit 2026/01/28 10:25:00 copying spec: "/host/sys/devices/pci0000:00/0000:00:04.0/modalias"
knit 2026/01/28 10:25:00   copying path: "/host/sys/devices/pci0000:00/0000:00:04.0/modalias"
knit 2026/01/28 10:25:00     copying file: "/host/sys/devices/pci0000:00/0000:00:04.0/modalias" -> "/tmp/perf-must-gather-58584043/host/sys/devices/pci0000:00/0000:00:04.0/modalias"
knit 2026/01/28 10:25:00 creating /tmp/perf-must-gather-58584043/host/sys/devices/pci0000:00/0000:00:04.0/modalias
knit 2026/01/28 10:25:00 copying spec: "/host/sys/devices/system/cpu/cpu0/cache/index1/level"
knit 2026/01/28 10:25:00   copying path: "/host/sys/devices/system/cpu/cpu0/cache/index1/level"
knit 2026/01/28 10:25:00     copying file: "/host/sys/devices/system/cpu/cpu0/cache/index1/level" -> "/tmp/perf-must-gather-58584043/host/sys/devices/system/cpu/cpu0/cache/index1/level"
knit 2026/01/28 10:25:00 creating /tmp/perf-must-gather-58584043/host/sys/devices/system/cpu/cpu0/cache/index1/level
knit 2026/01/28 10:25:00 copying spec: "/host/sys/devices/system/cpu/cpu1/cache/index1/physical_line_partition"
knit 2026/01/28 10:25:00   copying path: "/host/sys/devices/system/cpu/cpu1/cache/index1/physical_line_partition"
knit 2026/01/28 10:25:00     copying file: "/host/sys/devices/system/cpu/cpu1/cache/index1/physical_line_partition" -> "/tmp/perf-must-gather-58584043/host/sys/devices/system/cpu/cpu1/cache/index1/physical_line_partition"
knit 2026/01/28 10:25:00 creating /tmp/perf-must-gather-58584043/host/sys/devices/system/cpu/cpu1/cache/index1/physical_line_partition
knit 2026/01/28 10:25:00 copying spec: "/host/sys/devices/system/cpu/cpu2/cache/index2/uevent"
knit 2026/01/28 10:25:00   copying path: "/host/sys/devices/system/cpu/cpu2/cache/index2/uevent"
knit 2026/01/28 10:25:00     copying file: "/host/sys/devices/system/cpu/cpu2/cache/index2/uevent" -> "/tmp/perf-must-gather-58584043/host/sys/devices/system/cpu/cpu2/cache/index2/uevent"
knit 2026/01/28 10:25:00 creating /tmp/perf-must-gather-58584043/host/sys/devices/system/cpu/cpu2/cache/index2/uevent
knit 2026/01/28 10:25:00 copying spec: "/host/sys/devices/system/cpu/cpu0/topology/package_cpus_list"
knit 2026/01/28 10:25:00   copying path: "/host/sys/devices/system/cpu/cpu0/topology/package_cpus_list"
knit 2026/01/28 10:25:00     copying file: "/host/sys/devices/system/cpu/cpu0/topology/package_cpus_list" -> "/tmp/perf-must-gather-58584043/host/sys/devices/system/cpu/cpu0/topology/package_cpus_list"
knit 2026/01/28 10:25:00 creating /tmp/perf-must-gather-58584043/host/sys/devices/system/cpu/cpu0/topology/package_cpus_list
knit 2026/01/28 10:25:00 copying spec: "/host/sys/devices/system/cpu/cpu2/topology/package_cpus_list"
knit 2026/01/28 10:25:00   copying path: "/host/sys/devices/system/cpu/cpu2/topology/package_cpus_list"
knit 2026/01/28 10:25:00     copying file: "/host/sys/devices/system/cpu/cpu2/topology/package_cpus_list" -> "/tmp/perf-must-gather-58584043/host/sys/devices/system/cpu/cpu2/topology/package_cpus_list"
knit 2026/01/28 10:25:00 creating /tmp/perf-must-gather-58584043/host/sys/devices/system/cpu/cpu2/topology/package_cpus_list
knit 2026/01/28 10:25:00 copying spec: "/host/sys/devices/system/memory/memory60/state"
knit 2026/01/28 10:25:00   copying path: "/host/sys/devices/system/memory/memory60/state"
knit 2026/01/28 10:25:00     copying file: "/host/sys/devices/system/memory/memory60/state" -> "/tmp/perf-must-gather-58584043/host/sys/devices/system/memory/memory60/state"
knit 2026/01/28 10:25:00 creating /tmp/perf-must-gather-58584043/host/sys/devices/system/memory/memory60/state
knit 2026/01/28 10:25:00 copying spec: "/host/sys/bus/pci/drivers/iosf_mbi_pci"
knit 2026/01/28 10:25:00   copying path: "/host/sys/bus/pci/drivers/iosf_mbi_pci"
knit 2026/01/28 10:25:00 copying spec: "/host/sys/devices/system/cpu/cpu0/cache/index1/shared_cpu_map"
knit 2026/01/28 10:25:00   copying path: "/host/sys/devices/system/cpu/cpu0/cache/index1/shared_cpu_map"
knit 2026/01/28 10:25:00     copying file: "/host/sys/devices/system/cpu/cpu0/cache/index1/shared_cpu_map" -> "/tmp/perf-must-gather-58584043/host/sys/devices/system/cpu/cpu0/cache/index1/shared_cpu_map"
knit 2026/01/28 10:25:00 creating /tmp/perf-must-gather-58584043/host/sys/devices/system/cpu/cpu0/cache/index1/shared_cpu_map
knit 2026/01/28 10:25:00 copying spec: "/host/sys/devices/system/cpu/cpu1/cache/index0/number_of_sets"
knit 2026/01/28 10:25:00   copying path: "/host/sys/devices/system/cpu/cpu1/cache/index0/number_of_sets"
knit 2026/01/28 10:25:00     copying file: "/host/sys/devices/system/cpu/cpu1/cache/index0/number_of_sets" -> "/tmp/perf-must-gather-58584043/host/sys/devices/system/cpu/cpu1/cache/index0/number_of_sets"
knit 2026/01/28 10:25:00 creating /tmp/perf-must-gather-58584043/host/sys/devices/system/cpu/cpu1/cache/index0/number_of_sets
knit 2026/01/28 10:25:00 copying spec: "/host/sys/devices/system/cpu/cpu2/cache/index0/coherency_line_size"
knit 2026/01/28 10:25:00   copying path: "/host/sys/devices/system/cpu/cpu2/cache/index0/coherency_line_size"
knit 2026/01/28 10:25:00     copying file: "/host/sys/devices/system/cpu/cpu2/cache/index0/coherency_line_size" -> "/tmp/perf-must-gather-58584043/host/sys/devices/system/cpu/cpu2/cache/index0/coherency_line_size"
knit 2026/01/28 10:25:00 creating /tmp/perf-must-gather-58584043/host/sys/devices/system/cpu/cpu2/cache/index0/coherency_line_size
knit 2026/01/28 10:25:00 copying spec: "/host/sys/devices/system/memory/memory109/online"
knit 2026/01/28 10:25:00   copying path: "/host/sys/devices/system/memory/memory109/online"
knit 2026/01/28 10:25:00     copying file: "/host/sys/devices/system/memory/memory109/online" -> "/tmp/perf-must-gather-58584043/host/sys/devices/system/memory/memory109/online"
knit 2026/01/28 10:25:00 creating /tmp/perf-must-gather-58584043/host/sys/devices/system/memory/memory109/online
knit 2026/01/28 10:25:00 copying spec: "/host/sys/devices/system/memory/memory16/state"
knit 2026/01/28 10:25:00   copying path: "/host/sys/devices/system/memory/memory16/state"
knit 2026/01/28 10:25:00     copying file: "/host/sys/devices/system/memory/memory16/state" -> "/tmp/perf-must-gather-58584043/host/sys/devices/system/memory/memory16/state"
knit 2026/01/28 10:25:00 creating /tmp/perf-must-gather-58584043/host/sys/devices/system/memory/memory16/state
knit 2026/01/28 10:25:00 copying spec: "/host/sys/devices/system/memory/memory7/state"
knit 2026/01/28 10:25:00   copying path: "/host/sys/devices/system/memory/memory7/state"
knit 2026/01/28 10:25:00     copying file: "/host/sys/devices/system/memory/memory7/state" -> "/tmp/perf-must-gather-58584043/host/sys/devices/system/memory/memory7/state"
knit 2026/01/28 10:25:00 creating /tmp/perf-must-gather-58584043/host/sys/devices/system/memory/memory7/state
knit 2026/01/28 10:25:00 copying spec: "/host/sys/devices/pci0000:00/0000:00:00.0/modalias"
knit 2026/01/28 10:25:00   copying path: "/host/sys/devices/pci0000:00/0000:00:00.0/modalias"
knit 2026/01/28 10:25:00     copying file: "/host/sys/devices/pci0000:00/0000:00:00.0/modalias" -> "/tmp/perf-must-gather-58584043/host/sys/devices/pci0000:00/0000:00:00.0/modalias"
knit 2026/01/28 10:25:00 creating /tmp/perf-must-gather-58584043/host/sys/devices/pci0000:00/0000:00:00.0/modalias
knit 2026/01/28 10:25:00 copying spec: "/host/sys/devices/system/cpu/cpu1/cache/index2/type"
knit 2026/01/28 10:25:00   copying path: "/host/sys/devices/system/cpu/cpu1/cache/index2/type"
knit 2026/01/28 10:25:00     copying file: "/host/sys/devices/system/cpu/cpu1/cache/index2/type" -> "/tmp/perf-must-gather-58584043/host/sys/devices/system/cpu/cpu1/cache/index2/type"
knit 2026/01/28 10:25:00 creating /tmp/perf-must-gather-58584043/host/sys/devices/system/cpu/cpu1/cache/index2/type
knit 2026/01/28 10:25:00 copying spec: "/host/sys/devices/system/cpu/cpu1/cache/index2/uevent"
knit 2026/01/28 10:25:00   copying path: "/host/sys/devices/system/cpu/cpu1/cache/index2/uevent"
knit 2026/01/28 10:25:00     copying file: "/host/sys/devices/system/cpu/cpu1/cache/index2/uevent" -> "/tmp/perf-must-gather-58584043/host/sys/devices/system/cpu/cpu1/cache/index2/uevent"
knit 2026/01/28 10:25:00 creating /tmp/perf-must-gather-58584043/host/sys/devices/system/cpu/cpu1/cache/index2/uevent
knit 2026/01/28 10:25:00 copying spec: "/host/proc/irq/25/effective_affinity_list"
knit 2026/01/28 10:25:00   copying path: "/host/proc/irq/25/effective_affinity_list"
knit 2026/01/28 10:25:00     copying file: "/host/proc/irq/25/effective_affinity_list" -> "/tmp/perf-must-gather-58584043/host/proc/irq/25/effective_affinity_list"
knit 2026/01/28 10:25:00 creating /tmp/perf-must-gather-58584043/host/proc/irq/25/effective_affinity_list
knit 2026/01/28 10:25:00 copying spec: "/host/sys/devices/system/cpu/cpu2/cache/index2/shared_cpu_map"
knit 2026/01/28 10:25:00   copying path: "/host/sys/devices/system/cpu/cpu2/cache/index2/shared_cpu_map"
knit 2026/01/28 10:25:00     copying file: "/host/sys/devices/system/cpu/cpu2/cache/index2/shared_cpu_map" -> "/tmp/perf-must-gather-58584043/host/sys/devices/system/cpu/cpu2/cache/index2/shared_cpu_map"
knit 2026/01/28 10:25:00 creating /tmp/perf-must-gather-58584043/host/sys/devices/system/cpu/cpu2/cache/index2/shared_cpu_map
knit 2026/01/28 10:25:00 copying spec: "/host/sys/devices/system/memory/memory38/online"
knit 2026/01/28 10:25:00   copying path: "/host/sys/devices/system/memory/memory38/online"
knit 2026/01/28 10:25:00     copying file: "/host/sys/devices/system/memory/memory38/online" -> "/tmp/perf-must-gather-58584043/host/sys/devices/system/memory/memory38/online"
knit 2026/01/28 10:25:00 creating /tmp/perf-must-gather-58584043/host/sys/devices/system/memory/memory38/online
knit 2026/01/28 10:25:00 copying spec: "/host/sys/devices/system/memory/memory0/state"
knit 2026/01/28 10:25:00   copying path: "/host/sys/devices/system/memory/memory0/state"
knit 2026/01/28 10:25:00     copying file: "/host/sys/devices/system/memory/memory0/state" -> "/tmp/perf-must-gather-58584043/host/sys/devices/system/memory/memory0/state"
knit 2026/01/28 10:25:00 creating /tmp/perf-must-gather-58584043/host/sys/devices/system/memory/memory0/state
knit 2026/01/28 10:25:00 copying spec: "/host/sys/devices/system/memory/memory120/state"
knit 2026/01/28 10:25:00   copying path: "/host/sys/devices/system/memory/memory120/state"
knit 2026/01/28 10:25:00     copying file: "/host/sys/devices/system/memory/memory120/state" -> "/tmp/perf-must-gather-58584043/host/sys/devices/system/memory/memory120/state"
knit 2026/01/28 10:25:00 creating /tmp/perf-must-gather-58584043/host/sys/devices/system/memory/memory120/state
knit 2026/01/28 10:25:00 copying spec: "/host/sys/devices/system/memory/memory19/state"
knit 2026/01/28 10:25:00   copying path: "/host/sys/devices/system/memory/memory19/state"
knit 2026/01/28 10:25:00     copying file: "/host/sys/devices/system/memory/memory19/state" -> "/tmp/perf-must-gather-58584043/host/sys/devices/system/memory/memory19/state"
knit 2026/01/28 10:25:00 creating /tmp/perf-must-gather-58584043/host/sys/devices/system/memory/memory19/state
knit 2026/01/28 10:25:00 copying spec: "/host/sys/devices/system/memory/memory85/state"
knit 2026/01/28 10:25:00   copying path: "/host/sys/devices/system/memory/memory85/state"
knit 2026/01/28 10:25:00     copying file: "/host/sys/devices/system/memory/memory85/state" -> "/tmp/perf-must-gather-58584043/host/sys/devices/system/memory/memory85/state"
knit 2026/01/28 10:25:00 creating /tmp/perf-must-gather-58584043/host/sys/devices/system/memory/memory85/state
knit 2026/01/28 10:25:00 copying spec: "/host/sys/devices/pci0000:00/0000:00:04.0/local_cpulist"
knit 2026/01/28 10:25:00   copying path: "/host/sys/devices/pci0000:00/0000:00:04.0/local_cpulist"
knit 2026/01/28 10:25:00     copying file: "/host/sys/devices/pci0000:00/0000:00:04.0/local_cpulist" -> "/tmp/perf-must-gather-58584043/host/sys/devices/pci0000:00/0000:00:04.0/local_cpulist"
knit 2026/01/28 10:25:00 creating /tmp/perf-must-gather-58584043/host/sys/devices/pci0000:00/0000:00:04.0/local_cpulist
knit 2026/01/28 10:25:00 copying spec: "/host/sys/devices/system/cpu/cpu0/cache/index2/id"
knit 2026/01/28 10:25:00   copying path: "/host/sys/devices/system/cpu/cpu0/cache/index2/id"
knit 2026/01/28 10:25:00     copying file: "/host/sys/devices/system/cpu/cpu0/cache/index2/id" -> "/tmp/perf-must-gather-58584043/host/sys/devices/system/cpu/cpu0/cache/index2/id"
knit 2026/01/28 10:25:00 creating /tmp/perf-must-gather-58584043/host/sys/devices/system/cpu/cpu0/cache/index2/id
knit 2026/01/28 10:25:00 copying spec: "/host/sys/devices/system/cpu/cpu0/cache/index0/type"
knit 2026/01/28 10:25:00   copying path: "/host/sys/devices/system/cpu/cpu0/cache/index0/type"
knit 2026/01/28 10:25:00     copying file: "/host/sys/devices/system/cpu/cpu0/cache/index0/type" -> "/tmp/perf-must-gather-58584043/host/sys/devices/system/cpu/cpu0/cache/index0/type"
knit 2026/01/28 10:25:00 creating /tmp/perf-must-gather-58584043/host/sys/devices/system/cpu/cpu0/cache/index0/type
knit 2026/01/28 10:25:00 copying spec: "/host/sys/devices/system/cpu/cpu1/cache/index1/number_of_sets"
knit 2026/01/28 10:25:00   copying path: "/host/sys/devices/system/cpu/cpu1/cache/index1/number_of_sets"
knit 2026/01/28 10:25:00     copying file: "/host/sys/devices/system/cpu/cpu1/cache/index1/number_of_sets" -> "/tmp/perf-must-gather-58584043/host/sys/devices/system/cpu/cpu1/cache/index1/number_of_sets"
knit 2026/01/28 10:25:00 creating /tmp/perf-must-gather-58584043/host/sys/devices/system/cpu/cpu1/cache/index1/number_of_sets
knit 2026/01/28 10:25:00 copying spec: "/host/sys/devices/system/memory/memory65/online"
knit 2026/01/28 10:25:00   copying path: "/host/sys/devices/system/memory/memory65/online"
knit 2026/01/28 10:25:00     copying file: "/host/sys/devices/system/memory/memory65/online" -> "/tmp/perf-must-gather-58584043/host/sys/devices/system/memory/memory65/online"
knit 2026/01/28 10:25:00 creating /tmp/perf-must-gather-58584043/host/sys/devices/system/memory/memory65/online
knit 2026/01/28 10:25:00 copying spec: "/host/sys/bus/pci/drivers/virtio-pci"
knit 2026/01/28 10:25:00   copying path: "/host/sys/bus/pci/drivers/virtio-pci"
knit 2026/01/28 10:25:00 copying spec: "/host/proc/irq/31/node"
knit 2026/01/28 10:25:00   copying path: "/host/proc/irq/31/node"
knit 2026/01/28 10:25:00     copying file: "/host/proc/irq/31/node" -> "/tmp/perf-must-gather-58584043/host/proc/irq/31/node"
knit 2026/01/28 10:25:00 creating /tmp/perf-must-gather-58584043/host/proc/irq/31/node
knit 2026/01/28 10:25:00 copying spec: "/host/sys/devices/system/cpu/cpu3/cache/index2/number_of_sets"
knit 2026/01/28 10:25:00   copying path: "/host/sys/devices/system/cpu/cpu3/cache/index2/number_of_sets"
knit 2026/01/28 10:25:00     copying file: "/host/sys/devices/system/cpu/cpu3/cache/index2/number_of_sets" -> "/tmp/perf-must-gather-58584043/host/sys/devices/system/cpu/cpu3/cache/index2/number_of_sets"
knit 2026/01/28 10:25:00 creating /tmp/perf-must-gather-58584043/host/sys/devices/system/cpu/cpu3/cache/index2/number_of_sets
knit 2026/01/28 10:25:00 copying spec: "/host/sys/devices/system/cpu/cpu3/cache/index3/ways_of_associativity"
knit 2026/01/28 10:25:00   copying path: "/host/sys/devices/system/cpu/cpu3/cache/index3/ways_of_associativity"
knit 2026/01/28 10:25:00     copying file: "/host/sys/devices/system/cpu/cpu3/cache/index3/ways_of_associativity" -> "/tmp/perf-must-gather-58584043/host/sys/devices/system/cpu/cpu3/cache/index3/ways_of_associativity"
knit 2026/01/28 10:25:00 creating /tmp/perf-must-gather-58584043/host/sys/devices/system/cpu/cpu3/cache/index3/ways_of_associativity
knit 2026/01/28 10:25:00 copying spec: "/host/sys/devices/system/memory/memory5/online"
knit 2026/01/28 10:25:00   copying path: "/host/sys/devices/system/memory/memory5/online"
knit 2026/01/28 10:25:00     copying file: "/host/sys/devices/system/memory/memory5/online" -> "/tmp/perf-must-gather-58584043/host/sys/devices/system/memory/memory5/online"
knit 2026/01/28 10:25:00 creating /tmp/perf-must-gather-58584043/host/sys/devices/system/memory/memory5/online
knit 2026/01/28 10:25:00 copying spec: "/host/sys/devices/system/cpu/cpu0/cache/index1/id"
knit 2026/01/28 10:25:00   copying path: "/host/sys/devices/system/cpu/cpu0/cache/index1/id"
knit 2026/01/28 10:25:00     copying file: "/host/sys/devices/system/cpu/cpu0/cache/index1/id" -> "/tmp/perf-must-gather-58584043/host/sys/devices/system/cpu/cpu0/cache/index1/id"
knit 2026/01/28 10:25:00 creating /tmp/perf-must-gather-58584043/host/sys/devices/system/cpu/cpu0/cache/index1/id
knit 2026/01/28 10:25:00 copying spec: "/host/sys/devices/system/cpu/cpu2/cache/index0/type"
knit 2026/01/28 10:25:00   copying path: "/host/sys/devices/system/cpu/cpu2/cache/index0/type"
knit 2026/01/28 10:25:00     copying file: "/host/sys/devices/system/cpu/cpu2/cache/index0/type" -> "/tmp/perf-must-gather-58584043/host/sys/devices/system/cpu/cpu2/cache/index0/type"
knit 2026/01/28 10:25:00 creating /tmp/perf-must-gather-58584043/host/sys/devices/system/cpu/cpu2/cache/index0/type
knit 2026/01/28 10:25:00 copying spec: "/host/sys/devices/system/cpu/cpu3/cache/index2/size"
knit 2026/01/28 10:25:00   copying path: "/host/sys/devices/system/cpu/cpu3/cache/index2/size"
knit 2026/01/28 10:25:00     copying file: "/host/sys/devices/system/cpu/cpu3/cache/index2/size" -> "/tmp/perf-must-gather-58584043/host/sys/devices/system/cpu/cpu3/cache/index2/size"
knit 2026/01/28 10:25:00 creating /tmp/perf-must-gather-58584043/host/sys/devices/system/cpu/cpu3/cache/index2/size
knit 2026/01/28 10:25:00 copying spec: "/host/sys/devices/system/cpu/cpu3/cache/index3/shared_cpu_list"
knit 2026/01/28 10:25:00   copying path: "/host/sys/devices/system/cpu/cpu3/cache/index3/shared_cpu_list"
knit 2026/01/28 10:25:00     copying file: "/host/sys/devices/system/cpu/cpu3/cache/index3/shared_cpu_list" -> "/tmp/perf-must-gather-58584043/host/sys/devices/system/cpu/cpu3/cache/index3/shared_cpu_list"
knit 2026/01/28 10:25:00 creating /tmp/perf-must-gather-58584043/host/sys/devices/system/cpu/cpu3/cache/index3/shared_cpu_list
knit 2026/01/28 10:25:00 copying spec: "/host/sys/devices/system/memory/memory11/online"
knit 2026/01/28 10:25:00   copying path: "/host/sys/devices/system/memory/memory11/online"
knit 2026/01/28 10:25:00     copying file: "/host/sys/devices/system/memory/memory11/online" -> "/tmp/perf-must-gather-58584043/host/sys/devices/system/memory/memory11/online"
knit 2026/01/28 10:25:00 creating /tmp/perf-must-gather-58584043/host/sys/devices/system/memory/memory11/online
knit 2026/01/28 10:25:00 copying spec: "/host/sys/devices/system/memory/memory112/online"
knit 2026/01/28 10:25:00   copying path: "/host/sys/devices/system/memory/memory112/online"
knit 2026/01/28 10:25:00     copying file: "/host/sys/devices/system/memory/memory112/online" -> "/tmp/perf-must-gather-58584043/host/sys/devices/system/memory/memory112/online"
knit 2026/01/28 10:25:00 creating /tmp/perf-must-gather-58584043/host/sys/devices/system/memory/memory112/online
knit 2026/01/28 10:25:00 copying spec: "/host/sys/devices/system/memory/memory34/online"
knit 2026/01/28 10:25:00   copying path: "/host/sys/devices/system/memory/memory34/online"
knit 2026/01/28 10:25:00     copying file: "/host/sys/devices/system/memory/memory34/online" -> "/tmp/perf-must-gather-58584043/host/sys/devices/system/memory/memory34/online"
knit 2026/01/28 10:25:00 creating /tmp/perf-must-gather-58584043/host/sys/devices/system/memory/memory34/online
knit 2026/01/28 10:25:00 copying spec: "/host/sys/devices/system/memory/memory93/state"
knit 2026/01/28 10:25:00   copying path: "/host/sys/devices/system/memory/memory93/state"
knit 2026/01/28 10:25:00     copying file: "/host/sys/devices/system/memory/memory93/state" -> "/tmp/perf-must-gather-58584043/host/sys/devices/system/memory/memory93/state"
knit 2026/01/28 10:25:00 creating /tmp/perf-must-gather-58584043/host/sys/devices/system/memory/memory93/state
knit 2026/01/28 10:25:00 copying spec: "/host/proc/irq/6/smp_affinity_list"
knit 2026/01/28 10:25:00   copying path: "/host/proc/irq/6/smp_affinity_list"
knit 2026/01/28 10:25:00     copying file: "/host/proc/irq/6/smp_affinity_list" -> "/tmp/perf-must-gather-58584043/host/proc/irq/6/smp_affinity_list"
knit 2026/01/28 10:25:00 creating /tmp/perf-must-gather-58584043/host/proc/irq/6/smp_affinity_list
knit 2026/01/28 10:25:00 copying spec: "/host/proc/irq/8/smp_affinity_list"
knit 2026/01/28 10:25:00   copying path: "/host/proc/irq/8/smp_affinity_list"
knit 2026/01/28 10:25:00     copying file: "/host/proc/irq/8/smp_affinity_list" -> "/tmp/perf-must-gather-58584043/host/proc/irq/8/smp_affinity_list"
knit 2026/01/28 10:25:00 creating /tmp/perf-must-gather-58584043/host/proc/irq/8/smp_affinity_list
knit 2026/01/28 10:25:00 copying spec: "/host/sys/devices/system/cpu/cpu2/cache/index2/coherency_line_size"
knit 2026/01/28 10:25:00   copying path: "/host/sys/devices/system/cpu/cpu2/cache/index2/coherency_line_size"
knit 2026/01/28 10:25:00     copying file: "/host/sys/devices/system/cpu/cpu2/cache/index2/coherency_line_size" -> "/tmp/perf-must-gather-58584043/host/sys/devices/system/cpu/cpu2/cache/index2/coherency_line_size"
knit 2026/01/28 10:25:00 creating /tmp/perf-must-gather-58584043/host/sys/devices/system/cpu/cpu2/cache/index2/coherency_line_size
knit 2026/01/28 10:25:00 copying spec: "/host/sys/devices/system/memory/memory36/online"
knit 2026/01/28 10:25:00   copying path: "/host/sys/devices/system/memory/memory36/online"
knit 2026/01/28 10:25:00     copying file: "/host/sys/devices/system/memory/memory36/online" -> "/tmp/perf-must-gather-58584043/host/sys/devices/system/memory/memory36/online"
knit 2026/01/28 10:25:00 creating /tmp/perf-must-gather-58584043/host/sys/devices/system/memory/memory36/online
knit 2026/01/28 10:25:00 copying spec: "/host/sys/devices/pci0000:00/0000:00:01.3/class"
knit 2026/01/28 10:25:00   copying path: "/host/sys/devices/pci0000:00/0000:00:01.3/class"
knit 2026/01/28 10:25:00     copying file: "/host/sys/devices/pci0000:00/0000:00:01.3/class" -> "/tmp/perf-must-gather-58584043/host/sys/devices/pci0000:00/0000:00:01.3/class"
knit 2026/01/28 10:25:00 creating /tmp/perf-must-gather-58584043/host/sys/devices/pci0000:00/0000:00:01.3/class
knit 2026/01/28 10:25:00 copying spec: "/host/sys/devices/pci0000:00/0000:00:03.0/vendor"
knit 2026/01/28 10:25:00   copying path: "/host/sys/devices/pci0000:00/0000:00:03.0/vendor"
knit 2026/01/28 10:25:00     copying file: "/host/sys/devices/pci0000:00/0000:00:03.0/vendor" -> "/tmp/perf-must-gather-58584043/host/sys/devices/pci0000:00/0000:00:03.0/vendor"
knit 2026/01/28 10:25:00 creating /tmp/perf-must-gather-58584043/host/sys/devices/pci0000:00/0000:00:03.0/vendor
knit 2026/01/28 10:25:00 copying spec: "/host/sys/devices/system/cpu/cpu0/topology/core_id"
knit 2026/01/28 10:25:00   copying path: "/host/sys/devices/system/cpu/cpu0/topology/core_id"
knit 2026/01/28 10:25:00     copying file: "/host/sys/devices/system/cpu/cpu0/topology/core_id" -> "/tmp/perf-must-gather-58584043/host/sys/devices/system/cpu/cpu0/topology/core_id"
knit 2026/01/28 10:25:00 creating /tmp/perf-must-gather-58584043/host/sys/devices/system/cpu/cpu0/topology/core_id
knit 2026/01/28 10:25:00 copying spec: "/host/sys/bus/pci/drivers/pci1xxxx serial"
knit 2026/01/28 10:25:00   copying path: "/host/sys/bus/pci/drivers/pci1xxxx serial"
knit 2026/01/28 10:25:00 copying spec: "/host/sys/devices/pci0000:00/0000:00:00.0/device"
knit 2026/01/28 10:25:00   copying path: "/host/sys/devices/pci0000:00/0000:00:00.0/device"
knit 2026/01/28 10:25:00     copying file: "/host/sys/devices/pci0000:00/0000:00:00.0/device" -> "/tmp/perf-must-gather-58584043/host/sys/devices/pci0000:00/0000:00:00.0/device"
knit 2026/01/28 10:25:00 creating /tmp/perf-must-gather-58584043/host/sys/devices/pci0000:00/0000:00:00.0/device
knit 2026/01/28 10:25:00 copying spec: "/host/proc/irq/3/smp_affinity_list"
knit 2026/01/28 10:25:00   copying path: "/host/proc/irq/3/smp_affinity_list"
knit 2026/01/28 10:25:00     copying file: "/host/proc/irq/3/smp_affinity_list" -> "/tmp/perf-must-gather-58584043/host/proc/irq/3/smp_affinity_list"
knit 2026/01/28 10:25:00 creating /tmp/perf-must-gather-58584043/host/proc/irq/3/smp_affinity_list
knit 2026/01/28 10:25:00 copying spec: "/host/sys/devices/system/cpu/cpu0/cache/index3/level"
knit 2026/01/28 10:25:00   copying path: "/host/sys/devices/system/cpu/cpu0/cache/index3/level"
knit 2026/01/28 10:25:00     copying file: "/host/sys/devices/system/cpu/cpu0/cache/index3/level" -> "/tmp/perf-must-gather-58584043/host/sys/devices/system/cpu/cpu0/cache/index3/level"
knit 2026/01/28 10:25:00 creating /tmp/perf-must-gather-58584043/host/sys/devices/system/cpu/cpu0/cache/index3/level
knit 2026/01/28 10:25:00 copying spec: "/host/sys/devices/system/cpu/cpu1/cache/index1/id"
knit 2026/01/28 10:25:00   copying path: "/host/sys/devices/system/cpu/cpu1/cache/index1/id"
knit 2026/01/28 10:25:00     copying file: "/host/sys/devices/system/cpu/cpu1/cache/index1/id" -> "/tmp/perf-must-gather-58584043/host/sys/devices/system/cpu/cpu1/cache/index1/id"
knit 2026/01/28 10:25:00 creating /tmp/perf-must-gather-58584043/host/sys/devices/system/cpu/cpu1/cache/index1/id
knit 2026/01/28 10:25:00 copying spec: "/host/sys/devices/system/cpu/cpu1/cache/index1/size"
knit 2026/01/28 10:25:00   copying path: "/host/sys/devices/system/cpu/cpu1/cache/index1/size"
knit 2026/01/28 10:25:00     copying file: "/host/sys/devices/system/cpu/cpu1/cache/index1/size" -> "/tmp/perf-must-gather-58584043/host/sys/devices/system/cpu/cpu1/cache/index1/size"
knit 2026/01/28 10:25:00 creating /tmp/perf-must-gather-58584043/host/sys/devices/system/cpu/cpu1/cache/index1/size
knit 2026/01/28 10:25:00 copying spec: "/host/sys/devices/system/cpu/cpu3/topology/cluster_id"
knit 2026/01/28 10:25:00   copying path: "/host/sys/devices/system/cpu/cpu3/topology/cluster_id"
knit 2026/01/28 10:25:00     copying file: "/host/sys/devices/system/cpu/cpu3/topology/cluster_id" -> "/tmp/perf-must-gather-58584043/host/sys/devices/system/cpu/cpu3/topology/cluster_id"
knit 2026/01/28 10:25:00 creating /tmp/perf-must-gather-58584043/host/sys/devices/system/cpu/cpu3/topology/cluster_id
knit 2026/01/28 10:25:00 copying spec: "/host/sys/devices/system/cpu/cpu3/topology/thread_siblings_list"
knit 2026/01/28 10:25:00   copying path: "/host/sys/devices/system/cpu/cpu3/topology/thread_siblings_list"
knit 2026/01/28 10:25:00     copying file: "/host/sys/devices/system/cpu/cpu3/topology/thread_siblings_list" -> "/tmp/perf-must-gather-58584043/host/sys/devices/system/cpu/cpu3/topology/thread_siblings_list"
knit 2026/01/28 10:25:00 creating /tmp/perf-must-gather-58584043/host/sys/devices/system/cpu/cpu3/topology/thread_siblings_list
knit 2026/01/28 10:25:00 copying spec: "/host/sys/devices/system/memory/memory67/online"
knit 2026/01/28 10:25:00   copying path: "/host/sys/devices/system/memory/memory67/online"
knit 2026/01/28 10:25:00     copying file: "/host/sys/devices/system/memory/memory67/online" -> "/tmp/perf-must-gather-58584043/host/sys/devices/system/memory/memory67/online"
knit 2026/01/28 10:25:00 creating /tmp/perf-must-gather-58584043/host/sys/devices/system/memory/memory67/online
knit 2026/01/28 10:25:00 copying spec: "/host/sys/devices/system/memory/memory71/state"
knit 2026/01/28 10:25:00   copying path: "/host/sys/devices/system/memory/memory71/state"
knit 2026/01/28 10:25:00     copying file: "/host/sys/devices/system/memory/memory71/state" -> "/tmp/perf-must-gather-58584043/host/sys/devices/system/memory/memory71/state"
knit 2026/01/28 10:25:00 creating /tmp/perf-must-gather-58584043/host/sys/devices/system/memory/memory71/state
knit 2026/01/28 10:25:00 copying spec: "/host/proc/irq/5/node"
knit 2026/01/28 10:25:00   copying path: "/host/proc/irq/5/node"
knit 2026/01/28 10:25:00     copying file: "/host/proc/irq/5/node" -> "/tmp/perf-must-gather-58584043/host/proc/irq/5/node"
knit 2026/01/28 10:25:00 creating /tmp/perf-must-gather-58584043/host/proc/irq/5/node
knit 2026/01/28 10:25:00 copying spec: "/host/sys/devices/system/cpu/cpu3/cache/index2/shared_cpu_list"
knit 2026/01/28 10:25:00   copying path: "/host/sys/devices/system/cpu/cpu3/cache/index2/shared_cpu_list"
knit 2026/01/28 10:25:00     copying file: "/host/sys/devices/system/cpu/cpu3/cache/index2/shared_cpu_list" -> "/tmp/perf-must-gather-58584043/host/sys/devices/system/cpu/cpu3/cache/index2/shared_cpu_list"
knit 2026/01/28 10:25:00 creating /tmp/perf-must-gather-58584043/host/sys/devices/system/cpu/cpu3/cache/index2/shared_cpu_list
knit 2026/01/28 10:25:00 copying spec: "/host/sys/devices/system/memory/memory84/state"
knit 2026/01/28 10:25:00   copying path: "/host/sys/devices/system/memory/memory84/state"
knit 2026/01/28 10:25:00     copying file: "/host/sys/devices/system/memory/memory84/state" -> "/tmp/perf-must-gather-58584043/host/sys/devices/system/memory/memory84/state"
knit 2026/01/28 10:25:00 creating /tmp/perf-must-gather-58584043/host/sys/devices/system/memory/memory84/state
knit 2026/01/28 10:25:00 copying spec: "/host/sys/devices/system/memory/memory91/state"
knit 2026/01/28 10:25:00   copying path: "/host/sys/devices/system/memory/memory91/state"
knit 2026/01/28 10:25:00     copying file: "/host/sys/devices/system/memory/memory91/state" -> "/tmp/perf-must-gather-58584043/host/sys/devices/system/memory/memory91/state"
knit 2026/01/28 10:25:00 creating /tmp/perf-must-gather-58584043/host/sys/devices/system/memory/memory91/state
knit 2026/01/28 10:25:00 copying spec: "/host/sys/devices/pci0000:00/0000:00:05.0/irq"
knit 2026/01/28 10:25:00   copying path: "/host/sys/devices/pci0000:00/0000:00:05.0/irq"
knit 2026/01/28 10:25:00     copying file: "/host/sys/devices/pci0000:00/0000:00:05.0/irq" -> "/tmp/perf-must-gather-58584043/host/sys/devices/pci0000:00/0000:00:05.0/irq"
knit 2026/01/28 10:25:00 creating /tmp/perf-must-gather-58584043/host/sys/devices/pci0000:00/0000:00:05.0/irq
knit 2026/01/28 10:25:00 copying spec: "/host/proc/irq/11/node"
knit 2026/01/28 10:25:00   copying path: "/host/proc/irq/11/node"
knit 2026/01/28 10:25:00     copying file: "/host/proc/irq/11/node" -> "/tmp/perf-must-gather-58584043/host/proc/irq/11/node"
knit 2026/01/28 10:25:00 creating /tmp/perf-must-gather-58584043/host/proc/irq/11/node
knit 2026/01/28 10:25:00 copying spec: "/host/sys/devices/system/cpu/cpu2/topology/cluster_cpus_list"
knit 2026/01/28 10:25:00   copying path: "/host/sys/devices/system/cpu/cpu2/topology/cluster_cpus_list"
knit 2026/01/28 10:25:00     copying file: "/host/sys/devices/system/cpu/cpu2/topology/cluster_cpus_list" -> "/tmp/perf-must-gather-58584043/host/sys/devices/system/cpu/cpu2/topology/cluster_cpus_list"
knit 2026/01/28 10:25:00 creating /tmp/perf-must-gather-58584043/host/sys/devices/system/cpu/cpu2/topology/cluster_cpus_list
knit 2026/01/28 10:25:00 copying spec: "/host/sys/devices/system/memory/memory78/online"
knit 2026/01/28 10:25:00   copying path: "/host/sys/devices/system/memory/memory78/online"
knit 2026/01/28 10:25:00     copying file: "/host/sys/devices/system/memory/memory78/online" -> "/tmp/perf-must-gather-58584043/host/sys/devices/system/memory/memory78/online"
knit 2026/01/28 10:25:00 creating /tmp/perf-must-gather-58584043/host/sys/devices/system/memory/memory78/online
knit 2026/01/28 10:25:00 copying spec: "/host/sys/bus/pci/drivers/vmd"
knit 2026/01/28 10:25:00   copying path: "/host/sys/bus/pci/drivers/vmd"
knit 2026/01/28 10:25:00 copying spec: "/host/sys/devices/pci0000:00/0000:00:00.0/numa_node"
knit 2026/01/28 10:25:00   copying path: "/host/sys/devices/pci0000:00/0000:00:00.0/numa_node"
knit 2026/01/28 10:25:00     copying file: "/host/sys/devices/pci0000:00/0000:00:00.0/numa_node" -> "/tmp/perf-must-gather-58584043/host/sys/devices/pci0000:00/0000:00:00.0/numa_node"
knit 2026/01/28 10:25:00 creating /tmp/perf-must-gather-58584043/host/sys/devices/pci0000:00/0000:00:00.0/numa_node
knit 2026/01/28 10:25:00 copying spec: "/host/proc/irq/1/effective_affinity_list"
knit 2026/01/28 10:25:00   copying path: "/host/proc/irq/1/effective_affinity_list"
knit 2026/01/28 10:25:00     copying file: "/host/proc/irq/1/effective_affinity_list" -> "/tmp/perf-must-gather-58584043/host/proc/irq/1/effective_affinity_list"
knit 2026/01/28 10:25:00 creating /tmp/perf-must-gather-58584043/host/proc/irq/1/effective_affinity_list
knit 2026/01/28 10:25:00 copying spec: "/host/sys/devices/system/cpu/cpu3/cache/index3/uevent"
knit 2026/01/28 10:25:00   copying path: "/host/sys/devices/system/cpu/cpu3/cache/index3/uevent"
knit 2026/01/28 10:25:00     copying file: "/host/sys/devices/system/cpu/cpu3/cache/index3/uevent" -> "/tmp/perf-must-gather-58584043/host/sys/devices/system/cpu/cpu3/cache/index3/uevent"
knit 2026/01/28 10:25:00 creating /tmp/perf-must-gather-58584043/host/sys/devices/system/cpu/cpu3/cache/index3/uevent
knit 2026/01/28 10:25:00 copying spec: "/host/sys/devices/system/memory/memory104/online"
knit 2026/01/28 10:25:00   copying path: "/host/sys/devices/system/memory/memory104/online"
knit 2026/01/28 10:25:00     copying file: "/host/sys/devices/system/memory/memory104/online" -> "/tmp/perf-must-gather-58584043/host/sys/devices/system/memory/memory104/online"
knit 2026/01/28 10:25:00 creating /tmp/perf-must-gather-58584043/host/sys/devices/system/memory/memory104/online
knit 2026/01/28 10:25:00 copying spec: "/host/sys/bus/pci/drivers/be2iscsi"
knit 2026/01/28 10:25:00   copying path: "/host/sys/bus/pci/drivers/be2iscsi"
knit 2026/01/28 10:25:00 copying spec: "/host/sys/devices/system/cpu/cpu0/cache/index0/ways_of_associativity"
knit 2026/01/28 10:25:00   copying path: "/host/sys/devices/system/cpu/cpu0/cache/index0/ways_of_associativity"
knit 2026/01/28 10:25:00     copying file: "/host/sys/devices/system/cpu/cpu0/cache/index0/ways_of_associativity" -> "/tmp/perf-must-gather-58584043/host/sys/devices/system/cpu/cpu0/cache/index0/ways_of_associativity"
knit 2026/01/28 10:25:00 creating /tmp/perf-must-gather-58584043/host/sys/devices/system/cpu/cpu0/cache/index0/ways_of_associativity
knit 2026/01/28 10:25:00 copying spec: "/host/sys/devices/system/cpu/cpu3/cache/index1/ways_of_associativity"
knit 2026/01/28 10:25:00   copying path: "/host/sys/devices/system/cpu/cpu3/cache/index1/ways_of_associativity"
knit 2026/01/28 10:25:00     copying file: "/host/sys/devices/system/cpu/cpu3/cache/index1/ways_of_associativity" -> "/tmp/perf-must-gather-58584043/host/sys/devices/system/cpu/cpu3/cache/index1/ways_of_associativity"
knit 2026/01/28 10:25:00 creating /tmp/perf-must-gather-58584043/host/sys/devices/system/cpu/cpu3/cache/index1/ways_of_associativity
knit 2026/01/28 10:25:00 copying spec: "/host/sys/devices/system/memory/memory129/state"
knit 2026/01/28 10:25:00   copying path: "/host/sys/devices/system/memory/memory129/state"
knit 2026/01/28 10:25:00     copying file: "/host/sys/devices/system/memory/memory129/state" -> "/tmp/perf-must-gather-58584043/host/sys/devices/system/memory/memory129/state"
knit 2026/01/28 10:25:00 creating /tmp/perf-must-gather-58584043/host/sys/devices/system/memory/memory129/state
knit 2026/01/28 10:25:00 copying spec: "/host/sys/devices/system/cpu/cpu3/cache/index3/shared_cpu_map"
knit 2026/01/28 10:25:00   copying path: "/host/sys/devices/system/cpu/cpu3/cache/index3/shared_cpu_map"
knit 2026/01/28 10:25:00     copying file: "/host/sys/devices/system/cpu/cpu3/cache/index3/shared_cpu_map" -> "/tmp/perf-must-gather-58584043/host/sys/devices/system/cpu/cpu3/cache/index3/shared_cpu_map"
knit 2026/01/28 10:25:00 creating /tmp/perf-must-gather-58584043/host/sys/devices/system/cpu/cpu3/cache/index3/shared_cpu_map
knit 2026/01/28 10:25:00 copying spec: "/host/sys/devices/system/cpu/cpu1/topology/cluster_id"
knit 2026/01/28 10:25:00   copying path: "/host/sys/devices/system/cpu/cpu1/topology/cluster_id"
knit 2026/01/28 10:25:00     copying file: "/host/sys/devices/system/cpu/cpu1/topology/cluster_id" -> "/tmp/perf-must-gather-58584043/host/sys/devices/system/cpu/cpu1/topology/cluster_id"
knit 2026/01/28 10:25:00 creating /tmp/perf-must-gather-58584043/host/sys/devices/system/cpu/cpu1/topology/cluster_id
knit 2026/01/28 10:25:00 copying spec: "/host/sys/devices/system/cpu/cpu2/cache/index1/type"
knit 2026/01/28 10:25:00   copying path: "/host/sys/devices/system/cpu/cpu2/cache/index1/type"
knit 2026/01/28 10:25:00     copying file: "/host/sys/devices/system/cpu/cpu2/cache/index1/type" -> "/tmp/perf-must-gather-58584043/host/sys/devices/system/cpu/cpu2/cache/index1/type"
knit 2026/01/28 10:25:00 creating /tmp/perf-must-gather-58584043/host/sys/devices/system/cpu/cpu2/cache/index1/type
knit 2026/01/28 10:25:00 copying spec: "/host/sys/devices/system/cpu/cpu3/cache/index3/physical_line_partition"
knit 2026/01/28 10:25:00   copying path: "/host/sys/devices/system/cpu/cpu3/cache/index3/physical_line_partition"
knit 2026/01/28 10:25:00     copying file: "/host/sys/devices/system/cpu/cpu3/cache/index3/physical_line_partition" -> "/tmp/perf-must-gather-58584043/host/sys/devices/system/cpu/cpu3/cache/index3/physical_line_partition"
knit 2026/01/28 10:25:00 creating /tmp/perf-must-gather-58584043/host/sys/devices/system/cpu/cpu3/cache/index3/physical_line_partition
knit 2026/01/28 10:25:00 copying spec: "/host/sys/devices/system/cpu/cpu3/topology/core_cpus_list"
knit 2026/01/28 10:25:00   copying path: "/host/sys/devices/system/cpu/cpu3/topology/core_cpus_list"
knit 2026/01/28 10:25:00     copying file: "/host/sys/devices/system/cpu/cpu3/topology/core_cpus_list" -> "/tmp/perf-must-gather-58584043/host/sys/devices/system/cpu/cpu3/topology/core_cpus_list"
knit 2026/01/28 10:25:00 creating /tmp/perf-must-gather-58584043/host/sys/devices/system/cpu/cpu3/topology/core_cpus_list
knit 2026/01/28 10:25:00 copying spec: "/host/sys/devices/system/memory/memory79/online"
knit 2026/01/28 10:25:00   copying path: "/host/sys/devices/system/memory/memory79/online"
knit 2026/01/28 10:25:00     copying file: "/host/sys/devices/system/memory/memory79/online" -> "/tmp/perf-must-gather-58584043/host/sys/devices/system/memory/memory79/online"
knit 2026/01/28 10:25:00 creating /tmp/perf-must-gather-58584043/host/sys/devices/system/memory/memory79/online
knit 2026/01/28 10:25:00 copying spec: "/host/sys/devices/system/memory/memory104/state"
knit 2026/01/28 10:25:00   copying path: "/host/sys/devices/system/memory/memory104/state"
knit 2026/01/28 10:25:00     copying file: "/host/sys/devices/system/memory/memory104/state" -> "/tmp/perf-must-gather-58584043/host/sys/devices/system/memory/memory104/state"
knit 2026/01/28 10:25:00 creating /tmp/perf-must-gather-58584043/host/sys/devices/system/memory/memory104/state
knit 2026/01/28 10:25:00 copying spec: "/host/sys/devices/system/cpu/cpu1/cache/index3/coherency_line_size"
knit 2026/01/28 10:25:00   copying path: "/host/sys/devices/system/cpu/cpu1/cache/index3/coherency_line_size"
knit 2026/01/28 10:25:00     copying file: "/host/sys/devices/system/cpu/cpu1/cache/index3/coherency_line_size" -> "/tmp/perf-must-gather-58584043/host/sys/devices/system/cpu/cpu1/cache/index3/coherency_line_size"
knit 2026/01/28 10:25:00 creating /tmp/perf-must-gather-58584043/host/sys/devices/system/cpu/cpu1/cache/index3/coherency_line_size
knit 2026/01/28 10:25:00 copying spec: "/host/sys/devices/system/memory/memory17/state"
knit 2026/01/28 10:25:00   copying path: "/host/sys/devices/system/memory/memory17/state"
knit 2026/01/28 10:25:00     copying file: "/host/sys/devices/system/memory/memory17/state" -> "/tmp/perf-must-gather-58584043/host/sys/devices/system/memory/memory17/state"
knit 2026/01/28 10:25:00 creating /tmp/perf-must-gather-58584043/host/sys/devices/system/memory/memory17/state
knit 2026/01/28 10:25:00 copying spec: "/host/proc/irq/31/effective_affinity_list"
knit 2026/01/28 10:25:00   copying path: "/host/proc/irq/31/effective_affinity_list"
knit 2026/01/28 10:25:00     copying file: "/host/proc/irq/31/effective_affinity_list" -> "/tmp/perf-must-gather-58584043/host/proc/irq/31/effective_affinity_list"
knit 2026/01/28 10:25:00 creating /tmp/perf-must-gather-58584043/host/proc/irq/31/effective_affinity_list
knit 2026/01/28 10:25:00 copying spec: "/host/sys/devices/system/cpu/cpu1/cache/index3/shared_cpu_list"
knit 2026/01/28 10:25:00   copying path: "/host/sys/devices/system/cpu/cpu1/cache/index3/shared_cpu_list"
knit 2026/01/28 10:25:00     copying file: "/host/sys/devices/system/cpu/cpu1/cache/index3/shared_cpu_list" -> "/tmp/perf-must-gather-58584043/host/sys/devices/system/cpu/cpu1/cache/index3/shared_cpu_list"
knit 2026/01/28 10:25:00 creating /tmp/perf-must-gather-58584043/host/sys/devices/system/cpu/cpu1/cache/index3/shared_cpu_list
knit 2026/01/28 10:25:00 copying spec: "/host/sys/devices/system/cpu/cpu3/cache/index0/coherency_line_size"
knit 2026/01/28 10:25:00   copying path: "/host/sys/devices/system/cpu/cpu3/cache/index0/coherency_line_size"
knit 2026/01/28 10:25:00     copying file: "/host/sys/devices/system/cpu/cpu3/cache/index0/coherency_line_size" -> "/tmp/perf-must-gather-58584043/host/sys/devices/system/cpu/cpu3/cache/index0/coherency_line_size"
knit 2026/01/28 10:25:00 creating /tmp/perf-must-gather-58584043/host/sys/devices/system/cpu/cpu3/cache/index0/coherency_line_size
knit 2026/01/28 10:25:00 copying spec: "/host/sys/devices/system/memory/memory121/state"
knit 2026/01/28 10:25:00   copying path: "/host/sys/devices/system/memory/memory121/state"
knit 2026/01/28 10:25:00     copying file: "/host/sys/devices/system/memory/memory121/state" -> "/tmp/perf-must-gather-58584043/host/sys/devices/system/memory/memory121/state"
knit 2026/01/28 10:25:00 creating /tmp/perf-must-gather-58584043/host/sys/devices/system/memory/memory121/state
knit 2026/01/28 10:25:00 copying spec: "/host/sys/devices/system/memory/memory57/state"
knit 2026/01/28 10:25:00   copying path: "/host/sys/devices/system/memory/memory57/state"
knit 2026/01/28 10:25:00     copying file: "/host/sys/devices/system/memory/memory57/state" -> "/tmp/perf-must-gather-58584043/host/sys/devices/system/memory/memory57/state"
knit 2026/01/28 10:25:00 creating /tmp/perf-must-gather-58584043/host/sys/devices/system/memory/memory57/state
knit 2026/01/28 10:25:00 copying spec: "/host/sys/devices/system/cpu/cpu2/cache/index0/id"
knit 2026/01/28 10:25:00   copying path: "/host/sys/devices/system/cpu/cpu2/cache/index0/id"
knit 2026/01/28 10:25:00     copying file: "/host/sys/devices/system/cpu/cpu2/cache/index0/id" -> "/tmp/perf-must-gather-58584043/host/sys/devices/system/cpu/cpu2/cache/index0/id"
knit 2026/01/28 10:25:00 creating /tmp/perf-must-gather-58584043/host/sys/devices/system/cpu/cpu2/cache/index0/id
knit 2026/01/28 10:25:00 copying spec: "/host/sys/devices/system/cpu/cpu3/cache/index2/uevent"
knit 2026/01/28 10:25:00   copying path: "/host/sys/devices/system/cpu/cpu3/cache/index2/uevent"
knit 2026/01/28 10:25:00     copying file: "/host/sys/devices/system/cpu/cpu3/cache/index2/uevent" -> "/tmp/perf-must-gather-58584043/host/sys/devices/system/cpu/cpu3/cache/index2/uevent"
knit 2026/01/28 10:25:00 creating /tmp/perf-must-gather-58584043/host/sys/devices/system/cpu/cpu3/cache/index2/uevent
knit 2026/01/28 10:25:00 copying spec: "/host/sys/devices/system/memory/memory95/online"
knit 2026/01/28 10:25:00   copying path: "/host/sys/devices/system/memory/memory95/online"
knit 2026/01/28 10:25:00     copying file: "/host/sys/devices/system/memory/memory95/online" -> "/tmp/perf-must-gather-58584043/host/sys/devices/system/memory/memory95/online"
knit 2026/01/28 10:25:00 creating /tmp/perf-must-gather-58584043/host/sys/devices/system/memory/memory95/online
knit 2026/01/28 10:25:00 copying spec: "/host/sys/devices/system/memory/memory21/state"
knit 2026/01/28 10:25:00   copying path: "/host/sys/devices/system/memory/memory21/state"
knit 2026/01/28 10:25:00     copying file: "/host/sys/devices/system/memory/memory21/state" -> "/tmp/perf-must-gather-58584043/host/sys/devices/system/memory/memory21/state"
knit 2026/01/28 10:25:00 creating /tmp/perf-must-gather-58584043/host/sys/devices/system/memory/memory21/state
knit 2026/01/28 10:25:00 copying spec: "/host/sys/bus/pci/drivers/uhci_hcd"
knit 2026/01/28 10:25:00   copying path: "/host/sys/bus/pci/drivers/uhci_hcd"
knit 2026/01/28 10:25:00 copying spec: "/host/sys/devices/pci0000:00/0000:00:03.0/modalias"
knit 2026/01/28 10:25:00   copying path: "/host/sys/devices/pci0000:00/0000:00:03.0/modalias"
knit 2026/01/28 10:25:00     copying file: "/host/sys/devices/pci0000:00/0000:00:03.0/modalias" -> "/tmp/perf-must-gather-58584043/host/sys/devices/pci0000:00/0000:00:03.0/modalias"
knit 2026/01/28 10:25:00 creating /tmp/perf-must-gather-58584043/host/sys/devices/pci0000:00/0000:00:03.0/modalias
knit 2026/01/28 10:25:00 copying spec: "/host/sys/devices/system/cpu/cpu0/topology/core_cpus"
knit 2026/01/28 10:25:00   copying path: "/host/sys/devices/system/cpu/cpu0/topology/core_cpus"
knit 2026/01/28 10:25:00     copying file: "/host/sys/devices/system/cpu/cpu0/topology/core_cpus" -> "/tmp/perf-must-gather-58584043/host/sys/devices/system/cpu/cpu0/topology/core_cpus"
knit 2026/01/28 10:25:00 creating /tmp/perf-must-gather-58584043/host/sys/devices/system/cpu/cpu0/topology/core_cpus
knit 2026/01/28 10:25:00 copying spec: "/host/sys/devices/system/memory/memory41/online"
knit 2026/01/28 10:25:00   copying path: "/host/sys/devices/system/memory/memory41/online"
knit 2026/01/28 10:25:00     copying file: "/host/sys/devices/system/memory/memory41/online" -> "/tmp/perf-must-gather-58584043/host/sys/devices/system/memory/memory41/online"
knit 2026/01/28 10:25:00 creating /tmp/perf-must-gather-58584043/host/sys/devices/system/memory/memory41/online
knit 2026/01/28 10:25:00 copying spec: "/host/sys/devices/system/memory/memory56/online"
knit 2026/01/28 10:25:00   copying path: "/host/sys/devices/system/memory/memory56/online"
knit 2026/01/28 10:25:00     copying file: "/host/sys/devices/system/memory/memory56/online" -> "/tmp/perf-must-gather-58584043/host/sys/devices/system/memory/memory56/online"
knit 2026/01/28 10:25:00 creating /tmp/perf-must-gather-58584043/host/sys/devices/system/memory/memory56/online
knit 2026/01/28 10:25:00 copying spec: "/host/sys/devices/system/memory/memory42/state"
knit 2026/01/28 10:25:00   copying path: "/host/sys/devices/system/memory/memory42/state"
knit 2026/01/28 10:25:00     copying file: "/host/sys/devices/system/memory/memory42/state" -> "/tmp/perf-must-gather-58584043/host/sys/devices/system/memory/memory42/state"
knit 2026/01/28 10:25:00 creating /tmp/perf-must-gather-58584043/host/sys/devices/system/memory/memory42/state
knit 2026/01/28 10:25:00 copying spec: "/host/sys/devices/system/memory/memory68/state"
knit 2026/01/28 10:25:00   copying path: "/host/sys/devices/system/memory/memory68/state"
knit 2026/01/28 10:25:00     copying file: "/host/sys/devices/system/memory/memory68/state" -> "/tmp/perf-must-gather-58584043/host/sys/devices/system/memory/memory68/state"
knit 2026/01/28 10:25:00 creating /tmp/perf-must-gather-58584043/host/sys/devices/system/memory/memory68/state
knit 2026/01/28 10:25:00 copying spec: "/host/sys/devices/system/memory/memory99/state"
knit 2026/01/28 10:25:00   copying path: "/host/sys/devices/system/memory/memory99/state"
knit 2026/01/28 10:25:00     copying file: "/host/sys/devices/system/memory/memory99/state" -> "/tmp/perf-must-gather-58584043/host/sys/devices/system/memory/memory99/state"
knit 2026/01/28 10:25:00 creating /tmp/perf-must-gather-58584043/host/sys/devices/system/memory/memory99/state
knit 2026/01/28 10:25:00 copying spec: "/host/proc/irq/3/effective_affinity_list"
knit 2026/01/28 10:25:00   copying path: "/host/proc/irq/3/effective_affinity_list"
knit 2026/01/28 10:25:00     copying file: "/host/proc/irq/3/effective_affinity_list" -> "/tmp/perf-must-gather-58584043/host/proc/irq/3/effective_affinity_list"
knit 2026/01/28 10:25:00 creating /tmp/perf-must-gather-58584043/host/proc/irq/3/effective_affinity_list
knit 2026/01/28 10:25:00 copying spec: "/host/sys/devices/system/cpu/cpu3/cache/index2/shared_cpu_map"
knit 2026/01/28 10:25:00   copying path: "/host/sys/devices/system/cpu/cpu3/cache/index2/shared_cpu_map"
knit 2026/01/28 10:25:00     copying file: "/host/sys/devices/system/cpu/cpu3/cache/index2/shared_cpu_map" -> "/tmp/perf-must-gather-58584043/host/sys/devices/system/cpu/cpu3/cache/index2/shared_cpu_map"
knit 2026/01/28 10:25:00 creating /tmp/perf-must-gather-58584043/host/sys/devices/system/cpu/cpu3/cache/index2/shared_cpu_map
knit 2026/01/28 10:25:00 copying spec: "/host/sys/devices/system/memory/memory33/state"
knit 2026/01/28 10:25:00   copying path: "/host/sys/devices/system/memory/memory33/state"
knit 2026/01/28 10:25:00     copying file: "/host/sys/devices/system/memory/memory33/state" -> "/tmp/perf-must-gather-58584043/host/sys/devices/system/memory/memory33/state"
knit 2026/01/28 10:25:00 creating /tmp/perf-must-gather-58584043/host/sys/devices/system/memory/memory33/state
knit 2026/01/28 10:25:00 copying spec: "/host/sys/devices/system/memory/memory38/state"
knit 2026/01/28 10:25:00   copying path: "/host/sys/devices/system/memory/memory38/state"
knit 2026/01/28 10:25:00     copying file: "/host/sys/devices/system/memory/memory38/state" -> "/tmp/perf-must-gather-58584043/host/sys/devices/system/memory/memory38/state"
knit 2026/01/28 10:25:00 creating /tmp/perf-must-gather-58584043/host/sys/devices/system/memory/memory38/state
knit 2026/01/28 10:25:00 copying spec: "/host/sys/bus/pci/drivers/shpchp"
knit 2026/01/28 10:25:00   copying path: "/host/sys/bus/pci/drivers/shpchp"
knit 2026/01/28 10:25:00 copying spec: "/host/proc/irq/9/node"
knit 2026/01/28 10:25:00   copying path: "/host/proc/irq/9/node"
knit 2026/01/28 10:25:00     copying file: "/host/proc/irq/9/node" -> "/tmp/perf-must-gather-58584043/host/proc/irq/9/node"
knit 2026/01/28 10:25:00 creating /tmp/perf-must-gather-58584043/host/proc/irq/9/node
knit 2026/01/28 10:25:00 copying spec: "/host/sys/devices/system/cpu/cpu1/cache/index3/id"
knit 2026/01/28 10:25:00   copying path: "/host/sys/devices/system/cpu/cpu1/cache/index3/id"
knit 2026/01/28 10:25:00     copying file: "/host/sys/devices/system/cpu/cpu1/cache/index3/id" -> "/tmp/perf-must-gather-58584043/host/sys/devices/system/cpu/cpu1/cache/index3/id"
knit 2026/01/28 10:25:00 creating /tmp/perf-must-gather-58584043/host/sys/devices/system/cpu/cpu1/cache/index3/id
knit 2026/01/28 10:25:00 copying spec: "/host/sys/devices/system/cpu/cpu2/cache/index3/physical_line_partition"
knit 2026/01/28 10:25:00   copying path: "/host/sys/devices/system/cpu/cpu2/cache/index3/physical_line_partition"
knit 2026/01/28 10:25:00     copying file: "/host/sys/devices/system/cpu/cpu2/cache/index3/physical_line_partition" -> "/tmp/perf-must-gather-58584043/host/sys/devices/system/cpu/cpu2/cache/index3/physical_line_partition"
knit 2026/01/28 10:25:00 creating /tmp/perf-must-gather-58584043/host/sys/devices/system/cpu/cpu2/cache/index3/physical_line_partition
knit 2026/01/28 10:25:00 copying spec: "/host/sys/devices/system/cpu/cpu3/cache/index0/shared_cpu_map"
knit 2026/01/28 10:25:00   copying path: "/host/sys/devices/system/cpu/cpu3/cache/index0/shared_cpu_map"
knit 2026/01/28 10:25:00     copying file: "/host/sys/devices/system/cpu/cpu3/cache/index0/shared_cpu_map" -> "/tmp/perf-must-gather-58584043/host/sys/devices/system/cpu/cpu3/cache/index0/shared_cpu_map"
knit 2026/01/28 10:25:00 creating /tmp/perf-must-gather-58584043/host/sys/devices/system/cpu/cpu3/cache/index0/shared_cpu_map
knit 2026/01/28 10:25:00 copying spec: "/host/sys/devices/system/memory/memory123/online"
knit 2026/01/28 10:25:00   copying path: "/host/sys/devices/system/memory/memory123/online"
knit 2026/01/28 10:25:00     copying file: "/host/sys/devices/system/memory/memory123/online" -> "/tmp/perf-must-gather-58584043/host/sys/devices/system/memory/memory123/online"
knit 2026/01/28 10:25:00 creating /tmp/perf-must-gather-58584043/host/sys/devices/system/memory/memory123/online
knit 2026/01/28 10:25:00 copying spec: "/host/sys/devices/system/memory/memory46/online"
knit 2026/01/28 10:25:00   copying path: "/host/sys/devices/system/memory/memory46/online"
knit 2026/01/28 10:25:00     copying file: "/host/sys/devices/system/memory/memory46/online" -> "/tmp/perf-must-gather-58584043/host/sys/devices/system/memory/memory46/online"
knit 2026/01/28 10:25:00 creating /tmp/perf-must-gather-58584043/host/sys/devices/system/memory/memory46/online
knit 2026/01/28 10:25:00 copying spec: "/host/sys/bus/pci/drivers/exar_serial"
knit 2026/01/28 10:25:00   copying path: "/host/sys/bus/pci/drivers/exar_serial"
knit 2026/01/28 10:25:00 copying spec: "/host/proc/irq/13/smp_affinity_list"
knit 2026/01/28 10:25:00   copying path: "/host/proc/irq/13/smp_affinity_list"
knit 2026/01/28 10:25:00     copying file: "/host/proc/irq/13/smp_affinity_list" -> "/tmp/perf-must-gather-58584043/host/proc/irq/13/smp_affinity_list"
knit 2026/01/28 10:25:00 creating /tmp/perf-must-gather-58584043/host/proc/irq/13/smp_affinity_list
knit 2026/01/28 10:25:00 copying spec: "/host/proc/irq/25/smp_affinity_list"
knit 2026/01/28 10:25:00   copying path: "/host/proc/irq/25/smp_affinity_list"
knit 2026/01/28 10:25:00     copying file: "/host/proc/irq/25/smp_affinity_list" -> "/tmp/perf-must-gather-58584043/host/proc/irq/25/smp_affinity_list"
knit 2026/01/28 10:25:00 creating /tmp/perf-must-gather-58584043/host/proc/irq/25/smp_affinity_list
knit 2026/01/28 10:25:00 copying spec: "/host/proc/irq/28/node"
knit 2026/01/28 10:25:00   copying path: "/host/proc/irq/28/node"
knit 2026/01/28 10:25:00     copying file: "/host/proc/irq/28/node" -> "/tmp/perf-must-gather-58584043/host/proc/irq/28/node"
knit 2026/01/28 10:25:00 creating /tmp/perf-must-gather-58584043/host/proc/irq/28/node
knit 2026/01/28 10:25:00 copying spec: "/host/sys/devices/system/cpu/cpu0/cache/index3/shared_cpu_list"
knit 2026/01/28 10:25:00   copying path: "/host/sys/devices/system/cpu/cpu0/cache/index3/shared_cpu_list"
knit 2026/01/28 10:25:00     copying file: "/host/sys/devices/system/cpu/cpu0/cache/index3/shared_cpu_list" -> "/tmp/perf-must-gather-58584043/host/sys/devices/system/cpu/cpu0/cache/index3/shared_cpu_list"
knit 2026/01/28 10:25:00 creating /tmp/perf-must-gather-58584043/host/sys/devices/system/cpu/cpu0/cache/index3/shared_cpu_list
knit 2026/01/28 10:25:00 copying spec: "/host/proc/irq/6/node"
knit 2026/01/28 10:25:00   copying path: "/host/proc/irq/6/node"
knit 2026/01/28 10:25:00     copying file: "/host/proc/irq/6/node" -> "/tmp/perf-must-gather-58584043/host/proc/irq/6/node"
knit 2026/01/28 10:25:00 creating /tmp/perf-must-gather-58584043/host/proc/irq/6/node
knit 2026/01/28 10:25:00 copying spec: "/host/proc/self/mounts"
knit 2026/01/28 10:25:00   copying path: "/host/proc/self/mounts"
knit 2026/01/28 10:25:00     copying file: "/host/proc/self/mounts" -> "/tmp/perf-must-gather-58584043/host/proc/self/mounts"
knit 2026/01/28 10:25:00 creating /tmp/perf-must-gather-58584043/host/proc/self/mounts
knit 2026/01/28 10:25:00 copying spec: "/host/sys/bus/pci/devices/0000:00:00.0"
knit 2026/01/28 10:25:00   copying path: "/host/sys/bus/pci/devices/0000:00:00.0"
knit 2026/01/28 10:25:00     copying link: "/host/sys/bus/pci/devices/0000:00:00.0" -> "/tmp/perf-must-gather-58584043/host/sys/bus/pci/devices/0000:00:00.0"
knit 2026/01/28 10:25:00       symlink "../../../devices/pci0000:00/0000:00:00.0" -> "/tmp/perf-must-gather-58584043/host/sys/bus/pci/devices/0000:00:00.0"
knit 2026/01/28 10:25:00 copying spec: "/host/sys/bus/pci/devices/0000:00:01.0"
knit 2026/01/28 10:25:00   copying path: "/host/sys/bus/pci/devices/0000:00:01.0"
knit 2026/01/28 10:25:00     copying link: "/host/sys/bus/pci/devices/0000:00:01.0" -> "/tmp/perf-must-gather-58584043/host/sys/bus/pci/devices/0000:00:01.0"
knit 2026/01/28 10:25:00       symlink "../../../devices/pci0000:00/0000:00:01.0" -> "/tmp/perf-must-gather-58584043/host/sys/bus/pci/devices/0000:00:01.0"
knit 2026/01/28 10:25:00 copying spec: "/host/sys/bus/pci/devices/0000:00:01.3"
knit 2026/01/28 10:25:00   copying path: "/host/sys/bus/pci/devices/0000:00:01.3"
knit 2026/01/28 10:25:00     copying link: "/host/sys/bus/pci/devices/0000:00:01.3" -> "/tmp/perf-must-gather-58584043/host/sys/bus/pci/devices/0000:00:01.3"
knit 2026/01/28 10:25:00       symlink "../../../devices/pci0000:00/0000:00:01.3" -> "/tmp/perf-must-gather-58584043/host/sys/bus/pci/devices/0000:00:01.3"
knit 2026/01/28 10:25:00 copying spec: "/host/sys/bus/pci/devices/0000:00:03.0"
knit 2026/01/28 10:25:00   copying path: "/host/sys/bus/pci/devices/0000:00:03.0"
knit 2026/01/28 10:25:00     copying link: "/host/sys/bus/pci/devices/0000:00:03.0" -> "/tmp/perf-must-gather-58584043/host/sys/bus/pci/devices/0000:00:03.0"
knit 2026/01/28 10:25:00       symlink "../../../devices/pci0000:00/0000:00:03.0" -> "/tmp/perf-must-gather-58584043/host/sys/bus/pci/devices/0000:00:03.0"
knit 2026/01/28 10:25:00 copying spec: "/host/sys/bus/pci/devices/0000:00:04.0"
knit 2026/01/28 10:25:00   copying path: "/host/sys/bus/pci/devices/0000:00:04.0"
knit 2026/01/28 10:25:00     copying link: "/host/sys/bus/pci/devices/0000:00:04.0" -> "/tmp/perf-must-gather-58584043/host/sys/bus/pci/devices/0000:00:04.0"
knit 2026/01/28 10:25:00       symlink "../../../devices/pci0000:00/0000:00:04.0" -> "/tmp/perf-must-gather-58584043/host/sys/bus/pci/devices/0000:00:04.0"
knit 2026/01/28 10:25:00 copying spec: "/host/sys/bus/pci/devices/0000:00:05.0"
knit 2026/01/28 10:25:00   copying path: "/host/sys/bus/pci/devices/0000:00:05.0"
knit 2026/01/28 10:25:00     copying link: "/host/sys/bus/pci/devices/0000:00:05.0" -> "/tmp/perf-must-gather-58584043/host/sys/bus/pci/devices/0000:00:05.0"
knit 2026/01/28 10:25:00       symlink "../../../devices/pci0000:00/0000:00:05.0" -> "/tmp/perf-must-gather-58584043/host/sys/bus/pci/devices/0000:00:05.0"
knit 2026/01/28 10:25:00 copying spec: "/host/sys/class/dmi/id/bios_date"
knit 2026/01/28 10:25:00   copying path: "/host/sys/class/dmi/id/bios_date"
knit 2026/01/28 10:25:00     copying file: "/host/sys/class/dmi/id/bios_date" -> "/tmp/perf-must-gather-58584043/host/sys/class/dmi/id/bios_date"
knit 2026/01/28 10:25:00 creating /tmp/perf-must-gather-58584043/host/sys/class/dmi/id/bios_date
knit 2026/01/28 10:25:00 copying spec: "/host/sys/class/dmi/id/bios_release"
knit 2026/01/28 10:25:00   copying path: "/host/sys/class/dmi/id/bios_release"
knit 2026/01/28 10:25:00     copying file: "/host/sys/class/dmi/id/bios_release" -> "/tmp/perf-must-gather-58584043/host/sys/class/dmi/id/bios_release"
knit 2026/01/28 10:25:00 creating /tmp/perf-must-gather-58584043/host/sys/class/dmi/id/bios_release
knit 2026/01/28 10:25:00 copying spec: "/host/sys/class/dmi/id/bios_vendor"
knit 2026/01/28 10:25:00   copying path: "/host/sys/class/dmi/id/bios_vendor"
knit 2026/01/28 10:25:00     copying file: "/host/sys/class/dmi/id/bios_vendor" -> "/tmp/perf-must-gather-58584043/host/sys/class/dmi/id/bios_vendor"
knit 2026/01/28 10:25:00 creating /tmp/perf-must-gather-58584043/host/sys/class/dmi/id/bios_vendor
knit 2026/01/28 10:25:00 copying spec: "/host/sys/class/dmi/id/bios_version"
knit 2026/01/28 10:25:00   copying path: "/host/sys/class/dmi/id/bios_version"
knit 2026/01/28 10:25:00     copying file: "/host/sys/class/dmi/id/bios_version" -> "/tmp/perf-must-gather-58584043/host/sys/class/dmi/id/bios_version"
knit 2026/01/28 10:25:00 creating /tmp/perf-must-gather-58584043/host/sys/class/dmi/id/bios_version
knit 2026/01/28 10:25:00 copying spec: "/host/sys/class/dmi/id/product_family"
knit 2026/01/28 10:25:00   copying path: "/host/sys/class/dmi/id/product_family"
knit 2026/01/28 10:25:00     copying file: "/host/sys/class/dmi/id/product_family" -> "/tmp/perf-must-gather-58584043/host/sys/class/dmi/id/product_family"
knit 2026/01/28 10:25:00 creating /tmp/perf-must-gather-58584043/host/sys/class/dmi/id/product_family
knit 2026/01/28 10:25:00 copying spec: "/host/sys/class/dmi/id/product_name"
knit 2026/01/28 10:25:00   copying path: "/host/sys/class/dmi/id/product_name"
knit 2026/01/28 10:25:00     copying file: "/host/sys/class/dmi/id/product_name" -> "/tmp/perf-must-gather-58584043/host/sys/class/dmi/id/product_name"
knit 2026/01/28 10:25:00 creating /tmp/perf-must-gather-58584043/host/sys/class/dmi/id/product_name
knit 2026/01/28 10:25:00 copying spec: "/host/sys/class/dmi/id/product_sku"
knit 2026/01/28 10:25:00   copying path: "/host/sys/class/dmi/id/product_sku"
knit 2026/01/28 10:25:00     copying file: "/host/sys/class/dmi/id/product_sku" -> "/tmp/perf-must-gather-58584043/host/sys/class/dmi/id/product_sku"
knit 2026/01/28 10:25:00 creating /tmp/perf-must-gather-58584043/host/sys/class/dmi/id/product_sku
knit 2026/01/28 10:25:00 copying spec: "/host/sys/class/dmi/id/product_version"
knit 2026/01/28 10:25:00   copying path: "/host/sys/class/dmi/id/product_version"
knit 2026/01/28 10:25:00     copying file: "/host/sys/class/dmi/id/product_version" -> "/tmp/perf-must-gather-58584043/host/sys/class/dmi/id/product_version"
knit 2026/01/28 10:25:00 creating /tmp/perf-must-gather-58584043/host/sys/class/dmi/id/product_version
knit 2026/01/28 10:25:00 copying spec: "/host/sys/devices/pci0000:00/0000:00:01.3/driver"
knit 2026/01/28 10:25:00   copying path: "/host/sys/devices/pci0000:00/0000:00:01.3/driver"
knit 2026/01/28 10:25:00     copying link: "/host/sys/devices/pci0000:00/0000:00:01.3/driver" -> "/tmp/perf-must-gather-58584043/host/sys/devices/pci0000:00/0000:00:01.3/driver"
knit 2026/01/28 10:25:00       symlink "../../../bus/pci/drivers/piix4_smbus" -> "/tmp/perf-must-gather-58584043/host/sys/devices/pci0000:00/0000:00:01.3/driver"
knit 2026/01/28 10:25:00 copying spec: "/host/sys/devices/pci0000:00/0000:00:04.0/driver"
knit 2026/01/28 10:25:00   copying path: "/host/sys/devices/pci0000:00/0000:00:04.0/driver"
knit 2026/01/28 10:25:00     copying link: "/host/sys/devices/pci0000:00/0000:00:04.0/driver" -> "/tmp/perf-must-gather-58584043/host/sys/devices/pci0000:00/0000:00:04.0/driver"
knit 2026/01/28 10:25:00       symlink "../../../bus/pci/drivers/nvme" -> "/tmp/perf-must-gather-58584043/host/sys/devices/pci0000:00/0000:00:04.0/driver"
knit 2026/01/28 10:25:00 copying spec: "/host/sys/devices/pci0000:00/0000:00:05.0/driver"
knit 2026/01/28 10:25:00   copying path: "/host/sys/devices/pci0000:00/0000:00:05.0/driver"
knit 2026/01/28 10:25:00     copying link: "/host/sys/devices/pci0000:00/0000:00:05.0/driver" -> "/tmp/perf-must-gather-58584043/host/sys/devices/pci0000:00/0000:00:05.0/driver"
knit 2026/01/28 10:25:00       symlink "../../../bus/pci/drivers/ena" -> "/tmp/perf-must-gather-58584043/host/sys/devices/pci0000:00/0000:00:05.0/driver"
knit 2026/01/28 10:25:00 copying spec: "/host/sys/devices/system/node/node0/cpu0"
knit 2026/01/28 10:25:00   copying path: "/host/sys/devices/system/node/node0/cpu0"
knit 2026/01/28 10:25:00     copying link: "/host/sys/devices/system/node/node0/cpu0" -> "/tmp/perf-must-gather-58584043/host/sys/devices/system/node/node0/cpu0"
knit 2026/01/28 10:25:00       symlink "../../cpu/cpu0" -> "/tmp/perf-must-gather-58584043/host/sys/devices/system/node/node0/cpu0"
knit 2026/01/28 10:25:00 copying spec: "/host/sys/devices/system/node/node0/cpu1"
knit 2026/01/28 10:25:00   copying path: "/host/sys/devices/system/node/node0/cpu1"
knit 2026/01/28 10:25:00     copying link: "/host/sys/devices/system/node/node0/cpu1" -> "/tmp/perf-must-gather-58584043/host/sys/devices/system/node/node0/cpu1"
knit 2026/01/28 10:25:00       symlink "../../cpu/cpu1" -> "/tmp/perf-must-gather-58584043/host/sys/devices/system/node/node0/cpu1"
knit 2026/01/28 10:25:00 copying spec: "/host/sys/devices/system/node/node0/cpu1/online"
knit 2026/01/28 10:25:00   copying path: "/host/sys/devices/system/node/node0/cpu1/online"
knit 2026/01/28 10:25:00     copying file: "/host/sys/devices/system/node/node0/cpu1/online" -> "/tmp/perf-must-gather-58584043/host/sys/devices/system/node/node0/cpu1/online"
knit 2026/01/28 10:25:00 creating /tmp/perf-must-gather-58584043/host/sys/devices/system/node/node0/cpu1/online
knit 2026/01/28 10:25:00 copying spec: "/host/sys/devices/system/node/node0/cpu2"
knit 2026/01/28 10:25:00   copying path: "/host/sys/devices/system/node/node0/cpu2"
knit 2026/01/28 10:25:00     copying link: "/host/sys/devices/system/node/node0/cpu2" -> "/tmp/perf-must-gather-58584043/host/sys/devices/system/node/node0/cpu2"
knit 2026/01/28 10:25:00       symlink "../../cpu/cpu2" -> "/tmp/perf-must-gather-58584043/host/sys/devices/system/node/node0/cpu2"
knit 2026/01/28 10:25:00 copying spec: "/host/sys/devices/system/node/node0/cpu2/online"
knit 2026/01/28 10:25:00   copying path: "/host/sys/devices/system/node/node0/cpu2/online"
knit 2026/01/28 10:25:00     copying file: "/host/sys/devices/system/node/node0/cpu2/online" -> "/tmp/perf-must-gather-58584043/host/sys/devices/system/node/node0/cpu2/online"
knit 2026/01/28 10:25:00 creating /tmp/perf-must-gather-58584043/host/sys/devices/system/node/node0/cpu2/online
knit 2026/01/28 10:25:00 copying spec: "/host/sys/devices/system/node/node0/cpu3"
knit 2026/01/28 10:25:00   copying path: "/host/sys/devices/system/node/node0/cpu3"
knit 2026/01/28 10:25:00     copying link: "/host/sys/devices/system/node/node0/cpu3" -> "/tmp/perf-must-gather-58584043/host/sys/devices/system/node/node0/cpu3"
knit 2026/01/28 10:25:00       symlink "../../cpu/cpu3" -> "/tmp/perf-must-gather-58584043/host/sys/devices/system/node/node0/cpu3"
knit 2026/01/28 10:25:00 copying spec: "/host/sys/devices/system/node/node0/cpu3/online"
knit 2026/01/28 10:25:00   copying path: "/host/sys/devices/system/node/node0/cpu3/online"
knit 2026/01/28 10:25:00     copying file: "/host/sys/devices/system/node/node0/cpu3/online" -> "/tmp/perf-must-gather-58584043/host/sys/devices/system/node/node0/cpu3/online"
knit 2026/01/28 10:25:00 creating /tmp/perf-must-gather-58584043/host/sys/devices/system/node/node0/cpu3/online
knit 2026/01/28 10:25:00 copying spec: "/host/sys/devices/system/node/node0/memory0"
knit 2026/01/28 10:25:00   copying path: "/host/sys/devices/system/node/node0/memory0"
knit 2026/01/28 10:25:00     copying link: "/host/sys/devices/system/node/node0/memory0" -> "/tmp/perf-must-gather-58584043/host/sys/devices/system/node/node0/memory0"
knit 2026/01/28 10:25:00       symlink "../../memory/memory0" -> "/tmp/perf-must-gather-58584043/host/sys/devices/system/node/node0/memory0"
knit 2026/01/28 10:25:00 copying spec: "/host/sys/devices/system/node/node0/memory1"
knit 2026/01/28 10:25:00   copying path: "/host/sys/devices/system/node/node0/memory1"
knit 2026/01/28 10:25:00     copying link: "/host/sys/devices/system/node/node0/memory1" -> "/tmp/perf-must-gather-58584043/host/sys/devices/system/node/node0/memory1"
knit 2026/01/28 10:25:00       symlink "../../memory/memory1" -> "/tmp/perf-must-gather-58584043/host/sys/devices/system/node/node0/memory1"
knit 2026/01/28 10:25:00 copying spec: "/host/sys/devices/system/node/node0/memory10"
knit 2026/01/28 10:25:00   copying path: "/host/sys/devices/system/node/node0/memory10"
knit 2026/01/28 10:25:00     copying link: "/host/sys/devices/system/node/node0/memory10" -> "/tmp/perf-must-gather-58584043/host/sys/devices/system/node/node0/memory10"
knit 2026/01/28 10:25:00       symlink "../../memory/memory10" -> "/tmp/perf-must-gather-58584043/host/sys/devices/system/node/node0/memory10"
knit 2026/01/28 10:25:00 copying spec: "/host/sys/devices/system/node/node0/memory100"
knit 2026/01/28 10:25:00   copying path: "/host/sys/devices/system/node/node0/memory100"
knit 2026/01/28 10:25:00     copying link: "/host/sys/devices/system/node/node0/memory100" -> "/tmp/perf-must-gather-58584043/host/sys/devices/system/node/node0/memory100"
knit 2026/01/28 10:25:00       symlink "../../memory/memory100" -> "/tmp/perf-must-gather-58584043/host/sys/devices/system/node/node0/memory100"
knit 2026/01/28 10:25:00 copying spec: "/host/sys/devices/system/node/node0/memory101"
knit 2026/01/28 10:25:00   copying path: "/host/sys/devices/system/node/node0/memory101"
knit 2026/01/28 10:25:00     copying link: "/host/sys/devices/system/node/node0/memory101" -> "/tmp/perf-must-gather-58584043/host/sys/devices/system/node/node0/memory101"
knit 2026/01/28 10:25:00       symlink "../../memory/memory101" -> "/tmp/perf-must-gather-58584043/host/sys/devices/system/node/node0/memory101"
knit 2026/01/28 10:25:00 copying spec: "/host/sys/devices/system/node/node0/memory102"
knit 2026/01/28 10:25:00   copying path: "/host/sys/devices/system/node/node0/memory102"
knit 2026/01/28 10:25:00     copying link: "/host/sys/devices/system/node/node0/memory102" -> "/tmp/perf-must-gather-58584043/host/sys/devices/system/node/node0/memory102"
knit 2026/01/28 10:25:00       symlink "../../memory/memory102" -> "/tmp/perf-must-gather-58584043/host/sys/devices/system/node/node0/memory102"
knit 2026/01/28 10:25:00 copying spec: "/host/sys/devices/system/node/node0/memory103"
knit 2026/01/28 10:25:00   copying path: "/host/sys/devices/system/node/node0/memory103"
knit 2026/01/28 10:25:00     copying link: "/host/sys/devices/system/node/node0/memory103" -> "/tmp/perf-must-gather-58584043/host/sys/devices/system/node/node0/memory103"
knit 2026/01/28 10:25:00       symlink "../../memory/memory103" -> "/tmp/perf-must-gather-58584043/host/sys/devices/system/node/node0/memory103"
knit 2026/01/28 10:25:00 copying spec: "/host/sys/devices/system/node/node0/memory104"
knit 2026/01/28 10:25:00   copying path: "/host/sys/devices/system/node/node0/memory104"
knit 2026/01/28 10:25:00     copying link: "/host/sys/devices/system/node/node0/memory104" -> "/tmp/perf-must-gather-58584043/host/sys/devices/system/node/node0/memory104"
knit 2026/01/28 10:25:00       symlink "../../memory/memory104" -> "/tmp/perf-must-gather-58584043/host/sys/devices/system/node/node0/memory104"
knit 2026/01/28 10:25:00 copying spec: "/host/sys/devices/system/node/node0/memory105"
knit 2026/01/28 10:25:00   copying path: "/host/sys/devices/system/node/node0/memory105"
knit 2026/01/28 10:25:00     copying link: "/host/sys/devices/system/node/node0/memory105" -> "/tmp/perf-must-gather-58584043/host/sys/devices/system/node/node0/memory105"
knit 2026/01/28 10:25:00       symlink "../../memory/memory105" -> "/tmp/perf-must-gather-58584043/host/sys/devices/system/node/node0/memory105"
knit 2026/01/28 10:25:00 copying spec: "/host/sys/devices/system/node/node0/memory106"
knit 2026/01/28 10:25:00   copying path: "/host/sys/devices/system/node/node0/memory106"
knit 2026/01/28 10:25:00     copying link: "/host/sys/devices/system/node/node0/memory106" -> "/tmp/perf-must-gather-58584043/host/sys/devices/system/node/node0/memory106"
knit 2026/01/28 10:25:00       symlink "../../memory/memory106" -> "/tmp/perf-must-gather-58584043/host/sys/devices/system/node/node0/memory106"
knit 2026/01/28 10:25:00 copying spec: "/host/sys/devices/system/node/node0/memory107"
knit 2026/01/28 10:25:00   copying path: "/host/sys/devices/system/node/node0/memory107"
knit 2026/01/28 10:25:00     copying link: "/host/sys/devices/system/node/node0/memory107" -> "/tmp/perf-must-gather-58584043/host/sys/devices/system/node/node0/memory107"
knit 2026/01/28 10:25:00       symlink "../../memory/memory107" -> "/tmp/perf-must-gather-58584043/host/sys/devices/system/node/node0/memory107"
knit 2026/01/28 10:25:00 copying spec: "/host/sys/devices/system/node/node0/memory108"
knit 2026/01/28 10:25:00   copying path: "/host/sys/devices/system/node/node0/memory108"
knit 2026/01/28 10:25:00     copying link: "/host/sys/devices/system/node/node0/memory108" -> "/tmp/perf-must-gather-58584043/host/sys/devices/system/node/node0/memory108"
knit 2026/01/28 10:25:00       symlink "../../memory/memory108" -> "/tmp/perf-must-gather-58584043/host/sys/devices/system/node/node0/memory108"
knit 2026/01/28 10:25:00 copying spec: "/host/sys/devices/system/node/node0/memory109"
knit 2026/01/28 10:25:00   copying path: "/host/sys/devices/system/node/node0/memory109"
knit 2026/01/28 10:25:00     copying link: "/host/sys/devices/system/node/node0/memory109" -> "/tmp/perf-must-gather-58584043/host/sys/devices/system/node/node0/memory109"
knit 2026/01/28 10:25:00       symlink "../../memory/memory109" -> "/tmp/perf-must-gather-58584043/host/sys/devices/system/node/node0/memory109"
knit 2026/01/28 10:25:00 copying spec: "/host/sys/devices/system/node/node0/memory11"
knit 2026/01/28 10:25:00   copying path: "/host/sys/devices/system/node/node0/memory11"
knit 2026/01/28 10:25:00     copying link: "/host/sys/devices/system/node/node0/memory11" -> "/tmp/perf-must-gather-58584043/host/sys/devices/system/node/node0/memory11"
knit 2026/01/28 10:25:00       symlink "../../memory/memory11" -> "/tmp/perf-must-gather-58584043/host/sys/devices/system/node/node0/memory11"
knit 2026/01/28 10:25:00 copying spec: "/host/sys/devices/system/node/node0/memory110"
knit 2026/01/28 10:25:00   copying path: "/host/sys/devices/system/node/node0/memory110"
knit 2026/01/28 10:25:00     copying link: "/host/sys/devices/system/node/node0/memory110" -> "/tmp/perf-must-gather-58584043/host/sys/devices/system/node/node0/memory110"
knit 2026/01/28 10:25:00       symlink "../../memory/memory110" -> "/tmp/perf-must-gather-58584043/host/sys/devices/system/node/node0/memory110"
knit 2026/01/28 10:25:00 copying spec: "/host/sys/devices/system/node/node0/memory111"
knit 2026/01/28 10:25:00   copying path: "/host/sys/devices/system/node/node0/memory111"
knit 2026/01/28 10:25:00     copying link: "/host/sys/devices/system/node/node0/memory111" -> "/tmp/perf-must-gather-58584043/host/sys/devices/system/node/node0/memory111"
knit 2026/01/28 10:25:00       symlink "../../memory/memory111" -> "/tmp/perf-must-gather-58584043/host/sys/devices/system/node/node0/memory111"
knit 2026/01/28 10:25:00 copying spec: "/host/sys/devices/system/node/node0/memory112"
knit 2026/01/28 10:25:00   copying path: "/host/sys/devices/system/node/node0/memory112"
knit 2026/01/28 10:25:00     copying link: "/host/sys/devices/system/node/node0/memory112" -> "/tmp/perf-must-gather-58584043/host/sys/devices/system/node/node0/memory112"
knit 2026/01/28 10:25:00       symlink "../../memory/memory112" -> "/tmp/perf-must-gather-58584043/host/sys/devices/system/node/node0/memory112"
knit 2026/01/28 10:25:00 copying spec: "/host/sys/devices/system/node/node0/memory113"
knit 2026/01/28 10:25:00   copying path: "/host/sys/devices/system/node/node0/memory113"
knit 2026/01/28 10:25:00     copying link: "/host/sys/devices/system/node/node0/memory113" -> "/tmp/perf-must-gather-58584043/host/sys/devices/system/node/node0/memory113"
knit 2026/01/28 10:25:00       symlink "../../memory/memory113" -> "/tmp/perf-must-gather-58584043/host/sys/devices/system/node/node0/memory113"
knit 2026/01/28 10:25:00 copying spec: "/host/sys/devices/system/node/node0/memory114"
knit 2026/01/28 10:25:00   copying path: "/host/sys/devices/system/node/node0/memory114"
knit 2026/01/28 10:25:00     copying link: "/host/sys/devices/system/node/node0/memory114" -> "/tmp/perf-must-gather-58584043/host/sys/devices/system/node/node0/memory114"
knit 2026/01/28 10:25:00       symlink "../../memory/memory114" -> "/tmp/perf-must-gather-58584043/host/sys/devices/system/node/node0/memory114"
knit 2026/01/28 10:25:00 copying spec: "/host/sys/devices/system/node/node0/memory115"
knit 2026/01/28 10:25:00   copying path: "/host/sys/devices/system/node/node0/memory115"
knit 2026/01/28 10:25:00     copying link: "/host/sys/devices/system/node/node0/memory115" -> "/tmp/perf-must-gather-58584043/host/sys/devices/system/node/node0/memory115"
knit 2026/01/28 10:25:00       symlink "../../memory/memory115" -> "/tmp/perf-must-gather-58584043/host/sys/devices/system/node/node0/memory115"
knit 2026/01/28 10:25:00 copying spec: "/host/sys/devices/system/node/node0/memory116"
knit 2026/01/28 10:25:00   copying path: "/host/sys/devices/system/node/node0/memory116"
knit 2026/01/28 10:25:00     copying link: "/host/sys/devices/system/node/node0/memory116" -> "/tmp/perf-must-gather-58584043/host/sys/devices/system/node/node0/memory116"
knit 2026/01/28 10:25:00       symlink "../../memory/memory116" -> "/tmp/perf-must-gather-58584043/host/sys/devices/system/node/node0/memory116"
knit 2026/01/28 10:25:00 copying spec: "/host/sys/devices/system/node/node0/memory117"
knit 2026/01/28 10:25:00   copying path: "/host/sys/devices/system/node/node0/memory117"
knit 2026/01/28 10:25:00     copying link: "/host/sys/devices/system/node/node0/memory117" -> "/tmp/perf-must-gather-58584043/host/sys/devices/system/node/node0/memory117"
knit 2026/01/28 10:25:00       symlink "../../memory/memory117" -> "/tmp/perf-must-gather-58584043/host/sys/devices/system/node/node0/memory117"
knit 2026/01/28 10:25:00 copying spec: "/host/sys/devices/system/node/node0/memory118"
knit 2026/01/28 10:25:00   copying path: "/host/sys/devices/system/node/node0/memory118"
knit 2026/01/28 10:25:00     copying link: "/host/sys/devices/system/node/node0/memory118" -> "/tmp/perf-must-gather-58584043/host/sys/devices/system/node/node0/memory118"
knit 2026/01/28 10:25:00       symlink "../../memory/memory118" -> "/tmp/perf-must-gather-58584043/host/sys/devices/system/node/node0/memory118"
knit 2026/01/28 10:25:00 copying spec: "/host/sys/devices/system/node/node0/memory119"
knit 2026/01/28 10:25:00   copying path: "/host/sys/devices/system/node/node0/memory119"
knit 2026/01/28 10:25:00     copying link: "/host/sys/devices/system/node/node0/memory119" -> "/tmp/perf-must-gather-58584043/host/sys/devices/system/node/node0/memory119"
knit 2026/01/28 10:25:00       symlink "../../memory/memory119" -> "/tmp/perf-must-gather-58584043/host/sys/devices/system/node/node0/memory119"
knit 2026/01/28 10:25:00 copying spec: "/host/sys/devices/system/node/node0/memory12"
knit 2026/01/28 10:25:00   copying path: "/host/sys/devices/system/node/node0/memory12"
knit 2026/01/28 10:25:00     copying link: "/host/sys/devices/system/node/node0/memory12" -> "/tmp/perf-must-gather-58584043/host/sys/devices/system/node/node0/memory12"
knit 2026/01/28 10:25:00       symlink "../../memory/memory12" -> "/tmp/perf-must-gather-58584043/host/sys/devices/system/node/node0/memory12"
knit 2026/01/28 10:25:00 copying spec: "/host/sys/devices/system/node/node0/memory120"
knit 2026/01/28 10:25:00   copying path: "/host/sys/devices/system/node/node0/memory120"
knit 2026/01/28 10:25:00     copying link: "/host/sys/devices/system/node/node0/memory120" -> "/tmp/perf-must-gather-58584043/host/sys/devices/system/node/node0/memory120"
knit 2026/01/28 10:25:00       symlink "../../memory/memory120" -> "/tmp/perf-must-gather-58584043/host/sys/devices/system/node/node0/memory120"
knit 2026/01/28 10:25:00 copying spec: "/host/sys/devices/system/node/node0/memory121"
knit 2026/01/28 10:25:00   copying path: "/host/sys/devices/system/node/node0/memory121"
knit 2026/01/28 10:25:00     copying link: "/host/sys/devices/system/node/node0/memory121" -> "/tmp/perf-must-gather-58584043/host/sys/devices/system/node/node0/memory121"
knit 2026/01/28 10:25:00       symlink "../../memory/memory121" -> "/tmp/perf-must-gather-58584043/host/sys/devices/system/node/node0/memory121"
knit 2026/01/28 10:25:00 copying spec: "/host/sys/devices/system/node/node0/memory122"
knit 2026/01/28 10:25:00   copying path: "/host/sys/devices/system/node/node0/memory122"
knit 2026/01/28 10:25:00     copying link: "/host/sys/devices/system/node/node0/memory122" -> "/tmp/perf-must-gather-58584043/host/sys/devices/system/node/node0/memory122"
knit 2026/01/28 10:25:00       symlink "../../memory/memory122" -> "/tmp/perf-must-gather-58584043/host/sys/devices/system/node/node0/memory122"
knit 2026/01/28 10:25:00 copying spec: "/host/sys/devices/system/node/node0/memory123"
knit 2026/01/28 10:25:00   copying path: "/host/sys/devices/system/node/node0/memory123"
knit 2026/01/28 10:25:00     copying link: "/host/sys/devices/system/node/node0/memory123" -> "/tmp/perf-must-gather-58584043/host/sys/devices/system/node/node0/memory123"
knit 2026/01/28 10:25:00       symlink "../../memory/memory123" -> "/tmp/perf-must-gather-58584043/host/sys/devices/system/node/node0/memory123"
knit 2026/01/28 10:25:00 copying spec: "/host/sys/devices/system/node/node0/memory124"
knit 2026/01/28 10:25:00   copying path: "/host/sys/devices/system/node/node0/memory124"
knit 2026/01/28 10:25:00     copying link: "/host/sys/devices/system/node/node0/memory124" -> "/tmp/perf-must-gather-58584043/host/sys/devices/system/node/node0/memory124"
knit 2026/01/28 10:25:00       symlink "../../memory/memory124" -> "/tmp/perf-must-gather-58584043/host/sys/devices/system/node/node0/memory124"
knit 2026/01/28 10:25:00 copying spec: "/host/sys/devices/system/node/node0/memory125"
knit 2026/01/28 10:25:00   copying path: "/host/sys/devices/system/node/node0/memory125"
knit 2026/01/28 10:25:00     copying link: "/host/sys/devices/system/node/node0/memory125" -> "/tmp/perf-must-gather-58584043/host/sys/devices/system/node/node0/memory125"
knit 2026/01/28 10:25:00       symlink "../../memory/memory125" -> "/tmp/perf-must-gather-58584043/host/sys/devices/system/node/node0/memory125"
knit 2026/01/28 10:25:00 copying spec: "/host/sys/devices/system/node/node0/memory126"
knit 2026/01/28 10:25:00   copying path: "/host/sys/devices/system/node/node0/memory126"
knit 2026/01/28 10:25:00     copying link: "/host/sys/devices/system/node/node0/memory126" -> "/tmp/perf-must-gather-58584043/host/sys/devices/system/node/node0/memory126"
knit 2026/01/28 10:25:00       symlink "../../memory/memory126" -> "/tmp/perf-must-gather-58584043/host/sys/devices/system/node/node0/memory126"
knit 2026/01/28 10:25:00 copying spec: "/host/sys/devices/system/node/node0/memory127"
knit 2026/01/28 10:25:00   copying path: "/host/sys/devices/system/node/node0/memory127"
knit 2026/01/28 10:25:00     copying link: "/host/sys/devices/system/node/node0/memory127" -> "/tmp/perf-must-gather-58584043/host/sys/devices/system/node/node0/memory127"
knit 2026/01/28 10:25:00       symlink "../../memory/memory127" -> "/tmp/perf-must-gather-58584043/host/sys/devices/system/node/node0/memory127"
knit 2026/01/28 10:25:00 copying spec: "/host/sys/devices/system/node/node0/memory128"
knit 2026/01/28 10:25:00   copying path: "/host/sys/devices/system/node/node0/memory128"
knit 2026/01/28 10:25:00     copying link: "/host/sys/devices/system/node/node0/memory128" -> "/tmp/perf-must-gather-58584043/host/sys/devices/system/node/node0/memory128"
knit 2026/01/28 10:25:00       symlink "../../memory/memory128" -> "/tmp/perf-must-gather-58584043/host/sys/devices/system/node/node0/memory128"
knit 2026/01/28 10:25:00 copying spec: "/host/sys/devices/system/node/node0/memory129"
knit 2026/01/28 10:25:00   copying path: "/host/sys/devices/system/node/node0/memory129"
knit 2026/01/28 10:25:00     copying link: "/host/sys/devices/system/node/node0/memory129" -> "/tmp/perf-must-gather-58584043/host/sys/devices/system/node/node0/memory129"
knit 2026/01/28 10:25:00       symlink "../../memory/memory129" -> "/tmp/perf-must-gather-58584043/host/sys/devices/system/node/node0/memory129"
knit 2026/01/28 10:25:00 copying spec: "/host/sys/devices/system/node/node0/memory13"
knit 2026/01/28 10:25:00   copying path: "/host/sys/devices/system/node/node0/memory13"
knit 2026/01/28 10:25:00     copying link: "/host/sys/devices/system/node/node0/memory13" -> "/tmp/perf-must-gather-58584043/host/sys/devices/system/node/node0/memory13"
knit 2026/01/28 10:25:00       symlink "../../memory/memory13" -> "/tmp/perf-must-gather-58584043/host/sys/devices/system/node/node0/memory13"
knit 2026/01/28 10:25:00 copying spec: "/host/sys/devices/system/node/node0/memory130"
knit 2026/01/28 10:25:00   copying path: "/host/sys/devices/system/node/node0/memory130"
knit 2026/01/28 10:25:00     copying link: "/host/sys/devices/system/node/node0/memory130" -> "/tmp/perf-must-gather-58584043/host/sys/devices/system/node/node0/memory130"
knit 2026/01/28 10:25:00       symlink "../../memory/memory130" -> "/tmp/perf-must-gather-58584043/host/sys/devices/system/node/node0/memory130"
knit 2026/01/28 10:25:00 copying spec: "/host/sys/devices/system/node/node0/memory131"
knit 2026/01/28 10:25:00   copying path: "/host/sys/devices/system/node/node0/memory131"
knit 2026/01/28 10:25:00     copying link: "/host/sys/devices/system/node/node0/memory131" -> "/tmp/perf-must-gather-58584043/host/sys/devices/system/node/node0/memory131"
knit 2026/01/28 10:25:00       symlink "../../memory/memory131" -> "/tmp/perf-must-gather-58584043/host/sys/devices/system/node/node0/memory131"
knit 2026/01/28 10:25:00 copying spec: "/host/sys/devices/system/node/node0/memory132"
knit 2026/01/28 10:25:00   copying path: "/host/sys/devices/system/node/node0/memory132"
knit 2026/01/28 10:25:00     copying link: "/host/sys/devices/system/node/node0/memory132" -> "/tmp/perf-must-gather-58584043/host/sys/devices/system/node/node0/memory132"
knit 2026/01/28 10:25:00       symlink "../../memory/memory132" -> "/tmp/perf-must-gather-58584043/host/sys/devices/system/node/node0/memory132"
knit 2026/01/28 10:25:00 copying spec: "/host/sys/devices/system/node/node0/memory133"
knit 2026/01/28 10:25:00   copying path: "/host/sys/devices/system/node/node0/memory133"
knit 2026/01/28 10:25:00     copying link: "/host/sys/devices/system/node/node0/memory133" -> "/tmp/perf-must-gather-58584043/host/sys/devices/system/node/node0/memory133"
knit 2026/01/28 10:25:00       symlink "../../memory/memory133" -> "/tmp/perf-must-gather-58584043/host/sys/devices/system/node/node0/memory133"
knit 2026/01/28 10:25:00 copying spec: "/host/sys/devices/system/node/node0/memory14"
knit 2026/01/28 10:25:00   copying path: "/host/sys/devices/system/node/node0/memory14"
knit 2026/01/28 10:25:00     copying link: "/host/sys/devices/system/node/node0/memory14" -> "/tmp/perf-must-gather-58584043/host/sys/devices/system/node/node0/memory14"
knit 2026/01/28 10:25:00       symlink "../../memory/memory14" -> "/tmp/perf-must-gather-58584043/host/sys/devices/system/node/node0/memory14"
knit 2026/01/28 10:25:00 copying spec: "/host/sys/devices/system/node/node0/memory15"
knit 2026/01/28 10:25:00   copying path: "/host/sys/devices/system/node/node0/memory15"
knit 2026/01/28 10:25:00     copying link: "/host/sys/devices/system/node/node0/memory15" -> "/tmp/perf-must-gather-58584043/host/sys/devices/system/node/node0/memory15"
knit 2026/01/28 10:25:00       symlink "../../memory/memory15" -> "/tmp/perf-must-gather-58584043/host/sys/devices/system/node/node0/memory15"
knit 2026/01/28 10:25:00 copying spec: "/host/sys/devices/system/node/node0/memory16"
knit 2026/01/28 10:25:00   copying path: "/host/sys/devices/system/node/node0/memory16"
knit 2026/01/28 10:25:00     copying link: "/host/sys/devices/system/node/node0/memory16" -> "/tmp/perf-must-gather-58584043/host/sys/devices/system/node/node0/memory16"
knit 2026/01/28 10:25:00       symlink "../../memory/memory16" -> "/tmp/perf-must-gather-58584043/host/sys/devices/system/node/node0/memory16"
knit 2026/01/28 10:25:00 copying spec: "/host/sys/devices/system/node/node0/memory17"
knit 2026/01/28 10:25:00   copying path: "/host/sys/devices/system/node/node0/memory17"
knit 2026/01/28 10:25:00     copying link: "/host/sys/devices/system/node/node0/memory17" -> "/tmp/perf-must-gather-58584043/host/sys/devices/system/node/node0/memory17"
knit 2026/01/28 10:25:00       symlink "../../memory/memory17" -> "/tmp/perf-must-gather-58584043/host/sys/devices/system/node/node0/memory17"
knit 2026/01/28 10:25:00 copying spec: "/host/sys/devices/system/node/node0/memory18"
knit 2026/01/28 10:25:00   copying path: "/host/sys/devices/system/node/node0/memory18"
knit 2026/01/28 10:25:00     copying link: "/host/sys/devices/system/node/node0/memory18" -> "/tmp/perf-must-gather-58584043/host/sys/devices/system/node/node0/memory18"
knit 2026/01/28 10:25:00       symlink "../../memory/memory18" -> "/tmp/perf-must-gather-58584043/host/sys/devices/system/node/node0/memory18"
knit 2026/01/28 10:25:00 copying spec: "/host/sys/devices/system/node/node0/memory19"
knit 2026/01/28 10:25:00   copying path: "/host/sys/devices/system/node/node0/memory19"
knit 2026/01/28 10:25:00     copying link: "/host/sys/devices/system/node/node0/memory19" -> "/tmp/perf-must-gather-58584043/host/sys/devices/system/node/node0/memory19"
knit 2026/01/28 10:25:00       symlink "../../memory/memory19" -> "/tmp/perf-must-gather-58584043/host/sys/devices/system/node/node0/memory19"
knit 2026/01/28 10:25:00 copying spec: "/host/sys/devices/system/node/node0/memory2"
knit 2026/01/28 10:25:00   copying path: "/host/sys/devices/system/node/node0/memory2"
knit 2026/01/28 10:25:00     copying link: "/host/sys/devices/system/node/node0/memory2" -> "/tmp/perf-must-gather-58584043/host/sys/devices/system/node/node0/memory2"
knit 2026/01/28 10:25:00       symlink "../../memory/memory2" -> "/tmp/perf-must-gather-58584043/host/sys/devices/system/node/node0/memory2"
knit 2026/01/28 10:25:00 copying spec: "/host/sys/devices/system/node/node0/memory20"
knit 2026/01/28 10:25:00   copying path: "/host/sys/devices/system/node/node0/memory20"
knit 2026/01/28 10:25:00     copying link: "/host/sys/devices/system/node/node0/memory20" -> "/tmp/perf-must-gather-58584043/host/sys/devices/system/node/node0/memory20"
knit 2026/01/28 10:25:00       symlink "../../memory/memory20" -> "/tmp/perf-must-gather-58584043/host/sys/devices/system/node/node0/memory20"
knit 2026/01/28 10:25:00 copying spec: "/host/sys/devices/system/node/node0/memory21"
knit 2026/01/28 10:25:00   copying path: "/host/sys/devices/system/node/node0/memory21"
knit 2026/01/28 10:25:00     copying link: "/host/sys/devices/system/node/node0/memory21" -> "/tmp/perf-must-gather-58584043/host/sys/devices/system/node/node0/memory21"
knit 2026/01/28 10:25:00       symlink "../../memory/memory21" -> "/tmp/perf-must-gather-58584043/host/sys/devices/system/node/node0/memory21"
knit 2026/01/28 10:25:00 copying spec: "/host/sys/devices/system/node/node0/memory22"
knit 2026/01/28 10:25:00   copying path: "/host/sys/devices/system/node/node0/memory22"
knit 2026/01/28 10:25:00     copying link: "/host/sys/devices/system/node/node0/memory22" -> "/tmp/perf-must-gather-58584043/host/sys/devices/system/node/node0/memory22"
knit 2026/01/28 10:25:00       symlink "../../memory/memory22" -> "/tmp/perf-must-gather-58584043/host/sys/devices/system/node/node0/memory22"
knit 2026/01/28 10:25:00 copying spec: "/host/sys/devices/system/node/node0/memory23"
knit 2026/01/28 10:25:00   copying path: "/host/sys/devices/system/node/node0/memory23"
knit 2026/01/28 10:25:00     copying link: "/host/sys/devices/system/node/node0/memory23" -> "/tmp/perf-must-gather-58584043/host/sys/devices/system/node/node0/memory23"
knit 2026/01/28 10:25:00       symlink "../../memory/memory23" -> "/tmp/perf-must-gather-58584043/host/sys/devices/system/node/node0/memory23"
knit 2026/01/28 10:25:00 copying spec: "/host/sys/devices/system/node/node0/memory3"
knit 2026/01/28 10:25:00   copying path: "/host/sys/devices/system/node/node0/memory3"
knit 2026/01/28 10:25:00     copying link: "/host/sys/devices/system/node/node0/memory3" -> "/tmp/perf-must-gather-58584043/host/sys/devices/system/node/node0/memory3"
knit 2026/01/28 10:25:00       symlink "../../memory/memory3" -> "/tmp/perf-must-gather-58584043/host/sys/devices/system/node/node0/memory3"
knit 2026/01/28 10:25:00 copying spec: "/host/sys/devices/system/node/node0/memory32"
knit 2026/01/28 10:25:00   copying path: "/host/sys/devices/system/node/node0/memory32"
knit 2026/01/28 10:25:00     copying link: "/host/sys/devices/system/node/node0/memory32" -> "/tmp/perf-must-gather-58584043/host/sys/devices/system/node/node0/memory32"
knit 2026/01/28 10:25:00       symlink "../../memory/memory32" -> "/tmp/perf-must-gather-58584043/host/sys/devices/system/node/node0/memory32"
knit 2026/01/28 10:25:00 copying spec: "/host/sys/devices/system/node/node0/memory33"
knit 2026/01/28 10:25:00   copying path: "/host/sys/devices/system/node/node0/memory33"
knit 2026/01/28 10:25:00     copying link: "/host/sys/devices/system/node/node0/memory33" -> "/tmp/perf-must-gather-58584043/host/sys/devices/system/node/node0/memory33"
knit 2026/01/28 10:25:00       symlink "../../memory/memory33" -> "/tmp/perf-must-gather-58584043/host/sys/devices/system/node/node0/memory33"
knit 2026/01/28 10:25:00 copying spec: "/host/sys/devices/system/node/node0/memory34"
knit 2026/01/28 10:25:00   copying path: "/host/sys/devices/system/node/node0/memory34"
knit 2026/01/28 10:25:00     copying link: "/host/sys/devices/system/node/node0/memory34" -> "/tmp/perf-must-gather-58584043/host/sys/devices/system/node/node0/memory34"
knit 2026/01/28 10:25:00       symlink "../../memory/memory34" -> "/tmp/perf-must-gather-58584043/host/sys/devices/system/node/node0/memory34"
knit 2026/01/28 10:25:00 copying spec: "/host/sys/devices/system/node/node0/memory35"
knit 2026/01/28 10:25:00   copying path: "/host/sys/devices/system/node/node0/memory35"
knit 2026/01/28 10:25:00     copying link: "/host/sys/devices/system/node/node0/memory35" -> "/tmp/perf-must-gather-58584043/host/sys/devices/system/node/node0/memory35"
knit 2026/01/28 10:25:00       symlink "../../memory/memory35" -> "/tmp/perf-must-gather-58584043/host/sys/devices/system/node/node0/memory35"
knit 2026/01/28 10:25:00 copying spec: "/host/sys/devices/system/node/node0/memory36"
knit 2026/01/28 10:25:00   copying path: "/host/sys/devices/system/node/node0/memory36"
knit 2026/01/28 10:25:00     copying link: "/host/sys/devices/system/node/node0/memory36" -> "/tmp/perf-must-gather-58584043/host/sys/devices/system/node/node0/memory36"
knit 2026/01/28 10:25:00       symlink "../../memory/memory36" -> "/tmp/perf-must-gather-58584043/host/sys/devices/system/node/node0/memory36"
knit 2026/01/28 10:25:00 copying spec: "/host/sys/devices/system/node/node0/memory37"
knit 2026/01/28 10:25:00   copying path: "/host/sys/devices/system/node/node0/memory37"
knit 2026/01/28 10:25:00     copying link: "/host/sys/devices/system/node/node0/memory37" -> "/tmp/perf-must-gather-58584043/host/sys/devices/system/node/node0/memory37"
knit 2026/01/28 10:25:00       symlink "../../memory/memory37" -> "/tmp/perf-must-gather-58584043/host/sys/devices/system/node/node0/memory37"
knit 2026/01/28 10:25:00 copying spec: "/host/sys/devices/system/node/node0/memory38"
knit 2026/01/28 10:25:00   copying path: "/host/sys/devices/system/node/node0/memory38"
knit 2026/01/28 10:25:00     copying link: "/host/sys/devices/system/node/node0/memory38" -> "/tmp/perf-must-gather-58584043/host/sys/devices/system/node/node0/memory38"
knit 2026/01/28 10:25:00       symlink "../../memory/memory38" -> "/tmp/perf-must-gather-58584043/host/sys/devices/system/node/node0/memory38"
knit 2026/01/28 10:25:00 copying spec: "/host/sys/devices/system/node/node0/memory39"
knit 2026/01/28 10:25:00   copying path: "/host/sys/devices/system/node/node0/memory39"
knit 2026/01/28 10:25:00     copying link: "/host/sys/devices/system/node/node0/memory39" -> "/tmp/perf-must-gather-58584043/host/sys/devices/system/node/node0/memory39"
knit 2026/01/28 10:25:00       symlink "../../memory/memory39" -> "/tmp/perf-must-gather-58584043/host/sys/devices/system/node/node0/memory39"
knit 2026/01/28 10:25:00 copying spec: "/host/sys/devices/system/node/node0/memory4"
knit 2026/01/28 10:25:00   copying path: "/host/sys/devices/system/node/node0/memory4"
knit 2026/01/28 10:25:00     copying link: "/host/sys/devices/system/node/node0/memory4" -> "/tmp/perf-must-gather-58584043/host/sys/devices/system/node/node0/memory4"
knit 2026/01/28 10:25:00       symlink "../../memory/memory4" -> "/tmp/perf-must-gather-58584043/host/sys/devices/system/node/node0/memory4"
knit 2026/01/28 10:25:00 copying spec: "/host/sys/devices/system/node/node0/memory40"
knit 2026/01/28 10:25:00   copying path: "/host/sys/devices/system/node/node0/memory40"
knit 2026/01/28 10:25:00     copying link: "/host/sys/devices/system/node/node0/memory40" -> "/tmp/perf-must-gather-58584043/host/sys/devices/system/node/node0/memory40"
knit 2026/01/28 10:25:00       symlink "../../memory/memory40" -> "/tmp/perf-must-gather-58584043/host/sys/devices/system/node/node0/memory40"
knit 2026/01/28 10:25:00 copying spec: "/host/sys/devices/system/node/node0/memory41"
knit 2026/01/28 10:25:00   copying path: "/host/sys/devices/system/node/node0/memory41"
knit 2026/01/28 10:25:00     copying link: "/host/sys/devices/system/node/node0/memory41" -> "/tmp/perf-must-gather-58584043/host/sys/devices/system/node/node0/memory41"
knit 2026/01/28 10:25:00       symlink "../../memory/memory41" -> "/tmp/perf-must-gather-58584043/host/sys/devices/system/node/node0/memory41"
knit 2026/01/28 10:25:00 copying spec: "/host/sys/devices/system/node/node0/memory42"
knit 2026/01/28 10:25:00   copying path: "/host/sys/devices/system/node/node0/memory42"
knit 2026/01/28 10:25:00     copying link: "/host/sys/devices/system/node/node0/memory42" -> "/tmp/perf-must-gather-58584043/host/sys/devices/system/node/node0/memory42"
knit 2026/01/28 10:25:00       symlink "../../memory/memory42" -> "/tmp/perf-must-gather-58584043/host/sys/devices/system/node/node0/memory42"
knit 2026/01/28 10:25:00 copying spec: "/host/sys/devices/system/node/node0/memory43"
knit 2026/01/28 10:25:00   copying path: "/host/sys/devices/system/node/node0/memory43"
knit 2026/01/28 10:25:00     copying link: "/host/sys/devices/system/node/node0/memory43" -> "/tmp/perf-must-gather-58584043/host/sys/devices/system/node/node0/memory43"
knit 2026/01/28 10:25:00       symlink "../../memory/memory43" -> "/tmp/perf-must-gather-58584043/host/sys/devices/system/node/node0/memory43"
knit 2026/01/28 10:25:00 copying spec: "/host/sys/devices/system/node/node0/memory44"
knit 2026/01/28 10:25:00   copying path: "/host/sys/devices/system/node/node0/memory44"
knit 2026/01/28 10:25:00     copying link: "/host/sys/devices/system/node/node0/memory44" -> "/tmp/perf-must-gather-58584043/host/sys/devices/system/node/node0/memory44"
knit 2026/01/28 10:25:00       symlink "../../memory/memory44" -> "/tmp/perf-must-gather-58584043/host/sys/devices/system/node/node0/memory44"
knit 2026/01/28 10:25:00 copying spec: "/host/sys/devices/system/node/node0/memory45"
knit 2026/01/28 10:25:00   copying path: "/host/sys/devices/system/node/node0/memory45"
knit 2026/01/28 10:25:00     copying link: "/host/sys/devices/system/node/node0/memory45" -> "/tmp/perf-must-gather-58584043/host/sys/devices/system/node/node0/memory45"
knit 2026/01/28 10:25:00       symlink "../../memory/memory45" -> "/tmp/perf-must-gather-58584043/host/sys/devices/system/node/node0/memory45"
knit 2026/01/28 10:25:00 copying spec: "/host/sys/devices/system/node/node0/memory46"
knit 2026/01/28 10:25:00   copying path: "/host/sys/devices/system/node/node0/memory46"
knit 2026/01/28 10:25:00     copying link: "/host/sys/devices/system/node/node0/memory46" -> "/tmp/perf-must-gather-58584043/host/sys/devices/system/node/node0/memory46"
knit 2026/01/28 10:25:00       symlink "../../memory/memory46" -> "/tmp/perf-must-gather-58584043/host/sys/devices/system/node/node0/memory46"
knit 2026/01/28 10:25:00 copying spec: "/host/sys/devices/system/node/node0/memory47"
knit 2026/01/28 10:25:00   copying path: "/host/sys/devices/system/node/node0/memory47"
knit 2026/01/28 10:25:00     copying link: "/host/sys/devices/system/node/node0/memory47" -> "/tmp/perf-must-gather-58584043/host/sys/devices/system/node/node0/memory47"
knit 2026/01/28 10:25:00       symlink "../../memory/memory47" -> "/tmp/perf-must-gather-58584043/host/sys/devices/system/node/node0/memory47"
knit 2026/01/28 10:25:00 copying spec: "/host/sys/devices/system/node/node0/memory48"
knit 2026/01/28 10:25:00   copying path: "/host/sys/devices/system/node/node0/memory48"
knit 2026/01/28 10:25:00     copying link: "/host/sys/devices/system/node/node0/memory48" -> "/tmp/perf-must-gather-58584043/host/sys/devices/system/node/node0/memory48"
knit 2026/01/28 10:25:00       symlink "../../memory/memory48" -> "/tmp/perf-must-gather-58584043/host/sys/devices/system/node/node0/memory48"
knit 2026/01/28 10:25:00 copying spec: "/host/sys/devices/system/node/node0/memory49"
knit 2026/01/28 10:25:00   copying path: "/host/sys/devices/system/node/node0/memory49"
knit 2026/01/28 10:25:00     copying link: "/host/sys/devices/system/node/node0/memory49" -> "/tmp/perf-must-gather-58584043/host/sys/devices/system/node/node0/memory49"
knit 2026/01/28 10:25:00       symlink "../../memory/memory49" -> "/tmp/perf-must-gather-58584043/host/sys/devices/system/node/node0/memory49"
knit 2026/01/28 10:25:00 copying spec: "/host/sys/devices/system/node/node0/memory5"
knit 2026/01/28 10:25:00   copying path: "/host/sys/devices/system/node/node0/memory5"
knit 2026/01/28 10:25:00     copying link: "/host/sys/devices/system/node/node0/memory5" -> "/tmp/perf-must-gather-58584043/host/sys/devices/system/node/node0/memory5"
knit 2026/01/28 10:25:00       symlink "../../memory/memory5" -> "/tmp/perf-must-gather-58584043/host/sys/devices/system/node/node0/memory5"
knit 2026/01/28 10:25:00 copying spec: "/host/sys/devices/system/node/node0/memory50"
knit 2026/01/28 10:25:00   copying path: "/host/sys/devices/system/node/node0/memory50"
knit 2026/01/28 10:25:00     copying link: "/host/sys/devices/system/node/node0/memory50" -> "/tmp/perf-must-gather-58584043/host/sys/devices/system/node/node0/memory50"
knit 2026/01/28 10:25:00       symlink "../../memory/memory50" -> "/tmp/perf-must-gather-58584043/host/sys/devices/system/node/node0/memory50"
knit 2026/01/28 10:25:00 copying spec: "/host/sys/devices/system/node/node0/memory51"
knit 2026/01/28 10:25:00   copying path: "/host/sys/devices/system/node/node0/memory51"
knit 2026/01/28 10:25:00     copying link: "/host/sys/devices/system/node/node0/memory51" -> "/tmp/perf-must-gather-58584043/host/sys/devices/system/node/node0/memory51"
knit 2026/01/28 10:25:00       symlink "../../memory/memory51" -> "/tmp/perf-must-gather-58584043/host/sys/devices/system/node/node0/memory51"
knit 2026/01/28 10:25:00 copying spec: "/host/sys/devices/system/node/node0/memory52"
knit 2026/01/28 10:25:00   copying path: "/host/sys/devices/system/node/node0/memory52"
knit 2026/01/28 10:25:00     copying link: "/host/sys/devices/system/node/node0/memory52" -> "/tmp/perf-must-gather-58584043/host/sys/devices/system/node/node0/memory52"
knit 2026/01/28 10:25:00       symlink "../../memory/memory52" -> "/tmp/perf-must-gather-58584043/host/sys/devices/system/node/node0/memory52"
knit 2026/01/28 10:25:00 copying spec: "/host/sys/devices/system/node/node0/memory53"
knit 2026/01/28 10:25:00   copying path: "/host/sys/devices/system/node/node0/memory53"
knit 2026/01/28 10:25:00     copying link: "/host/sys/devices/system/node/node0/memory53" -> "/tmp/perf-must-gather-58584043/host/sys/devices/system/node/node0/memory53"
knit 2026/01/28 10:25:00       symlink "../../memory/memory53" -> "/tmp/perf-must-gather-58584043/host/sys/devices/system/node/node0/memory53"
knit 2026/01/28 10:25:00 copying spec: "/host/sys/devices/system/node/node0/memory54"
knit 2026/01/28 10:25:00   copying path: "/host/sys/devices/system/node/node0/memory54"
knit 2026/01/28 10:25:00     copying link: "/host/sys/devices/system/node/node0/memory54" -> "/tmp/perf-must-gather-58584043/host/sys/devices/system/node/node0/memory54"
knit 2026/01/28 10:25:00       symlink "../../memory/memory54" -> "/tmp/perf-must-gather-58584043/host/sys/devices/system/node/node0/memory54"
knit 2026/01/28 10:25:00 copying spec: "/host/sys/devices/system/node/node0/memory55"
knit 2026/01/28 10:25:00   copying path: "/host/sys/devices/system/node/node0/memory55"
knit 2026/01/28 10:25:00     copying link: "/host/sys/devices/system/node/node0/memory55" -> "/tmp/perf-must-gather-58584043/host/sys/devices/system/node/node0/memory55"
knit 2026/01/28 10:25:00       symlink "../../memory/memory55" -> "/tmp/perf-must-gather-58584043/host/sys/devices/system/node/node0/memory55"
knit 2026/01/28 10:25:00 copying spec: "/host/sys/devices/system/node/node0/memory56"
knit 2026/01/28 10:25:00   copying path: "/host/sys/devices/system/node/node0/memory56"
knit 2026/01/28 10:25:00     copying link: "/host/sys/devices/system/node/node0/memory56" -> "/tmp/perf-must-gather-58584043/host/sys/devices/system/node/node0/memory56"
knit 2026/01/28 10:25:00       symlink "../../memory/memory56" -> "/tmp/perf-must-gather-58584043/host/sys/devices/system/node/node0/memory56"
knit 2026/01/28 10:25:00 copying spec: "/host/sys/devices/system/node/node0/memory57"
knit 2026/01/28 10:25:00   copying path: "/host/sys/devices/system/node/node0/memory57"
knit 2026/01/28 10:25:00     copying link: "/host/sys/devices/system/node/node0/memory57" -> "/tmp/perf-must-gather-58584043/host/sys/devices/system/node/node0/memory57"
knit 2026/01/28 10:25:00       symlink "../../memory/memory57" -> "/tmp/perf-must-gather-58584043/host/sys/devices/system/node/node0/memory57"
knit 2026/01/28 10:25:00 copying spec: "/host/sys/devices/system/node/node0/memory58"
knit 2026/01/28 10:25:00   copying path: "/host/sys/devices/system/node/node0/memory58"
knit 2026/01/28 10:25:00     copying link: "/host/sys/devices/system/node/node0/memory58" -> "/tmp/perf-must-gather-58584043/host/sys/devices/system/node/node0/memory58"
knit 2026/01/28 10:25:00       symlink "../../memory/memory58" -> "/tmp/perf-must-gather-58584043/host/sys/devices/system/node/node0/memory58"
knit 2026/01/28 10:25:00 copying spec: "/host/sys/devices/system/node/node0/memory59"
knit 2026/01/28 10:25:00   copying path: "/host/sys/devices/system/node/node0/memory59"
knit 2026/01/28 10:25:00     copying link: "/host/sys/devices/system/node/node0/memory59" -> "/tmp/perf-must-gather-58584043/host/sys/devices/system/node/node0/memory59"
knit 2026/01/28 10:25:00       symlink "../../memory/memory59" -> "/tmp/perf-must-gather-58584043/host/sys/devices/system/node/node0/memory59"
knit 2026/01/28 10:25:00 copying spec: "/host/sys/devices/system/node/node0/memory6"
knit 2026/01/28 10:25:00   copying path: "/host/sys/devices/system/node/node0/memory6"
knit 2026/01/28 10:25:00     copying link: "/host/sys/devices/system/node/node0/memory6" -> "/tmp/perf-must-gather-58584043/host/sys/devices/system/node/node0/memory6"
knit 2026/01/28 10:25:00       symlink "../../memory/memory6" -> "/tmp/perf-must-gather-58584043/host/sys/devices/system/node/node0/memory6"
knit 2026/01/28 10:25:00 copying spec: "/host/sys/devices/system/node/node0/memory60"
knit 2026/01/28 10:25:00   copying path: "/host/sys/devices/system/node/node0/memory60"
knit 2026/01/28 10:25:00     copying link: "/host/sys/devices/system/node/node0/memory60" -> "/tmp/perf-must-gather-58584043/host/sys/devices/system/node/node0/memory60"
knit 2026/01/28 10:25:00       symlink "../../memory/memory60" -> "/tmp/perf-must-gather-58584043/host/sys/devices/system/node/node0/memory60"
knit 2026/01/28 10:25:00 copying spec: "/host/sys/devices/system/node/node0/memory61"
knit 2026/01/28 10:25:00   copying path: "/host/sys/devices/system/node/node0/memory61"
knit 2026/01/28 10:25:00     copying link: "/host/sys/devices/system/node/node0/memory61" -> "/tmp/perf-must-gather-58584043/host/sys/devices/system/node/node0/memory61"
knit 2026/01/28 10:25:00       symlink "../../memory/memory61" -> "/tmp/perf-must-gather-58584043/host/sys/devices/system/node/node0/memory61"
knit 2026/01/28 10:25:00 copying spec: "/host/sys/devices/system/node/node0/memory62"
knit 2026/01/28 10:25:00   copying path: "/host/sys/devices/system/node/node0/memory62"
knit 2026/01/28 10:25:00     copying link: "/host/sys/devices/system/node/node0/memory62" -> "/tmp/perf-must-gather-58584043/host/sys/devices/system/node/node0/memory62"
knit 2026/01/28 10:25:00       symlink "../../memory/memory62" -> "/tmp/perf-must-gather-58584043/host/sys/devices/system/node/node0/memory62"
knit 2026/01/28 10:25:00 copying spec: "/host/sys/devices/system/node/node0/memory63"
knit 2026/01/28 10:25:00   copying path: "/host/sys/devices/system/node/node0/memory63"
knit 2026/01/28 10:25:00     copying link: "/host/sys/devices/system/node/node0/memory63" -> "/tmp/perf-must-gather-58584043/host/sys/devices/system/node/node0/memory63"
knit 2026/01/28 10:25:00       symlink "../../memory/memory63" -> "/tmp/perf-must-gather-58584043/host/sys/devices/system/node/node0/memory63"
knit 2026/01/28 10:25:00 copying spec: "/host/sys/devices/system/node/node0/memory64"
knit 2026/01/28 10:25:00   copying path: "/host/sys/devices/system/node/node0/memory64"
knit 2026/01/28 10:25:00     copying link: "/host/sys/devices/system/node/node0/memory64" -> "/tmp/perf-must-gather-58584043/host/sys/devices/system/node/node0/memory64"
knit 2026/01/28 10:25:00       symlink "../../memory/memory64" -> "/tmp/perf-must-gather-58584043/host/sys/devices/system/node/node0/memory64"
knit 2026/01/28 10:25:00 copying spec: "/host/sys/devices/system/node/node0/memory65"
knit 2026/01/28 10:25:00   copying path: "/host/sys/devices/system/node/node0/memory65"
knit 2026/01/28 10:25:00     copying link: "/host/sys/devices/system/node/node0/memory65" -> "/tmp/perf-must-gather-58584043/host/sys/devices/system/node/node0/memory65"
knit 2026/01/28 10:25:00       symlink "../../memory/memory65" -> "/tmp/perf-must-gather-58584043/host/sys/devices/system/node/node0/memory65"
knit 2026/01/28 10:25:00 copying spec: "/host/sys/devices/system/node/node0/memory66"
knit 2026/01/28 10:25:00   copying path: "/host/sys/devices/system/node/node0/memory66"
knit 2026/01/28 10:25:00     copying link: "/host/sys/devices/system/node/node0/memory66" -> "/tmp/perf-must-gather-58584043/host/sys/devices/system/node/node0/memory66"
knit 2026/01/28 10:25:00       symlink "../../memory/memory66" -> "/tmp/perf-must-gather-58584043/host/sys/devices/system/node/node0/memory66"
knit 2026/01/28 10:25:00 copying spec: "/host/sys/devices/system/node/node0/memory67"
knit 2026/01/28 10:25:00   copying path: "/host/sys/devices/system/node/node0/memory67"
knit 2026/01/28 10:25:00     copying link: "/host/sys/devices/system/node/node0/memory67" -> "/tmp/perf-must-gather-58584043/host/sys/devices/system/node/node0/memory67"
knit 2026/01/28 10:25:00       symlink "../../memory/memory67" -> "/tmp/perf-must-gather-58584043/host/sys/devices/system/node/node0/memory67"
knit 2026/01/28 10:25:00 copying spec: "/host/sys/devices/system/node/node0/memory68"
knit 2026/01/28 10:25:00   copying path: "/host/sys/devices/system/node/node0/memory68"
knit 2026/01/28 10:25:00     copying link: "/host/sys/devices/system/node/node0/memory68" -> "/tmp/perf-must-gather-58584043/host/sys/devices/system/node/node0/memory68"
knit 2026/01/28 10:25:00       symlink "../../memory/memory68" -> "/tmp/perf-must-gather-58584043/host/sys/devices/system/node/node0/memory68"
knit 2026/01/28 10:25:00 copying spec: "/host/sys/devices/system/node/node0/memory69"
knit 2026/01/28 10:25:00   copying path: "/host/sys/devices/system/node/node0/memory69"
knit 2026/01/28 10:25:00     copying link: "/host/sys/devices/system/node/node0/memory69" -> "/tmp/perf-must-gather-58584043/host/sys/devices/system/node/node0/memory69"
knit 2026/01/28 10:25:00       symlink "../../memory/memory69" -> "/tmp/perf-must-gather-58584043/host/sys/devices/system/node/node0/memory69"
knit 2026/01/28 10:25:00 copying spec: "/host/sys/devices/system/node/node0/memory7"
knit 2026/01/28 10:25:00   copying path: "/host/sys/devices/system/node/node0/memory7"
knit 2026/01/28 10:25:00     copying link: "/host/sys/devices/system/node/node0/memory7" -> "/tmp/perf-must-gather-58584043/host/sys/devices/system/node/node0/memory7"
knit 2026/01/28 10:25:00       symlink "../../memory/memory7" -> "/tmp/perf-must-gather-58584043/host/sys/devices/system/node/node0/memory7"
knit 2026/01/28 10:25:00 copying spec: "/host/sys/devices/system/node/node0/memory70"
knit 2026/01/28 10:25:00   copying path: "/host/sys/devices/system/node/node0/memory70"
knit 2026/01/28 10:25:00     copying link: "/host/sys/devices/system/node/node0/memory70" -> "/tmp/perf-must-gather-58584043/host/sys/devices/system/node/node0/memory70"
knit 2026/01/28 10:25:00       symlink "../../memory/memory70" -> "/tmp/perf-must-gather-58584043/host/sys/devices/system/node/node0/memory70"
knit 2026/01/28 10:25:00 copying spec: "/host/sys/devices/system/node/node0/memory71"
knit 2026/01/28 10:25:00   copying path: "/host/sys/devices/system/node/node0/memory71"
knit 2026/01/28 10:25:00     copying link: "/host/sys/devices/system/node/node0/memory71" -> "/tmp/perf-must-gather-58584043/host/sys/devices/system/node/node0/memory71"
knit 2026/01/28 10:25:00       symlink "../../memory/memory71" -> "/tmp/perf-must-gather-58584043/host/sys/devices/system/node/node0/memory71"
knit 2026/01/28 10:25:00 copying spec: "/host/sys/devices/system/node/node0/memory72"
knit 2026/01/28 10:25:00   copying path: "/host/sys/devices/system/node/node0/memory72"
knit 2026/01/28 10:25:00     copying link: "/host/sys/devices/system/node/node0/memory72" -> "/tmp/perf-must-gather-58584043/host/sys/devices/system/node/node0/memory72"
knit 2026/01/28 10:25:00       symlink "../../memory/memory72" -> "/tmp/perf-must-gather-58584043/host/sys/devices/system/node/node0/memory72"
knit 2026/01/28 10:25:00 copying spec: "/host/sys/devices/system/node/node0/memory73"
knit 2026/01/28 10:25:00   copying path: "/host/sys/devices/system/node/node0/memory73"
knit 2026/01/28 10:25:00     copying link: "/host/sys/devices/system/node/node0/memory73" -> "/tmp/perf-must-gather-58584043/host/sys/devices/system/node/node0/memory73"
knit 2026/01/28 10:25:00       symlink "../../memory/memory73" -> "/tmp/perf-must-gather-58584043/host/sys/devices/system/node/node0/memory73"
knit 2026/01/28 10:25:00 copying spec: "/host/sys/devices/system/node/node0/memory74"
knit 2026/01/28 10:25:00   copying path: "/host/sys/devices/system/node/node0/memory74"
knit 2026/01/28 10:25:00     copying link: "/host/sys/devices/system/node/node0/memory74" -> "/tmp/perf-must-gather-58584043/host/sys/devices/system/node/node0/memory74"
knit 2026/01/28 10:25:00       symlink "../../memory/memory74" -> "/tmp/perf-must-gather-58584043/host/sys/devices/system/node/node0/memory74"
knit 2026/01/28 10:25:00 copying spec: "/host/sys/devices/system/node/node0/memory75"
knit 2026/01/28 10:25:00   copying path: "/host/sys/devices/system/node/node0/memory75"
knit 2026/01/28 10:25:00     copying link: "/host/sys/devices/system/node/node0/memory75" -> "/tmp/perf-must-gather-58584043/host/sys/devices/system/node/node0/memory75"
knit 2026/01/28 10:25:00       symlink "../../memory/memory75" -> "/tmp/perf-must-gather-58584043/host/sys/devices/system/node/node0/memory75"
knit 2026/01/28 10:25:00 copying spec: "/host/sys/devices/system/node/node0/memory76"
knit 2026/01/28 10:25:00   copying path: "/host/sys/devices/system/node/node0/memory76"
knit 2026/01/28 10:25:00     copying link: "/host/sys/devices/system/node/node0/memory76" -> "/tmp/perf-must-gather-58584043/host/sys/devices/system/node/node0/memory76"
knit 2026/01/28 10:25:00       symlink "../../memory/memory76" -> "/tmp/perf-must-gather-58584043/host/sys/devices/system/node/node0/memory76"
knit 2026/01/28 10:25:00 copying spec: "/host/sys/devices/system/node/node0/memory77"
knit 2026/01/28 10:25:00   copying path: "/host/sys/devices/system/node/node0/memory77"
knit 2026/01/28 10:25:00     copying link: "/host/sys/devices/system/node/node0/memory77" -> "/tmp/perf-must-gather-58584043/host/sys/devices/system/node/node0/memory77"
knit 2026/01/28 10:25:00       symlink "../../memory/memory77" -> "/tmp/perf-must-gather-58584043/host/sys/devices/system/node/node0/memory77"
knit 2026/01/28 10:25:00 copying spec: "/host/sys/devices/system/node/node0/memory78"
knit 2026/01/28 10:25:00   copying path: "/host/sys/devices/system/node/node0/memory78"
knit 2026/01/28 10:25:00     copying link: "/host/sys/devices/system/node/node0/memory78" -> "/tmp/perf-must-gather-58584043/host/sys/devices/system/node/node0/memory78"
knit 2026/01/28 10:25:00       symlink "../../memory/memory78" -> "/tmp/perf-must-gather-58584043/host/sys/devices/system/node/node0/memory78"
knit 2026/01/28 10:25:00 copying spec: "/host/sys/devices/system/node/node0/memory79"
knit 2026/01/28 10:25:00   copying path: "/host/sys/devices/system/node/node0/memory79"
knit 2026/01/28 10:25:00     copying link: "/host/sys/devices/system/node/node0/memory79" -> "/tmp/perf-must-gather-58584043/host/sys/devices/system/node/node0/memory79"
knit 2026/01/28 10:25:00       symlink "../../memory/memory79" -> "/tmp/perf-must-gather-58584043/host/sys/devices/system/node/node0/memory79"
knit 2026/01/28 10:25:00 copying spec: "/host/sys/devices/system/node/node0/memory8"
knit 2026/01/28 10:25:00   copying path: "/host/sys/devices/system/node/node0/memory8"
knit 2026/01/28 10:25:00     copying link: "/host/sys/devices/system/node/node0/memory8" -> "/tmp/perf-must-gather-58584043/host/sys/devices/system/node/node0/memory8"
knit 2026/01/28 10:25:00       symlink "../../memory/memory8" -> "/tmp/perf-must-gather-58584043/host/sys/devices/system/node/node0/memory8"
knit 2026/01/28 10:25:00 copying spec: "/host/sys/devices/system/node/node0/memory80"
knit 2026/01/28 10:25:00   copying path: "/host/sys/devices/system/node/node0/memory80"
knit 2026/01/28 10:25:00     copying link: "/host/sys/devices/system/node/node0/memory80" -> "/tmp/perf-must-gather-58584043/host/sys/devices/system/node/node0/memory80"
knit 2026/01/28 10:25:00       symlink "../../memory/memory80" -> "/tmp/perf-must-gather-58584043/host/sys/devices/system/node/node0/memory80"
knit 2026/01/28 10:25:00 copying spec: "/host/sys/devices/system/node/node0/memory81"
knit 2026/01/28 10:25:00   copying path: "/host/sys/devices/system/node/node0/memory81"
knit 2026/01/28 10:25:00     copying link: "/host/sys/devices/system/node/node0/memory81" -> "/tmp/perf-must-gather-58584043/host/sys/devices/system/node/node0/memory81"
knit 2026/01/28 10:25:00       symlink "../../memory/memory81" -> "/tmp/perf-must-gather-58584043/host/sys/devices/system/node/node0/memory81"
knit 2026/01/28 10:25:00 copying spec: "/host/sys/devices/system/node/node0/memory82"
knit 2026/01/28 10:25:00   copying path: "/host/sys/devices/system/node/node0/memory82"
knit 2026/01/28 10:25:00     copying link: "/host/sys/devices/system/node/node0/memory82" -> "/tmp/perf-must-gather-58584043/host/sys/devices/system/node/node0/memory82"
knit 2026/01/28 10:25:00       symlink "../../memory/memory82" -> "/tmp/perf-must-gather-58584043/host/sys/devices/system/node/node0/memory82"
knit 2026/01/28 10:25:00 copying spec: "/host/sys/devices/system/node/node0/memory83"
knit 2026/01/28 10:25:00   copying path: "/host/sys/devices/system/node/node0/memory83"
knit 2026/01/28 10:25:00     copying link: "/host/sys/devices/system/node/node0/memory83" -> "/tmp/perf-must-gather-58584043/host/sys/devices/system/node/node0/memory83"
knit 2026/01/28 10:25:00       symlink "../../memory/memory83" -> "/tmp/perf-must-gather-58584043/host/sys/devices/system/node/node0/memory83"
knit 2026/01/28 10:25:00 copying spec: "/host/sys/devices/system/node/node0/memory84"
knit 2026/01/28 10:25:00   copying path: "/host/sys/devices/system/node/node0/memory84"
knit 2026/01/28 10:25:00     copying link: "/host/sys/devices/system/node/node0/memory84" -> "/tmp/perf-must-gather-58584043/host/sys/devices/system/node/node0/memory84"
knit 2026/01/28 10:25:00       symlink "../../memory/memory84" -> "/tmp/perf-must-gather-58584043/host/sys/devices/system/node/node0/memory84"
knit 2026/01/28 10:25:00 copying spec: "/host/sys/devices/system/node/node0/memory85"
knit 2026/01/28 10:25:00   copying path: "/host/sys/devices/system/node/node0/memory85"
knit 2026/01/28 10:25:00     copying link: "/host/sys/devices/system/node/node0/memory85" -> "/tmp/perf-must-gather-58584043/host/sys/devices/system/node/node0/memory85"
knit 2026/01/28 10:25:00       symlink "../../memory/memory85" -> "/tmp/perf-must-gather-58584043/host/sys/devices/system/node/node0/memory85"
knit 2026/01/28 10:25:00 copying spec: "/host/sys/devices/system/node/node0/memory86"
knit 2026/01/28 10:25:00   copying path: "/host/sys/devices/system/node/node0/memory86"
knit 2026/01/28 10:25:00     copying link: "/host/sys/devices/system/node/node0/memory86" -> "/tmp/perf-must-gather-58584043/host/sys/devices/system/node/node0/memory86"
knit 2026/01/28 10:25:00       symlink "../../memory/memory86" -> "/tmp/perf-must-gather-58584043/host/sys/devices/system/node/node0/memory86"
knit 2026/01/28 10:25:00 copying spec: "/host/sys/devices/system/node/node0/memory87"
knit 2026/01/28 10:25:00   copying path: "/host/sys/devices/system/node/node0/memory87"
knit 2026/01/28 10:25:00     copying link: "/host/sys/devices/system/node/node0/memory87" -> "/tmp/perf-must-gather-58584043/host/sys/devices/system/node/node0/memory87"
knit 2026/01/28 10:25:00       symlink "../../memory/memory87" -> "/tmp/perf-must-gather-58584043/host/sys/devices/system/node/node0/memory87"
knit 2026/01/28 10:25:00 copying spec: "/host/sys/devices/system/node/node0/memory88"
knit 2026/01/28 10:25:00   copying path: "/host/sys/devices/system/node/node0/memory88"
knit 2026/01/28 10:25:00     copying link: "/host/sys/devices/system/node/node0/memory88" -> "/tmp/perf-must-gather-58584043/host/sys/devices/system/node/node0/memory88"
knit 2026/01/28 10:25:00       symlink "../../memory/memory88" -> "/tmp/perf-must-gather-58584043/host/sys/devices/system/node/node0/memory88"
knit 2026/01/28 10:25:00 copying spec: "/host/sys/devices/system/node/node0/memory89"
knit 2026/01/28 10:25:00   copying path: "/host/sys/devices/system/node/node0/memory89"
knit 2026/01/28 10:25:00     copying link: "/host/sys/devices/system/node/node0/memory89" -> "/tmp/perf-must-gather-58584043/host/sys/devices/system/node/node0/memory89"
knit 2026/01/28 10:25:00       symlink "../../memory/memory89" -> "/tmp/perf-must-gather-58584043/host/sys/devices/system/node/node0/memory89"
knit 2026/01/28 10:25:00 copying spec: "/host/sys/devices/system/node/node0/memory9"
knit 2026/01/28 10:25:00   copying path: "/host/sys/devices/system/node/node0/memory9"
knit 2026/01/28 10:25:00     copying link: "/host/sys/devices/system/node/node0/memory9" -> "/tmp/perf-must-gather-58584043/host/sys/devices/system/node/node0/memory9"
knit 2026/01/28 10:25:00       symlink "../../memory/memory9" -> "/tmp/perf-must-gather-58584043/host/sys/devices/system/node/node0/memory9"
knit 2026/01/28 10:25:00 copying spec: "/host/sys/devices/system/node/node0/memory90"
knit 2026/01/28 10:25:00   copying path: "/host/sys/devices/system/node/node0/memory90"
knit 2026/01/28 10:25:00     copying link: "/host/sys/devices/system/node/node0/memory90" -> "/tmp/perf-must-gather-58584043/host/sys/devices/system/node/node0/memory90"
knit 2026/01/28 10:25:00       symlink "../../memory/memory90" -> "/tmp/perf-must-gather-58584043/host/sys/devices/system/node/node0/memory90"
knit 2026/01/28 10:25:00 copying spec: "/host/sys/devices/system/node/node0/memory91"
knit 2026/01/28 10:25:00   copying path: "/host/sys/devices/system/node/node0/memory91"
knit 2026/01/28 10:25:00     copying link: "/host/sys/devices/system/node/node0/memory91" -> "/tmp/perf-must-gather-58584043/host/sys/devices/system/node/node0/memory91"
knit 2026/01/28 10:25:00       symlink "../../memory/memory91" -> "/tmp/perf-must-gather-58584043/host/sys/devices/system/node/node0/memory91"
knit 2026/01/28 10:25:00 copying spec: "/host/sys/devices/system/node/node0/memory92"
knit 2026/01/28 10:25:00   copying path: "/host/sys/devices/system/node/node0/memory92"
knit 2026/01/28 10:25:00     copying link: "/host/sys/devices/system/node/node0/memory92" -> "/tmp/perf-must-gather-58584043/host/sys/devices/system/node/node0/memory92"
knit 2026/01/28 10:25:00       symlink "../../memory/memory92" -> "/tmp/perf-must-gather-58584043/host/sys/devices/system/node/node0/memory92"
knit 2026/01/28 10:25:00 copying spec: "/host/sys/devices/system/node/node0/memory93"
knit 2026/01/28 10:25:00   copying path: "/host/sys/devices/system/node/node0/memory93"
knit 2026/01/28 10:25:00     copying link: "/host/sys/devices/system/node/node0/memory93" -> "/tmp/perf-must-gather-58584043/host/sys/devices/system/node/node0/memory93"
knit 2026/01/28 10:25:00       symlink "../../memory/memory93" -> "/tmp/perf-must-gather-58584043/host/sys/devices/system/node/node0/memory93"
knit 2026/01/28 10:25:00 copying spec: "/host/sys/devices/system/node/node0/memory94"
knit 2026/01/28 10:25:00   copying path: "/host/sys/devices/system/node/node0/memory94"
knit 2026/01/28 10:25:00     copying link: "/host/sys/devices/system/node/node0/memory94" -> "/tmp/perf-must-gather-58584043/host/sys/devices/system/node/node0/memory94"
knit 2026/01/28 10:25:00       symlink "../../memory/memory94" -> "/tmp/perf-must-gather-58584043/host/sys/devices/system/node/node0/memory94"
knit 2026/01/28 10:25:00 copying spec: "/host/sys/devices/system/node/node0/memory95"
knit 2026/01/28 10:25:00   copying path: "/host/sys/devices/system/node/node0/memory95"
knit 2026/01/28 10:25:00     copying link: "/host/sys/devices/system/node/node0/memory95" -> "/tmp/perf-must-gather-58584043/host/sys/devices/system/node/node0/memory95"
knit 2026/01/28 10:25:00       symlink "../../memory/memory95" -> "/tmp/perf-must-gather-58584043/host/sys/devices/system/node/node0/memory95"
knit 2026/01/28 10:25:00 copying spec: "/host/sys/devices/system/node/node0/memory96"
knit 2026/01/28 10:25:00   copying path: "/host/sys/devices/system/node/node0/memory96"
knit 2026/01/28 10:25:00     copying link: "/host/sys/devices/system/node/node0/memory96" -> "/tmp/perf-must-gather-58584043/host/sys/devices/system/node/node0/memory96"
knit 2026/01/28 10:25:00       symlink "../../memory/memory96" -> "/tmp/perf-must-gather-58584043/host/sys/devices/system/node/node0/memory96"
knit 2026/01/28 10:25:00 copying spec: "/host/sys/devices/system/node/node0/memory97"
knit 2026/01/28 10:25:00   copying path: "/host/sys/devices/system/node/node0/memory97"
knit 2026/01/28 10:25:00     copying link: "/host/sys/devices/system/node/node0/memory97" -> "/tmp/perf-must-gather-58584043/host/sys/devices/system/node/node0/memory97"
knit 2026/01/28 10:25:00       symlink "../../memory/memory97" -> "/tmp/perf-must-gather-58584043/host/sys/devices/system/node/node0/memory97"
knit 2026/01/28 10:25:00 copying spec: "/host/sys/devices/system/node/node0/memory98"
knit 2026/01/28 10:25:00   copying path: "/host/sys/devices/system/node/node0/memory98"
knit 2026/01/28 10:25:00     copying link: "/host/sys/devices/system/node/node0/memory98" -> "/tmp/perf-must-gather-58584043/host/sys/devices/system/node/node0/memory98"
knit 2026/01/28 10:25:00       symlink "../../memory/memory98" -> "/tmp/perf-must-gather-58584043/host/sys/devices/system/node/node0/memory98"
knit 2026/01/28 10:25:00 copying spec: "/host/sys/devices/system/node/node0/memory99"
knit 2026/01/28 10:25:00   copying path: "/host/sys/devices/system/node/node0/memory99"
knit 2026/01/28 10:25:00     copying link: "/host/sys/devices/system/node/node0/memory99" -> "/tmp/perf-must-gather-58584043/host/sys/devices/system/node/node0/memory99"
knit 2026/01/28 10:25:00       symlink "../../memory/memory99" -> "/tmp/perf-must-gather-58584043/host/sys/devices/system/node/node0/memory99"
E0128 10:25:00.801042   19841 info.go:99] Failed to get global filesystem information: not implemented
W0128 10:25:00.802634   19841 sysinfo.go:415] Found node without distance information, nodeDir: /sys/devices/system/node/node0
knit 2026/01/28 10:25:00 processing symlink /tmp/perf-must-gather-58584043/host/sys/bus/pci/devices/0000:00:00.0
knit 2026/01/28 10:25:00 processing symlink /tmp/perf-must-gather-58584043/host/sys/bus/pci/devices/0000:00:01.0
knit 2026/01/28 10:25:00 processing symlink /tmp/perf-must-gather-58584043/host/sys/bus/pci/devices/0000:00:01.3
knit 2026/01/28 10:25:00 processing symlink /tmp/perf-must-gather-58584043/host/sys/bus/pci/devices/0000:00:03.0
knit 2026/01/28 10:25:00 processing symlink /tmp/perf-must-gather-58584043/host/sys/bus/pci/devices/0000:00:04.0
knit 2026/01/28 10:25:00 processing symlink /tmp/perf-must-gather-58584043/host/sys/bus/pci/devices/0000:00:05.0
knit 2026/01/28 10:25:00 processing symlink /tmp/perf-must-gather-58584043/host/sys/devices/pci0000:00/0000:00:01.3/driver
knit 2026/01/28 10:25:00 processing symlink /tmp/perf-must-gather-58584043/host/sys/devices/pci0000:00/0000:00:04.0/driver
knit 2026/01/28 10:25:00 processing symlink /tmp/perf-must-gather-58584043/host/sys/devices/pci0000:00/0000:00:05.0/driver
knit 2026/01/28 10:25:01 processing symlink /tmp/perf-must-gather-58584043/host/sys/devices/system/node/node0/cpu0
knit 2026/01/28 10:25:01 processing symlink /tmp/perf-must-gather-58584043/host/sys/devices/system/node/node0/cpu1
knit 2026/01/28 10:25:01 processing symlink /tmp/perf-must-gather-58584043/host/sys/devices/system/node/node0/cpu2
knit 2026/01/28 10:25:01 processing symlink /tmp/perf-must-gather-58584043/host/sys/devices/system/node/node0/cpu3
knit 2026/01/28 10:25:01 processing symlink /tmp/perf-must-gather-58584043/host/sys/devices/system/node/node0/memory0
knit 2026/01/28 10:25:01 processing symlink /tmp/perf-must-gather-58584043/host/sys/devices/system/node/node0/memory1
knit 2026/01/28 10:25:01 processing symlink /tmp/perf-must-gather-58584043/host/sys/devices/system/node/node0/memory10
knit 2026/01/28 10:25:01 processing symlink /tmp/perf-must-gather-58584043/host/sys/devices/system/node/node0/memory100
knit 2026/01/28 10:25:01 processing symlink /tmp/perf-must-gather-58584043/host/sys/devices/system/node/node0/memory101
knit 2026/01/28 10:25:01 processing symlink /tmp/perf-must-gather-58584043/host/sys/devices/system/node/node0/memory102
knit 2026/01/28 10:25:01 processing symlink /tmp/perf-must-gather-58584043/host/sys/devices/system/node/node0/memory103
knit 2026/01/28 10:25:01 processing symlink /tmp/perf-must-gather-58584043/host/sys/devices/system/node/node0/memory104
knit 2026/01/28 10:25:01 processing symlink /tmp/perf-must-gather-58584043/host/sys/devices/system/node/node0/memory105
knit 2026/01/28 10:25:01 processing symlink /tmp/perf-must-gather-58584043/host/sys/devices/system/node/node0/memory106
knit 2026/01/28 10:25:01 processing symlink /tmp/perf-must-gather-58584043/host/sys/devices/system/node/node0/memory107
knit 2026/01/28 10:25:01 processing symlink /tmp/perf-must-gather-58584043/host/sys/devices/system/node/node0/memory108
knit 2026/01/28 10:25:01 processing symlink /tmp/perf-must-gather-58584043/host/sys/devices/system/node/node0/memory109
knit 2026/01/28 10:25:01 processing symlink /tmp/perf-must-gather-58584043/host/sys/devices/system/node/node0/memory11
knit 2026/01/28 10:25:01 processing symlink /tmp/perf-must-gather-58584043/host/sys/devices/system/node/node0/memory110
knit 2026/01/28 10:25:01 processing symlink /tmp/perf-must-gather-58584043/host/sys/devices/system/node/node0/memory111
knit 2026/01/28 10:25:01 processing symlink /tmp/perf-must-gather-58584043/host/sys/devices/system/node/node0/memory112
knit 2026/01/28 10:25:01 processing symlink /tmp/perf-must-gather-58584043/host/sys/devices/system/node/node0/memory113
knit 2026/01/28 10:25:01 processing symlink /tmp/perf-must-gather-58584043/host/sys/devices/system/node/node0/memory114
knit 2026/01/28 10:25:01 processing symlink /tmp/perf-must-gather-58584043/host/sys/devices/system/node/node0/memory115
knit 2026/01/28 10:25:01 processing symlink /tmp/perf-must-gather-58584043/host/sys/devices/system/node/node0/memory116
knit 2026/01/28 10:25:01 processing symlink /tmp/perf-must-gather-58584043/host/sys/devices/system/node/node0/memory117
knit 2026/01/28 10:25:01 processing symlink /tmp/perf-must-gather-58584043/host/sys/devices/system/node/node0/memory118
knit 2026/01/28 10:25:01 processing symlink /tmp/perf-must-gather-58584043/host/sys/devices/system/node/node0/memory119
knit 2026/01/28 10:25:01 processing symlink /tmp/perf-must-gather-58584043/host/sys/devices/system/node/node0/memory12
knit 2026/01/28 10:25:01 processing symlink /tmp/perf-must-gather-58584043/host/sys/devices/system/node/node0/memory120
knit 2026/01/28 10:25:01 processing symlink /tmp/perf-must-gather-58584043/host/sys/devices/system/node/node0/memory121
knit 2026/01/28 10:25:01 processing symlink /tmp/perf-must-gather-58584043/host/sys/devices/system/node/node0/memory122
knit 2026/01/28 10:25:01 processing symlink /tmp/perf-must-gather-58584043/host/sys/devices/system/node/node0/memory123
knit 2026/01/28 10:25:01 processing symlink /tmp/perf-must-gather-58584043/host/sys/devices/system/node/node0/memory124
knit 2026/01/28 10:25:01 processing symlink /tmp/perf-must-gather-58584043/host/sys/devices/system/node/node0/memory125
knit 2026/01/28 10:25:01 processing symlink /tmp/perf-must-gather-58584043/host/sys/devices/system/node/node0/memory126
knit 2026/01/28 10:25:01 processing symlink /tmp/perf-must-gather-58584043/host/sys/devices/system/node/node0/memory127
knit 2026/01/28 10:25:01 processing symlink /tmp/perf-must-gather-58584043/host/sys/devices/system/node/node0/memory128
knit 2026/01/28 10:25:01 processing symlink /tmp/perf-must-gather-58584043/host/sys/devices/system/node/node0/memory129
knit 2026/01/28 10:25:01 processing symlink /tmp/perf-must-gather-58584043/host/sys/devices/system/node/node0/memory13
knit 2026/01/28 10:25:01 processing symlink /tmp/perf-must-gather-58584043/host/sys/devices/system/node/node0/memory130
knit 2026/01/28 10:25:01 processing symlink /tmp/perf-must-gather-58584043/host/sys/devices/system/node/node0/memory131
knit 2026/01/28 10:25:01 processing symlink /tmp/perf-must-gather-58584043/host/sys/devices/system/node/node0/memory132
knit 2026/01/28 10:25:01 processing symlink /tmp/perf-must-gather-58584043/host/sys/devices/system/node/node0/memory133
knit 2026/01/28 10:25:01 processing symlink /tmp/perf-must-gather-58584043/host/sys/devices/system/node/node0/memory14
knit 2026/01/28 10:25:01 processing symlink /tmp/perf-must-gather-58584043/host/sys/devices/system/node/node0/memory15
knit 2026/01/28 10:25:01 processing symlink /tmp/perf-must-gather-58584043/host/sys/devices/system/node/node0/memory16
knit 2026/01/28 10:25:01 processing symlink /tmp/perf-must-gather-58584043/host/sys/devices/system/node/node0/memory17
knit 2026/01/28 10:25:01 processing symlink /tmp/perf-must-gather-58584043/host/sys/devices/system/node/node0/memory18
knit 2026/01/28 10:25:01 processing symlink /tmp/perf-must-gather-58584043/host/sys/devices/system/node/node0/memory19
knit 2026/01/28 10:25:01 processing symlink /tmp/perf-must-gather-58584043/host/sys/devices/system/node/node0/memory2
knit 2026/01/28 10:25:01 processing symlink /tmp/perf-must-gather-58584043/host/sys/devices/system/node/node0/memory20
knit 2026/01/28 10:25:01 processing symlink /tmp/perf-must-gather-58584043/host/sys/devices/system/node/node0/memory21
knit 2026/01/28 10:25:01 processing symlink /tmp/perf-must-gather-58584043/host/sys/devices/system/node/node0/memory22
knit 2026/01/28 10:25:01 processing symlink /tmp/perf-must-gather-58584043/host/sys/devices/system/node/node0/memory23
knit 2026/01/28 10:25:01 processing symlink /tmp/perf-must-gather-58584043/host/sys/devices/system/node/node0/memory3
knit 2026/01/28 10:25:01 processing symlink /tmp/perf-must-gather-58584043/host/sys/devices/system/node/node0/memory32
knit 2026/01/28 10:25:01 processing symlink /tmp/perf-must-gather-58584043/host/sys/devices/system/node/node0/memory33
knit 2026/01/28 10:25:01 processing symlink /tmp/perf-must-gather-58584043/host/sys/devices/system/node/node0/memory34
knit 2026/01/28 10:25:01 processing symlink /tmp/perf-must-gather-58584043/host/sys/devices/system/node/node0/memory35
knit 2026/01/28 10:25:01 processing symlink /tmp/perf-must-gather-58584043/host/sys/devices/system/node/node0/memory36
knit 2026/01/28 10:25:01 processing symlink /tmp/perf-must-gather-58584043/host/sys/devices/system/node/node0/memory37
knit 2026/01/28 10:25:01 processing symlink /tmp/perf-must-gather-58584043/host/sys/devices/system/node/node0/memory38
knit 2026/01/28 10:25:01 processing symlink /tmp/perf-must-gather-58584043/host/sys/devices/system/node/node0/memory39
knit 2026/01/28 10:25:01 processing symlink /tmp/perf-must-gather-58584043/host/sys/devices/system/node/node0/memory4
knit 2026/01/28 10:25:01 processing symlink /tmp/perf-must-gather-58584043/host/sys/devices/system/node/node0/memory40
knit 2026/01/28 10:25:01 processing symlink /tmp/perf-must-gather-58584043/host/sys/devices/system/node/node0/memory41
knit 2026/01/28 10:25:01 processing symlink /tmp/perf-must-gather-58584043/host/sys/devices/system/node/node0/memory42
knit 2026/01/28 10:25:01 processing symlink /tmp/perf-must-gather-58584043/host/sys/devices/system/node/node0/memory43
knit 2026/01/28 10:25:01 processing symlink /tmp/perf-must-gather-58584043/host/sys/devices/system/node/node0/memory44
knit 2026/01/28 10:25:01 processing symlink /tmp/perf-must-gather-58584043/host/sys/devices/system/node/node0/memory45
knit 2026/01/28 10:25:01 processing symlink /tmp/perf-must-gather-58584043/host/sys/devices/system/node/node0/memory46
knit 2026/01/28 10:25:01 processing symlink /tmp/perf-must-gather-58584043/host/sys/devices/system/node/node0/memory47
knit 2026/01/28 10:25:01 processing symlink /tmp/perf-must-gather-58584043/host/sys/devices/system/node/node0/memory48
knit 2026/01/28 10:25:01 processing symlink /tmp/perf-must-gather-58584043/host/sys/devices/system/node/node0/memory49
knit 2026/01/28 10:25:01 processing symlink /tmp/perf-must-gather-58584043/host/sys/devices/system/node/node0/memory5
knit 2026/01/28 10:25:01 processing symlink /tmp/perf-must-gather-58584043/host/sys/devices/system/node/node0/memory50
knit 2026/01/28 10:25:01 processing symlink /tmp/perf-must-gather-58584043/host/sys/devices/system/node/node0/memory51
knit 2026/01/28 10:25:01 processing symlink /tmp/perf-must-gather-58584043/host/sys/devices/system/node/node0/memory52
knit 2026/01/28 10:25:01 processing symlink /tmp/perf-must-gather-58584043/host/sys/devices/system/node/node0/memory53
knit 2026/01/28 10:25:01 processing symlink /tmp/perf-must-gather-58584043/host/sys/devices/system/node/node0/memory54
knit 2026/01/28 10:25:01 processing symlink /tmp/perf-must-gather-58584043/host/sys/devices/system/node/node0/memory55
knit 2026/01/28 10:25:01 processing symlink /tmp/perf-must-gather-58584043/host/sys/devices/system/node/node0/memory56
knit 2026/01/28 10:25:01 processing symlink /tmp/perf-must-gather-58584043/host/sys/devices/system/node/node0/memory57
knit 2026/01/28 10:25:01 processing symlink /tmp/perf-must-gather-58584043/host/sys/devices/system/node/node0/memory58
knit 2026/01/28 10:25:01 processing symlink /tmp/perf-must-gather-58584043/host/sys/devices/system/node/node0/memory59
knit 2026/01/28 10:25:01 processing symlink /tmp/perf-must-gather-58584043/host/sys/devices/system/node/node0/memory6
knit 2026/01/28 10:25:01 processing symlink /tmp/perf-must-gather-58584043/host/sys/devices/system/node/node0/memory60
knit 2026/01/28 10:25:01 processing symlink /tmp/perf-must-gather-58584043/host/sys/devices/system/node/node0/memory61
knit 2026/01/28 10:25:01 processing symlink /tmp/perf-must-gather-58584043/host/sys/devices/system/node/node0/memory62
knit 2026/01/28 10:25:01 processing symlink /tmp/perf-must-gather-58584043/host/sys/devices/system/node/node0/memory63
knit 2026/01/28 10:25:01 processing symlink /tmp/perf-must-gather-58584043/host/sys/devices/system/node/node0/memory64
knit 2026/01/28 10:25:01 processing symlink /tmp/perf-must-gather-58584043/host/sys/devices/system/node/node0/memory65
knit 2026/01/28 10:25:01 processing symlink /tmp/perf-must-gather-58584043/host/sys/devices/system/node/node0/memory66
knit 2026/01/28 10:25:01 processing symlink /tmp/perf-must-gather-58584043/host/sys/devices/system/node/node0/memory67
knit 2026/01/28 10:25:01 processing symlink /tmp/perf-must-gather-58584043/host/sys/devices/system/node/node0/memory68
knit 2026/01/28 10:25:01 processing symlink /tmp/perf-must-gather-58584043/host/sys/devices/system/node/node0/memory69
knit 2026/01/28 10:25:01 processing symlink /tmp/perf-must-gather-58584043/host/sys/devices/system/node/node0/memory7
knit 2026/01/28 10:25:01 processing symlink /tmp/perf-must-gather-58584043/host/sys/devices/system/node/node0/memory70
knit 2026/01/28 10:25:01 processing symlink /tmp/perf-must-gather-58584043/host/sys/devices/system/node/node0/memory71
knit 2026/01/28 10:25:01 processing symlink /tmp/perf-must-gather-58584043/host/sys/devices/system/node/node0/memory72
knit 2026/01/28 10:25:01 processing symlink /tmp/perf-must-gather-58584043/host/sys/devices/system/node/node0/memory73
knit 2026/01/28 10:25:01 processing symlink /tmp/perf-must-gather-58584043/host/sys/devices/system/node/node0/memory74
knit 2026/01/28 10:25:01 processing symlink /tmp/perf-must-gather-58584043/host/sys/devices/system/node/node0/memory75
knit 2026/01/28 10:25:01 processing symlink /tmp/perf-must-gather-58584043/host/sys/devices/system/node/node0/memory76
knit 2026/01/28 10:25:01 processing symlink /tmp/perf-must-gather-58584043/host/sys/devices/system/node/node0/memory77
knit 2026/01/28 10:25:01 processing symlink /tmp/perf-must-gather-58584043/host/sys/devices/system/node/node0/memory78
knit 2026/01/28 10:25:01 processing symlink /tmp/perf-must-gather-58584043/host/sys/devices/system/node/node0/memory79
knit 2026/01/28 10:25:01 processing symlink /tmp/perf-must-gather-58584043/host/sys/devices/system/node/node0/memory8
knit 2026/01/28 10:25:01 processing symlink /tmp/perf-must-gather-58584043/host/sys/devices/system/node/node0/memory80
knit 2026/01/28 10:25:01 processing symlink /tmp/perf-must-gather-58584043/host/sys/devices/system/node/node0/memory81
knit 2026/01/28 10:25:01 processing symlink /tmp/perf-must-gather-58584043/host/sys/devices/system/node/node0/memory82
knit 2026/01/28 10:25:01 processing symlink /tmp/perf-must-gather-58584043/host/sys/devices/system/node/node0/memory83
knit 2026/01/28 10:25:01 processing symlink /tmp/perf-must-gather-58584043/host/sys/devices/system/node/node0/memory84
knit 2026/01/28 10:25:01 processing symlink /tmp/perf-must-gather-58584043/host/sys/devices/system/node/node0/memory85
knit 2026/01/28 10:25:01 processing symlink /tmp/perf-must-gather-58584043/host/sys/devices/system/node/node0/memory86
knit 2026/01/28 10:25:01 processing symlink /tmp/perf-must-gather-58584043/host/sys/devices/system/node/node0/memory87
knit 2026/01/28 10:25:01 processing symlink /tmp/perf-must-gather-58584043/host/sys/devices/system/node/node0/memory88
knit 2026/01/28 10:25:01 processing symlink /tmp/perf-must-gather-58584043/host/sys/devices/system/node/node0/memory89
knit 2026/01/28 10:25:01 processing symlink /tmp/perf-must-gather-58584043/host/sys/devices/system/node/node0/memory9
knit 2026/01/28 10:25:01 processing symlink /tmp/perf-must-gather-58584043/host/sys/devices/system/node/node0/memory90
knit 2026/01/28 10:25:01 processing symlink /tmp/perf-must-gather-58584043/host/sys/devices/system/node/node0/memory91
knit 2026/01/28 10:25:01 processing symlink /tmp/perf-must-gather-58584043/host/sys/devices/system/node/node0/memory92
knit 2026/01/28 10:25:01 processing symlink /tmp/perf-must-gather-58584043/host/sys/devices/system/node/node0/memory93
knit 2026/01/28 10:25:01 processing symlink /tmp/perf-must-gather-58584043/host/sys/devices/system/node/node0/memory94
knit 2026/01/28 10:25:01 processing symlink /tmp/perf-must-gather-58584043/host/sys/devices/system/node/node0/memory95
knit 2026/01/28 10:25:01 processing symlink /tmp/perf-must-gather-58584043/host/sys/devices/system/node/node0/memory96
knit 2026/01/28 10:25:01 processing symlink /tmp/perf-must-gather-58584043/host/sys/devices/system/node/node0/memory97
knit 2026/01/28 10:25:01 processing symlink /tmp/perf-must-gather-58584043/host/sys/devices/system/node/node0/memory98
knit 2026/01/28 10:25:01 processing symlink /tmp/perf-must-gather-58584043/host/sys/devices/system/node/node0/memory99
