2026-01-28T09:32:48.564996980Z I0128 09:32:48.563998       1 main.go:148] Watching machine-api objects only in namespace "openshift-machine-api" for reconciliation.
2026-01-28T09:32:48.564996980Z I0128 09:32:48.564120       1 main.go:152] Initializing feature gates: AllAlpha=true|false (ALPHA - default=false), AllBeta=true|false (BETA - default=false), MachineAPIMigration=true|false (ALPHA - default=false)
2026-01-28T09:32:48.564996980Z I0128 09:32:48.564145       1 feature_gate.go:385] feature gates: {map[MachineAPIMigration:false]}
2026-01-28T09:32:48.564996980Z I0128 09:32:48.564159       1 main.go:158] Warnings setting feature gates from flags: [Ignoring unknown FeatureGate "VSphereHostVMGroupZonal" Ignoring unknown FeatureGate "VSphereMultiDisk" Ignoring unknown FeatureGate "AzureWorkloadIdentity"]
2026-01-28T09:32:48.564996980Z I0128 09:32:48.564171       1 main.go:161] FeatureGateMachineAPIMigration initialised: false
2026-01-28T09:32:48.564996980Z I0128 09:32:48.564367       1 envvar.go:172] "Feature gate default state" feature="InformerResourceVersion" enabled=false
2026-01-28T09:32:48.564996980Z I0128 09:32:48.564382       1 envvar.go:172] "Feature gate default state" feature="InOrderInformers" enabled=true
2026-01-28T09:32:48.564996980Z I0128 09:32:48.564389       1 envvar.go:172] "Feature gate default state" feature="WatchListClient" enabled=false
2026-01-28T09:32:48.564996980Z I0128 09:32:48.564396       1 envvar.go:172] "Feature gate default state" feature="ClientsAllowCBOR" enabled=false
2026-01-28T09:32:48.564996980Z I0128 09:32:48.564407       1 envvar.go:172] "Feature gate default state" feature="ClientsPreferCBOR" enabled=false
2026-01-28T09:32:48.566242172Z I0128 09:32:48.566218       1 server.go:208] "msg"="Starting metrics server" "logger"="controller-runtime.metrics"
2026-01-28T09:32:48.566512016Z I0128 09:32:48.566495       1 server.go:247] "msg"="Serving metrics server" "bindAddress"=":8081" "logger"="controller-runtime.metrics" "secure"=false
2026-01-28T09:32:48.566608378Z I0128 09:32:48.566595       1 server.go:83] "msg"="starting server" "addr"="[::]:9440" "name"="health probe"
2026-01-28T09:32:48.566722370Z I0128 09:32:48.566707       1 leaderelection.go:257] attempting to acquire leader lease openshift-machine-api/cluster-api-provider-aws-leader...
2026-01-28T09:32:48.663063129Z I0128 09:32:48.663016       1 leaderelection.go:271] successfully acquired lease openshift-machine-api/cluster-api-provider-aws-leader
2026-01-28T09:32:48.666477157Z I0128 09:32:48.664802       1 controller.go:246] "msg"="Starting EventSource" "controller"="machine-drain-controller" "source"="kind source: *v1beta1.Machine"
2026-01-28T09:32:48.666907814Z I0128 09:32:48.666130       1 recorder.go:104] "msg"="machine-api-controllers-67dcb4566c-m4pg8_2783646c-1118-4d2f-ab94-7f36cce37c73 became leader" "logger"="events" "object"={"kind":"Lease","namespace":"openshift-machine-api","name":"cluster-api-provider-aws-leader","uid":"a48d57b0-4043-4a69-8693-a6ee60b4d758","apiVersion":"coordination.k8s.io/v1","resourceVersion":"12110"} "reason"="LeaderElection" "type"="Normal"
2026-01-28T09:32:48.666957226Z I0128 09:32:48.666238       1 controller.go:246] "msg"="Starting EventSource" "controller"="machine-controller" "source"="kind source: *v1beta1.Machine"
2026-01-28T09:32:48.667014976Z I0128 09:32:48.666362       1 controller.go:246] "msg"="Starting EventSource" "controller"="machineset" "controllerGroup"="machine.openshift.io" "controllerKind"="MachineSet" "source"="kind source: *v1beta1.MachineSet"
2026-01-28T09:32:48.748559044Z I0128 09:32:48.748432       1 reflector.go:357] "msg"="Starting reflector" "logger"="controller-runtime.cache" "reflector"="sigs.k8s.io/controller-runtime/pkg/cache/internal/informers.go:114" "resyncPeriod"=540732890506 "type"="*v1beta1.Machine"
2026-01-28T09:32:48.758950841Z I0128 09:32:48.756218       1 reflector.go:403] "msg"="Listing and watching" "logger"="controller-runtime.cache" "reflector"="sigs.k8s.io/controller-runtime/pkg/cache/internal/informers.go:114" "type"="*v1beta1.Machine"
2026-01-28T09:32:48.758950841Z I0128 09:32:48.756163       1 reflector.go:357] "msg"="Starting reflector" "logger"="controller-runtime.cache" "reflector"="sigs.k8s.io/controller-runtime/pkg/cache/internal/informers.go:114" "resyncPeriod"=577172347181 "type"="*v1beta1.MachineSet"
2026-01-28T09:32:48.758950841Z I0128 09:32:48.756289       1 reflector.go:403] "msg"="Listing and watching" "logger"="controller-runtime.cache" "reflector"="sigs.k8s.io/controller-runtime/pkg/cache/internal/informers.go:114" "type"="*v1beta1.MachineSet"
2026-01-28T09:32:48.789360289Z I0128 09:32:48.789319       1 reflector.go:430] "msg"="Caches populated" "logger"="controller-runtime.cache" "reflector"="sigs.k8s.io/controller-runtime/pkg/cache/internal/informers.go:114" "type"="*v1beta1.MachineSet"
2026-01-28T09:32:48.833049672Z I0128 09:32:48.815373       1 reflector.go:430] "msg"="Caches populated" "logger"="controller-runtime.cache" "reflector"="sigs.k8s.io/controller-runtime/pkg/cache/internal/informers.go:114" "type"="*v1beta1.Machine"
2026-01-28T09:32:48.859806437Z I0128 09:32:48.859755       1 controller.go:186] "msg"="Starting Controller" "controller"="machineset" "controllerGroup"="machine.openshift.io" "controllerKind"="MachineSet"
2026-01-28T09:32:48.859874459Z I0128 09:32:48.859860       1 controller.go:195] "msg"="Starting workers" "controller"="machineset" "controllerGroup"="machine.openshift.io" "controllerKind"="MachineSet" "worker count"=1
2026-01-28T09:32:48.859979120Z I0128 09:32:48.859963       1 controller.go:186] "msg"="Starting Controller" "controller"="machine-drain-controller"
2026-01-28T09:32:48.860032361Z I0128 09:32:48.860013       1 controller.go:195] "msg"="Starting workers" "controller"="machine-drain-controller" "worker count"=1
2026-01-28T09:32:48.860115313Z I0128 09:32:48.860100       1 controller.go:186] "msg"="Starting Controller" "controller"="machine-controller"
2026-01-28T09:32:48.860151703Z I0128 09:32:48.860141       1 controller.go:195] "msg"="Starting workers" "controller"="machine-controller" "worker count"=1
2026-01-28T09:32:48.860301336Z I0128 09:32:48.860286       1 controller.go:71] "msg"="Reconciling" "logger"="controllers.MachineSet" "machineset"="ci-ln-vjb5l1t-76ef8-snmcd-worker-us-west-1a" "namespace"="openshift-machine-api"
2026-01-28T09:32:48.860454028Z I0128 09:32:48.860436       1 controller.go:143] ci-ln-vjb5l1t-76ef8-snmcd-worker-us-west-1a: Reconciling MachineSet
2026-01-28T09:32:48.861318513Z I0128 09:32:48.861287       1 controller.go:173] ci-ln-vjb5l1t-76ef8-snmcd-worker-us-west-1c-mj4l8: reconciling Machine
2026-01-28T09:32:48.864824983Z I0128 09:32:48.864069       1 reflector.go:357] "msg"="Starting reflector" "logger"="controller-runtime.cache" "reflector"="sigs.k8s.io/controller-runtime/pkg/cache/internal/informers.go:114" "resyncPeriod"=550545256007 "type"="*v1.Secret"
2026-01-28T09:32:48.869292769Z I0128 09:32:48.869274       1 reflector.go:403] "msg"="Listing and watching" "logger"="controller-runtime.cache" "reflector"="sigs.k8s.io/controller-runtime/pkg/cache/internal/informers.go:114" "type"="*v1.Secret"
2026-01-28T09:32:48.873063453Z I0128 09:32:48.873042       1 reflector.go:430] "msg"="Caches populated" "logger"="controller-runtime.cache" "reflector"="sigs.k8s.io/controller-runtime/pkg/cache/internal/informers.go:114" "type"="*v1.Secret"
2026-01-28T09:32:48.930798216Z I0128 09:32:48.930752       1 warning_handler.go:64] "msg"="metadata.finalizers: \"machine.machine.openshift.io\": prefer a domain-qualified finalizer name including a path (/) to avoid accidental conflicts with other finalizer writers" "controller"="machine-controller" "name"="ci-ln-vjb5l1t-76ef8-snmcd-worker-us-west-1c-mj4l8" "namespace"="openshift-machine-api" "object"={"name":"ci-ln-vjb5l1t-76ef8-snmcd-worker-us-west-1c-mj4l8","namespace":"openshift-machine-api"} "reconcileID"="fa680e75-8a84-4ef8-b5b8-8a2368721dd8"
2026-01-28T09:32:48.931442696Z I0128 09:32:48.931420       1 controller.go:173] ci-ln-vjb5l1t-76ef8-snmcd-worker-us-west-1c-rgb9d: reconciling Machine
2026-01-28T09:32:48.963389020Z I0128 09:32:48.963359       1 reflector.go:357] "msg"="Starting reflector" "logger"="controller-runtime.cache" "reflector"="sigs.k8s.io/controller-runtime/pkg/cache/internal/informers.go:114" "resyncPeriod"=600102897905 "type"="*v1.Infrastructure"
2026-01-28T09:32:48.963468532Z I0128 09:32:48.963453       1 reflector.go:403] "msg"="Listing and watching" "logger"="controller-runtime.cache" "reflector"="sigs.k8s.io/controller-runtime/pkg/cache/internal/informers.go:114" "type"="*v1.Infrastructure"
2026-01-28T09:32:48.968379725Z I0128 09:32:48.968314       1 reflector.go:430] "msg"="Caches populated" "logger"="controller-runtime.cache" "reflector"="sigs.k8s.io/controller-runtime/pkg/cache/internal/informers.go:114" "type"="*v1.Infrastructure"
2026-01-28T09:32:48.977790035Z I0128 09:32:48.977765       1 warning_handler.go:64] "msg"="metadata.finalizers: \"machine.machine.openshift.io\": prefer a domain-qualified finalizer name including a path (/) to avoid accidental conflicts with other finalizer writers" "controller"="machine-controller" "name"="ci-ln-vjb5l1t-76ef8-snmcd-worker-us-west-1c-rgb9d" "namespace"="openshift-machine-api" "object"={"name":"ci-ln-vjb5l1t-76ef8-snmcd-worker-us-west-1c-rgb9d","namespace":"openshift-machine-api"} "reconcileID"="b31120f8-0705-4bca-8b07-2aa9103ec799"
2026-01-28T09:32:48.978298214Z I0128 09:32:48.978278       1 controller.go:173] ci-ln-vjb5l1t-76ef8-snmcd-master-0: reconciling Machine
2026-01-28T09:32:49.028404417Z I0128 09:32:49.028370       1 warning_handler.go:64] "msg"="metadata.finalizers: \"machine.machine.openshift.io\": prefer a domain-qualified finalizer name including a path (/) to avoid accidental conflicts with other finalizer writers" "controller"="machine-controller" "name"="ci-ln-vjb5l1t-76ef8-snmcd-master-0" "namespace"="openshift-machine-api" "object"={"name":"ci-ln-vjb5l1t-76ef8-snmcd-master-0","namespace":"openshift-machine-api"} "reconcileID"="7c8f08df-33ab-40f2-ba10-50d3898887f1"
2026-01-28T09:32:49.028767013Z I0128 09:32:49.028747       1 controller.go:173] ci-ln-vjb5l1t-76ef8-snmcd-master-1: reconciling Machine
2026-01-28T09:32:49.066490055Z I0128 09:32:49.066455       1 reflector.go:357] "msg"="Starting reflector" "logger"="controller-runtime.cache" "reflector"="sigs.k8s.io/controller-runtime/pkg/cache/internal/informers.go:114" "resyncPeriod"=38012417456120 "type"="*v1.ConfigMap"
2026-01-28T09:32:49.066578986Z I0128 09:32:49.066557       1 reflector.go:403] "msg"="Listing and watching" "logger"="controller-runtime.cache" "reflector"="sigs.k8s.io/controller-runtime/pkg/cache/internal/informers.go:114" "type"="*v1.ConfigMap"
2026-01-28T09:32:49.088468399Z I0128 09:32:49.088408       1 warning_handler.go:64] "msg"="metadata.finalizers: \"machine.machine.openshift.io\": prefer a domain-qualified finalizer name including a path (/) to avoid accidental conflicts with other finalizer writers" "controller"="machine-controller" "name"="ci-ln-vjb5l1t-76ef8-snmcd-master-1" "namespace"="openshift-machine-api" "object"={"name":"ci-ln-vjb5l1t-76ef8-snmcd-master-1","namespace":"openshift-machine-api"} "reconcileID"="d5c733fd-ea59-4edd-9e01-d971e9346a84"
2026-01-28T09:32:49.089018868Z I0128 09:32:49.088997       1 controller.go:173] ci-ln-vjb5l1t-76ef8-snmcd-master-2: reconciling Machine
2026-01-28T09:32:49.125084052Z I0128 09:32:49.125045       1 reflector.go:430] "msg"="Caches populated" "logger"="controller-runtime.cache" "reflector"="sigs.k8s.io/controller-runtime/pkg/cache/internal/informers.go:114" "type"="*v1.ConfigMap"
2026-01-28T09:32:49.167231909Z I0128 09:32:49.167196       1 warning_handler.go:64] "msg"="metadata.finalizers: \"machine.machine.openshift.io\": prefer a domain-qualified finalizer name including a path (/) to avoid accidental conflicts with other finalizer writers" "controller"="machine-controller" "name"="ci-ln-vjb5l1t-76ef8-snmcd-master-2" "namespace"="openshift-machine-api" "object"={"name":"ci-ln-vjb5l1t-76ef8-snmcd-master-2","namespace":"openshift-machine-api"} "reconcileID"="a1092f40-fce5-4815-aa0f-0a28646953e3"
2026-01-28T09:32:49.169450607Z I0128 09:32:49.168284       1 ec2_instance_types.go:127] Refreshing instance types cache
2026-01-28T09:32:49.170944832Z I0128 09:32:49.170921       1 controller.go:173] ci-ln-vjb5l1t-76ef8-snmcd-worker-us-west-1a-8x8wj: reconciling Machine
2026-01-28T09:32:49.213442826Z I0128 09:32:49.213395       1 warning_handler.go:64] "msg"="metadata.finalizers: \"machine.machine.openshift.io\": prefer a domain-qualified finalizer name including a path (/) to avoid accidental conflicts with other finalizer writers" "controller"="machine-controller" "name"="ci-ln-vjb5l1t-76ef8-snmcd-worker-us-west-1a-8x8wj" "namespace"="openshift-machine-api" "object"={"name":"ci-ln-vjb5l1t-76ef8-snmcd-worker-us-west-1a-8x8wj","namespace":"openshift-machine-api"} "reconcileID"="3447f0ca-e5a3-4a29-8365-c1d8f6d8d303"
2026-01-28T09:32:49.217469684Z I0128 09:32:49.216693       1 controller.go:173] ci-ln-vjb5l1t-76ef8-snmcd-worker-us-west-1c-mj4l8: reconciling Machine
2026-01-28T09:32:49.217469684Z I0128 09:32:49.216753       1 actuator.go:108] ci-ln-vjb5l1t-76ef8-snmcd-worker-us-west-1c-mj4l8: actuator checking if machine exists
2026-01-28T09:32:49.348286561Z I0128 09:32:49.348242       1 reconciler.go:333] ci-ln-vjb5l1t-76ef8-snmcd-worker-us-west-1c-mj4l8: Instance does not exist
2026-01-28T09:32:49.348354192Z I0128 09:32:49.348340       1 controller.go:417] ci-ln-vjb5l1t-76ef8-snmcd-worker-us-west-1c-mj4l8: setting phase to Provisioning and requeuing
2026-01-28T09:32:49.348387522Z I0128 09:32:49.348375       1 controller.go:496] ci-ln-vjb5l1t-76ef8-snmcd-worker-us-west-1c-mj4l8: going into phase "Provisioning"
2026-01-28T09:32:49.378371682Z I0128 09:32:49.378322       1 ec2_instance_types.go:212] unknown architecture i386. Defaulting to amd64
2026-01-28T09:32:49.378429183Z I0128 09:32:49.378416       1 ec2_instance_types.go:212] unknown architecture i386. Defaulting to amd64
2026-01-28T09:32:49.392259089Z I0128 09:32:49.392220       1 controller.go:173] ci-ln-vjb5l1t-76ef8-snmcd-worker-us-west-1c-rgb9d: reconciling Machine
2026-01-28T09:32:49.392329200Z I0128 09:32:49.392312       1 actuator.go:108] ci-ln-vjb5l1t-76ef8-snmcd-worker-us-west-1c-rgb9d: actuator checking if machine exists
2026-01-28T09:32:49.457005011Z I0128 09:32:49.454212       1 reconciler.go:333] ci-ln-vjb5l1t-76ef8-snmcd-worker-us-west-1c-rgb9d: Instance does not exist
2026-01-28T09:32:49.457005011Z I0128 09:32:49.454242       1 controller.go:417] ci-ln-vjb5l1t-76ef8-snmcd-worker-us-west-1c-rgb9d: setting phase to Provisioning and requeuing
2026-01-28T09:32:49.457005011Z I0128 09:32:49.454249       1 controller.go:496] ci-ln-vjb5l1t-76ef8-snmcd-worker-us-west-1c-rgb9d: going into phase "Provisioning"
2026-01-28T09:32:49.509536375Z I0128 09:32:49.509500       1 controller.go:173] ci-ln-vjb5l1t-76ef8-snmcd-master-0: reconciling Machine
2026-01-28T09:32:49.509874720Z I0128 09:32:49.509856       1 actuator.go:108] ci-ln-vjb5l1t-76ef8-snmcd-master-0: actuator checking if machine exists
2026-01-28T09:32:49.633744468Z I0128 09:32:49.633705       1 controller.go:357] ci-ln-vjb5l1t-76ef8-snmcd-master-0: reconciling machine triggers idempotent update
2026-01-28T09:32:49.633794589Z I0128 09:32:49.633782       1 actuator.go:125] ci-ln-vjb5l1t-76ef8-snmcd-master-0: actuator updating machine
2026-01-28T09:32:49.634362839Z I0128 09:32:49.634343       1 reconciler.go:197] ci-ln-vjb5l1t-76ef8-snmcd-master-0: updating machine
2026-01-28T09:32:49.649797412Z I0128 09:32:49.649765       1 ec2_instance_types.go:212] unknown architecture i386. Defaulting to amd64
2026-01-28T09:32:49.649852903Z I0128 09:32:49.649840       1 ec2_instance_types.go:212] unknown architecture i386. Defaulting to amd64
2026-01-28T09:32:49.693853682Z I0128 09:32:49.693813       1 reconciler.go:271] ci-ln-vjb5l1t-76ef8-snmcd-master-0: found 1 running instances for machine
2026-01-28T09:32:49.865223488Z I0128 09:32:49.865181       1 ec2_instance_types.go:212] unknown architecture i386. Defaulting to amd64
2026-01-28T09:32:49.966293648Z I0128 09:32:49.966237       1 reconciler.go:455] ci-ln-vjb5l1t-76ef8-snmcd-master-0: ProviderID set at machine spec: aws:///us-west-1c/i-0ef0478c5528c9769
2026-01-28T09:32:49.966375049Z I0128 09:32:49.966356       1 reconciler.go:301] Updated machine ci-ln-vjb5l1t-76ef8-snmcd-master-0
2026-01-28T09:32:49.966409050Z I0128 09:32:49.966398       1 machine_scope.go:167] ci-ln-vjb5l1t-76ef8-snmcd-master-0: Updating status
2026-01-28T09:32:49.977857315Z I0128 09:32:49.977830       1 ec2_instance_types.go:212] unknown architecture i386. Defaulting to amd64
2026-01-28T09:32:49.977963606Z I0128 09:32:49.977926       1 ec2_instance_types.go:212] unknown architecture i386. Defaulting to amd64
2026-01-28T09:32:49.977963606Z I0128 09:32:49.977952       1 ec2_instance_types.go:212] unknown architecture i386. Defaulting to amd64
2026-01-28T09:32:50.006423451Z I0128 09:32:50.006383       1 ec2_instance_types.go:212] unknown architecture i386. Defaulting to amd64
2026-01-28T09:32:50.023917599Z I0128 09:32:50.023864       1 controller.go:71] "msg"="Reconciling" "logger"="controllers.MachineSet" "machineset"="ci-ln-vjb5l1t-76ef8-snmcd-worker-us-west-1c" "namespace"="openshift-machine-api"
2026-01-28T09:32:50.023978060Z I0128 09:32:50.023956       1 controller.go:143] ci-ln-vjb5l1t-76ef8-snmcd-worker-us-west-1c: Reconciling MachineSet
2026-01-28T09:32:50.044272575Z I0128 09:32:50.044236       1 controller.go:71] "msg"="Reconciling" "logger"="controllers.MachineSet" "machineset"="ci-ln-vjb5l1t-76ef8-snmcd-worker-us-west-1a" "namespace"="openshift-machine-api"
2026-01-28T09:32:50.044383297Z I0128 09:32:50.044368       1 controller.go:143] ci-ln-vjb5l1t-76ef8-snmcd-worker-us-west-1a: Reconciling MachineSet
2026-01-28T09:32:50.062642398Z I0128 09:32:50.062594       1 controller.go:71] "msg"="Reconciling" "logger"="controllers.MachineSet" "machineset"="ci-ln-vjb5l1t-76ef8-snmcd-worker-us-west-1c" "namespace"="openshift-machine-api"
2026-01-28T09:32:50.062804110Z I0128 09:32:50.062787       1 controller.go:143] ci-ln-vjb5l1t-76ef8-snmcd-worker-us-west-1c: Reconciling MachineSet
2026-01-28T09:32:50.076918050Z I0128 09:32:50.076869       1 machine_scope.go:193] ci-ln-vjb5l1t-76ef8-snmcd-master-0: finished calculating AWS status
2026-01-28T09:32:50.076918050Z I0128 09:32:50.076908       1 machine_scope.go:90] ci-ln-vjb5l1t-76ef8-snmcd-master-0: patching machine
2026-01-28T09:32:50.112046318Z I0128 09:32:50.112015       1 controller.go:496] ci-ln-vjb5l1t-76ef8-snmcd-master-0: going into phase "Provisioned"
2026-01-28T09:32:50.112348953Z I0128 09:32:50.112330       1 recorder.go:104] "msg"="Updated Machine ci-ln-vjb5l1t-76ef8-snmcd-master-0" "logger"="events" "object"={"kind":"Machine","namespace":"openshift-machine-api","name":"ci-ln-vjb5l1t-76ef8-snmcd-master-0","uid":"e64145ad-86e6-449c-85b6-9c6a66a1dddc","apiVersion":"machine.openshift.io/v1beta1","resourceVersion":"12239"} "reason"="Update" "type"="Normal"
2026-01-28T09:32:50.143574295Z I0128 09:32:50.143541       1 controller.go:385] ci-ln-vjb5l1t-76ef8-snmcd-master-0: has no node yet, requeuing
2026-01-28T09:32:50.143696237Z I0128 09:32:50.143681       1 controller.go:173] ci-ln-vjb5l1t-76ef8-snmcd-master-1: reconciling Machine
2026-01-28T09:32:50.143760298Z I0128 09:32:50.143749       1 actuator.go:108] ci-ln-vjb5l1t-76ef8-snmcd-master-1: actuator checking if machine exists
2026-01-28T09:32:50.222514728Z I0128 09:32:50.222462       1 controller.go:357] ci-ln-vjb5l1t-76ef8-snmcd-master-1: reconciling machine triggers idempotent update
2026-01-28T09:32:50.222514728Z I0128 09:32:50.222481       1 actuator.go:125] ci-ln-vjb5l1t-76ef8-snmcd-master-1: actuator updating machine
2026-01-28T09:32:50.223021747Z I0128 09:32:50.223000       1 reconciler.go:197] ci-ln-vjb5l1t-76ef8-snmcd-master-1: updating machine
2026-01-28T09:32:50.290931192Z I0128 09:32:50.290567       1 reconciler.go:271] ci-ln-vjb5l1t-76ef8-snmcd-master-1: found 1 running instances for machine
2026-01-28T09:32:50.551817323Z I0128 09:32:50.551779       1 reconciler.go:455] ci-ln-vjb5l1t-76ef8-snmcd-master-1: ProviderID set at machine spec: aws:///us-west-1a/i-056ab182efb057c55
2026-01-28T09:32:50.551872524Z I0128 09:32:50.551858       1 reconciler.go:301] Updated machine ci-ln-vjb5l1t-76ef8-snmcd-master-1
2026-01-28T09:32:50.551872524Z I0128 09:32:50.551866       1 machine_scope.go:167] ci-ln-vjb5l1t-76ef8-snmcd-master-1: Updating status
2026-01-28T09:32:50.640336769Z I0128 09:32:50.640284       1 machine_scope.go:193] ci-ln-vjb5l1t-76ef8-snmcd-master-1: finished calculating AWS status
2026-01-28T09:32:50.640336769Z I0128 09:32:50.640303       1 machine_scope.go:90] ci-ln-vjb5l1t-76ef8-snmcd-master-1: patching machine
2026-01-28T09:32:50.682001678Z I0128 09:32:50.681953       1 controller.go:496] ci-ln-vjb5l1t-76ef8-snmcd-master-1: going into phase "Provisioned"
2026-01-28T09:32:50.683030996Z I0128 09:32:50.682191       1 recorder.go:104] "msg"="Updated Machine ci-ln-vjb5l1t-76ef8-snmcd-master-1" "logger"="events" "object"={"kind":"Machine","namespace":"openshift-machine-api","name":"ci-ln-vjb5l1t-76ef8-snmcd-master-1","uid":"c9b1f471-6067-4d10-9531-72e04bf6999f","apiVersion":"machine.openshift.io/v1beta1","resourceVersion":"12268"} "reason"="Update" "type"="Normal"
2026-01-28T09:32:50.706158009Z I0128 09:32:50.705922       1 controller.go:385] ci-ln-vjb5l1t-76ef8-snmcd-master-1: has no node yet, requeuing
2026-01-28T09:32:50.706360793Z I0128 09:32:50.706342       1 controller.go:173] ci-ln-vjb5l1t-76ef8-snmcd-master-2: reconciling Machine
2026-01-28T09:32:50.706509315Z I0128 09:32:50.706469       1 actuator.go:108] ci-ln-vjb5l1t-76ef8-snmcd-master-2: actuator checking if machine exists
2026-01-28T09:32:50.815400588Z I0128 09:32:50.815348       1 controller.go:357] ci-ln-vjb5l1t-76ef8-snmcd-master-2: reconciling machine triggers idempotent update
2026-01-28T09:32:50.815400588Z I0128 09:32:50.815367       1 actuator.go:125] ci-ln-vjb5l1t-76ef8-snmcd-master-2: actuator updating machine
2026-01-28T09:32:50.815874096Z I0128 09:32:50.815848       1 reconciler.go:197] ci-ln-vjb5l1t-76ef8-snmcd-master-2: updating machine
2026-01-28T09:32:50.882403229Z I0128 09:32:50.882361       1 reconciler.go:271] ci-ln-vjb5l1t-76ef8-snmcd-master-2: found 1 running instances for machine
2026-01-28T09:32:51.133842338Z I0128 09:32:51.133801       1 reconciler.go:455] ci-ln-vjb5l1t-76ef8-snmcd-master-2: ProviderID set at machine spec: aws:///us-west-1c/i-010583ba086028d2a
2026-01-28T09:32:51.133957460Z I0128 09:32:51.133935       1 reconciler.go:301] Updated machine ci-ln-vjb5l1t-76ef8-snmcd-master-2
2026-01-28T09:32:51.133957460Z I0128 09:32:51.133948       1 machine_scope.go:167] ci-ln-vjb5l1t-76ef8-snmcd-master-2: Updating status
2026-01-28T09:32:51.236735439Z I0128 09:32:51.236702       1 machine_scope.go:193] ci-ln-vjb5l1t-76ef8-snmcd-master-2: finished calculating AWS status
2026-01-28T09:32:51.236802050Z I0128 09:32:51.236790       1 machine_scope.go:90] ci-ln-vjb5l1t-76ef8-snmcd-master-2: patching machine
2026-01-28T09:32:51.264684184Z I0128 09:32:51.264625       1 controller.go:496] ci-ln-vjb5l1t-76ef8-snmcd-master-2: going into phase "Provisioned"
2026-01-28T09:32:51.266511306Z I0128 09:32:51.265384       1 recorder.go:104] "msg"="Updated Machine ci-ln-vjb5l1t-76ef8-snmcd-master-2" "logger"="events" "object"={"kind":"Machine","namespace":"openshift-machine-api","name":"ci-ln-vjb5l1t-76ef8-snmcd-master-2","uid":"3fd1adb0-9374-4140-9194-5a1c301a09ee","apiVersion":"machine.openshift.io/v1beta1","resourceVersion":"12291"} "reason"="Update" "type"="Normal"
2026-01-28T09:32:51.290199869Z I0128 09:32:51.290174       1 controller.go:385] ci-ln-vjb5l1t-76ef8-snmcd-master-2: has no node yet, requeuing
2026-01-28T09:32:51.290348651Z I0128 09:32:51.290334       1 controller.go:173] ci-ln-vjb5l1t-76ef8-snmcd-worker-us-west-1a-8x8wj: reconciling Machine
2026-01-28T09:32:51.290384292Z I0128 09:32:51.290373       1 actuator.go:108] ci-ln-vjb5l1t-76ef8-snmcd-worker-us-west-1a-8x8wj: actuator checking if machine exists
2026-01-28T09:32:51.357853830Z I0128 09:32:51.357816       1 reconciler.go:333] ci-ln-vjb5l1t-76ef8-snmcd-worker-us-west-1a-8x8wj: Instance does not exist
2026-01-28T09:32:51.357904141Z I0128 09:32:51.357852       1 controller.go:417] ci-ln-vjb5l1t-76ef8-snmcd-worker-us-west-1a-8x8wj: setting phase to Provisioning and requeuing
2026-01-28T09:32:51.357904141Z I0128 09:32:51.357861       1 controller.go:496] ci-ln-vjb5l1t-76ef8-snmcd-worker-us-west-1a-8x8wj: going into phase "Provisioning"
2026-01-28T09:32:51.367622716Z I0128 09:32:51.367600       1 controller.go:173] ci-ln-vjb5l1t-76ef8-snmcd-worker-us-west-1c-mj4l8: reconciling Machine
2026-01-28T09:32:51.367715858Z I0128 09:32:51.367702       1 actuator.go:108] ci-ln-vjb5l1t-76ef8-snmcd-worker-us-west-1c-mj4l8: actuator checking if machine exists
2026-01-28T09:32:51.414053076Z I0128 09:32:51.414010       1 reconciler.go:333] ci-ln-vjb5l1t-76ef8-snmcd-worker-us-west-1c-mj4l8: Instance does not exist
2026-01-28T09:32:51.414130058Z I0128 09:32:51.414118       1 controller.go:424] ci-ln-vjb5l1t-76ef8-snmcd-worker-us-west-1c-mj4l8: reconciling machine triggers idempotent create
2026-01-28T09:32:51.414158638Z I0128 09:32:51.414149       1 actuator.go:81] ci-ln-vjb5l1t-76ef8-snmcd-worker-us-west-1c-mj4l8: actuator creating machine
2026-01-28T09:32:51.414926491Z I0128 09:32:51.414881       1 reconciler.go:42] ci-ln-vjb5l1t-76ef8-snmcd-worker-us-west-1c-mj4l8: creating machine
2026-01-28T09:32:51.468578724Z E0128 09:32:51.468534       1 reconciler.go:350] NodeRef not found in machine ci-ln-vjb5l1t-76ef8-snmcd-worker-us-west-1c-mj4l8
2026-01-28T09:32:51.512676615Z I0128 09:32:51.512647       1 instances.go:53] No stopped instances found for machine ci-ln-vjb5l1t-76ef8-snmcd-worker-us-west-1c-mj4l8
2026-01-28T09:32:51.512895728Z I0128 09:32:51.512862       1 instances.go:219] Using AMI ami-07680a1b8de089d13
2026-01-28T09:32:51.512940719Z I0128 09:32:51.512929       1 instances.go:83] Describing security groups based on filters
2026-01-28T09:32:51.716180858Z I0128 09:32:51.716135       1 instances.go:83] Describing security groups based on filters
2026-01-28T09:32:51.811861776Z I0128 09:32:51.811815       1 instances.go:144] Describing subnets based on filters
2026-01-28T09:32:52.978396988Z I0128 09:32:52.978354       1 reconciler.go:118] Created Machine ci-ln-vjb5l1t-76ef8-snmcd-worker-us-west-1c-mj4l8
2026-01-28T09:32:52.978470730Z I0128 09:32:52.978452       1 machine_scope.go:167] ci-ln-vjb5l1t-76ef8-snmcd-worker-us-west-1c-mj4l8: Updating status
2026-01-28T09:32:53.127511686Z I0128 09:32:53.127469       1 machine_scope.go:193] ci-ln-vjb5l1t-76ef8-snmcd-worker-us-west-1c-mj4l8: finished calculating AWS status
2026-01-28T09:32:53.127647899Z I0128 09:32:53.127626       1 machine_scope.go:90] ci-ln-vjb5l1t-76ef8-snmcd-worker-us-west-1c-mj4l8: patching machine
2026-01-28T09:32:53.128366831Z I0128 09:32:53.128349       1 recorder.go:104] "msg"="Created Machine ci-ln-vjb5l1t-76ef8-snmcd-worker-us-west-1c-mj4l8" "logger"="events" "object"={"kind":"Machine","namespace":"openshift-machine-api","name":"ci-ln-vjb5l1t-76ef8-snmcd-worker-us-west-1c-mj4l8","uid":"f0bfce4f-1f20-43e2-8b6e-948f041f55d7","apiVersion":"machine.openshift.io/v1beta1","resourceVersion":"12150"} "reason"="Create" "type"="Normal"
2026-01-28T09:32:53.137985134Z I0128 09:32:53.137961       1 controller.go:436] ci-ln-vjb5l1t-76ef8-snmcd-worker-us-west-1c-mj4l8: created instance, requeuing
2026-01-28T09:32:53.138346261Z I0128 09:32:53.138330       1 controller.go:173] ci-ln-vjb5l1t-76ef8-snmcd-worker-us-west-1c-rgb9d: reconciling Machine
2026-01-28T09:32:53.138409431Z I0128 09:32:53.138396       1 actuator.go:108] ci-ln-vjb5l1t-76ef8-snmcd-worker-us-west-1c-rgb9d: actuator checking if machine exists
2026-01-28T09:32:53.209011823Z I0128 09:32:53.208957       1 reconciler.go:333] ci-ln-vjb5l1t-76ef8-snmcd-worker-us-west-1c-rgb9d: Instance does not exist
2026-01-28T09:32:53.209114205Z I0128 09:32:53.209101       1 controller.go:424] ci-ln-vjb5l1t-76ef8-snmcd-worker-us-west-1c-rgb9d: reconciling machine triggers idempotent create
2026-01-28T09:32:53.209169066Z I0128 09:32:53.209142       1 actuator.go:81] ci-ln-vjb5l1t-76ef8-snmcd-worker-us-west-1c-rgb9d: actuator creating machine
2026-01-28T09:32:53.210024460Z I0128 09:32:53.210007       1 reconciler.go:42] ci-ln-vjb5l1t-76ef8-snmcd-worker-us-west-1c-rgb9d: creating machine
2026-01-28T09:32:53.254202862Z E0128 09:32:53.254153       1 reconciler.go:350] NodeRef not found in machine ci-ln-vjb5l1t-76ef8-snmcd-worker-us-west-1c-rgb9d
2026-01-28T09:32:53.287856515Z I0128 09:32:53.287827       1 instances.go:53] No stopped instances found for machine ci-ln-vjb5l1t-76ef8-snmcd-worker-us-west-1c-rgb9d
2026-01-28T09:32:53.288067649Z I0128 09:32:53.288051       1 instances.go:219] Using AMI ami-07680a1b8de089d13
2026-01-28T09:32:53.288131230Z I0128 09:32:53.288120       1 instances.go:83] Describing security groups based on filters
2026-01-28T09:32:53.487704486Z I0128 09:32:53.487669       1 instances.go:83] Describing security groups based on filters
2026-01-28T09:32:53.691504724Z I0128 09:32:53.691453       1 instances.go:144] Describing subnets based on filters
2026-01-28T09:32:54.905092027Z I0128 09:32:54.905057       1 reconciler.go:118] Created Machine ci-ln-vjb5l1t-76ef8-snmcd-worker-us-west-1c-rgb9d
2026-01-28T09:32:54.905171589Z I0128 09:32:54.905160       1 machine_scope.go:167] ci-ln-vjb5l1t-76ef8-snmcd-worker-us-west-1c-rgb9d: Updating status
2026-01-28T09:32:55.067685074Z I0128 09:32:55.067637       1 machine_scope.go:193] ci-ln-vjb5l1t-76ef8-snmcd-worker-us-west-1c-rgb9d: finished calculating AWS status
2026-01-28T09:32:55.067796046Z I0128 09:32:55.067779       1 machine_scope.go:90] ci-ln-vjb5l1t-76ef8-snmcd-worker-us-west-1c-rgb9d: patching machine
2026-01-28T09:32:55.068970066Z I0128 09:32:55.068943       1 recorder.go:104] "msg"="Created Machine ci-ln-vjb5l1t-76ef8-snmcd-worker-us-west-1c-rgb9d" "logger"="events" "object"={"kind":"Machine","namespace":"openshift-machine-api","name":"ci-ln-vjb5l1t-76ef8-snmcd-worker-us-west-1c-rgb9d","uid":"a34da133-b32d-4a40-896e-67430a3d5763","apiVersion":"machine.openshift.io/v1beta1","resourceVersion":"12158"} "reason"="Create" "type"="Normal"
2026-01-28T09:32:55.078032380Z I0128 09:32:55.077991       1 controller.go:436] ci-ln-vjb5l1t-76ef8-snmcd-worker-us-west-1c-rgb9d: created instance, requeuing
2026-01-28T09:32:55.078127752Z I0128 09:32:55.078102       1 controller.go:173] ci-ln-vjb5l1t-76ef8-snmcd-master-0: reconciling Machine
2026-01-28T09:32:55.078127752Z I0128 09:32:55.078118       1 actuator.go:108] ci-ln-vjb5l1t-76ef8-snmcd-master-0: actuator checking if machine exists
2026-01-28T09:32:55.195639462Z I0128 09:32:55.195593       1 reconciler.go:539] ci-ln-vjb5l1t-76ef8-snmcd-master-0: Found instance by id: i-0ef0478c5528c9769
2026-01-28T09:32:55.195686313Z I0128 09:32:55.195676       1 controller.go:357] ci-ln-vjb5l1t-76ef8-snmcd-master-0: reconciling machine triggers idempotent update
2026-01-28T09:32:55.195699533Z I0128 09:32:55.195685       1 actuator.go:125] ci-ln-vjb5l1t-76ef8-snmcd-master-0: actuator updating machine
2026-01-28T09:32:55.196354464Z I0128 09:32:55.196332       1 reconciler.go:197] ci-ln-vjb5l1t-76ef8-snmcd-master-0: updating machine
2026-01-28T09:32:55.258995240Z I0128 09:32:55.258940       1 reconciler.go:539] ci-ln-vjb5l1t-76ef8-snmcd-master-0: Found instance by id: i-0ef0478c5528c9769
2026-01-28T09:32:55.259360136Z I0128 09:32:55.259337       1 reconciler.go:271] ci-ln-vjb5l1t-76ef8-snmcd-master-0: found 1 running instances for machine
2026-01-28T09:32:55.518144001Z I0128 09:32:55.518111       1 reconciler.go:451] ci-ln-vjb5l1t-76ef8-snmcd-master-0: ProviderID already set in the machine Spec with value:aws:///us-west-1c/i-0ef0478c5528c9769
2026-01-28T09:32:55.518412855Z I0128 09:32:55.518398       1 reconciler.go:301] Updated machine ci-ln-vjb5l1t-76ef8-snmcd-master-0
2026-01-28T09:32:55.518474006Z I0128 09:32:55.518463       1 machine_scope.go:167] ci-ln-vjb5l1t-76ef8-snmcd-master-0: Updating status
2026-01-28T09:32:55.606433983Z I0128 09:32:55.606312       1 machine_scope.go:193] ci-ln-vjb5l1t-76ef8-snmcd-master-0: finished calculating AWS status
2026-01-28T09:32:55.606623366Z I0128 09:32:55.606610       1 machine_scope.go:90] ci-ln-vjb5l1t-76ef8-snmcd-master-0: patching machine
2026-01-28T09:32:55.617818637Z I0128 09:32:55.617766       1 controller.go:496] ci-ln-vjb5l1t-76ef8-snmcd-master-0: going into phase "Running"
2026-01-28T09:32:55.628128232Z I0128 09:32:55.628106       1 controller.go:173] ci-ln-vjb5l1t-76ef8-snmcd-master-1: reconciling Machine
2026-01-28T09:32:55.628324496Z I0128 09:32:55.628310       1 actuator.go:108] ci-ln-vjb5l1t-76ef8-snmcd-master-1: actuator checking if machine exists
2026-01-28T09:32:55.744991731Z I0128 09:32:55.744947       1 reconciler.go:539] ci-ln-vjb5l1t-76ef8-snmcd-master-1: Found instance by id: i-056ab182efb057c55
2026-01-28T09:32:55.745069592Z I0128 09:32:55.745058       1 controller.go:357] ci-ln-vjb5l1t-76ef8-snmcd-master-1: reconciling machine triggers idempotent update
2026-01-28T09:32:55.745101833Z I0128 09:32:55.745092       1 actuator.go:125] ci-ln-vjb5l1t-76ef8-snmcd-master-1: actuator updating machine
2026-01-28T09:32:55.745943017Z I0128 09:32:55.745927       1 reconciler.go:197] ci-ln-vjb5l1t-76ef8-snmcd-master-1: updating machine
2026-01-28T09:32:55.813364665Z I0128 09:32:55.813327       1 reconciler.go:539] ci-ln-vjb5l1t-76ef8-snmcd-master-1: Found instance by id: i-056ab182efb057c55
2026-01-28T09:32:55.813522897Z I0128 09:32:55.813509       1 reconciler.go:271] ci-ln-vjb5l1t-76ef8-snmcd-master-1: found 1 running instances for machine
2026-01-28T09:32:56.061581529Z I0128 09:32:56.061540       1 reconciler.go:451] ci-ln-vjb5l1t-76ef8-snmcd-master-1: ProviderID already set in the machine Spec with value:aws:///us-west-1a/i-056ab182efb057c55
2026-01-28T09:32:56.061739392Z I0128 09:32:56.061725       1 reconciler.go:301] Updated machine ci-ln-vjb5l1t-76ef8-snmcd-master-1
2026-01-28T09:32:56.061783682Z I0128 09:32:56.061772       1 machine_scope.go:167] ci-ln-vjb5l1t-76ef8-snmcd-master-1: Updating status
2026-01-28T09:32:56.156475364Z I0128 09:32:56.156429       1 machine_scope.go:193] ci-ln-vjb5l1t-76ef8-snmcd-master-1: finished calculating AWS status
2026-01-28T09:32:56.156564025Z I0128 09:32:56.156546       1 machine_scope.go:90] ci-ln-vjb5l1t-76ef8-snmcd-master-1: patching machine
2026-01-28T09:32:56.166153138Z I0128 09:32:56.166127       1 controller.go:496] ci-ln-vjb5l1t-76ef8-snmcd-master-1: going into phase "Running"
2026-01-28T09:32:56.166865421Z I0128 09:32:56.166244       1 recorder.go:104] "msg"="Updated Machine ci-ln-vjb5l1t-76ef8-snmcd-master-1" "logger"="events" "object"={"kind":"Machine","namespace":"openshift-machine-api","name":"ci-ln-vjb5l1t-76ef8-snmcd-master-1","uid":"c9b1f471-6067-4d10-9531-72e04bf6999f","apiVersion":"machine.openshift.io/v1beta1","resourceVersion":"12358"} "reason"="Update" "type"="Normal"
2026-01-28T09:32:56.176327431Z I0128 09:32:56.176264       1 controller.go:173] ci-ln-vjb5l1t-76ef8-snmcd-master-2: reconciling Machine
2026-01-28T09:32:56.176359232Z I0128 09:32:56.176323       1 actuator.go:108] ci-ln-vjb5l1t-76ef8-snmcd-master-2: actuator checking if machine exists
2026-01-28T09:32:56.294678356Z I0128 09:32:56.294642       1 reconciler.go:539] ci-ln-vjb5l1t-76ef8-snmcd-master-2: Found instance by id: i-010583ba086028d2a
2026-01-28T09:32:56.294754157Z I0128 09:32:56.294741       1 controller.go:357] ci-ln-vjb5l1t-76ef8-snmcd-master-2: reconciling machine triggers idempotent update
2026-01-28T09:32:56.294783417Z I0128 09:32:56.294774       1 actuator.go:125] ci-ln-vjb5l1t-76ef8-snmcd-master-2: actuator updating machine
2026-01-28T09:32:56.295383298Z I0128 09:32:56.295360       1 reconciler.go:197] ci-ln-vjb5l1t-76ef8-snmcd-master-2: updating machine
2026-01-28T09:32:56.370852512Z I0128 09:32:56.370807       1 reconciler.go:539] ci-ln-vjb5l1t-76ef8-snmcd-master-2: Found instance by id: i-010583ba086028d2a
2026-01-28T09:32:56.370955814Z I0128 09:32:56.370934       1 reconciler.go:271] ci-ln-vjb5l1t-76ef8-snmcd-master-2: found 1 running instances for machine
2026-01-28T09:32:56.620445660Z I0128 09:32:56.620399       1 reconciler.go:451] ci-ln-vjb5l1t-76ef8-snmcd-master-2: ProviderID already set in the machine Spec with value:aws:///us-west-1c/i-010583ba086028d2a
2026-01-28T09:32:56.620528021Z I0128 09:32:56.620507       1 reconciler.go:301] Updated machine ci-ln-vjb5l1t-76ef8-snmcd-master-2
2026-01-28T09:32:56.620528021Z I0128 09:32:56.620523       1 machine_scope.go:167] ci-ln-vjb5l1t-76ef8-snmcd-master-2: Updating status
2026-01-28T09:32:56.747750786Z I0128 09:32:56.747711       1 machine_scope.go:193] ci-ln-vjb5l1t-76ef8-snmcd-master-2: finished calculating AWS status
2026-01-28T09:32:56.747750786Z I0128 09:32:56.747733       1 machine_scope.go:90] ci-ln-vjb5l1t-76ef8-snmcd-master-2: patching machine
2026-01-28T09:32:56.757103535Z I0128 09:32:56.757059       1 controller.go:496] ci-ln-vjb5l1t-76ef8-snmcd-master-2: going into phase "Running"
2026-01-28T09:32:56.767957540Z I0128 09:32:56.767900       1 controller.go:173] ci-ln-vjb5l1t-76ef8-snmcd-worker-us-west-1a-8x8wj: reconciling Machine
2026-01-28T09:32:56.767990921Z I0128 09:32:56.767952       1 actuator.go:108] ci-ln-vjb5l1t-76ef8-snmcd-worker-us-west-1a-8x8wj: actuator checking if machine exists
2026-01-28T09:32:56.836323003Z I0128 09:32:56.836287       1 reconciler.go:333] ci-ln-vjb5l1t-76ef8-snmcd-worker-us-west-1a-8x8wj: Instance does not exist
2026-01-28T09:32:56.836421755Z I0128 09:32:56.836407       1 controller.go:424] ci-ln-vjb5l1t-76ef8-snmcd-worker-us-west-1a-8x8wj: reconciling machine triggers idempotent create
2026-01-28T09:32:56.836478176Z I0128 09:32:56.836450       1 actuator.go:81] ci-ln-vjb5l1t-76ef8-snmcd-worker-us-west-1a-8x8wj: actuator creating machine
2026-01-28T09:32:56.837289050Z I0128 09:32:56.837263       1 reconciler.go:42] ci-ln-vjb5l1t-76ef8-snmcd-worker-us-west-1a-8x8wj: creating machine
2026-01-28T09:32:56.866683750Z E0128 09:32:56.866644       1 reconciler.go:350] NodeRef not found in machine ci-ln-vjb5l1t-76ef8-snmcd-worker-us-west-1a-8x8wj
2026-01-28T09:32:56.895421969Z I0128 09:32:56.895383       1 instances.go:53] No stopped instances found for machine ci-ln-vjb5l1t-76ef8-snmcd-worker-us-west-1a-8x8wj
2026-01-28T09:32:56.895525991Z I0128 09:32:56.895494       1 instances.go:219] Using AMI ami-07680a1b8de089d13
2026-01-28T09:32:56.895525991Z I0128 09:32:56.895503       1 instances.go:83] Describing security groups based on filters
2026-01-28T09:32:57.133473471Z I0128 09:32:57.133438       1 instances.go:83] Describing security groups based on filters
2026-01-28T09:32:57.241675722Z I0128 09:32:57.241631       1 instances.go:144] Describing subnets based on filters
2026-01-28T09:32:58.540780769Z I0128 09:32:58.540734       1 reconciler.go:118] Created Machine ci-ln-vjb5l1t-76ef8-snmcd-worker-us-west-1a-8x8wj
2026-01-28T09:32:58.540780769Z I0128 09:32:58.540752       1 machine_scope.go:167] ci-ln-vjb5l1t-76ef8-snmcd-worker-us-west-1a-8x8wj: Updating status
2026-01-28T09:32:58.668988041Z I0128 09:32:58.668955       1 machine_scope.go:193] ci-ln-vjb5l1t-76ef8-snmcd-worker-us-west-1a-8x8wj: finished calculating AWS status
2026-01-28T09:32:58.669072323Z I0128 09:32:58.669058       1 machine_scope.go:90] ci-ln-vjb5l1t-76ef8-snmcd-worker-us-west-1a-8x8wj: patching machine
2026-01-28T09:32:58.669207505Z I0128 09:32:58.669173       1 recorder.go:104] "msg"="Created Machine ci-ln-vjb5l1t-76ef8-snmcd-worker-us-west-1a-8x8wj" "logger"="events" "object"={"kind":"Machine","namespace":"openshift-machine-api","name":"ci-ln-vjb5l1t-76ef8-snmcd-worker-us-west-1a-8x8wj","uid":"a878480a-fd83-4b81-a204-cdbe8ec286b7","apiVersion":"machine.openshift.io/v1beta1","resourceVersion":"12305"} "reason"="Create" "type"="Normal"
2026-01-28T09:32:58.678554184Z I0128 09:32:58.678528       1 controller.go:436] ci-ln-vjb5l1t-76ef8-snmcd-worker-us-west-1a-8x8wj: created instance, requeuing
2026-01-28T09:32:58.678651326Z I0128 09:32:58.678632       1 controller.go:173] ci-ln-vjb5l1t-76ef8-snmcd-worker-us-west-1c-mj4l8: reconciling Machine
2026-01-28T09:32:58.678674446Z I0128 09:32:58.678662       1 actuator.go:108] ci-ln-vjb5l1t-76ef8-snmcd-worker-us-west-1c-mj4l8: actuator checking if machine exists
2026-01-28T09:32:58.786281647Z I0128 09:32:58.786215       1 reconciler.go:539] ci-ln-vjb5l1t-76ef8-snmcd-worker-us-west-1c-mj4l8: Found instance by id: i-0b0dc084c90fc4dab
2026-01-28T09:32:58.786281647Z I0128 09:32:58.786247       1 controller.go:357] ci-ln-vjb5l1t-76ef8-snmcd-worker-us-west-1c-mj4l8: reconciling machine triggers idempotent update
2026-01-28T09:32:58.786281647Z I0128 09:32:58.786256       1 actuator.go:125] ci-ln-vjb5l1t-76ef8-snmcd-worker-us-west-1c-mj4l8: actuator updating machine
2026-01-28T09:32:58.786851057Z I0128 09:32:58.786832       1 reconciler.go:197] ci-ln-vjb5l1t-76ef8-snmcd-worker-us-west-1c-mj4l8: updating machine
2026-01-28T09:32:58.857146373Z I0128 09:32:58.857109       1 reconciler.go:539] ci-ln-vjb5l1t-76ef8-snmcd-worker-us-west-1c-mj4l8: Found instance by id: i-0b0dc084c90fc4dab
2026-01-28T09:32:58.857292306Z I0128 09:32:58.857276       1 reconciler.go:271] ci-ln-vjb5l1t-76ef8-snmcd-worker-us-west-1c-mj4l8: found 1 running instances for machine
2026-01-28T09:32:58.857336287Z I0128 09:32:58.857325       1 reconciler.go:455] ci-ln-vjb5l1t-76ef8-snmcd-worker-us-west-1c-mj4l8: ProviderID set at machine spec: aws:///us-west-1c/i-0b0dc084c90fc4dab
2026-01-28T09:32:58.857457289Z I0128 09:32:58.857442       1 reconciler.go:301] Updated machine ci-ln-vjb5l1t-76ef8-snmcd-worker-us-west-1c-mj4l8
2026-01-28T09:32:58.857492929Z I0128 09:32:58.857481       1 machine_scope.go:167] ci-ln-vjb5l1t-76ef8-snmcd-worker-us-west-1c-mj4l8: Updating status
2026-01-28T09:32:58.938781043Z I0128 09:32:58.938741       1 machine_scope.go:193] ci-ln-vjb5l1t-76ef8-snmcd-worker-us-west-1c-mj4l8: finished calculating AWS status
2026-01-28T09:32:58.938781043Z I0128 09:32:58.938764       1 machine_scope.go:90] ci-ln-vjb5l1t-76ef8-snmcd-worker-us-west-1c-mj4l8: patching machine
2026-01-28T09:32:58.959735059Z I0128 09:32:58.959702       1 controller.go:496] ci-ln-vjb5l1t-76ef8-snmcd-worker-us-west-1c-mj4l8: going into phase "Provisioned"
2026-01-28T09:32:58.959878562Z I0128 09:32:58.959846       1 recorder.go:104] "msg"="Updated Machine ci-ln-vjb5l1t-76ef8-snmcd-worker-us-west-1c-mj4l8" "logger"="events" "object"={"kind":"Machine","namespace":"openshift-machine-api","name":"ci-ln-vjb5l1t-76ef8-snmcd-worker-us-west-1c-mj4l8","uid":"f0bfce4f-1f20-43e2-8b6e-948f041f55d7","apiVersion":"machine.openshift.io/v1beta1","resourceVersion":"12414"} "reason"="Update" "type"="Normal"
2026-01-28T09:32:58.968159763Z I0128 09:32:58.968139       1 controller.go:385] ci-ln-vjb5l1t-76ef8-snmcd-worker-us-west-1c-mj4l8: has no node yet, requeuing
2026-01-28T09:32:58.968312225Z I0128 09:32:58.968292       1 controller.go:173] ci-ln-vjb5l1t-76ef8-snmcd-worker-us-west-1c-rgb9d: reconciling Machine
2026-01-28T09:32:58.968388037Z I0128 09:32:58.968375       1 actuator.go:108] ci-ln-vjb5l1t-76ef8-snmcd-worker-us-west-1c-rgb9d: actuator checking if machine exists
2026-01-28T09:32:59.091049514Z I0128 09:32:59.091011       1 reconciler.go:539] ci-ln-vjb5l1t-76ef8-snmcd-worker-us-west-1c-rgb9d: Found instance by id: i-039c1b44e22269044
2026-01-28T09:32:59.091145216Z I0128 09:32:59.091130       1 controller.go:357] ci-ln-vjb5l1t-76ef8-snmcd-worker-us-west-1c-rgb9d: reconciling machine triggers idempotent update
2026-01-28T09:32:59.091192827Z I0128 09:32:59.091171       1 actuator.go:125] ci-ln-vjb5l1t-76ef8-snmcd-worker-us-west-1c-rgb9d: actuator updating machine
2026-01-28T09:32:59.091982310Z I0128 09:32:59.091965       1 reconciler.go:197] ci-ln-vjb5l1t-76ef8-snmcd-worker-us-west-1c-rgb9d: updating machine
2026-01-28T09:32:59.155272157Z I0128 09:32:59.155229       1 reconciler.go:539] ci-ln-vjb5l1t-76ef8-snmcd-worker-us-west-1c-rgb9d: Found instance by id: i-039c1b44e22269044
2026-01-28T09:32:59.155373019Z I0128 09:32:59.155316       1 reconciler.go:455] ci-ln-vjb5l1t-76ef8-snmcd-worker-us-west-1c-rgb9d: ProviderID set at machine spec: aws:///us-west-1c/i-039c1b44e22269044
2026-01-28T09:32:59.155423009Z I0128 09:32:59.155401       1 reconciler.go:301] Updated machine ci-ln-vjb5l1t-76ef8-snmcd-worker-us-west-1c-rgb9d
2026-01-28T09:32:59.155423009Z I0128 09:32:59.155410       1 machine_scope.go:167] ci-ln-vjb5l1t-76ef8-snmcd-worker-us-west-1c-rgb9d: Updating status
2026-01-28T09:32:59.229103703Z I0128 09:32:59.229063       1 machine_scope.go:193] ci-ln-vjb5l1t-76ef8-snmcd-worker-us-west-1c-rgb9d: finished calculating AWS status
2026-01-28T09:32:59.229103703Z I0128 09:32:59.229080       1 reconciler.go:512] ci-ln-vjb5l1t-76ef8-snmcd-worker-us-west-1c-rgb9d: Instance state still pending, returning an error to requeue
2026-01-28T09:32:59.229103703Z I0128 09:32:59.229088       1 machine_scope.go:90] ci-ln-vjb5l1t-76ef8-snmcd-worker-us-west-1c-rgb9d: patching machine
2026-01-28T09:33:09.267603812Z E0128 09:33:09.267554       1 actuator.go:72] ci-ln-vjb5l1t-76ef8-snmcd-worker-us-west-1c-rgb9d error: ci-ln-vjb5l1t-76ef8-snmcd-worker-us-west-1c-rgb9d: reconciler failed to Update machine: requeue in: 20s
2026-01-28T09:33:09.267846007Z E0128 09:33:09.267827       1 controller.go:359] ci-ln-vjb5l1t-76ef8-snmcd-worker-us-west-1c-rgb9d: error updating machine: ci-ln-vjb5l1t-76ef8-snmcd-worker-us-west-1c-rgb9d: reconciler failed to Update machine: requeue in: 20s, retrying in 30s seconds
2026-01-28T09:33:09.268563232Z I0128 09:33:09.268539       1 recorder.go:104] "msg"="ci-ln-vjb5l1t-76ef8-snmcd-worker-us-west-1c-rgb9d: reconciler failed to Update machine: requeue in: 20s" "logger"="events" "object"={"kind":"Machine","namespace":"openshift-machine-api","name":"ci-ln-vjb5l1t-76ef8-snmcd-worker-us-west-1c-rgb9d","uid":"a34da133-b32d-4a40-896e-67430a3d5763","apiVersion":"machine.openshift.io/v1beta1","resourceVersion":"12667"} "reason"="FailedUpdate" "type"="Warning"
2026-01-28T09:33:09.276836004Z I0128 09:33:09.276814       1 controller.go:173] ci-ln-vjb5l1t-76ef8-snmcd-master-0: reconciling Machine
2026-01-28T09:33:09.276929646Z I0128 09:33:09.276878       1 actuator.go:108] ci-ln-vjb5l1t-76ef8-snmcd-master-0: actuator checking if machine exists
2026-01-28T09:33:09.347674158Z I0128 09:33:09.347628       1 reconciler.go:539] ci-ln-vjb5l1t-76ef8-snmcd-master-0: Found instance by id: i-0ef0478c5528c9769
2026-01-28T09:33:09.347674158Z I0128 09:33:09.347658       1 controller.go:357] ci-ln-vjb5l1t-76ef8-snmcd-master-0: reconciling machine triggers idempotent update
2026-01-28T09:33:09.347674158Z I0128 09:33:09.347666       1 actuator.go:125] ci-ln-vjb5l1t-76ef8-snmcd-master-0: actuator updating machine
2026-01-28T09:33:09.348239700Z I0128 09:33:09.348219       1 reconciler.go:197] ci-ln-vjb5l1t-76ef8-snmcd-master-0: updating machine
2026-01-28T09:33:09.416954170Z I0128 09:33:09.416908       1 reconciler.go:539] ci-ln-vjb5l1t-76ef8-snmcd-master-0: Found instance by id: i-0ef0478c5528c9769
2026-01-28T09:33:09.416999891Z I0128 09:33:09.416990       1 reconciler.go:271] ci-ln-vjb5l1t-76ef8-snmcd-master-0: found 1 running instances for machine
2026-01-28T09:33:09.667362681Z I0128 09:33:09.667289       1 reconciler.go:451] ci-ln-vjb5l1t-76ef8-snmcd-master-0: ProviderID already set in the machine Spec with value:aws:///us-west-1c/i-0ef0478c5528c9769
2026-01-28T09:33:09.667413513Z I0128 09:33:09.667406       1 reconciler.go:301] Updated machine ci-ln-vjb5l1t-76ef8-snmcd-master-0
2026-01-28T09:33:09.667427183Z I0128 09:33:09.667413       1 machine_scope.go:167] ci-ln-vjb5l1t-76ef8-snmcd-master-0: Updating status
2026-01-28T09:33:09.734335075Z I0128 09:33:09.734284       1 machine_scope.go:193] ci-ln-vjb5l1t-76ef8-snmcd-master-0: finished calculating AWS status
2026-01-28T09:33:09.734335075Z I0128 09:33:09.734307       1 machine_scope.go:90] ci-ln-vjb5l1t-76ef8-snmcd-master-0: patching machine
2026-01-28T09:33:09.753337821Z I0128 09:33:09.753297       1 controller.go:173] ci-ln-vjb5l1t-76ef8-snmcd-master-1: reconciling Machine
2026-01-28T09:33:09.753421263Z I0128 09:33:09.753409       1 actuator.go:108] ci-ln-vjb5l1t-76ef8-snmcd-master-1: actuator checking if machine exists
2026-01-28T09:33:09.831435096Z I0128 09:33:09.831400       1 reconciler.go:539] ci-ln-vjb5l1t-76ef8-snmcd-master-1: Found instance by id: i-056ab182efb057c55
2026-01-28T09:33:09.831478747Z I0128 09:33:09.831447       1 controller.go:357] ci-ln-vjb5l1t-76ef8-snmcd-master-1: reconciling machine triggers idempotent update
2026-01-28T09:33:09.831478747Z I0128 09:33:09.831455       1 actuator.go:125] ci-ln-vjb5l1t-76ef8-snmcd-master-1: actuator updating machine
2026-01-28T09:33:09.831968718Z I0128 09:33:09.831942       1 reconciler.go:197] ci-ln-vjb5l1t-76ef8-snmcd-master-1: updating machine
2026-01-28T09:33:09.909714816Z I0128 09:33:09.909663       1 reconciler.go:539] ci-ln-vjb5l1t-76ef8-snmcd-master-1: Found instance by id: i-056ab182efb057c55
2026-01-28T09:33:09.909760056Z I0128 09:33:09.909742       1 reconciler.go:271] ci-ln-vjb5l1t-76ef8-snmcd-master-1: found 1 running instances for machine
2026-01-28T09:33:10.155453970Z I0128 09:33:10.155408       1 reconciler.go:451] ci-ln-vjb5l1t-76ef8-snmcd-master-1: ProviderID already set in the machine Spec with value:aws:///us-west-1a/i-056ab182efb057c55
2026-01-28T09:33:10.155512541Z I0128 09:33:10.155504       1 reconciler.go:301] Updated machine ci-ln-vjb5l1t-76ef8-snmcd-master-1
2026-01-28T09:33:10.155512541Z I0128 09:33:10.155509       1 machine_scope.go:167] ci-ln-vjb5l1t-76ef8-snmcd-master-1: Updating status
2026-01-28T09:33:10.252004389Z I0128 09:33:10.251963       1 machine_scope.go:193] ci-ln-vjb5l1t-76ef8-snmcd-master-1: finished calculating AWS status
2026-01-28T09:33:10.252004389Z I0128 09:33:10.251981       1 machine_scope.go:90] ci-ln-vjb5l1t-76ef8-snmcd-master-1: patching machine
2026-01-28T09:33:10.269404721Z I0128 09:33:10.269378       1 controller.go:173] ci-ln-vjb5l1t-76ef8-snmcd-master-2: reconciling Machine
2026-01-28T09:33:10.269461432Z I0128 09:33:10.269450       1 actuator.go:108] ci-ln-vjb5l1t-76ef8-snmcd-master-2: actuator checking if machine exists
2026-01-28T09:33:10.344024304Z I0128 09:33:10.343979       1 reconciler.go:539] ci-ln-vjb5l1t-76ef8-snmcd-master-2: Found instance by id: i-010583ba086028d2a
2026-01-28T09:33:10.344024304Z I0128 09:33:10.344010       1 controller.go:357] ci-ln-vjb5l1t-76ef8-snmcd-master-2: reconciling machine triggers idempotent update
2026-01-28T09:33:10.344024304Z I0128 09:33:10.344018       1 actuator.go:125] ci-ln-vjb5l1t-76ef8-snmcd-master-2: actuator updating machine
2026-01-28T09:33:10.344542025Z I0128 09:33:10.344520       1 reconciler.go:197] ci-ln-vjb5l1t-76ef8-snmcd-master-2: updating machine
2026-01-28T09:33:10.420397844Z I0128 09:33:10.420351       1 reconciler.go:539] ci-ln-vjb5l1t-76ef8-snmcd-master-2: Found instance by id: i-010583ba086028d2a
2026-01-28T09:33:10.420443815Z I0128 09:33:10.420436       1 reconciler.go:271] ci-ln-vjb5l1t-76ef8-snmcd-master-2: found 1 running instances for machine
2026-01-28T09:33:10.665728460Z I0128 09:33:10.665677       1 reconciler.go:451] ci-ln-vjb5l1t-76ef8-snmcd-master-2: ProviderID already set in the machine Spec with value:aws:///us-west-1c/i-010583ba086028d2a
2026-01-28T09:33:10.665794151Z I0128 09:33:10.665784       1 reconciler.go:301] Updated machine ci-ln-vjb5l1t-76ef8-snmcd-master-2
2026-01-28T09:33:10.665794151Z I0128 09:33:10.665790       1 machine_scope.go:167] ci-ln-vjb5l1t-76ef8-snmcd-master-2: Updating status
2026-01-28T09:33:10.738432063Z I0128 09:33:10.738380       1 machine_scope.go:193] ci-ln-vjb5l1t-76ef8-snmcd-master-2: finished calculating AWS status
2026-01-28T09:33:10.738432063Z I0128 09:33:10.738401       1 machine_scope.go:90] ci-ln-vjb5l1t-76ef8-snmcd-master-2: patching machine
2026-01-28T09:33:10.756529169Z I0128 09:33:10.756481       1 controller.go:173] ci-ln-vjb5l1t-76ef8-snmcd-worker-us-west-1a-8x8wj: reconciling Machine
2026-01-28T09:33:10.756529169Z I0128 09:33:10.756510       1 actuator.go:108] ci-ln-vjb5l1t-76ef8-snmcd-worker-us-west-1a-8x8wj: actuator checking if machine exists
2026-01-28T09:33:10.849586036Z I0128 09:33:10.849545       1 reconciler.go:539] ci-ln-vjb5l1t-76ef8-snmcd-worker-us-west-1a-8x8wj: Found instance by id: i-055b83ab99acf565e
2026-01-28T09:33:10.849586036Z I0128 09:33:10.849573       1 controller.go:357] ci-ln-vjb5l1t-76ef8-snmcd-worker-us-west-1a-8x8wj: reconciling machine triggers idempotent update
2026-01-28T09:33:10.849586036Z I0128 09:33:10.849581       1 actuator.go:125] ci-ln-vjb5l1t-76ef8-snmcd-worker-us-west-1a-8x8wj: actuator updating machine
2026-01-28T09:33:10.850082127Z I0128 09:33:10.850054       1 reconciler.go:197] ci-ln-vjb5l1t-76ef8-snmcd-worker-us-west-1a-8x8wj: updating machine
2026-01-28T09:33:10.931093722Z I0128 09:33:10.931043       1 reconciler.go:539] ci-ln-vjb5l1t-76ef8-snmcd-worker-us-west-1a-8x8wj: Found instance by id: i-055b83ab99acf565e
2026-01-28T09:33:10.931140223Z I0128 09:33:10.931120       1 reconciler.go:271] ci-ln-vjb5l1t-76ef8-snmcd-worker-us-west-1a-8x8wj: found 1 running instances for machine
2026-01-28T09:33:10.931140223Z I0128 09:33:10.931129       1 reconciler.go:455] ci-ln-vjb5l1t-76ef8-snmcd-worker-us-west-1a-8x8wj: ProviderID set at machine spec: aws:///us-west-1a/i-055b83ab99acf565e
2026-01-28T09:33:10.931228445Z I0128 09:33:10.931208       1 reconciler.go:301] Updated machine ci-ln-vjb5l1t-76ef8-snmcd-worker-us-west-1a-8x8wj
2026-01-28T09:33:10.931228445Z I0128 09:33:10.931218       1 machine_scope.go:167] ci-ln-vjb5l1t-76ef8-snmcd-worker-us-west-1a-8x8wj: Updating status
2026-01-28T09:33:11.004117592Z I0128 09:33:11.004077       1 machine_scope.go:193] ci-ln-vjb5l1t-76ef8-snmcd-worker-us-west-1a-8x8wj: finished calculating AWS status
2026-01-28T09:33:11.004117592Z I0128 09:33:11.004099       1 machine_scope.go:90] ci-ln-vjb5l1t-76ef8-snmcd-worker-us-west-1a-8x8wj: patching machine
2026-01-28T09:33:21.028657154Z I0128 09:33:21.028626       1 controller.go:496] ci-ln-vjb5l1t-76ef8-snmcd-worker-us-west-1a-8x8wj: going into phase "Provisioned"
2026-01-28T09:33:21.029123993Z I0128 09:33:21.028753       1 recorder.go:104] "msg"="Updated Machine ci-ln-vjb5l1t-76ef8-snmcd-worker-us-west-1a-8x8wj" "logger"="events" "object"={"kind":"Machine","namespace":"openshift-machine-api","name":"ci-ln-vjb5l1t-76ef8-snmcd-worker-us-west-1a-8x8wj","uid":"a878480a-fd83-4b81-a204-cdbe8ec286b7","apiVersion":"machine.openshift.io/v1beta1","resourceVersion":"12761"} "reason"="Update" "type"="Normal"
2026-01-28T09:33:21.039505550Z I0128 09:33:21.039482       1 controller.go:385] ci-ln-vjb5l1t-76ef8-snmcd-worker-us-west-1a-8x8wj: has no node yet, requeuing
2026-01-28T09:33:21.039786396Z I0128 09:33:21.039770       1 controller.go:173] ci-ln-vjb5l1t-76ef8-snmcd-worker-us-west-1c-mj4l8: reconciling Machine
2026-01-28T09:33:21.039856627Z I0128 09:33:21.039845       1 actuator.go:108] ci-ln-vjb5l1t-76ef8-snmcd-worker-us-west-1c-mj4l8: actuator checking if machine exists
2026-01-28T09:33:21.152156090Z I0128 09:33:21.152121       1 reconciler.go:539] ci-ln-vjb5l1t-76ef8-snmcd-worker-us-west-1c-mj4l8: Found instance by id: i-0b0dc084c90fc4dab
2026-01-28T09:33:21.152236181Z I0128 09:33:21.152223       1 controller.go:357] ci-ln-vjb5l1t-76ef8-snmcd-worker-us-west-1c-mj4l8: reconciling machine triggers idempotent update
2026-01-28T09:33:21.152271322Z I0128 09:33:21.152261       1 actuator.go:125] ci-ln-vjb5l1t-76ef8-snmcd-worker-us-west-1c-mj4l8: actuator updating machine
2026-01-28T09:33:21.152805183Z I0128 09:33:21.152776       1 reconciler.go:197] ci-ln-vjb5l1t-76ef8-snmcd-worker-us-west-1c-mj4l8: updating machine
2026-01-28T09:33:21.227063472Z I0128 09:33:21.227021       1 reconciler.go:539] ci-ln-vjb5l1t-76ef8-snmcd-worker-us-west-1c-mj4l8: Found instance by id: i-0b0dc084c90fc4dab
2026-01-28T09:33:21.227111153Z I0128 09:33:21.227097       1 reconciler.go:271] ci-ln-vjb5l1t-76ef8-snmcd-worker-us-west-1c-mj4l8: found 1 running instances for machine
2026-01-28T09:33:21.227111153Z I0128 09:33:21.227106       1 reconciler.go:451] ci-ln-vjb5l1t-76ef8-snmcd-worker-us-west-1c-mj4l8: ProviderID already set in the machine Spec with value:aws:///us-west-1c/i-0b0dc084c90fc4dab
2026-01-28T09:33:21.227306077Z I0128 09:33:21.227286       1 reconciler.go:301] Updated machine ci-ln-vjb5l1t-76ef8-snmcd-worker-us-west-1c-mj4l8
2026-01-28T09:33:21.227306077Z I0128 09:33:21.227299       1 machine_scope.go:167] ci-ln-vjb5l1t-76ef8-snmcd-worker-us-west-1c-mj4l8: Updating status
2026-01-28T09:33:21.300937833Z I0128 09:33:21.300865       1 machine_scope.go:193] ci-ln-vjb5l1t-76ef8-snmcd-worker-us-west-1c-mj4l8: finished calculating AWS status
2026-01-28T09:33:21.300937833Z I0128 09:33:21.300896       1 machine_scope.go:90] ci-ln-vjb5l1t-76ef8-snmcd-worker-us-west-1c-mj4l8: patching machine
2026-01-28T09:33:21.314987576Z I0128 09:33:21.314948       1 controller.go:385] ci-ln-vjb5l1t-76ef8-snmcd-worker-us-west-1c-mj4l8: has no node yet, requeuing
2026-01-28T09:33:21.315078298Z I0128 09:33:21.315060       1 controller.go:173] ci-ln-vjb5l1t-76ef8-snmcd-worker-us-west-1c-rgb9d: reconciling Machine
2026-01-28T09:33:21.315103039Z I0128 09:33:21.315094       1 actuator.go:108] ci-ln-vjb5l1t-76ef8-snmcd-worker-us-west-1c-rgb9d: actuator checking if machine exists
2026-01-28T09:33:21.466260792Z I0128 09:33:21.466208       1 reconciler.go:539] ci-ln-vjb5l1t-76ef8-snmcd-worker-us-west-1c-rgb9d: Found instance by id: i-039c1b44e22269044
2026-01-28T09:33:21.466260792Z I0128 09:33:21.466238       1 controller.go:357] ci-ln-vjb5l1t-76ef8-snmcd-worker-us-west-1c-rgb9d: reconciling machine triggers idempotent update
2026-01-28T09:33:21.466308413Z I0128 09:33:21.466258       1 actuator.go:125] ci-ln-vjb5l1t-76ef8-snmcd-worker-us-west-1c-rgb9d: actuator updating machine
2026-01-28T09:33:21.466769762Z I0128 09:33:21.466742       1 reconciler.go:197] ci-ln-vjb5l1t-76ef8-snmcd-worker-us-west-1c-rgb9d: updating machine
2026-01-28T09:33:21.543257028Z I0128 09:33:21.543207       1 reconciler.go:539] ci-ln-vjb5l1t-76ef8-snmcd-worker-us-west-1c-rgb9d: Found instance by id: i-039c1b44e22269044
2026-01-28T09:33:21.543345009Z I0128 09:33:21.543298       1 reconciler.go:271] ci-ln-vjb5l1t-76ef8-snmcd-worker-us-west-1c-rgb9d: found 1 running instances for machine
2026-01-28T09:33:21.543345009Z I0128 09:33:21.543312       1 reconciler.go:451] ci-ln-vjb5l1t-76ef8-snmcd-worker-us-west-1c-rgb9d: ProviderID already set in the machine Spec with value:aws:///us-west-1c/i-039c1b44e22269044
2026-01-28T09:33:21.543426251Z I0128 09:33:21.543385       1 reconciler.go:301] Updated machine ci-ln-vjb5l1t-76ef8-snmcd-worker-us-west-1c-rgb9d
2026-01-28T09:33:21.543426251Z I0128 09:33:21.543410       1 machine_scope.go:167] ci-ln-vjb5l1t-76ef8-snmcd-worker-us-west-1c-rgb9d: Updating status
2026-01-28T09:33:21.619099040Z I0128 09:33:21.619061       1 machine_scope.go:193] ci-ln-vjb5l1t-76ef8-snmcd-worker-us-west-1c-rgb9d: finished calculating AWS status
2026-01-28T09:33:21.619099040Z I0128 09:33:21.619077       1 machine_scope.go:90] ci-ln-vjb5l1t-76ef8-snmcd-worker-us-west-1c-rgb9d: patching machine
2026-01-28T09:33:31.645203917Z I0128 09:33:31.645164       1 controller.go:496] ci-ln-vjb5l1t-76ef8-snmcd-worker-us-west-1c-rgb9d: going into phase "Provisioned"
2026-01-28T09:33:31.645339239Z I0128 09:33:31.645313       1 recorder.go:104] "msg"="Updated Machine ci-ln-vjb5l1t-76ef8-snmcd-worker-us-west-1c-rgb9d" "logger"="events" "object"={"kind":"Machine","namespace":"openshift-machine-api","name":"ci-ln-vjb5l1t-76ef8-snmcd-worker-us-west-1c-rgb9d","uid":"a34da133-b32d-4a40-896e-67430a3d5763","apiVersion":"machine.openshift.io/v1beta1","resourceVersion":"12851"} "reason"="Update" "type"="Normal"
2026-01-28T09:33:31.653505880Z I0128 09:33:31.653328       1 controller.go:385] ci-ln-vjb5l1t-76ef8-snmcd-worker-us-west-1c-rgb9d: has no node yet, requeuing
2026-01-28T09:33:31.653505880Z I0128 09:33:31.653404       1 controller.go:173] ci-ln-vjb5l1t-76ef8-snmcd-master-0: reconciling Machine
2026-01-28T09:33:31.653505880Z I0128 09:33:31.653415       1 actuator.go:108] ci-ln-vjb5l1t-76ef8-snmcd-master-0: actuator checking if machine exists
2026-01-28T09:33:31.727302569Z I0128 09:33:31.727273       1 reconciler.go:539] ci-ln-vjb5l1t-76ef8-snmcd-master-0: Found instance by id: i-0ef0478c5528c9769
2026-01-28T09:33:31.727302569Z I0128 09:33:31.727294       1 controller.go:357] ci-ln-vjb5l1t-76ef8-snmcd-master-0: reconciling machine triggers idempotent update
2026-01-28T09:33:31.727346780Z I0128 09:33:31.727299       1 actuator.go:125] ci-ln-vjb5l1t-76ef8-snmcd-master-0: actuator updating machine
2026-01-28T09:33:31.727732668Z I0128 09:33:31.727714       1 reconciler.go:197] ci-ln-vjb5l1t-76ef8-snmcd-master-0: updating machine
2026-01-28T09:33:31.785358970Z I0128 09:33:31.785326       1 reconciler.go:539] ci-ln-vjb5l1t-76ef8-snmcd-master-0: Found instance by id: i-0ef0478c5528c9769
2026-01-28T09:33:31.785397571Z I0128 09:33:31.785373       1 reconciler.go:271] ci-ln-vjb5l1t-76ef8-snmcd-master-0: found 1 running instances for machine
2026-01-28T09:33:32.048279704Z I0128 09:33:32.048236       1 reconciler.go:451] ci-ln-vjb5l1t-76ef8-snmcd-master-0: ProviderID already set in the machine Spec with value:aws:///us-west-1c/i-0ef0478c5528c9769
2026-01-28T09:33:32.048365036Z I0128 09:33:32.048343       1 reconciler.go:301] Updated machine ci-ln-vjb5l1t-76ef8-snmcd-master-0
2026-01-28T09:33:32.048365036Z I0128 09:33:32.048355       1 machine_scope.go:167] ci-ln-vjb5l1t-76ef8-snmcd-master-0: Updating status
2026-01-28T09:33:32.134629886Z I0128 09:33:32.134582       1 machine_scope.go:193] ci-ln-vjb5l1t-76ef8-snmcd-master-0: finished calculating AWS status
2026-01-28T09:33:32.134629886Z I0128 09:33:32.134602       1 machine_scope.go:90] ci-ln-vjb5l1t-76ef8-snmcd-master-0: patching machine
2026-01-28T09:33:32.151574809Z I0128 09:33:32.151542       1 controller.go:173] ci-ln-vjb5l1t-76ef8-snmcd-master-1: reconciling Machine
2026-01-28T09:33:32.151574809Z I0128 09:33:32.151563       1 actuator.go:108] ci-ln-vjb5l1t-76ef8-snmcd-master-1: actuator checking if machine exists
2026-01-28T09:33:32.212362787Z I0128 09:33:32.212321       1 reconciler.go:539] ci-ln-vjb5l1t-76ef8-snmcd-master-1: Found instance by id: i-056ab182efb057c55
2026-01-28T09:33:32.212362787Z I0128 09:33:32.212345       1 controller.go:357] ci-ln-vjb5l1t-76ef8-snmcd-master-1: reconciling machine triggers idempotent update
2026-01-28T09:33:32.212362787Z I0128 09:33:32.212351       1 actuator.go:125] ci-ln-vjb5l1t-76ef8-snmcd-master-1: actuator updating machine
2026-01-28T09:33:32.212848807Z I0128 09:33:32.212829       1 reconciler.go:197] ci-ln-vjb5l1t-76ef8-snmcd-master-1: updating machine
2026-01-28T09:33:32.284146554Z I0128 09:33:32.284105       1 reconciler.go:539] ci-ln-vjb5l1t-76ef8-snmcd-master-1: Found instance by id: i-056ab182efb057c55
2026-01-28T09:33:32.284204386Z I0128 09:33:32.284171       1 reconciler.go:271] ci-ln-vjb5l1t-76ef8-snmcd-master-1: found 1 running instances for machine
2026-01-28T09:33:32.540812408Z I0128 09:33:32.540774       1 reconciler.go:451] ci-ln-vjb5l1t-76ef8-snmcd-master-1: ProviderID already set in the machine Spec with value:aws:///us-west-1a/i-056ab182efb057c55
2026-01-28T09:33:32.540913400Z I0128 09:33:32.540869       1 reconciler.go:301] Updated machine ci-ln-vjb5l1t-76ef8-snmcd-master-1
2026-01-28T09:33:32.540913400Z I0128 09:33:32.540906       1 machine_scope.go:167] ci-ln-vjb5l1t-76ef8-snmcd-master-1: Updating status
2026-01-28T09:33:32.619621232Z I0128 09:33:32.619465       1 machine_scope.go:193] ci-ln-vjb5l1t-76ef8-snmcd-master-1: finished calculating AWS status
2026-01-28T09:33:32.619621232Z I0128 09:33:32.619484       1 machine_scope.go:90] ci-ln-vjb5l1t-76ef8-snmcd-master-1: patching machine
2026-01-28T09:33:32.634384140Z I0128 09:33:32.634361       1 controller.go:173] ci-ln-vjb5l1t-76ef8-snmcd-worker-us-west-1a-8x8wj: reconciling Machine
2026-01-28T09:33:32.634384140Z I0128 09:33:32.634377       1 actuator.go:108] ci-ln-vjb5l1t-76ef8-snmcd-worker-us-west-1a-8x8wj: actuator checking if machine exists
2026-01-28T09:33:32.709633789Z I0128 09:33:32.709576       1 reconciler.go:539] ci-ln-vjb5l1t-76ef8-snmcd-worker-us-west-1a-8x8wj: Found instance by id: i-055b83ab99acf565e
2026-01-28T09:33:32.709633789Z I0128 09:33:32.709602       1 controller.go:357] ci-ln-vjb5l1t-76ef8-snmcd-worker-us-west-1a-8x8wj: reconciling machine triggers idempotent update
2026-01-28T09:33:32.709633789Z I0128 09:33:32.709610       1 actuator.go:125] ci-ln-vjb5l1t-76ef8-snmcd-worker-us-west-1a-8x8wj: actuator updating machine
2026-01-28T09:33:32.710153560Z I0128 09:33:32.710134       1 reconciler.go:197] ci-ln-vjb5l1t-76ef8-snmcd-worker-us-west-1a-8x8wj: updating machine
2026-01-28T09:33:32.779070768Z I0128 09:33:32.779030       1 reconciler.go:539] ci-ln-vjb5l1t-76ef8-snmcd-worker-us-west-1a-8x8wj: Found instance by id: i-055b83ab99acf565e
2026-01-28T09:33:32.779116029Z I0128 09:33:32.779096       1 reconciler.go:271] ci-ln-vjb5l1t-76ef8-snmcd-worker-us-west-1a-8x8wj: found 1 running instances for machine
2026-01-28T09:33:32.779116029Z I0128 09:33:32.779103       1 reconciler.go:451] ci-ln-vjb5l1t-76ef8-snmcd-worker-us-west-1a-8x8wj: ProviderID already set in the machine Spec with value:aws:///us-west-1a/i-055b83ab99acf565e
2026-01-28T09:33:32.779197881Z I0128 09:33:32.779178       1 reconciler.go:301] Updated machine ci-ln-vjb5l1t-76ef8-snmcd-worker-us-west-1a-8x8wj
2026-01-28T09:33:32.779197881Z I0128 09:33:32.779190       1 machine_scope.go:167] ci-ln-vjb5l1t-76ef8-snmcd-worker-us-west-1a-8x8wj: Updating status
2026-01-28T09:33:32.864765186Z I0128 09:33:32.864718       1 machine_scope.go:193] ci-ln-vjb5l1t-76ef8-snmcd-worker-us-west-1a-8x8wj: finished calculating AWS status
2026-01-28T09:33:32.864765186Z I0128 09:33:32.864737       1 machine_scope.go:90] ci-ln-vjb5l1t-76ef8-snmcd-worker-us-west-1a-8x8wj: patching machine
2026-01-28T09:33:32.877599913Z I0128 09:33:32.877574       1 controller.go:385] ci-ln-vjb5l1t-76ef8-snmcd-worker-us-west-1a-8x8wj: has no node yet, requeuing
2026-01-28T09:33:32.877713266Z I0128 09:33:32.877690       1 controller.go:173] ci-ln-vjb5l1t-76ef8-snmcd-master-2: reconciling Machine
2026-01-28T09:33:32.877713266Z I0128 09:33:32.877706       1 actuator.go:108] ci-ln-vjb5l1t-76ef8-snmcd-master-2: actuator checking if machine exists
2026-01-28T09:33:32.957877268Z I0128 09:33:32.957837       1 reconciler.go:539] ci-ln-vjb5l1t-76ef8-snmcd-master-2: Found instance by id: i-010583ba086028d2a
2026-01-28T09:33:32.957877268Z I0128 09:33:32.957861       1 controller.go:357] ci-ln-vjb5l1t-76ef8-snmcd-master-2: reconciling machine triggers idempotent update
2026-01-28T09:33:32.957877268Z I0128 09:33:32.957867       1 actuator.go:125] ci-ln-vjb5l1t-76ef8-snmcd-master-2: actuator updating machine
2026-01-28T09:33:32.958410819Z I0128 09:33:32.958388       1 reconciler.go:197] ci-ln-vjb5l1t-76ef8-snmcd-master-2: updating machine
2026-01-28T09:33:33.032946634Z I0128 09:33:33.032876       1 reconciler.go:539] ci-ln-vjb5l1t-76ef8-snmcd-master-2: Found instance by id: i-010583ba086028d2a
2026-01-28T09:33:33.033018295Z I0128 09:33:33.033007       1 reconciler.go:271] ci-ln-vjb5l1t-76ef8-snmcd-master-2: found 1 running instances for machine
2026-01-28T09:33:33.282567000Z I0128 09:33:33.282526       1 reconciler.go:451] ci-ln-vjb5l1t-76ef8-snmcd-master-2: ProviderID already set in the machine Spec with value:aws:///us-west-1c/i-010583ba086028d2a
2026-01-28T09:33:33.282647462Z I0128 09:33:33.282617       1 reconciler.go:301] Updated machine ci-ln-vjb5l1t-76ef8-snmcd-master-2
2026-01-28T09:33:33.282647462Z I0128 09:33:33.282631       1 machine_scope.go:167] ci-ln-vjb5l1t-76ef8-snmcd-master-2: Updating status
2026-01-28T09:33:33.372182720Z I0128 09:33:33.372128       1 machine_scope.go:193] ci-ln-vjb5l1t-76ef8-snmcd-master-2: finished calculating AWS status
2026-01-28T09:33:33.372182720Z I0128 09:33:33.372148       1 machine_scope.go:90] ci-ln-vjb5l1t-76ef8-snmcd-master-2: patching machine
2026-01-28T09:33:33.389183435Z I0128 09:33:33.389153       1 controller.go:173] ci-ln-vjb5l1t-76ef8-snmcd-worker-us-west-1c-mj4l8: reconciling Machine
2026-01-28T09:33:33.389183435Z I0128 09:33:33.389170       1 actuator.go:108] ci-ln-vjb5l1t-76ef8-snmcd-worker-us-west-1c-mj4l8: actuator checking if machine exists
2026-01-28T09:33:33.454689771Z I0128 09:33:33.454651       1 reconciler.go:539] ci-ln-vjb5l1t-76ef8-snmcd-worker-us-west-1c-mj4l8: Found instance by id: i-0b0dc084c90fc4dab
2026-01-28T09:33:33.454689771Z I0128 09:33:33.454676       1 controller.go:357] ci-ln-vjb5l1t-76ef8-snmcd-worker-us-west-1c-mj4l8: reconciling machine triggers idempotent update
2026-01-28T09:33:33.454689771Z I0128 09:33:33.454682       1 actuator.go:125] ci-ln-vjb5l1t-76ef8-snmcd-worker-us-west-1c-mj4l8: actuator updating machine
2026-01-28T09:33:33.455194652Z I0128 09:33:33.455173       1 reconciler.go:197] ci-ln-vjb5l1t-76ef8-snmcd-worker-us-west-1c-mj4l8: updating machine
2026-01-28T09:33:33.526365946Z I0128 09:33:33.526327       1 reconciler.go:539] ci-ln-vjb5l1t-76ef8-snmcd-worker-us-west-1c-mj4l8: Found instance by id: i-0b0dc084c90fc4dab
2026-01-28T09:33:33.526414077Z I0128 09:33:33.526403       1 reconciler.go:271] ci-ln-vjb5l1t-76ef8-snmcd-worker-us-west-1c-mj4l8: found 1 running instances for machine
2026-01-28T09:33:33.526427547Z I0128 09:33:33.526413       1 reconciler.go:451] ci-ln-vjb5l1t-76ef8-snmcd-worker-us-west-1c-mj4l8: ProviderID already set in the machine Spec with value:aws:///us-west-1c/i-0b0dc084c90fc4dab
2026-01-28T09:33:33.526506159Z I0128 09:33:33.526484       1 reconciler.go:301] Updated machine ci-ln-vjb5l1t-76ef8-snmcd-worker-us-west-1c-mj4l8
2026-01-28T09:33:33.526506159Z I0128 09:33:33.526495       1 machine_scope.go:167] ci-ln-vjb5l1t-76ef8-snmcd-worker-us-west-1c-mj4l8: Updating status
2026-01-28T09:33:33.607649061Z I0128 09:33:33.607604       1 machine_scope.go:193] ci-ln-vjb5l1t-76ef8-snmcd-worker-us-west-1c-mj4l8: finished calculating AWS status
2026-01-28T09:33:33.607649061Z I0128 09:33:33.607626       1 machine_scope.go:90] ci-ln-vjb5l1t-76ef8-snmcd-worker-us-west-1c-mj4l8: patching machine
2026-01-28T09:33:33.624693567Z I0128 09:33:33.624661       1 controller.go:385] ci-ln-vjb5l1t-76ef8-snmcd-worker-us-west-1c-mj4l8: has no node yet, requeuing
2026-01-28T09:33:33.624833520Z I0128 09:33:33.624810       1 controller.go:173] ci-ln-vjb5l1t-76ef8-snmcd-worker-us-west-1c-rgb9d: reconciling Machine
2026-01-28T09:33:33.624833520Z I0128 09:33:33.624826       1 actuator.go:108] ci-ln-vjb5l1t-76ef8-snmcd-worker-us-west-1c-rgb9d: actuator checking if machine exists
2026-01-28T09:33:33.693836929Z I0128 09:33:33.693796       1 reconciler.go:539] ci-ln-vjb5l1t-76ef8-snmcd-worker-us-west-1c-rgb9d: Found instance by id: i-039c1b44e22269044
2026-01-28T09:33:33.693836929Z I0128 09:33:33.693826       1 controller.go:357] ci-ln-vjb5l1t-76ef8-snmcd-worker-us-west-1c-rgb9d: reconciling machine triggers idempotent update
2026-01-28T09:33:33.693913451Z I0128 09:33:33.693834       1 actuator.go:125] ci-ln-vjb5l1t-76ef8-snmcd-worker-us-west-1c-rgb9d: actuator updating machine
2026-01-28T09:33:33.694372350Z I0128 09:33:33.694350       1 reconciler.go:197] ci-ln-vjb5l1t-76ef8-snmcd-worker-us-west-1c-rgb9d: updating machine
2026-01-28T09:33:33.755668179Z I0128 09:33:33.755630       1 reconciler.go:539] ci-ln-vjb5l1t-76ef8-snmcd-worker-us-west-1c-rgb9d: Found instance by id: i-039c1b44e22269044
2026-01-28T09:33:33.755721400Z I0128 09:33:33.755709       1 reconciler.go:271] ci-ln-vjb5l1t-76ef8-snmcd-worker-us-west-1c-rgb9d: found 1 running instances for machine
2026-01-28T09:33:33.755743181Z I0128 09:33:33.755719       1 reconciler.go:451] ci-ln-vjb5l1t-76ef8-snmcd-worker-us-west-1c-rgb9d: ProviderID already set in the machine Spec with value:aws:///us-west-1c/i-039c1b44e22269044
2026-01-28T09:33:33.755812822Z I0128 09:33:33.755789       1 reconciler.go:301] Updated machine ci-ln-vjb5l1t-76ef8-snmcd-worker-us-west-1c-rgb9d
2026-01-28T09:33:33.755812822Z I0128 09:33:33.755801       1 machine_scope.go:167] ci-ln-vjb5l1t-76ef8-snmcd-worker-us-west-1c-rgb9d: Updating status
2026-01-28T09:33:33.840553130Z I0128 09:33:33.840512       1 machine_scope.go:193] ci-ln-vjb5l1t-76ef8-snmcd-worker-us-west-1c-rgb9d: finished calculating AWS status
2026-01-28T09:33:33.840553130Z I0128 09:33:33.840529       1 machine_scope.go:90] ci-ln-vjb5l1t-76ef8-snmcd-worker-us-west-1c-rgb9d: patching machine
2026-01-28T09:33:33.856281828Z I0128 09:33:33.856246       1 controller.go:385] ci-ln-vjb5l1t-76ef8-snmcd-worker-us-west-1c-rgb9d: has no node yet, requeuing
2026-01-28T09:34:01.654152084Z I0128 09:34:01.654104       1 controller.go:173] ci-ln-vjb5l1t-76ef8-snmcd-worker-us-west-1c-rgb9d: reconciling Machine
2026-01-28T09:34:01.654152084Z I0128 09:34:01.654129       1 actuator.go:108] ci-ln-vjb5l1t-76ef8-snmcd-worker-us-west-1c-rgb9d: actuator checking if machine exists
2026-01-28T09:34:01.727006240Z I0128 09:34:01.726965       1 reconciler.go:539] ci-ln-vjb5l1t-76ef8-snmcd-worker-us-west-1c-rgb9d: Found instance by id: i-039c1b44e22269044
2026-01-28T09:34:01.727006240Z I0128 09:34:01.726995       1 controller.go:357] ci-ln-vjb5l1t-76ef8-snmcd-worker-us-west-1c-rgb9d: reconciling machine triggers idempotent update
2026-01-28T09:34:01.727006240Z I0128 09:34:01.727002       1 actuator.go:125] ci-ln-vjb5l1t-76ef8-snmcd-worker-us-west-1c-rgb9d: actuator updating machine
2026-01-28T09:34:01.727475720Z I0128 09:34:01.727452       1 reconciler.go:197] ci-ln-vjb5l1t-76ef8-snmcd-worker-us-west-1c-rgb9d: updating machine
2026-01-28T09:34:01.797339045Z I0128 09:34:01.797292       1 reconciler.go:539] ci-ln-vjb5l1t-76ef8-snmcd-worker-us-west-1c-rgb9d: Found instance by id: i-039c1b44e22269044
2026-01-28T09:34:01.797390336Z I0128 09:34:01.797369       1 reconciler.go:271] ci-ln-vjb5l1t-76ef8-snmcd-worker-us-west-1c-rgb9d: found 1 running instances for machine
2026-01-28T09:34:01.797390336Z I0128 09:34:01.797379       1 reconciler.go:451] ci-ln-vjb5l1t-76ef8-snmcd-worker-us-west-1c-rgb9d: ProviderID already set in the machine Spec with value:aws:///us-west-1c/i-039c1b44e22269044
2026-01-28T09:34:01.797473658Z I0128 09:34:01.797452       1 reconciler.go:301] Updated machine ci-ln-vjb5l1t-76ef8-snmcd-worker-us-west-1c-rgb9d
2026-01-28T09:34:01.797473658Z I0128 09:34:01.797463       1 machine_scope.go:167] ci-ln-vjb5l1t-76ef8-snmcd-worker-us-west-1c-rgb9d: Updating status
2026-01-28T09:34:01.888381198Z I0128 09:34:01.888323       1 machine_scope.go:193] ci-ln-vjb5l1t-76ef8-snmcd-worker-us-west-1c-rgb9d: finished calculating AWS status
2026-01-28T09:34:01.888381198Z I0128 09:34:01.888347       1 machine_scope.go:90] ci-ln-vjb5l1t-76ef8-snmcd-worker-us-west-1c-rgb9d: patching machine
2026-01-28T09:34:01.903364117Z I0128 09:34:01.903329       1 controller.go:385] ci-ln-vjb5l1t-76ef8-snmcd-worker-us-west-1c-rgb9d: has no node yet, requeuing
2026-01-28T09:34:02.878544944Z I0128 09:34:02.878497       1 controller.go:173] ci-ln-vjb5l1t-76ef8-snmcd-worker-us-west-1a-8x8wj: reconciling Machine
2026-01-28T09:34:02.878544944Z I0128 09:34:02.878524       1 actuator.go:108] ci-ln-vjb5l1t-76ef8-snmcd-worker-us-west-1a-8x8wj: actuator checking if machine exists
2026-01-28T09:34:02.954524834Z I0128 09:34:02.954490       1 reconciler.go:539] ci-ln-vjb5l1t-76ef8-snmcd-worker-us-west-1a-8x8wj: Found instance by id: i-055b83ab99acf565e
2026-01-28T09:34:02.954524834Z I0128 09:34:02.954516       1 controller.go:357] ci-ln-vjb5l1t-76ef8-snmcd-worker-us-west-1a-8x8wj: reconciling machine triggers idempotent update
2026-01-28T09:34:02.954568425Z I0128 09:34:02.954522       1 actuator.go:125] ci-ln-vjb5l1t-76ef8-snmcd-worker-us-west-1a-8x8wj: actuator updating machine
2026-01-28T09:34:02.954968054Z I0128 09:34:02.954947       1 reconciler.go:197] ci-ln-vjb5l1t-76ef8-snmcd-worker-us-west-1a-8x8wj: updating machine
2026-01-28T09:34:03.014575356Z I0128 09:34:03.014516       1 reconciler.go:539] ci-ln-vjb5l1t-76ef8-snmcd-worker-us-west-1a-8x8wj: Found instance by id: i-055b83ab99acf565e
2026-01-28T09:34:03.014633578Z I0128 09:34:03.014592       1 reconciler.go:271] ci-ln-vjb5l1t-76ef8-snmcd-worker-us-west-1a-8x8wj: found 1 running instances for machine
2026-01-28T09:34:03.014633578Z I0128 09:34:03.014601       1 reconciler.go:451] ci-ln-vjb5l1t-76ef8-snmcd-worker-us-west-1a-8x8wj: ProviderID already set in the machine Spec with value:aws:///us-west-1a/i-055b83ab99acf565e
2026-01-28T09:34:03.014693899Z I0128 09:34:03.014675       1 reconciler.go:301] Updated machine ci-ln-vjb5l1t-76ef8-snmcd-worker-us-west-1a-8x8wj
2026-01-28T09:34:03.014693899Z I0128 09:34:03.014685       1 machine_scope.go:167] ci-ln-vjb5l1t-76ef8-snmcd-worker-us-west-1a-8x8wj: Updating status
2026-01-28T09:34:03.093504299Z I0128 09:34:03.093461       1 machine_scope.go:193] ci-ln-vjb5l1t-76ef8-snmcd-worker-us-west-1a-8x8wj: finished calculating AWS status
2026-01-28T09:34:03.093504299Z I0128 09:34:03.093480       1 machine_scope.go:90] ci-ln-vjb5l1t-76ef8-snmcd-worker-us-west-1a-8x8wj: patching machine
2026-01-28T09:34:03.109187973Z I0128 09:34:03.109159       1 controller.go:385] ci-ln-vjb5l1t-76ef8-snmcd-worker-us-west-1a-8x8wj: has no node yet, requeuing
2026-01-28T09:34:03.625931309Z I0128 09:34:03.625874       1 controller.go:173] ci-ln-vjb5l1t-76ef8-snmcd-worker-us-west-1c-mj4l8: reconciling Machine
2026-01-28T09:34:03.625931309Z I0128 09:34:03.625916       1 actuator.go:108] ci-ln-vjb5l1t-76ef8-snmcd-worker-us-west-1c-mj4l8: actuator checking if machine exists
2026-01-28T09:34:03.697628572Z I0128 09:34:03.697593       1 reconciler.go:539] ci-ln-vjb5l1t-76ef8-snmcd-worker-us-west-1c-mj4l8: Found instance by id: i-0b0dc084c90fc4dab
2026-01-28T09:34:03.697628572Z I0128 09:34:03.697617       1 controller.go:357] ci-ln-vjb5l1t-76ef8-snmcd-worker-us-west-1c-mj4l8: reconciling machine triggers idempotent update
2026-01-28T09:34:03.697628572Z I0128 09:34:03.697624       1 actuator.go:125] ci-ln-vjb5l1t-76ef8-snmcd-worker-us-west-1c-mj4l8: actuator updating machine
2026-01-28T09:34:03.698164873Z I0128 09:34:03.698135       1 reconciler.go:197] ci-ln-vjb5l1t-76ef8-snmcd-worker-us-west-1c-mj4l8: updating machine
2026-01-28T09:34:03.763670798Z I0128 09:34:03.763637       1 reconciler.go:539] ci-ln-vjb5l1t-76ef8-snmcd-worker-us-west-1c-mj4l8: Found instance by id: i-0b0dc084c90fc4dab
2026-01-28T09:34:03.763720919Z I0128 09:34:03.763706       1 reconciler.go:271] ci-ln-vjb5l1t-76ef8-snmcd-worker-us-west-1c-mj4l8: found 1 running instances for machine
2026-01-28T09:34:03.763720919Z I0128 09:34:03.763715       1 reconciler.go:451] ci-ln-vjb5l1t-76ef8-snmcd-worker-us-west-1c-mj4l8: ProviderID already set in the machine Spec with value:aws:///us-west-1c/i-0b0dc084c90fc4dab
2026-01-28T09:34:03.763807400Z I0128 09:34:03.763791       1 reconciler.go:301] Updated machine ci-ln-vjb5l1t-76ef8-snmcd-worker-us-west-1c-mj4l8
2026-01-28T09:34:03.763807400Z I0128 09:34:03.763800       1 machine_scope.go:167] ci-ln-vjb5l1t-76ef8-snmcd-worker-us-west-1c-mj4l8: Updating status
2026-01-28T09:34:03.850957412Z I0128 09:34:03.850921       1 machine_scope.go:193] ci-ln-vjb5l1t-76ef8-snmcd-worker-us-west-1c-mj4l8: finished calculating AWS status
2026-01-28T09:34:03.850957412Z I0128 09:34:03.850940       1 machine_scope.go:90] ci-ln-vjb5l1t-76ef8-snmcd-worker-us-west-1c-mj4l8: patching machine
2026-01-28T09:34:03.865709498Z I0128 09:34:03.865660       1 controller.go:385] ci-ln-vjb5l1t-76ef8-snmcd-worker-us-west-1c-mj4l8: has no node yet, requeuing
2026-01-28T09:34:31.904149555Z I0128 09:34:31.904106       1 controller.go:173] ci-ln-vjb5l1t-76ef8-snmcd-worker-us-west-1c-rgb9d: reconciling Machine
2026-01-28T09:34:31.904149555Z I0128 09:34:31.904127       1 actuator.go:108] ci-ln-vjb5l1t-76ef8-snmcd-worker-us-west-1c-rgb9d: actuator checking if machine exists
2026-01-28T09:34:31.981780639Z I0128 09:34:31.981746       1 reconciler.go:539] ci-ln-vjb5l1t-76ef8-snmcd-worker-us-west-1c-rgb9d: Found instance by id: i-039c1b44e22269044
2026-01-28T09:34:31.981780639Z I0128 09:34:31.981769       1 controller.go:357] ci-ln-vjb5l1t-76ef8-snmcd-worker-us-west-1c-rgb9d: reconciling machine triggers idempotent update
2026-01-28T09:34:31.981780639Z I0128 09:34:31.981774       1 actuator.go:125] ci-ln-vjb5l1t-76ef8-snmcd-worker-us-west-1c-rgb9d: actuator updating machine
2026-01-28T09:34:31.982216549Z I0128 09:34:31.982199       1 reconciler.go:197] ci-ln-vjb5l1t-76ef8-snmcd-worker-us-west-1c-rgb9d: updating machine
2026-01-28T09:34:32.057490634Z I0128 09:34:32.057445       1 reconciler.go:539] ci-ln-vjb5l1t-76ef8-snmcd-worker-us-west-1c-rgb9d: Found instance by id: i-039c1b44e22269044
2026-01-28T09:34:32.057535235Z I0128 09:34:32.057520       1 reconciler.go:271] ci-ln-vjb5l1t-76ef8-snmcd-worker-us-west-1c-rgb9d: found 1 running instances for machine
2026-01-28T09:34:32.057535235Z I0128 09:34:32.057530       1 reconciler.go:451] ci-ln-vjb5l1t-76ef8-snmcd-worker-us-west-1c-rgb9d: ProviderID already set in the machine Spec with value:aws:///us-west-1c/i-039c1b44e22269044
2026-01-28T09:34:32.057627157Z I0128 09:34:32.057606       1 reconciler.go:301] Updated machine ci-ln-vjb5l1t-76ef8-snmcd-worker-us-west-1c-rgb9d
2026-01-28T09:34:32.057627157Z I0128 09:34:32.057617       1 machine_scope.go:167] ci-ln-vjb5l1t-76ef8-snmcd-worker-us-west-1c-rgb9d: Updating status
2026-01-28T09:34:32.139007160Z I0128 09:34:32.138978       1 machine_scope.go:193] ci-ln-vjb5l1t-76ef8-snmcd-worker-us-west-1c-rgb9d: finished calculating AWS status
2026-01-28T09:34:32.139007160Z I0128 09:34:32.138996       1 machine_scope.go:90] ci-ln-vjb5l1t-76ef8-snmcd-worker-us-west-1c-rgb9d: patching machine
2026-01-28T09:34:32.154092915Z I0128 09:34:32.154041       1 controller.go:385] ci-ln-vjb5l1t-76ef8-snmcd-worker-us-west-1c-rgb9d: has no node yet, requeuing
2026-01-28T09:34:33.110262592Z I0128 09:34:33.110215       1 controller.go:173] ci-ln-vjb5l1t-76ef8-snmcd-worker-us-west-1a-8x8wj: reconciling Machine
2026-01-28T09:34:33.110262592Z I0128 09:34:33.110242       1 actuator.go:108] ci-ln-vjb5l1t-76ef8-snmcd-worker-us-west-1a-8x8wj: actuator checking if machine exists
2026-01-28T09:34:33.172551355Z I0128 09:34:33.172525       1 reconciler.go:539] ci-ln-vjb5l1t-76ef8-snmcd-worker-us-west-1a-8x8wj: Found instance by id: i-055b83ab99acf565e
2026-01-28T09:34:33.172551355Z I0128 09:34:33.172543       1 controller.go:357] ci-ln-vjb5l1t-76ef8-snmcd-worker-us-west-1a-8x8wj: reconciling machine triggers idempotent update
2026-01-28T09:34:33.172583736Z I0128 09:34:33.172549       1 actuator.go:125] ci-ln-vjb5l1t-76ef8-snmcd-worker-us-west-1a-8x8wj: actuator updating machine
2026-01-28T09:34:33.172960064Z I0128 09:34:33.172943       1 reconciler.go:197] ci-ln-vjb5l1t-76ef8-snmcd-worker-us-west-1a-8x8wj: updating machine
2026-01-28T09:34:33.245412510Z I0128 09:34:33.245388       1 reconciler.go:539] ci-ln-vjb5l1t-76ef8-snmcd-worker-us-west-1a-8x8wj: Found instance by id: i-055b83ab99acf565e
2026-01-28T09:34:33.245447411Z I0128 09:34:33.245430       1 reconciler.go:271] ci-ln-vjb5l1t-76ef8-snmcd-worker-us-west-1a-8x8wj: found 1 running instances for machine
2026-01-28T09:34:33.245447411Z I0128 09:34:33.245436       1 reconciler.go:451] ci-ln-vjb5l1t-76ef8-snmcd-worker-us-west-1a-8x8wj: ProviderID already set in the machine Spec with value:aws:///us-west-1a/i-055b83ab99acf565e
2026-01-28T09:34:33.245518442Z I0128 09:34:33.245502       1 reconciler.go:301] Updated machine ci-ln-vjb5l1t-76ef8-snmcd-worker-us-west-1a-8x8wj
2026-01-28T09:34:33.245518442Z I0128 09:34:33.245513       1 machine_scope.go:167] ci-ln-vjb5l1t-76ef8-snmcd-worker-us-west-1a-8x8wj: Updating status
2026-01-28T09:34:33.331253926Z I0128 09:34:33.331214       1 machine_scope.go:193] ci-ln-vjb5l1t-76ef8-snmcd-worker-us-west-1a-8x8wj: finished calculating AWS status
2026-01-28T09:34:33.331253926Z I0128 09:34:33.331231       1 machine_scope.go:90] ci-ln-vjb5l1t-76ef8-snmcd-worker-us-west-1a-8x8wj: patching machine
2026-01-28T09:34:33.346348632Z I0128 09:34:33.346302       1 controller.go:385] ci-ln-vjb5l1t-76ef8-snmcd-worker-us-west-1a-8x8wj: has no node yet, requeuing
2026-01-28T09:34:33.866945695Z I0128 09:34:33.866903       1 controller.go:173] ci-ln-vjb5l1t-76ef8-snmcd-worker-us-west-1c-mj4l8: reconciling Machine
2026-01-28T09:34:33.866945695Z I0128 09:34:33.866929       1 actuator.go:108] ci-ln-vjb5l1t-76ef8-snmcd-worker-us-west-1c-mj4l8: actuator checking if machine exists
2026-01-28T09:34:33.938338938Z I0128 09:34:33.938299       1 reconciler.go:539] ci-ln-vjb5l1t-76ef8-snmcd-worker-us-west-1c-mj4l8: Found instance by id: i-0b0dc084c90fc4dab
2026-01-28T09:34:33.938338938Z I0128 09:34:33.938328       1 controller.go:357] ci-ln-vjb5l1t-76ef8-snmcd-worker-us-west-1c-mj4l8: reconciling machine triggers idempotent update
2026-01-28T09:34:33.938389550Z I0128 09:34:33.938336       1 actuator.go:125] ci-ln-vjb5l1t-76ef8-snmcd-worker-us-west-1c-mj4l8: actuator updating machine
2026-01-28T09:34:33.938787378Z I0128 09:34:33.938767       1 reconciler.go:197] ci-ln-vjb5l1t-76ef8-snmcd-worker-us-west-1c-mj4l8: updating machine
2026-01-28T09:34:34.005441393Z I0128 09:34:34.005403       1 reconciler.go:539] ci-ln-vjb5l1t-76ef8-snmcd-worker-us-west-1c-mj4l8: Found instance by id: i-0b0dc084c90fc4dab
2026-01-28T09:34:34.005490654Z I0128 09:34:34.005476       1 reconciler.go:271] ci-ln-vjb5l1t-76ef8-snmcd-worker-us-west-1c-mj4l8: found 1 running instances for machine
2026-01-28T09:34:34.005490654Z I0128 09:34:34.005486       1 reconciler.go:451] ci-ln-vjb5l1t-76ef8-snmcd-worker-us-west-1c-mj4l8: ProviderID already set in the machine Spec with value:aws:///us-west-1c/i-0b0dc084c90fc4dab
2026-01-28T09:34:34.005587346Z I0128 09:34:34.005565       1 reconciler.go:301] Updated machine ci-ln-vjb5l1t-76ef8-snmcd-worker-us-west-1c-mj4l8
2026-01-28T09:34:34.005587346Z I0128 09:34:34.005575       1 machine_scope.go:167] ci-ln-vjb5l1t-76ef8-snmcd-worker-us-west-1c-mj4l8: Updating status
2026-01-28T09:34:34.099604843Z I0128 09:34:34.099566       1 machine_scope.go:193] ci-ln-vjb5l1t-76ef8-snmcd-worker-us-west-1c-mj4l8: finished calculating AWS status
2026-01-28T09:34:34.099604843Z I0128 09:34:34.099582       1 machine_scope.go:90] ci-ln-vjb5l1t-76ef8-snmcd-worker-us-west-1c-mj4l8: patching machine
2026-01-28T09:34:34.113635136Z I0128 09:34:34.113604       1 controller.go:385] ci-ln-vjb5l1t-76ef8-snmcd-worker-us-west-1c-mj4l8: has no node yet, requeuing
2026-01-28T09:35:02.155237126Z I0128 09:35:02.155193       1 controller.go:173] ci-ln-vjb5l1t-76ef8-snmcd-worker-us-west-1c-rgb9d: reconciling Machine
2026-01-28T09:35:02.155324768Z I0128 09:35:02.155311       1 actuator.go:108] ci-ln-vjb5l1t-76ef8-snmcd-worker-us-west-1c-rgb9d: actuator checking if machine exists
2026-01-28T09:35:02.229309819Z I0128 09:35:02.229268       1 reconciler.go:539] ci-ln-vjb5l1t-76ef8-snmcd-worker-us-west-1c-rgb9d: Found instance by id: i-039c1b44e22269044
2026-01-28T09:35:02.229309819Z I0128 09:35:02.229293       1 controller.go:357] ci-ln-vjb5l1t-76ef8-snmcd-worker-us-west-1c-rgb9d: reconciling machine triggers idempotent update
2026-01-28T09:35:02.229309819Z I0128 09:35:02.229299       1 actuator.go:125] ci-ln-vjb5l1t-76ef8-snmcd-worker-us-west-1c-rgb9d: actuator updating machine
2026-01-28T09:35:02.229723428Z I0128 09:35:02.229700       1 reconciler.go:197] ci-ln-vjb5l1t-76ef8-snmcd-worker-us-west-1c-rgb9d: updating machine
2026-01-28T09:35:02.297773802Z I0128 09:35:02.297736       1 reconciler.go:539] ci-ln-vjb5l1t-76ef8-snmcd-worker-us-west-1c-rgb9d: Found instance by id: i-039c1b44e22269044
2026-01-28T09:35:02.297820563Z I0128 09:35:02.297812       1 reconciler.go:271] ci-ln-vjb5l1t-76ef8-snmcd-worker-us-west-1c-rgb9d: found 1 running instances for machine
2026-01-28T09:35:02.297833893Z I0128 09:35:02.297821       1 reconciler.go:451] ci-ln-vjb5l1t-76ef8-snmcd-worker-us-west-1c-rgb9d: ProviderID already set in the machine Spec with value:aws:///us-west-1c/i-039c1b44e22269044
2026-01-28T09:35:02.297937515Z I0128 09:35:02.297922       1 reconciler.go:301] Updated machine ci-ln-vjb5l1t-76ef8-snmcd-worker-us-west-1c-rgb9d
2026-01-28T09:35:02.297937515Z I0128 09:35:02.297929       1 machine_scope.go:167] ci-ln-vjb5l1t-76ef8-snmcd-worker-us-west-1c-rgb9d: Updating status
2026-01-28T09:35:02.375156425Z I0128 09:35:02.375119       1 machine_scope.go:193] ci-ln-vjb5l1t-76ef8-snmcd-worker-us-west-1c-rgb9d: finished calculating AWS status
2026-01-28T09:35:02.375156425Z I0128 09:35:02.375141       1 machine_scope.go:90] ci-ln-vjb5l1t-76ef8-snmcd-worker-us-west-1c-rgb9d: patching machine
2026-01-28T09:35:02.389934341Z I0128 09:35:02.389909       1 controller.go:385] ci-ln-vjb5l1t-76ef8-snmcd-worker-us-west-1c-rgb9d: has no node yet, requeuing
2026-01-28T09:35:03.347095423Z I0128 09:35:03.347049       1 controller.go:173] ci-ln-vjb5l1t-76ef8-snmcd-worker-us-west-1a-8x8wj: reconciling Machine
2026-01-28T09:35:03.347095423Z I0128 09:35:03.347075       1 actuator.go:108] ci-ln-vjb5l1t-76ef8-snmcd-worker-us-west-1a-8x8wj: actuator checking if machine exists
2026-01-28T09:35:03.426773646Z I0128 09:35:03.426734       1 reconciler.go:539] ci-ln-vjb5l1t-76ef8-snmcd-worker-us-west-1a-8x8wj: Found instance by id: i-055b83ab99acf565e
2026-01-28T09:35:03.426773646Z I0128 09:35:03.426757       1 controller.go:357] ci-ln-vjb5l1t-76ef8-snmcd-worker-us-west-1a-8x8wj: reconciling machine triggers idempotent update
2026-01-28T09:35:03.426773646Z I0128 09:35:03.426762       1 actuator.go:125] ci-ln-vjb5l1t-76ef8-snmcd-worker-us-west-1a-8x8wj: actuator updating machine
2026-01-28T09:35:03.427245576Z I0128 09:35:03.427219       1 reconciler.go:197] ci-ln-vjb5l1t-76ef8-snmcd-worker-us-west-1a-8x8wj: updating machine
2026-01-28T09:35:03.594913949Z I0128 09:35:03.594839       1 reconciler.go:539] ci-ln-vjb5l1t-76ef8-snmcd-worker-us-west-1a-8x8wj: Found instance by id: i-055b83ab99acf565e
2026-01-28T09:35:03.594976690Z I0128 09:35:03.594962       1 reconciler.go:271] ci-ln-vjb5l1t-76ef8-snmcd-worker-us-west-1a-8x8wj: found 1 running instances for machine
2026-01-28T09:35:03.594992780Z I0128 09:35:03.594975       1 reconciler.go:451] ci-ln-vjb5l1t-76ef8-snmcd-worker-us-west-1a-8x8wj: ProviderID already set in the machine Spec with value:aws:///us-west-1a/i-055b83ab99acf565e
2026-01-28T09:35:03.595090683Z I0128 09:35:03.595063       1 reconciler.go:301] Updated machine ci-ln-vjb5l1t-76ef8-snmcd-worker-us-west-1a-8x8wj
2026-01-28T09:35:03.595090683Z I0128 09:35:03.595077       1 machine_scope.go:167] ci-ln-vjb5l1t-76ef8-snmcd-worker-us-west-1a-8x8wj: Updating status
2026-01-28T09:35:03.688043978Z I0128 09:35:03.687997       1 machine_scope.go:193] ci-ln-vjb5l1t-76ef8-snmcd-worker-us-west-1a-8x8wj: finished calculating AWS status
2026-01-28T09:35:03.688043978Z I0128 09:35:03.688017       1 machine_scope.go:90] ci-ln-vjb5l1t-76ef8-snmcd-worker-us-west-1a-8x8wj: patching machine
2026-01-28T09:35:03.701328762Z I0128 09:35:03.701294       1 controller.go:385] ci-ln-vjb5l1t-76ef8-snmcd-worker-us-west-1a-8x8wj: has no node yet, requeuing
2026-01-28T09:35:04.113849156Z I0128 09:35:04.113806       1 controller.go:173] ci-ln-vjb5l1t-76ef8-snmcd-worker-us-west-1c-mj4l8: reconciling Machine
2026-01-28T09:35:04.113849156Z I0128 09:35:04.113830       1 actuator.go:108] ci-ln-vjb5l1t-76ef8-snmcd-worker-us-west-1c-mj4l8: actuator checking if machine exists
2026-01-28T09:35:04.185437366Z I0128 09:35:04.185399       1 reconciler.go:539] ci-ln-vjb5l1t-76ef8-snmcd-worker-us-west-1c-mj4l8: Found instance by id: i-0b0dc084c90fc4dab
2026-01-28T09:35:04.185437366Z I0128 09:35:04.185425       1 controller.go:357] ci-ln-vjb5l1t-76ef8-snmcd-worker-us-west-1c-mj4l8: reconciling machine triggers idempotent update
2026-01-28T09:35:04.185437366Z I0128 09:35:04.185430       1 actuator.go:125] ci-ln-vjb5l1t-76ef8-snmcd-worker-us-west-1c-mj4l8: actuator updating machine
2026-01-28T09:35:04.185915046Z I0128 09:35:04.185876       1 reconciler.go:197] ci-ln-vjb5l1t-76ef8-snmcd-worker-us-west-1c-mj4l8: updating machine
2026-01-28T09:35:04.269803649Z I0128 09:35:04.269755       1 reconciler.go:539] ci-ln-vjb5l1t-76ef8-snmcd-worker-us-west-1c-mj4l8: Found instance by id: i-0b0dc084c90fc4dab
2026-01-28T09:35:04.269854120Z I0128 09:35:04.269817       1 reconciler.go:271] ci-ln-vjb5l1t-76ef8-snmcd-worker-us-west-1c-mj4l8: found 1 running instances for machine
2026-01-28T09:35:04.269854120Z I0128 09:35:04.269824       1 reconciler.go:451] ci-ln-vjb5l1t-76ef8-snmcd-worker-us-west-1c-mj4l8: ProviderID already set in the machine Spec with value:aws:///us-west-1c/i-0b0dc084c90fc4dab
2026-01-28T09:35:04.269941252Z I0128 09:35:04.269921       1 reconciler.go:301] Updated machine ci-ln-vjb5l1t-76ef8-snmcd-worker-us-west-1c-mj4l8
2026-01-28T09:35:04.269941252Z I0128 09:35:04.269934       1 machine_scope.go:167] ci-ln-vjb5l1t-76ef8-snmcd-worker-us-west-1c-mj4l8: Updating status
2026-01-28T09:35:04.361104869Z I0128 09:35:04.361064       1 machine_scope.go:193] ci-ln-vjb5l1t-76ef8-snmcd-worker-us-west-1c-mj4l8: finished calculating AWS status
2026-01-28T09:35:04.361104869Z I0128 09:35:04.361083       1 machine_scope.go:90] ci-ln-vjb5l1t-76ef8-snmcd-worker-us-west-1c-mj4l8: patching machine
2026-01-28T09:35:04.375746712Z I0128 09:35:04.375686       1 controller.go:385] ci-ln-vjb5l1t-76ef8-snmcd-worker-us-west-1c-mj4l8: has no node yet, requeuing
2026-01-28T09:35:32.390531677Z I0128 09:35:32.390479       1 controller.go:173] ci-ln-vjb5l1t-76ef8-snmcd-worker-us-west-1c-rgb9d: reconciling Machine
2026-01-28T09:35:32.390531677Z I0128 09:35:32.390504       1 actuator.go:108] ci-ln-vjb5l1t-76ef8-snmcd-worker-us-west-1c-rgb9d: actuator checking if machine exists
2026-01-28T09:35:32.463127131Z I0128 09:35:32.463092       1 reconciler.go:539] ci-ln-vjb5l1t-76ef8-snmcd-worker-us-west-1c-rgb9d: Found instance by id: i-039c1b44e22269044
2026-01-28T09:35:32.463127131Z I0128 09:35:32.463115       1 controller.go:357] ci-ln-vjb5l1t-76ef8-snmcd-worker-us-west-1c-rgb9d: reconciling machine triggers idempotent update
2026-01-28T09:35:32.463127131Z I0128 09:35:32.463121       1 actuator.go:125] ci-ln-vjb5l1t-76ef8-snmcd-worker-us-west-1c-rgb9d: actuator updating machine
2026-01-28T09:35:32.463565591Z I0128 09:35:32.463546       1 reconciler.go:197] ci-ln-vjb5l1t-76ef8-snmcd-worker-us-west-1c-rgb9d: updating machine
2026-01-28T09:35:32.530020924Z I0128 09:35:32.529967       1 reconciler.go:539] ci-ln-vjb5l1t-76ef8-snmcd-worker-us-west-1c-rgb9d: Found instance by id: i-039c1b44e22269044
2026-01-28T09:35:32.530080255Z I0128 09:35:32.530058       1 reconciler.go:271] ci-ln-vjb5l1t-76ef8-snmcd-worker-us-west-1c-rgb9d: found 1 running instances for machine
2026-01-28T09:35:32.530080255Z I0128 09:35:32.530071       1 reconciler.go:451] ci-ln-vjb5l1t-76ef8-snmcd-worker-us-west-1c-rgb9d: ProviderID already set in the machine Spec with value:aws:///us-west-1c/i-039c1b44e22269044
2026-01-28T09:35:32.530194258Z I0128 09:35:32.530163       1 reconciler.go:301] Updated machine ci-ln-vjb5l1t-76ef8-snmcd-worker-us-west-1c-rgb9d
2026-01-28T09:35:32.530194258Z I0128 09:35:32.530177       1 machine_scope.go:167] ci-ln-vjb5l1t-76ef8-snmcd-worker-us-west-1c-rgb9d: Updating status
2026-01-28T09:35:32.614008083Z I0128 09:35:32.613976       1 machine_scope.go:193] ci-ln-vjb5l1t-76ef8-snmcd-worker-us-west-1c-rgb9d: finished calculating AWS status
2026-01-28T09:35:32.614008083Z I0128 09:35:32.613991       1 machine_scope.go:90] ci-ln-vjb5l1t-76ef8-snmcd-worker-us-west-1c-rgb9d: patching machine
2026-01-28T09:35:32.628130305Z I0128 09:35:32.628109       1 controller.go:385] ci-ln-vjb5l1t-76ef8-snmcd-worker-us-west-1c-rgb9d: has no node yet, requeuing
2026-01-28T09:35:33.702229848Z I0128 09:35:33.702184       1 controller.go:173] ci-ln-vjb5l1t-76ef8-snmcd-worker-us-west-1a-8x8wj: reconciling Machine
2026-01-28T09:35:33.702229848Z I0128 09:35:33.702209       1 actuator.go:108] ci-ln-vjb5l1t-76ef8-snmcd-worker-us-west-1a-8x8wj: actuator checking if machine exists
2026-01-28T09:35:33.774742800Z I0128 09:35:33.774701       1 reconciler.go:539] ci-ln-vjb5l1t-76ef8-snmcd-worker-us-west-1a-8x8wj: Found instance by id: i-055b83ab99acf565e
2026-01-28T09:35:33.774742800Z I0128 09:35:33.774727       1 controller.go:357] ci-ln-vjb5l1t-76ef8-snmcd-worker-us-west-1a-8x8wj: reconciling machine triggers idempotent update
2026-01-28T09:35:33.774742800Z I0128 09:35:33.774735       1 actuator.go:125] ci-ln-vjb5l1t-76ef8-snmcd-worker-us-west-1a-8x8wj: actuator updating machine
2026-01-28T09:35:33.775225681Z I0128 09:35:33.775202       1 reconciler.go:197] ci-ln-vjb5l1t-76ef8-snmcd-worker-us-west-1a-8x8wj: updating machine
2026-01-28T09:35:33.850844160Z I0128 09:35:33.850804       1 reconciler.go:539] ci-ln-vjb5l1t-76ef8-snmcd-worker-us-west-1a-8x8wj: Found instance by id: i-055b83ab99acf565e
2026-01-28T09:35:33.851025054Z I0128 09:35:33.851008       1 reconciler.go:271] ci-ln-vjb5l1t-76ef8-snmcd-worker-us-west-1a-8x8wj: found 1 running instances for machine
2026-01-28T09:35:33.851065265Z I0128 09:35:33.851054       1 reconciler.go:451] ci-ln-vjb5l1t-76ef8-snmcd-worker-us-west-1a-8x8wj: ProviderID already set in the machine Spec with value:aws:///us-west-1a/i-055b83ab99acf565e
2026-01-28T09:35:33.851178377Z I0128 09:35:33.851166       1 reconciler.go:301] Updated machine ci-ln-vjb5l1t-76ef8-snmcd-worker-us-west-1a-8x8wj
2026-01-28T09:35:33.851206268Z I0128 09:35:33.851196       1 machine_scope.go:167] ci-ln-vjb5l1t-76ef8-snmcd-worker-us-west-1a-8x8wj: Updating status
2026-01-28T09:35:33.937780012Z I0128 09:35:33.937742       1 machine_scope.go:193] ci-ln-vjb5l1t-76ef8-snmcd-worker-us-west-1a-8x8wj: finished calculating AWS status
2026-01-28T09:35:33.937780012Z I0128 09:35:33.937763       1 machine_scope.go:90] ci-ln-vjb5l1t-76ef8-snmcd-worker-us-west-1a-8x8wj: patching machine
2026-01-28T09:35:33.952810153Z I0128 09:35:33.952781       1 controller.go:385] ci-ln-vjb5l1t-76ef8-snmcd-worker-us-west-1a-8x8wj: has no node yet, requeuing
2026-01-28T09:35:34.376364224Z I0128 09:35:34.376322       1 controller.go:173] ci-ln-vjb5l1t-76ef8-snmcd-worker-us-west-1c-mj4l8: reconciling Machine
2026-01-28T09:35:34.376364224Z I0128 09:35:34.376346       1 actuator.go:108] ci-ln-vjb5l1t-76ef8-snmcd-worker-us-west-1c-mj4l8: actuator checking if machine exists
2026-01-28T09:35:34.436985172Z I0128 09:35:34.436961       1 reconciler.go:539] ci-ln-vjb5l1t-76ef8-snmcd-worker-us-west-1c-mj4l8: Found instance by id: i-0b0dc084c90fc4dab
2026-01-28T09:35:34.436985172Z I0128 09:35:34.436981       1 controller.go:357] ci-ln-vjb5l1t-76ef8-snmcd-worker-us-west-1c-mj4l8: reconciling machine triggers idempotent update
2026-01-28T09:35:34.437012153Z I0128 09:35:34.436987       1 actuator.go:125] ci-ln-vjb5l1t-76ef8-snmcd-worker-us-west-1c-mj4l8: actuator updating machine
2026-01-28T09:35:34.437410761Z I0128 09:35:34.437393       1 reconciler.go:197] ci-ln-vjb5l1t-76ef8-snmcd-worker-us-west-1c-mj4l8: updating machine
2026-01-28T09:35:34.498151162Z I0128 09:35:34.498121       1 reconciler.go:539] ci-ln-vjb5l1t-76ef8-snmcd-worker-us-west-1c-mj4l8: Found instance by id: i-0b0dc084c90fc4dab
2026-01-28T09:35:34.498180403Z I0128 09:35:34.498167       1 reconciler.go:271] ci-ln-vjb5l1t-76ef8-snmcd-worker-us-west-1c-mj4l8: found 1 running instances for machine
2026-01-28T09:35:34.498180403Z I0128 09:35:34.498177       1 reconciler.go:451] ci-ln-vjb5l1t-76ef8-snmcd-worker-us-west-1c-mj4l8: ProviderID already set in the machine Spec with value:aws:///us-west-1c/i-0b0dc084c90fc4dab
2026-01-28T09:35:34.498248284Z I0128 09:35:34.498232       1 reconciler.go:301] Updated machine ci-ln-vjb5l1t-76ef8-snmcd-worker-us-west-1c-mj4l8
2026-01-28T09:35:34.498248284Z I0128 09:35:34.498244       1 machine_scope.go:167] ci-ln-vjb5l1t-76ef8-snmcd-worker-us-west-1c-mj4l8: Updating status
2026-01-28T09:35:34.572649638Z I0128 09:35:34.572619       1 machine_scope.go:193] ci-ln-vjb5l1t-76ef8-snmcd-worker-us-west-1c-mj4l8: finished calculating AWS status
2026-01-28T09:35:34.572649638Z I0128 09:35:34.572634       1 machine_scope.go:90] ci-ln-vjb5l1t-76ef8-snmcd-worker-us-west-1c-mj4l8: patching machine
2026-01-28T09:35:34.587207230Z I0128 09:35:34.587185       1 controller.go:385] ci-ln-vjb5l1t-76ef8-snmcd-worker-us-west-1c-mj4l8: has no node yet, requeuing
2026-01-28T09:36:02.628457499Z I0128 09:36:02.628406       1 controller.go:173] ci-ln-vjb5l1t-76ef8-snmcd-worker-us-west-1c-rgb9d: reconciling Machine
2026-01-28T09:36:02.628457499Z I0128 09:36:02.628434       1 actuator.go:108] ci-ln-vjb5l1t-76ef8-snmcd-worker-us-west-1c-rgb9d: actuator checking if machine exists
2026-01-28T09:36:02.738608743Z I0128 09:36:02.738573       1 reconciler.go:539] ci-ln-vjb5l1t-76ef8-snmcd-worker-us-west-1c-rgb9d: Found instance by id: i-039c1b44e22269044
2026-01-28T09:36:02.738608743Z I0128 09:36:02.738602       1 controller.go:357] ci-ln-vjb5l1t-76ef8-snmcd-worker-us-west-1c-rgb9d: reconciling machine triggers idempotent update
2026-01-28T09:36:02.738647454Z I0128 09:36:02.738628       1 actuator.go:125] ci-ln-vjb5l1t-76ef8-snmcd-worker-us-west-1c-rgb9d: actuator updating machine
2026-01-28T09:36:02.739074463Z I0128 09:36:02.739056       1 reconciler.go:197] ci-ln-vjb5l1t-76ef8-snmcd-worker-us-west-1c-rgb9d: updating machine
2026-01-28T09:36:02.804968970Z I0128 09:36:02.804929       1 reconciler.go:539] ci-ln-vjb5l1t-76ef8-snmcd-worker-us-west-1c-rgb9d: Found instance by id: i-039c1b44e22269044
2026-01-28T09:36:02.805019352Z I0128 09:36:02.804988       1 reconciler.go:271] ci-ln-vjb5l1t-76ef8-snmcd-worker-us-west-1c-rgb9d: found 1 running instances for machine
2026-01-28T09:36:02.805019352Z I0128 09:36:02.804995       1 reconciler.go:451] ci-ln-vjb5l1t-76ef8-snmcd-worker-us-west-1c-rgb9d: ProviderID already set in the machine Spec with value:aws:///us-west-1c/i-039c1b44e22269044
2026-01-28T09:36:02.805100573Z I0128 09:36:02.805073       1 reconciler.go:301] Updated machine ci-ln-vjb5l1t-76ef8-snmcd-worker-us-west-1c-rgb9d
2026-01-28T09:36:02.805100573Z I0128 09:36:02.805085       1 machine_scope.go:167] ci-ln-vjb5l1t-76ef8-snmcd-worker-us-west-1c-rgb9d: Updating status
2026-01-28T09:36:02.919317163Z I0128 09:36:02.919276       1 machine_scope.go:193] ci-ln-vjb5l1t-76ef8-snmcd-worker-us-west-1c-rgb9d: finished calculating AWS status
2026-01-28T09:36:02.919317163Z I0128 09:36:02.919292       1 machine_scope.go:90] ci-ln-vjb5l1t-76ef8-snmcd-worker-us-west-1c-rgb9d: patching machine
2026-01-28T09:36:02.932465634Z I0128 09:36:02.932441       1 controller.go:385] ci-ln-vjb5l1t-76ef8-snmcd-worker-us-west-1c-rgb9d: has no node yet, requeuing
2026-01-28T09:36:03.953646423Z I0128 09:36:03.953595       1 controller.go:173] ci-ln-vjb5l1t-76ef8-snmcd-worker-us-west-1a-8x8wj: reconciling Machine
2026-01-28T09:36:03.953646423Z I0128 09:36:03.953617       1 actuator.go:108] ci-ln-vjb5l1t-76ef8-snmcd-worker-us-west-1a-8x8wj: actuator checking if machine exists
2026-01-28T09:36:04.169772620Z I0128 09:36:04.169725       1 reconciler.go:539] ci-ln-vjb5l1t-76ef8-snmcd-worker-us-west-1a-8x8wj: Found instance by id: i-055b83ab99acf565e
2026-01-28T09:36:04.169772620Z I0128 09:36:04.169747       1 controller.go:357] ci-ln-vjb5l1t-76ef8-snmcd-worker-us-west-1a-8x8wj: reconciling machine triggers idempotent update
2026-01-28T09:36:04.169772620Z I0128 09:36:04.169753       1 actuator.go:125] ci-ln-vjb5l1t-76ef8-snmcd-worker-us-west-1a-8x8wj: actuator updating machine
2026-01-28T09:36:04.170287482Z I0128 09:36:04.170268       1 reconciler.go:197] ci-ln-vjb5l1t-76ef8-snmcd-worker-us-west-1a-8x8wj: updating machine
2026-01-28T09:36:04.229584018Z I0128 09:36:04.229544       1 reconciler.go:539] ci-ln-vjb5l1t-76ef8-snmcd-worker-us-west-1a-8x8wj: Found instance by id: i-055b83ab99acf565e
2026-01-28T09:36:04.229622469Z I0128 09:36:04.229598       1 reconciler.go:271] ci-ln-vjb5l1t-76ef8-snmcd-worker-us-west-1a-8x8wj: found 1 running instances for machine
2026-01-28T09:36:04.229622469Z I0128 09:36:04.229605       1 reconciler.go:451] ci-ln-vjb5l1t-76ef8-snmcd-worker-us-west-1a-8x8wj: ProviderID already set in the machine Spec with value:aws:///us-west-1a/i-055b83ab99acf565e
2026-01-28T09:36:04.229712171Z I0128 09:36:04.229691       1 reconciler.go:301] Updated machine ci-ln-vjb5l1t-76ef8-snmcd-worker-us-west-1a-8x8wj
2026-01-28T09:36:04.229712171Z I0128 09:36:04.229706       1 machine_scope.go:167] ci-ln-vjb5l1t-76ef8-snmcd-worker-us-west-1a-8x8wj: Updating status
2026-01-28T09:36:04.313876439Z I0128 09:36:04.313836       1 machine_scope.go:193] ci-ln-vjb5l1t-76ef8-snmcd-worker-us-west-1a-8x8wj: finished calculating AWS status
2026-01-28T09:36:04.313876439Z I0128 09:36:04.313850       1 machine_scope.go:90] ci-ln-vjb5l1t-76ef8-snmcd-worker-us-west-1a-8x8wj: patching machine
2026-01-28T09:36:04.326204163Z I0128 09:36:04.326165       1 controller.go:385] ci-ln-vjb5l1t-76ef8-snmcd-worker-us-west-1a-8x8wj: has no node yet, requeuing
2026-01-28T09:36:04.587803632Z I0128 09:36:04.587747       1 controller.go:173] ci-ln-vjb5l1t-76ef8-snmcd-worker-us-west-1c-mj4l8: reconciling Machine
2026-01-28T09:36:04.587803632Z I0128 09:36:04.587773       1 actuator.go:108] ci-ln-vjb5l1t-76ef8-snmcd-worker-us-west-1c-mj4l8: actuator checking if machine exists
2026-01-28T09:36:04.704122487Z I0128 09:36:04.704085       1 reconciler.go:539] ci-ln-vjb5l1t-76ef8-snmcd-worker-us-west-1c-mj4l8: Found instance by id: i-0b0dc084c90fc4dab
2026-01-28T09:36:04.704122487Z I0128 09:36:04.704109       1 controller.go:357] ci-ln-vjb5l1t-76ef8-snmcd-worker-us-west-1c-mj4l8: reconciling machine triggers idempotent update
2026-01-28T09:36:04.704122487Z I0128 09:36:04.704116       1 actuator.go:125] ci-ln-vjb5l1t-76ef8-snmcd-worker-us-west-1c-mj4l8: actuator updating machine
2026-01-28T09:36:04.704606337Z I0128 09:36:04.704588       1 reconciler.go:197] ci-ln-vjb5l1t-76ef8-snmcd-worker-us-west-1c-mj4l8: updating machine
2026-01-28T09:36:04.789721197Z I0128 09:36:04.789683       1 reconciler.go:539] ci-ln-vjb5l1t-76ef8-snmcd-worker-us-west-1c-mj4l8: Found instance by id: i-0b0dc084c90fc4dab
2026-01-28T09:36:04.789785258Z I0128 09:36:04.789762       1 reconciler.go:271] ci-ln-vjb5l1t-76ef8-snmcd-worker-us-west-1c-mj4l8: found 1 running instances for machine
2026-01-28T09:36:04.789785258Z I0128 09:36:04.789770       1 reconciler.go:451] ci-ln-vjb5l1t-76ef8-snmcd-worker-us-west-1c-mj4l8: ProviderID already set in the machine Spec with value:aws:///us-west-1c/i-0b0dc084c90fc4dab
2026-01-28T09:36:04.789869580Z I0128 09:36:04.789850       1 reconciler.go:301] Updated machine ci-ln-vjb5l1t-76ef8-snmcd-worker-us-west-1c-mj4l8
2026-01-28T09:36:04.789869580Z I0128 09:36:04.789862       1 machine_scope.go:167] ci-ln-vjb5l1t-76ef8-snmcd-worker-us-west-1c-mj4l8: Updating status
2026-01-28T09:36:04.872222109Z I0128 09:36:04.872179       1 machine_scope.go:193] ci-ln-vjb5l1t-76ef8-snmcd-worker-us-west-1c-mj4l8: finished calculating AWS status
2026-01-28T09:36:04.872222109Z I0128 09:36:04.872199       1 machine_scope.go:90] ci-ln-vjb5l1t-76ef8-snmcd-worker-us-west-1c-mj4l8: patching machine
2026-01-28T09:36:04.884695905Z I0128 09:36:04.884665       1 controller.go:385] ci-ln-vjb5l1t-76ef8-snmcd-worker-us-west-1c-mj4l8: has no node yet, requeuing
2026-01-28T09:36:10.912174226Z I0128 09:36:10.912134       1 controller.go:173] ci-ln-vjb5l1t-76ef8-snmcd-worker-us-west-1c-mj4l8: reconciling Machine
2026-01-28T09:36:10.912174226Z I0128 09:36:10.912157       1 actuator.go:108] ci-ln-vjb5l1t-76ef8-snmcd-worker-us-west-1c-mj4l8: actuator checking if machine exists
2026-01-28T09:36:11.087177894Z I0128 09:36:11.087129       1 reconciler.go:539] ci-ln-vjb5l1t-76ef8-snmcd-worker-us-west-1c-mj4l8: Found instance by id: i-0b0dc084c90fc4dab
2026-01-28T09:36:11.087177894Z I0128 09:36:11.087155       1 controller.go:357] ci-ln-vjb5l1t-76ef8-snmcd-worker-us-west-1c-mj4l8: reconciling machine triggers idempotent update
2026-01-28T09:36:11.087177894Z I0128 09:36:11.087163       1 actuator.go:125] ci-ln-vjb5l1t-76ef8-snmcd-worker-us-west-1c-mj4l8: actuator updating machine
2026-01-28T09:36:11.087673365Z I0128 09:36:11.087644       1 reconciler.go:197] ci-ln-vjb5l1t-76ef8-snmcd-worker-us-west-1c-mj4l8: updating machine
2026-01-28T09:36:11.142651150Z I0128 09:36:11.142617       1 reconciler.go:539] ci-ln-vjb5l1t-76ef8-snmcd-worker-us-west-1c-mj4l8: Found instance by id: i-0b0dc084c90fc4dab
2026-01-28T09:36:11.142691631Z I0128 09:36:11.142677       1 reconciler.go:271] ci-ln-vjb5l1t-76ef8-snmcd-worker-us-west-1c-mj4l8: found 1 running instances for machine
2026-01-28T09:36:11.142691631Z I0128 09:36:11.142688       1 reconciler.go:451] ci-ln-vjb5l1t-76ef8-snmcd-worker-us-west-1c-mj4l8: ProviderID already set in the machine Spec with value:aws:///us-west-1c/i-0b0dc084c90fc4dab
2026-01-28T09:36:11.142774693Z I0128 09:36:11.142752       1 reconciler.go:301] Updated machine ci-ln-vjb5l1t-76ef8-snmcd-worker-us-west-1c-mj4l8
2026-01-28T09:36:11.142774693Z I0128 09:36:11.142763       1 machine_scope.go:167] ci-ln-vjb5l1t-76ef8-snmcd-worker-us-west-1c-mj4l8: Updating status
2026-01-28T09:36:11.235422592Z I0128 09:36:11.235380       1 machine_scope.go:193] ci-ln-vjb5l1t-76ef8-snmcd-worker-us-west-1c-mj4l8: finished calculating AWS status
2026-01-28T09:36:11.235422592Z I0128 09:36:11.235398       1 machine_scope.go:90] ci-ln-vjb5l1t-76ef8-snmcd-worker-us-west-1c-mj4l8: patching machine
2026-01-28T09:36:11.251428254Z I0128 09:36:11.251389       1 controller.go:496] ci-ln-vjb5l1t-76ef8-snmcd-worker-us-west-1c-mj4l8: going into phase "Running"
2026-01-28T09:36:11.263024942Z I0128 09:36:11.262995       1 controller.go:173] ci-ln-vjb5l1t-76ef8-snmcd-worker-us-west-1c-mj4l8: reconciling Machine
2026-01-28T09:36:11.263024942Z I0128 09:36:11.263016       1 actuator.go:108] ci-ln-vjb5l1t-76ef8-snmcd-worker-us-west-1c-mj4l8: actuator checking if machine exists
2026-01-28T09:36:11.329713607Z I0128 09:36:11.329673       1 reconciler.go:539] ci-ln-vjb5l1t-76ef8-snmcd-worker-us-west-1c-mj4l8: Found instance by id: i-0b0dc084c90fc4dab
2026-01-28T09:36:11.329713607Z I0128 09:36:11.329697       1 controller.go:357] ci-ln-vjb5l1t-76ef8-snmcd-worker-us-west-1c-mj4l8: reconciling machine triggers idempotent update
2026-01-28T09:36:11.329713607Z I0128 09:36:11.329703       1 actuator.go:125] ci-ln-vjb5l1t-76ef8-snmcd-worker-us-west-1c-mj4l8: actuator updating machine
2026-01-28T09:36:11.330184757Z I0128 09:36:11.330164       1 reconciler.go:197] ci-ln-vjb5l1t-76ef8-snmcd-worker-us-west-1c-mj4l8: updating machine
2026-01-28T09:36:11.389550255Z I0128 09:36:11.389509       1 reconciler.go:539] ci-ln-vjb5l1t-76ef8-snmcd-worker-us-west-1c-mj4l8: Found instance by id: i-0b0dc084c90fc4dab
2026-01-28T09:36:11.389611686Z I0128 09:36:11.389585       1 reconciler.go:271] ci-ln-vjb5l1t-76ef8-snmcd-worker-us-west-1c-mj4l8: found 1 running instances for machine
2026-01-28T09:36:11.389611686Z I0128 09:36:11.389602       1 reconciler.go:451] ci-ln-vjb5l1t-76ef8-snmcd-worker-us-west-1c-mj4l8: ProviderID already set in the machine Spec with value:aws:///us-west-1c/i-0b0dc084c90fc4dab
2026-01-28T09:36:11.389709029Z I0128 09:36:11.389683       1 reconciler.go:301] Updated machine ci-ln-vjb5l1t-76ef8-snmcd-worker-us-west-1c-mj4l8
2026-01-28T09:36:11.389709029Z I0128 09:36:11.389697       1 machine_scope.go:167] ci-ln-vjb5l1t-76ef8-snmcd-worker-us-west-1c-mj4l8: Updating status
2026-01-28T09:36:11.473325315Z I0128 09:36:11.473295       1 machine_scope.go:193] ci-ln-vjb5l1t-76ef8-snmcd-worker-us-west-1c-mj4l8: finished calculating AWS status
2026-01-28T09:36:11.473325315Z I0128 09:36:11.473313       1 machine_scope.go:90] ci-ln-vjb5l1t-76ef8-snmcd-worker-us-west-1c-mj4l8: patching machine
2026-01-28T09:36:32.932943479Z I0128 09:36:32.932871       1 controller.go:173] ci-ln-vjb5l1t-76ef8-snmcd-worker-us-west-1c-rgb9d: reconciling Machine
2026-01-28T09:36:32.932943479Z I0128 09:36:32.932911       1 actuator.go:108] ci-ln-vjb5l1t-76ef8-snmcd-worker-us-west-1c-rgb9d: actuator checking if machine exists
2026-01-28T09:36:32.999193698Z I0128 09:36:32.999149       1 reconciler.go:539] ci-ln-vjb5l1t-76ef8-snmcd-worker-us-west-1c-rgb9d: Found instance by id: i-039c1b44e22269044
2026-01-28T09:36:32.999193698Z I0128 09:36:32.999176       1 controller.go:357] ci-ln-vjb5l1t-76ef8-snmcd-worker-us-west-1c-rgb9d: reconciling machine triggers idempotent update
2026-01-28T09:36:32.999193698Z I0128 09:36:32.999184       1 actuator.go:125] ci-ln-vjb5l1t-76ef8-snmcd-worker-us-west-1c-rgb9d: actuator updating machine
2026-01-28T09:36:32.999610797Z I0128 09:36:32.999577       1 reconciler.go:197] ci-ln-vjb5l1t-76ef8-snmcd-worker-us-west-1c-rgb9d: updating machine
2026-01-28T09:36:33.069322441Z I0128 09:36:33.069286       1 reconciler.go:539] ci-ln-vjb5l1t-76ef8-snmcd-worker-us-west-1c-rgb9d: Found instance by id: i-039c1b44e22269044
2026-01-28T09:36:33.069470744Z I0128 09:36:33.069453       1 reconciler.go:271] ci-ln-vjb5l1t-76ef8-snmcd-worker-us-west-1c-rgb9d: found 1 running instances for machine
2026-01-28T09:36:33.069534035Z I0128 09:36:33.069505       1 reconciler.go:451] ci-ln-vjb5l1t-76ef8-snmcd-worker-us-west-1c-rgb9d: ProviderID already set in the machine Spec with value:aws:///us-west-1c/i-039c1b44e22269044
2026-01-28T09:36:33.069613097Z I0128 09:36:33.069597       1 reconciler.go:301] Updated machine ci-ln-vjb5l1t-76ef8-snmcd-worker-us-west-1c-rgb9d
2026-01-28T09:36:33.069652968Z I0128 09:36:33.069641       1 machine_scope.go:167] ci-ln-vjb5l1t-76ef8-snmcd-worker-us-west-1c-rgb9d: Updating status
2026-01-28T09:36:33.150373701Z I0128 09:36:33.150338       1 machine_scope.go:193] ci-ln-vjb5l1t-76ef8-snmcd-worker-us-west-1c-rgb9d: finished calculating AWS status
2026-01-28T09:36:33.150373701Z I0128 09:36:33.150358       1 machine_scope.go:90] ci-ln-vjb5l1t-76ef8-snmcd-worker-us-west-1c-rgb9d: patching machine
2026-01-28T09:36:33.162761200Z I0128 09:36:33.162734       1 controller.go:385] ci-ln-vjb5l1t-76ef8-snmcd-worker-us-west-1c-rgb9d: has no node yet, requeuing
2026-01-28T09:36:34.327390752Z I0128 09:36:34.327341       1 controller.go:173] ci-ln-vjb5l1t-76ef8-snmcd-worker-us-west-1a-8x8wj: reconciling Machine
2026-01-28T09:36:34.327390752Z I0128 09:36:34.327364       1 actuator.go:108] ci-ln-vjb5l1t-76ef8-snmcd-worker-us-west-1a-8x8wj: actuator checking if machine exists
2026-01-28T09:36:34.411638221Z I0128 09:36:34.411601       1 reconciler.go:539] ci-ln-vjb5l1t-76ef8-snmcd-worker-us-west-1a-8x8wj: Found instance by id: i-055b83ab99acf565e
2026-01-28T09:36:34.411676032Z I0128 09:36:34.411632       1 controller.go:357] ci-ln-vjb5l1t-76ef8-snmcd-worker-us-west-1a-8x8wj: reconciling machine triggers idempotent update
2026-01-28T09:36:34.411676032Z I0128 09:36:34.411643       1 actuator.go:125] ci-ln-vjb5l1t-76ef8-snmcd-worker-us-west-1a-8x8wj: actuator updating machine
2026-01-28T09:36:34.412168933Z I0128 09:36:34.412147       1 reconciler.go:197] ci-ln-vjb5l1t-76ef8-snmcd-worker-us-west-1a-8x8wj: updating machine
2026-01-28T09:36:34.490680638Z I0128 09:36:34.490642       1 reconciler.go:539] ci-ln-vjb5l1t-76ef8-snmcd-worker-us-west-1a-8x8wj: Found instance by id: i-055b83ab99acf565e
2026-01-28T09:36:34.490729739Z I0128 09:36:34.490705       1 reconciler.go:271] ci-ln-vjb5l1t-76ef8-snmcd-worker-us-west-1a-8x8wj: found 1 running instances for machine
2026-01-28T09:36:34.490729739Z I0128 09:36:34.490712       1 reconciler.go:451] ci-ln-vjb5l1t-76ef8-snmcd-worker-us-west-1a-8x8wj: ProviderID already set in the machine Spec with value:aws:///us-west-1a/i-055b83ab99acf565e
2026-01-28T09:36:34.490845172Z I0128 09:36:34.490822       1 reconciler.go:301] Updated machine ci-ln-vjb5l1t-76ef8-snmcd-worker-us-west-1a-8x8wj
2026-01-28T09:36:34.490845172Z I0128 09:36:34.490833       1 machine_scope.go:167] ci-ln-vjb5l1t-76ef8-snmcd-worker-us-west-1a-8x8wj: Updating status
2026-01-28T09:36:34.575083571Z I0128 09:36:34.575054       1 machine_scope.go:193] ci-ln-vjb5l1t-76ef8-snmcd-worker-us-west-1a-8x8wj: finished calculating AWS status
2026-01-28T09:36:34.575083571Z I0128 09:36:34.575068       1 machine_scope.go:90] ci-ln-vjb5l1t-76ef8-snmcd-worker-us-west-1a-8x8wj: patching machine
2026-01-28T09:36:34.588011942Z I0128 09:36:34.587979       1 controller.go:385] ci-ln-vjb5l1t-76ef8-snmcd-worker-us-west-1a-8x8wj: has no node yet, requeuing
2026-01-28T09:36:34.885376830Z I0128 09:36:34.885339       1 controller.go:173] ci-ln-vjb5l1t-76ef8-snmcd-worker-us-west-1c-mj4l8: reconciling Machine
2026-01-28T09:36:34.885376830Z I0128 09:36:34.885362       1 actuator.go:108] ci-ln-vjb5l1t-76ef8-snmcd-worker-us-west-1c-mj4l8: actuator checking if machine exists
2026-01-28T09:36:34.959350496Z I0128 09:36:34.959310       1 reconciler.go:539] ci-ln-vjb5l1t-76ef8-snmcd-worker-us-west-1c-mj4l8: Found instance by id: i-0b0dc084c90fc4dab
2026-01-28T09:36:34.959350496Z I0128 09:36:34.959335       1 controller.go:357] ci-ln-vjb5l1t-76ef8-snmcd-worker-us-west-1c-mj4l8: reconciling machine triggers idempotent update
2026-01-28T09:36:34.959350496Z I0128 09:36:34.959341       1 actuator.go:125] ci-ln-vjb5l1t-76ef8-snmcd-worker-us-west-1c-mj4l8: actuator updating machine
2026-01-28T09:36:34.959853227Z I0128 09:36:34.959831       1 reconciler.go:197] ci-ln-vjb5l1t-76ef8-snmcd-worker-us-west-1c-mj4l8: updating machine
2026-01-28T09:36:35.039558888Z I0128 09:36:35.039528       1 reconciler.go:539] ci-ln-vjb5l1t-76ef8-snmcd-worker-us-west-1c-mj4l8: Found instance by id: i-0b0dc084c90fc4dab
2026-01-28T09:36:35.039606519Z I0128 09:36:35.039585       1 reconciler.go:271] ci-ln-vjb5l1t-76ef8-snmcd-worker-us-west-1c-mj4l8: found 1 running instances for machine
2026-01-28T09:36:35.039606519Z I0128 09:36:35.039595       1 reconciler.go:451] ci-ln-vjb5l1t-76ef8-snmcd-worker-us-west-1c-mj4l8: ProviderID already set in the machine Spec with value:aws:///us-west-1c/i-0b0dc084c90fc4dab
2026-01-28T09:36:35.039687861Z I0128 09:36:35.039665       1 reconciler.go:301] Updated machine ci-ln-vjb5l1t-76ef8-snmcd-worker-us-west-1c-mj4l8
2026-01-28T09:36:35.039687861Z I0128 09:36:35.039683       1 machine_scope.go:167] ci-ln-vjb5l1t-76ef8-snmcd-worker-us-west-1c-mj4l8: Updating status
2026-01-28T09:36:35.123025941Z I0128 09:36:35.122988       1 machine_scope.go:193] ci-ln-vjb5l1t-76ef8-snmcd-worker-us-west-1c-mj4l8: finished calculating AWS status
2026-01-28T09:36:35.123025941Z I0128 09:36:35.123006       1 machine_scope.go:90] ci-ln-vjb5l1t-76ef8-snmcd-worker-us-west-1c-mj4l8: patching machine
2026-01-28T09:36:47.635832032Z I0128 09:36:47.635781       1 controller.go:173] ci-ln-vjb5l1t-76ef8-snmcd-worker-us-west-1c-mj4l8: reconciling Machine
2026-01-28T09:36:47.636060677Z I0128 09:36:47.636045       1 actuator.go:108] ci-ln-vjb5l1t-76ef8-snmcd-worker-us-west-1c-mj4l8: actuator checking if machine exists
2026-01-28T09:36:47.647039095Z I0128 09:36:47.646999       1 controller.go:71] "msg"="Reconciling" "logger"="controllers.MachineSet" "machineset"="ci-ln-vjb5l1t-76ef8-snmcd-worker-us-west-1c" "namespace"="openshift-machine-api"
2026-01-28T09:36:47.647109887Z I0128 09:36:47.647092       1 controller.go:143] ci-ln-vjb5l1t-76ef8-snmcd-worker-us-west-1c: Reconciling MachineSet
2026-01-28T09:36:47.756094454Z I0128 09:36:47.756055       1 reconciler.go:539] ci-ln-vjb5l1t-76ef8-snmcd-worker-us-west-1c-mj4l8: Found instance by id: i-0b0dc084c90fc4dab
2026-01-28T09:36:47.756173255Z I0128 09:36:47.756158       1 controller.go:357] ci-ln-vjb5l1t-76ef8-snmcd-worker-us-west-1c-mj4l8: reconciling machine triggers idempotent update
2026-01-28T09:36:47.756228036Z I0128 09:36:47.756216       1 actuator.go:125] ci-ln-vjb5l1t-76ef8-snmcd-worker-us-west-1c-mj4l8: actuator updating machine
2026-01-28T09:36:47.756832120Z I0128 09:36:47.756805       1 reconciler.go:197] ci-ln-vjb5l1t-76ef8-snmcd-worker-us-west-1c-mj4l8: updating machine
2026-01-28T09:36:47.831006720Z I0128 09:36:47.830968       1 reconciler.go:539] ci-ln-vjb5l1t-76ef8-snmcd-worker-us-west-1c-mj4l8: Found instance by id: i-0b0dc084c90fc4dab
2026-01-28T09:36:47.831044961Z I0128 09:36:47.831037       1 reconciler.go:271] ci-ln-vjb5l1t-76ef8-snmcd-worker-us-west-1c-mj4l8: found 1 running instances for machine
2026-01-28T09:36:47.831056061Z I0128 09:36:47.831047       1 reconciler.go:451] ci-ln-vjb5l1t-76ef8-snmcd-worker-us-west-1c-mj4l8: ProviderID already set in the machine Spec with value:aws:///us-west-1c/i-0b0dc084c90fc4dab
2026-01-28T09:36:47.831144683Z I0128 09:36:47.831126       1 reconciler.go:301] Updated machine ci-ln-vjb5l1t-76ef8-snmcd-worker-us-west-1c-mj4l8
2026-01-28T09:36:47.831144683Z I0128 09:36:47.831136       1 machine_scope.go:167] ci-ln-vjb5l1t-76ef8-snmcd-worker-us-west-1c-mj4l8: Updating status
2026-01-28T09:36:47.949414462Z I0128 09:36:47.949375       1 machine_scope.go:193] ci-ln-vjb5l1t-76ef8-snmcd-worker-us-west-1c-mj4l8: finished calculating AWS status
2026-01-28T09:36:47.949414462Z I0128 09:36:47.949394       1 machine_scope.go:90] ci-ln-vjb5l1t-76ef8-snmcd-worker-us-west-1c-mj4l8: patching machine
2026-01-28T09:37:03.163097997Z I0128 09:37:03.163050       1 controller.go:173] ci-ln-vjb5l1t-76ef8-snmcd-worker-us-west-1c-rgb9d: reconciling Machine
2026-01-28T09:37:03.163097997Z I0128 09:37:03.163074       1 actuator.go:108] ci-ln-vjb5l1t-76ef8-snmcd-worker-us-west-1c-rgb9d: actuator checking if machine exists
2026-01-28T09:37:03.274020332Z I0128 09:37:03.273970       1 reconciler.go:539] ci-ln-vjb5l1t-76ef8-snmcd-worker-us-west-1c-rgb9d: Found instance by id: i-039c1b44e22269044
2026-01-28T09:37:03.274020332Z I0128 09:37:03.274000       1 controller.go:357] ci-ln-vjb5l1t-76ef8-snmcd-worker-us-west-1c-rgb9d: reconciling machine triggers idempotent update
2026-01-28T09:37:03.274020332Z I0128 09:37:03.274007       1 actuator.go:125] ci-ln-vjb5l1t-76ef8-snmcd-worker-us-west-1c-rgb9d: actuator updating machine
2026-01-28T09:37:03.274550674Z I0128 09:37:03.274502       1 reconciler.go:197] ci-ln-vjb5l1t-76ef8-snmcd-worker-us-west-1c-rgb9d: updating machine
2026-01-28T09:37:03.342394870Z I0128 09:37:03.342352       1 reconciler.go:539] ci-ln-vjb5l1t-76ef8-snmcd-worker-us-west-1c-rgb9d: Found instance by id: i-039c1b44e22269044
2026-01-28T09:37:03.342440931Z I0128 09:37:03.342431       1 reconciler.go:271] ci-ln-vjb5l1t-76ef8-snmcd-worker-us-west-1c-rgb9d: found 1 running instances for machine
2026-01-28T09:37:03.342450621Z I0128 09:37:03.342441       1 reconciler.go:451] ci-ln-vjb5l1t-76ef8-snmcd-worker-us-west-1c-rgb9d: ProviderID already set in the machine Spec with value:aws:///us-west-1c/i-039c1b44e22269044
2026-01-28T09:37:03.342539813Z I0128 09:37:03.342522       1 reconciler.go:301] Updated machine ci-ln-vjb5l1t-76ef8-snmcd-worker-us-west-1c-rgb9d
2026-01-28T09:37:03.342539813Z I0128 09:37:03.342532       1 machine_scope.go:167] ci-ln-vjb5l1t-76ef8-snmcd-worker-us-west-1c-rgb9d: Updating status
2026-01-28T09:37:03.452976326Z I0128 09:37:03.452930       1 machine_scope.go:193] ci-ln-vjb5l1t-76ef8-snmcd-worker-us-west-1c-rgb9d: finished calculating AWS status
2026-01-28T09:37:03.452976326Z I0128 09:37:03.452948       1 machine_scope.go:90] ci-ln-vjb5l1t-76ef8-snmcd-worker-us-west-1c-rgb9d: patching machine
2026-01-28T09:37:03.466062261Z I0128 09:37:03.466022       1 controller.go:385] ci-ln-vjb5l1t-76ef8-snmcd-worker-us-west-1c-rgb9d: has no node yet, requeuing
2026-01-28T09:37:04.589085638Z I0128 09:37:04.589045       1 controller.go:173] ci-ln-vjb5l1t-76ef8-snmcd-worker-us-west-1a-8x8wj: reconciling Machine
2026-01-28T09:37:04.589085638Z I0128 09:37:04.589067       1 actuator.go:108] ci-ln-vjb5l1t-76ef8-snmcd-worker-us-west-1a-8x8wj: actuator checking if machine exists
2026-01-28T09:37:04.693482246Z I0128 09:37:04.693449       1 reconciler.go:539] ci-ln-vjb5l1t-76ef8-snmcd-worker-us-west-1a-8x8wj: Found instance by id: i-055b83ab99acf565e
2026-01-28T09:37:04.693482246Z I0128 09:37:04.693472       1 controller.go:357] ci-ln-vjb5l1t-76ef8-snmcd-worker-us-west-1a-8x8wj: reconciling machine triggers idempotent update
2026-01-28T09:37:04.693482246Z I0128 09:37:04.693477       1 actuator.go:125] ci-ln-vjb5l1t-76ef8-snmcd-worker-us-west-1a-8x8wj: actuator updating machine
2026-01-28T09:37:04.694073300Z I0128 09:37:04.694035       1 reconciler.go:197] ci-ln-vjb5l1t-76ef8-snmcd-worker-us-west-1a-8x8wj: updating machine
2026-01-28T09:37:04.761113647Z I0128 09:37:04.761065       1 reconciler.go:539] ci-ln-vjb5l1t-76ef8-snmcd-worker-us-west-1a-8x8wj: Found instance by id: i-055b83ab99acf565e
2026-01-28T09:37:04.761169668Z I0128 09:37:04.761137       1 reconciler.go:271] ci-ln-vjb5l1t-76ef8-snmcd-worker-us-west-1a-8x8wj: found 1 running instances for machine
2026-01-28T09:37:04.761169668Z I0128 09:37:04.761146       1 reconciler.go:451] ci-ln-vjb5l1t-76ef8-snmcd-worker-us-west-1a-8x8wj: ProviderID already set in the machine Spec with value:aws:///us-west-1a/i-055b83ab99acf565e
2026-01-28T09:37:04.761235300Z I0128 09:37:04.761221       1 reconciler.go:301] Updated machine ci-ln-vjb5l1t-76ef8-snmcd-worker-us-west-1a-8x8wj
2026-01-28T09:37:04.761235300Z I0128 09:37:04.761228       1 machine_scope.go:167] ci-ln-vjb5l1t-76ef8-snmcd-worker-us-west-1a-8x8wj: Updating status
2026-01-28T09:37:04.841034145Z I0128 09:37:04.840982       1 machine_scope.go:193] ci-ln-vjb5l1t-76ef8-snmcd-worker-us-west-1a-8x8wj: finished calculating AWS status
2026-01-28T09:37:04.841034145Z I0128 09:37:04.841004       1 machine_scope.go:90] ci-ln-vjb5l1t-76ef8-snmcd-worker-us-west-1a-8x8wj: patching machine
2026-01-28T09:37:04.854225321Z I0128 09:37:04.854193       1 controller.go:385] ci-ln-vjb5l1t-76ef8-snmcd-worker-us-west-1a-8x8wj: has no node yet, requeuing
2026-01-28T09:37:33.467225676Z I0128 09:37:33.467175       1 controller.go:173] ci-ln-vjb5l1t-76ef8-snmcd-worker-us-west-1c-rgb9d: reconciling Machine
2026-01-28T09:37:33.467225676Z I0128 09:37:33.467200       1 actuator.go:108] ci-ln-vjb5l1t-76ef8-snmcd-worker-us-west-1c-rgb9d: actuator checking if machine exists
2026-01-28T09:37:33.576905235Z I0128 09:37:33.576847       1 reconciler.go:539] ci-ln-vjb5l1t-76ef8-snmcd-worker-us-west-1c-rgb9d: Found instance by id: i-039c1b44e22269044
2026-01-28T09:37:33.576905235Z I0128 09:37:33.576869       1 controller.go:357] ci-ln-vjb5l1t-76ef8-snmcd-worker-us-west-1c-rgb9d: reconciling machine triggers idempotent update
2026-01-28T09:37:33.576905235Z I0128 09:37:33.576875       1 actuator.go:125] ci-ln-vjb5l1t-76ef8-snmcd-worker-us-west-1c-rgb9d: actuator updating machine
2026-01-28T09:37:33.577418327Z I0128 09:37:33.577398       1 reconciler.go:197] ci-ln-vjb5l1t-76ef8-snmcd-worker-us-west-1c-rgb9d: updating machine
2026-01-28T09:37:33.638673098Z I0128 09:37:33.638631       1 reconciler.go:539] ci-ln-vjb5l1t-76ef8-snmcd-worker-us-west-1c-rgb9d: Found instance by id: i-039c1b44e22269044
2026-01-28T09:37:33.638715468Z I0128 09:37:33.638705       1 reconciler.go:271] ci-ln-vjb5l1t-76ef8-snmcd-worker-us-west-1c-rgb9d: found 1 running instances for machine
2026-01-28T09:37:33.638728629Z I0128 09:37:33.638717       1 reconciler.go:451] ci-ln-vjb5l1t-76ef8-snmcd-worker-us-west-1c-rgb9d: ProviderID already set in the machine Spec with value:aws:///us-west-1c/i-039c1b44e22269044
2026-01-28T09:37:33.638836421Z I0128 09:37:33.638814       1 reconciler.go:301] Updated machine ci-ln-vjb5l1t-76ef8-snmcd-worker-us-west-1c-rgb9d
2026-01-28T09:37:33.638836421Z I0128 09:37:33.638825       1 machine_scope.go:167] ci-ln-vjb5l1t-76ef8-snmcd-worker-us-west-1c-rgb9d: Updating status
2026-01-28T09:37:33.774135246Z I0128 09:37:33.774093       1 machine_scope.go:193] ci-ln-vjb5l1t-76ef8-snmcd-worker-us-west-1c-rgb9d: finished calculating AWS status
2026-01-28T09:37:33.774135246Z I0128 09:37:33.774111       1 machine_scope.go:90] ci-ln-vjb5l1t-76ef8-snmcd-worker-us-west-1c-rgb9d: patching machine
2026-01-28T09:37:33.786703404Z I0128 09:37:33.786665       1 controller.go:385] ci-ln-vjb5l1t-76ef8-snmcd-worker-us-west-1c-rgb9d: has no node yet, requeuing
2026-01-28T09:37:34.855074212Z I0128 09:37:34.855035       1 controller.go:173] ci-ln-vjb5l1t-76ef8-snmcd-worker-us-west-1a-8x8wj: reconciling Machine
2026-01-28T09:37:34.855074212Z I0128 09:37:34.855058       1 actuator.go:108] ci-ln-vjb5l1t-76ef8-snmcd-worker-us-west-1a-8x8wj: actuator checking if machine exists
2026-01-28T09:37:34.986383365Z I0128 09:37:34.986349       1 reconciler.go:539] ci-ln-vjb5l1t-76ef8-snmcd-worker-us-west-1a-8x8wj: Found instance by id: i-055b83ab99acf565e
2026-01-28T09:37:34.986383365Z I0128 09:37:34.986372       1 controller.go:357] ci-ln-vjb5l1t-76ef8-snmcd-worker-us-west-1a-8x8wj: reconciling machine triggers idempotent update
2026-01-28T09:37:34.986383365Z I0128 09:37:34.986378       1 actuator.go:125] ci-ln-vjb5l1t-76ef8-snmcd-worker-us-west-1a-8x8wj: actuator updating machine
2026-01-28T09:37:34.986819015Z I0128 09:37:34.986795       1 reconciler.go:197] ci-ln-vjb5l1t-76ef8-snmcd-worker-us-west-1a-8x8wj: updating machine
2026-01-28T09:37:35.049875008Z I0128 09:37:35.049847       1 reconciler.go:539] ci-ln-vjb5l1t-76ef8-snmcd-worker-us-west-1a-8x8wj: Found instance by id: i-055b83ab99acf565e
2026-01-28T09:37:35.049924129Z I0128 09:37:35.049912       1 reconciler.go:271] ci-ln-vjb5l1t-76ef8-snmcd-worker-us-west-1a-8x8wj: found 1 running instances for machine
2026-01-28T09:37:35.049938509Z I0128 09:37:35.049922       1 reconciler.go:451] ci-ln-vjb5l1t-76ef8-snmcd-worker-us-west-1a-8x8wj: ProviderID already set in the machine Spec with value:aws:///us-west-1a/i-055b83ab99acf565e
2026-01-28T09:37:35.050008781Z I0128 09:37:35.049990       1 reconciler.go:301] Updated machine ci-ln-vjb5l1t-76ef8-snmcd-worker-us-west-1a-8x8wj
2026-01-28T09:37:35.050008781Z I0128 09:37:35.050002       1 machine_scope.go:167] ci-ln-vjb5l1t-76ef8-snmcd-worker-us-west-1a-8x8wj: Updating status
2026-01-28T09:37:35.129527100Z I0128 09:37:35.129492       1 machine_scope.go:193] ci-ln-vjb5l1t-76ef8-snmcd-worker-us-west-1a-8x8wj: finished calculating AWS status
2026-01-28T09:37:35.129527100Z I0128 09:37:35.129509       1 machine_scope.go:90] ci-ln-vjb5l1t-76ef8-snmcd-worker-us-west-1a-8x8wj: patching machine
2026-01-28T09:37:35.141589086Z I0128 09:37:35.141561       1 controller.go:385] ci-ln-vjb5l1t-76ef8-snmcd-worker-us-west-1a-8x8wj: has no node yet, requeuing
2026-01-28T09:38:03.787854318Z I0128 09:38:03.787816       1 controller.go:173] ci-ln-vjb5l1t-76ef8-snmcd-worker-us-west-1c-rgb9d: reconciling Machine
2026-01-28T09:38:03.787854318Z I0128 09:38:03.787839       1 actuator.go:108] ci-ln-vjb5l1t-76ef8-snmcd-worker-us-west-1c-rgb9d: actuator checking if machine exists
2026-01-28T09:38:03.863101852Z I0128 09:38:03.863052       1 reconciler.go:539] ci-ln-vjb5l1t-76ef8-snmcd-worker-us-west-1c-rgb9d: Found instance by id: i-039c1b44e22269044
2026-01-28T09:38:03.863101852Z I0128 09:38:03.863078       1 controller.go:357] ci-ln-vjb5l1t-76ef8-snmcd-worker-us-west-1c-rgb9d: reconciling machine triggers idempotent update
2026-01-28T09:38:03.863101852Z I0128 09:38:03.863085       1 actuator.go:125] ci-ln-vjb5l1t-76ef8-snmcd-worker-us-west-1c-rgb9d: actuator updating machine
2026-01-28T09:38:03.863591222Z I0128 09:38:03.863563       1 reconciler.go:197] ci-ln-vjb5l1t-76ef8-snmcd-worker-us-west-1c-rgb9d: updating machine
2026-01-28T09:38:03.928073610Z I0128 09:38:03.928023       1 reconciler.go:539] ci-ln-vjb5l1t-76ef8-snmcd-worker-us-west-1c-rgb9d: Found instance by id: i-039c1b44e22269044
2026-01-28T09:38:03.928119491Z I0128 09:38:03.928109       1 reconciler.go:271] ci-ln-vjb5l1t-76ef8-snmcd-worker-us-west-1c-rgb9d: found 1 running instances for machine
2026-01-28T09:38:03.928132411Z I0128 09:38:03.928119       1 reconciler.go:451] ci-ln-vjb5l1t-76ef8-snmcd-worker-us-west-1c-rgb9d: ProviderID already set in the machine Spec with value:aws:///us-west-1c/i-039c1b44e22269044
2026-01-28T09:38:03.928213903Z I0128 09:38:03.928192       1 reconciler.go:301] Updated machine ci-ln-vjb5l1t-76ef8-snmcd-worker-us-west-1c-rgb9d
2026-01-28T09:38:03.928213903Z I0128 09:38:03.928203       1 machine_scope.go:167] ci-ln-vjb5l1t-76ef8-snmcd-worker-us-west-1c-rgb9d: Updating status
2026-01-28T09:38:04.013739342Z I0128 09:38:04.013696       1 machine_scope.go:193] ci-ln-vjb5l1t-76ef8-snmcd-worker-us-west-1c-rgb9d: finished calculating AWS status
2026-01-28T09:38:04.013739342Z I0128 09:38:04.013716       1 machine_scope.go:90] ci-ln-vjb5l1t-76ef8-snmcd-worker-us-west-1c-rgb9d: patching machine
2026-01-28T09:38:04.031606015Z I0128 09:38:04.031574       1 controller.go:385] ci-ln-vjb5l1t-76ef8-snmcd-worker-us-west-1c-rgb9d: has no node yet, requeuing
2026-01-28T09:38:05.142464051Z I0128 09:38:05.142425       1 controller.go:173] ci-ln-vjb5l1t-76ef8-snmcd-worker-us-west-1a-8x8wj: reconciling Machine
2026-01-28T09:38:05.142464051Z I0128 09:38:05.142448       1 actuator.go:108] ci-ln-vjb5l1t-76ef8-snmcd-worker-us-west-1a-8x8wj: actuator checking if machine exists
2026-01-28T09:38:05.226008778Z I0128 09:38:05.225973       1 reconciler.go:539] ci-ln-vjb5l1t-76ef8-snmcd-worker-us-west-1a-8x8wj: Found instance by id: i-055b83ab99acf565e
2026-01-28T09:38:05.226052249Z I0128 09:38:05.226038       1 controller.go:357] ci-ln-vjb5l1t-76ef8-snmcd-worker-us-west-1a-8x8wj: reconciling machine triggers idempotent update
2026-01-28T09:38:05.226052249Z I0128 09:38:05.226048       1 actuator.go:125] ci-ln-vjb5l1t-76ef8-snmcd-worker-us-west-1a-8x8wj: actuator updating machine
2026-01-28T09:38:05.226516719Z I0128 09:38:05.226492       1 reconciler.go:197] ci-ln-vjb5l1t-76ef8-snmcd-worker-us-west-1a-8x8wj: updating machine
2026-01-28T09:38:05.292732764Z I0128 09:38:05.292695       1 reconciler.go:539] ci-ln-vjb5l1t-76ef8-snmcd-worker-us-west-1a-8x8wj: Found instance by id: i-055b83ab99acf565e
2026-01-28T09:38:05.292767765Z I0128 09:38:05.292754       1 reconciler.go:271] ci-ln-vjb5l1t-76ef8-snmcd-worker-us-west-1a-8x8wj: found 1 running instances for machine
2026-01-28T09:38:05.292767765Z I0128 09:38:05.292763       1 reconciler.go:451] ci-ln-vjb5l1t-76ef8-snmcd-worker-us-west-1a-8x8wj: ProviderID already set in the machine Spec with value:aws:///us-west-1a/i-055b83ab99acf565e
2026-01-28T09:38:05.292856357Z I0128 09:38:05.292837       1 reconciler.go:301] Updated machine ci-ln-vjb5l1t-76ef8-snmcd-worker-us-west-1a-8x8wj
2026-01-28T09:38:05.292922328Z I0128 09:38:05.292908       1 machine_scope.go:167] ci-ln-vjb5l1t-76ef8-snmcd-worker-us-west-1a-8x8wj: Updating status
2026-01-28T09:38:05.368917699Z I0128 09:38:05.368864       1 machine_scope.go:193] ci-ln-vjb5l1t-76ef8-snmcd-worker-us-west-1a-8x8wj: finished calculating AWS status
2026-01-28T09:38:05.368917699Z I0128 09:38:05.368897       1 machine_scope.go:90] ci-ln-vjb5l1t-76ef8-snmcd-worker-us-west-1a-8x8wj: patching machine
2026-01-28T09:38:05.382938867Z I0128 09:38:05.382914       1 controller.go:385] ci-ln-vjb5l1t-76ef8-snmcd-worker-us-west-1a-8x8wj: has no node yet, requeuing
2026-01-28T09:38:34.032074137Z I0128 09:38:34.032028       1 controller.go:173] ci-ln-vjb5l1t-76ef8-snmcd-worker-us-west-1c-rgb9d: reconciling Machine
2026-01-28T09:38:34.032074137Z I0128 09:38:34.032052       1 actuator.go:108] ci-ln-vjb5l1t-76ef8-snmcd-worker-us-west-1c-rgb9d: actuator checking if machine exists
2026-01-28T09:38:34.150866445Z I0128 09:38:34.150826       1 reconciler.go:539] ci-ln-vjb5l1t-76ef8-snmcd-worker-us-west-1c-rgb9d: Found instance by id: i-039c1b44e22269044
2026-01-28T09:38:34.150866445Z I0128 09:38:34.150850       1 controller.go:357] ci-ln-vjb5l1t-76ef8-snmcd-worker-us-west-1c-rgb9d: reconciling machine triggers idempotent update
2026-01-28T09:38:34.150866445Z I0128 09:38:34.150856       1 actuator.go:125] ci-ln-vjb5l1t-76ef8-snmcd-worker-us-west-1c-rgb9d: actuator updating machine
2026-01-28T09:38:34.151408427Z I0128 09:38:34.151385       1 reconciler.go:197] ci-ln-vjb5l1t-76ef8-snmcd-worker-us-west-1c-rgb9d: updating machine
2026-01-28T09:38:34.208340488Z I0128 09:38:34.208293       1 reconciler.go:539] ci-ln-vjb5l1t-76ef8-snmcd-worker-us-west-1c-rgb9d: Found instance by id: i-039c1b44e22269044
2026-01-28T09:38:34.208395079Z I0128 09:38:34.208384       1 reconciler.go:271] ci-ln-vjb5l1t-76ef8-snmcd-worker-us-west-1c-rgb9d: found 1 running instances for machine
2026-01-28T09:38:34.208408449Z I0128 09:38:34.208396       1 reconciler.go:451] ci-ln-vjb5l1t-76ef8-snmcd-worker-us-west-1c-rgb9d: ProviderID already set in the machine Spec with value:aws:///us-west-1c/i-039c1b44e22269044
2026-01-28T09:38:34.208495421Z I0128 09:38:34.208476       1 reconciler.go:301] Updated machine ci-ln-vjb5l1t-76ef8-snmcd-worker-us-west-1c-rgb9d
2026-01-28T09:38:34.208521822Z I0128 09:38:34.208512       1 machine_scope.go:167] ci-ln-vjb5l1t-76ef8-snmcd-worker-us-west-1c-rgb9d: Updating status
2026-01-28T09:38:34.350344353Z I0128 09:38:34.350307       1 machine_scope.go:193] ci-ln-vjb5l1t-76ef8-snmcd-worker-us-west-1c-rgb9d: finished calculating AWS status
2026-01-28T09:38:34.350344353Z I0128 09:38:34.350326       1 machine_scope.go:90] ci-ln-vjb5l1t-76ef8-snmcd-worker-us-west-1c-rgb9d: patching machine
2026-01-28T09:38:34.364764402Z I0128 09:38:34.364738       1 controller.go:385] ci-ln-vjb5l1t-76ef8-snmcd-worker-us-west-1c-rgb9d: has no node yet, requeuing
2026-01-28T09:38:35.383703734Z I0128 09:38:35.383659       1 controller.go:173] ci-ln-vjb5l1t-76ef8-snmcd-worker-us-west-1a-8x8wj: reconciling Machine
2026-01-28T09:38:35.383703734Z I0128 09:38:35.383686       1 actuator.go:108] ci-ln-vjb5l1t-76ef8-snmcd-worker-us-west-1a-8x8wj: actuator checking if machine exists
2026-01-28T09:38:35.502628254Z I0128 09:38:35.502586       1 reconciler.go:539] ci-ln-vjb5l1t-76ef8-snmcd-worker-us-west-1a-8x8wj: Found instance by id: i-055b83ab99acf565e
2026-01-28T09:38:35.502628254Z I0128 09:38:35.502612       1 controller.go:357] ci-ln-vjb5l1t-76ef8-snmcd-worker-us-west-1a-8x8wj: reconciling machine triggers idempotent update
2026-01-28T09:38:35.502628254Z I0128 09:38:35.502621       1 actuator.go:125] ci-ln-vjb5l1t-76ef8-snmcd-worker-us-west-1a-8x8wj: actuator updating machine
2026-01-28T09:38:35.503183036Z I0128 09:38:35.503165       1 reconciler.go:197] ci-ln-vjb5l1t-76ef8-snmcd-worker-us-west-1a-8x8wj: updating machine
2026-01-28T09:38:35.567989876Z I0128 09:38:35.567946       1 reconciler.go:539] ci-ln-vjb5l1t-76ef8-snmcd-worker-us-west-1a-8x8wj: Found instance by id: i-055b83ab99acf565e
2026-01-28T09:38:35.568038577Z I0128 09:38:35.568011       1 reconciler.go:271] ci-ln-vjb5l1t-76ef8-snmcd-worker-us-west-1a-8x8wj: found 1 running instances for machine
2026-01-28T09:38:35.568038577Z I0128 09:38:35.568019       1 reconciler.go:451] ci-ln-vjb5l1t-76ef8-snmcd-worker-us-west-1a-8x8wj: ProviderID already set in the machine Spec with value:aws:///us-west-1a/i-055b83ab99acf565e
2026-01-28T09:38:35.568117739Z I0128 09:38:35.568100       1 reconciler.go:301] Updated machine ci-ln-vjb5l1t-76ef8-snmcd-worker-us-west-1a-8x8wj
2026-01-28T09:38:35.568117739Z I0128 09:38:35.568113       1 machine_scope.go:167] ci-ln-vjb5l1t-76ef8-snmcd-worker-us-west-1a-8x8wj: Updating status
2026-01-28T09:38:35.659703753Z I0128 09:38:35.659668       1 machine_scope.go:193] ci-ln-vjb5l1t-76ef8-snmcd-worker-us-west-1a-8x8wj: finished calculating AWS status
2026-01-28T09:38:35.659703753Z I0128 09:38:35.659688       1 machine_scope.go:90] ci-ln-vjb5l1t-76ef8-snmcd-worker-us-west-1a-8x8wj: patching machine
2026-01-28T09:38:35.674933160Z I0128 09:38:35.674908       1 controller.go:385] ci-ln-vjb5l1t-76ef8-snmcd-worker-us-west-1a-8x8wj: has no node yet, requeuing
2026-01-28T09:39:04.365499077Z I0128 09:39:04.365446       1 controller.go:173] ci-ln-vjb5l1t-76ef8-snmcd-worker-us-west-1c-rgb9d: reconciling Machine
2026-01-28T09:39:04.365499077Z I0128 09:39:04.365473       1 actuator.go:108] ci-ln-vjb5l1t-76ef8-snmcd-worker-us-west-1c-rgb9d: actuator checking if machine exists
2026-01-28T09:39:04.485266415Z I0128 09:39:04.485222       1 reconciler.go:539] ci-ln-vjb5l1t-76ef8-snmcd-worker-us-west-1c-rgb9d: Found instance by id: i-039c1b44e22269044
2026-01-28T09:39:04.485266415Z I0128 09:39:04.485251       1 controller.go:357] ci-ln-vjb5l1t-76ef8-snmcd-worker-us-west-1c-rgb9d: reconciling machine triggers idempotent update
2026-01-28T09:39:04.485266415Z I0128 09:39:04.485258       1 actuator.go:125] ci-ln-vjb5l1t-76ef8-snmcd-worker-us-west-1c-rgb9d: actuator updating machine
2026-01-28T09:39:04.485796046Z I0128 09:39:04.485771       1 reconciler.go:197] ci-ln-vjb5l1t-76ef8-snmcd-worker-us-west-1c-rgb9d: updating machine
2026-01-28T09:39:04.549406289Z I0128 09:39:04.549370       1 reconciler.go:539] ci-ln-vjb5l1t-76ef8-snmcd-worker-us-west-1c-rgb9d: Found instance by id: i-039c1b44e22269044
2026-01-28T09:39:04.549441440Z I0128 09:39:04.549427       1 reconciler.go:271] ci-ln-vjb5l1t-76ef8-snmcd-worker-us-west-1c-rgb9d: found 1 running instances for machine
2026-01-28T09:39:04.549441440Z I0128 09:39:04.549437       1 reconciler.go:451] ci-ln-vjb5l1t-76ef8-snmcd-worker-us-west-1c-rgb9d: ProviderID already set in the machine Spec with value:aws:///us-west-1c/i-039c1b44e22269044
2026-01-28T09:39:04.549518262Z I0128 09:39:04.549501       1 reconciler.go:301] Updated machine ci-ln-vjb5l1t-76ef8-snmcd-worker-us-west-1c-rgb9d
2026-01-28T09:39:04.549518262Z I0128 09:39:04.549512       1 machine_scope.go:167] ci-ln-vjb5l1t-76ef8-snmcd-worker-us-west-1c-rgb9d: Updating status
2026-01-28T09:39:04.646510016Z I0128 09:39:04.646483       1 machine_scope.go:193] ci-ln-vjb5l1t-76ef8-snmcd-worker-us-west-1c-rgb9d: finished calculating AWS status
2026-01-28T09:39:04.646510016Z I0128 09:39:04.646497       1 machine_scope.go:90] ci-ln-vjb5l1t-76ef8-snmcd-worker-us-west-1c-rgb9d: patching machine
2026-01-28T09:39:04.661547495Z I0128 09:39:04.661524       1 controller.go:385] ci-ln-vjb5l1t-76ef8-snmcd-worker-us-west-1c-rgb9d: has no node yet, requeuing
2026-01-28T09:39:05.675489777Z I0128 09:39:05.675438       1 controller.go:173] ci-ln-vjb5l1t-76ef8-snmcd-worker-us-west-1a-8x8wj: reconciling Machine
2026-01-28T09:39:05.675489777Z I0128 09:39:05.675461       1 actuator.go:108] ci-ln-vjb5l1t-76ef8-snmcd-worker-us-west-1a-8x8wj: actuator checking if machine exists
2026-01-28T09:39:05.808618130Z I0128 09:39:05.808574       1 reconciler.go:539] ci-ln-vjb5l1t-76ef8-snmcd-worker-us-west-1a-8x8wj: Found instance by id: i-055b83ab99acf565e
2026-01-28T09:39:05.808618130Z I0128 09:39:05.808600       1 controller.go:357] ci-ln-vjb5l1t-76ef8-snmcd-worker-us-west-1a-8x8wj: reconciling machine triggers idempotent update
2026-01-28T09:39:05.808618130Z I0128 09:39:05.808608       1 actuator.go:125] ci-ln-vjb5l1t-76ef8-snmcd-worker-us-west-1a-8x8wj: actuator updating machine
2026-01-28T09:39:05.809172742Z I0128 09:39:05.809150       1 reconciler.go:197] ci-ln-vjb5l1t-76ef8-snmcd-worker-us-west-1a-8x8wj: updating machine
2026-01-28T09:39:05.872008788Z I0128 09:39:05.871984       1 reconciler.go:539] ci-ln-vjb5l1t-76ef8-snmcd-worker-us-west-1a-8x8wj: Found instance by id: i-055b83ab99acf565e
2026-01-28T09:39:05.872052369Z I0128 09:39:05.872039       1 reconciler.go:271] ci-ln-vjb5l1t-76ef8-snmcd-worker-us-west-1a-8x8wj: found 1 running instances for machine
2026-01-28T09:39:05.872052369Z I0128 09:39:05.872049       1 reconciler.go:451] ci-ln-vjb5l1t-76ef8-snmcd-worker-us-west-1a-8x8wj: ProviderID already set in the machine Spec with value:aws:///us-west-1a/i-055b83ab99acf565e
2026-01-28T09:39:05.872135071Z I0128 09:39:05.872118       1 reconciler.go:301] Updated machine ci-ln-vjb5l1t-76ef8-snmcd-worker-us-west-1a-8x8wj
2026-01-28T09:39:05.872135071Z I0128 09:39:05.872127       1 machine_scope.go:167] ci-ln-vjb5l1t-76ef8-snmcd-worker-us-west-1a-8x8wj: Updating status
2026-01-28T09:39:05.947921594Z I0128 09:39:05.947861       1 machine_scope.go:193] ci-ln-vjb5l1t-76ef8-snmcd-worker-us-west-1a-8x8wj: finished calculating AWS status
2026-01-28T09:39:05.947921594Z I0128 09:39:05.947879       1 machine_scope.go:90] ci-ln-vjb5l1t-76ef8-snmcd-worker-us-west-1a-8x8wj: patching machine
2026-01-28T09:39:05.961398590Z I0128 09:39:05.961375       1 controller.go:385] ci-ln-vjb5l1t-76ef8-snmcd-worker-us-west-1a-8x8wj: has no node yet, requeuing
2026-01-28T09:39:34.676425268Z I0128 09:39:34.673092       1 controller.go:173] ci-ln-vjb5l1t-76ef8-snmcd-worker-us-west-1c-rgb9d: reconciling Machine
2026-01-28T09:39:34.676425268Z I0128 09:39:34.673118       1 actuator.go:108] ci-ln-vjb5l1t-76ef8-snmcd-worker-us-west-1c-rgb9d: actuator checking if machine exists
2026-01-28T09:39:34.744758092Z I0128 09:39:34.744720       1 reconciler.go:539] ci-ln-vjb5l1t-76ef8-snmcd-worker-us-west-1c-rgb9d: Found instance by id: i-039c1b44e22269044
2026-01-28T09:39:34.744913685Z I0128 09:39:34.744897       1 controller.go:357] ci-ln-vjb5l1t-76ef8-snmcd-worker-us-west-1c-rgb9d: reconciling machine triggers idempotent update
2026-01-28T09:39:34.744954146Z I0128 09:39:34.744943       1 actuator.go:125] ci-ln-vjb5l1t-76ef8-snmcd-worker-us-west-1c-rgb9d: actuator updating machine
2026-01-28T09:39:34.748939371Z I0128 09:39:34.745571       1 reconciler.go:197] ci-ln-vjb5l1t-76ef8-snmcd-worker-us-west-1c-rgb9d: updating machine
2026-01-28T09:39:34.813712279Z I0128 09:39:34.813677       1 reconciler.go:539] ci-ln-vjb5l1t-76ef8-snmcd-worker-us-west-1c-rgb9d: Found instance by id: i-039c1b44e22269044
2026-01-28T09:39:34.813839862Z I0128 09:39:34.813824       1 reconciler.go:271] ci-ln-vjb5l1t-76ef8-snmcd-worker-us-west-1c-rgb9d: found 1 running instances for machine
2026-01-28T09:39:34.813873133Z I0128 09:39:34.813863       1 reconciler.go:451] ci-ln-vjb5l1t-76ef8-snmcd-worker-us-west-1c-rgb9d: ProviderID already set in the machine Spec with value:aws:///us-west-1c/i-039c1b44e22269044
2026-01-28T09:39:34.813996625Z I0128 09:39:34.813981       1 reconciler.go:301] Updated machine ci-ln-vjb5l1t-76ef8-snmcd-worker-us-west-1c-rgb9d
2026-01-28T09:39:34.814033006Z I0128 09:39:34.814022       1 machine_scope.go:167] ci-ln-vjb5l1t-76ef8-snmcd-worker-us-west-1c-rgb9d: Updating status
2026-01-28T09:39:35.064534062Z I0128 09:39:35.064498       1 machine_scope.go:193] ci-ln-vjb5l1t-76ef8-snmcd-worker-us-west-1c-rgb9d: finished calculating AWS status
2026-01-28T09:39:35.064597433Z I0128 09:39:35.064585       1 machine_scope.go:90] ci-ln-vjb5l1t-76ef8-snmcd-worker-us-west-1c-rgb9d: patching machine
2026-01-28T09:39:35.085340898Z I0128 09:39:35.085309       1 controller.go:385] ci-ln-vjb5l1t-76ef8-snmcd-worker-us-west-1c-rgb9d: has no node yet, requeuing
2026-01-28T09:39:35.963235364Z I0128 09:39:35.963198       1 controller.go:173] ci-ln-vjb5l1t-76ef8-snmcd-worker-us-west-1a-8x8wj: reconciling Machine
2026-01-28T09:39:35.963302715Z I0128 09:39:35.963289       1 actuator.go:108] ci-ln-vjb5l1t-76ef8-snmcd-worker-us-west-1a-8x8wj: actuator checking if machine exists
2026-01-28T09:39:36.023738890Z I0128 09:39:36.023702       1 reconciler.go:539] ci-ln-vjb5l1t-76ef8-snmcd-worker-us-west-1a-8x8wj: Found instance by id: i-055b83ab99acf565e
2026-01-28T09:39:36.023832102Z I0128 09:39:36.023818       1 controller.go:357] ci-ln-vjb5l1t-76ef8-snmcd-worker-us-west-1a-8x8wj: reconciling machine triggers idempotent update
2026-01-28T09:39:36.023867473Z I0128 09:39:36.023856       1 actuator.go:125] ci-ln-vjb5l1t-76ef8-snmcd-worker-us-west-1a-8x8wj: actuator updating machine
2026-01-28T09:39:36.024501826Z I0128 09:39:36.024481       1 reconciler.go:197] ci-ln-vjb5l1t-76ef8-snmcd-worker-us-west-1a-8x8wj: updating machine
2026-01-28T09:39:36.091635904Z I0128 09:39:36.091601       1 reconciler.go:539] ci-ln-vjb5l1t-76ef8-snmcd-worker-us-west-1a-8x8wj: Found instance by id: i-055b83ab99acf565e
2026-01-28T09:39:36.091764147Z I0128 09:39:36.091750       1 reconciler.go:271] ci-ln-vjb5l1t-76ef8-snmcd-worker-us-west-1a-8x8wj: found 1 running instances for machine
2026-01-28T09:39:36.091799948Z I0128 09:39:36.091790       1 reconciler.go:451] ci-ln-vjb5l1t-76ef8-snmcd-worker-us-west-1a-8x8wj: ProviderID already set in the machine Spec with value:aws:///us-west-1a/i-055b83ab99acf565e
2026-01-28T09:39:36.091925720Z I0128 09:39:36.091912       1 reconciler.go:301] Updated machine ci-ln-vjb5l1t-76ef8-snmcd-worker-us-west-1a-8x8wj
2026-01-28T09:39:36.091964521Z I0128 09:39:36.091955       1 machine_scope.go:167] ci-ln-vjb5l1t-76ef8-snmcd-worker-us-west-1a-8x8wj: Updating status
2026-01-28T09:39:36.174251094Z I0128 09:39:36.173167       1 machine_scope.go:193] ci-ln-vjb5l1t-76ef8-snmcd-worker-us-west-1a-8x8wj: finished calculating AWS status
2026-01-28T09:39:36.174251094Z I0128 09:39:36.173191       1 machine_scope.go:90] ci-ln-vjb5l1t-76ef8-snmcd-worker-us-west-1a-8x8wj: patching machine
2026-01-28T09:39:36.207236650Z I0128 09:39:36.206483       1 controller.go:385] ci-ln-vjb5l1t-76ef8-snmcd-worker-us-west-1a-8x8wj: has no node yet, requeuing
2026-01-28T09:40:05.085932466Z I0128 09:40:05.085696       1 controller.go:173] ci-ln-vjb5l1t-76ef8-snmcd-worker-us-west-1c-rgb9d: reconciling Machine
2026-01-28T09:40:05.085932466Z I0128 09:40:05.085724       1 actuator.go:108] ci-ln-vjb5l1t-76ef8-snmcd-worker-us-west-1c-rgb9d: actuator checking if machine exists
2026-01-28T09:40:05.192274764Z I0128 09:40:05.192238       1 reconciler.go:539] ci-ln-vjb5l1t-76ef8-snmcd-worker-us-west-1c-rgb9d: Found instance by id: i-039c1b44e22269044
2026-01-28T09:40:05.192274764Z I0128 09:40:05.192261       1 controller.go:357] ci-ln-vjb5l1t-76ef8-snmcd-worker-us-west-1c-rgb9d: reconciling machine triggers idempotent update
2026-01-28T09:40:05.192274764Z I0128 09:40:05.192267       1 actuator.go:125] ci-ln-vjb5l1t-76ef8-snmcd-worker-us-west-1c-rgb9d: actuator updating machine
2026-01-28T09:40:05.192724894Z I0128 09:40:05.192690       1 reconciler.go:197] ci-ln-vjb5l1t-76ef8-snmcd-worker-us-west-1c-rgb9d: updating machine
2026-01-28T09:40:05.304342784Z I0128 09:40:05.304295       1 reconciler.go:539] ci-ln-vjb5l1t-76ef8-snmcd-worker-us-west-1c-rgb9d: Found instance by id: i-039c1b44e22269044
2026-01-28T09:40:05.304398445Z I0128 09:40:05.304384       1 reconciler.go:271] ci-ln-vjb5l1t-76ef8-snmcd-worker-us-west-1c-rgb9d: found 1 running instances for machine
2026-01-28T09:40:05.304412206Z I0128 09:40:05.304397       1 reconciler.go:451] ci-ln-vjb5l1t-76ef8-snmcd-worker-us-west-1c-rgb9d: ProviderID already set in the machine Spec with value:aws:///us-west-1c/i-039c1b44e22269044
2026-01-28T09:40:05.304490087Z I0128 09:40:05.304468       1 reconciler.go:301] Updated machine ci-ln-vjb5l1t-76ef8-snmcd-worker-us-west-1c-rgb9d
2026-01-28T09:40:05.304490087Z I0128 09:40:05.304480       1 machine_scope.go:167] ci-ln-vjb5l1t-76ef8-snmcd-worker-us-west-1c-rgb9d: Updating status
2026-01-28T09:40:05.449492740Z I0128 09:40:05.449451       1 machine_scope.go:193] ci-ln-vjb5l1t-76ef8-snmcd-worker-us-west-1c-rgb9d: finished calculating AWS status
2026-01-28T09:40:05.449492740Z I0128 09:40:05.449471       1 machine_scope.go:90] ci-ln-vjb5l1t-76ef8-snmcd-worker-us-west-1c-rgb9d: patching machine
2026-01-28T09:40:05.465981032Z I0128 09:40:05.465928       1 controller.go:385] ci-ln-vjb5l1t-76ef8-snmcd-worker-us-west-1c-rgb9d: has no node yet, requeuing
2026-01-28T09:40:06.207573808Z I0128 09:40:06.207518       1 controller.go:173] ci-ln-vjb5l1t-76ef8-snmcd-worker-us-west-1a-8x8wj: reconciling Machine
2026-01-28T09:40:06.207573808Z I0128 09:40:06.207549       1 actuator.go:108] ci-ln-vjb5l1t-76ef8-snmcd-worker-us-west-1a-8x8wj: actuator checking if machine exists
2026-01-28T09:40:06.314870917Z I0128 09:40:06.314821       1 reconciler.go:539] ci-ln-vjb5l1t-76ef8-snmcd-worker-us-west-1a-8x8wj: Found instance by id: i-055b83ab99acf565e
2026-01-28T09:40:06.314870917Z I0128 09:40:06.314854       1 controller.go:357] ci-ln-vjb5l1t-76ef8-snmcd-worker-us-west-1a-8x8wj: reconciling machine triggers idempotent update
2026-01-28T09:40:06.314870917Z I0128 09:40:06.314863       1 actuator.go:125] ci-ln-vjb5l1t-76ef8-snmcd-worker-us-west-1a-8x8wj: actuator updating machine
2026-01-28T09:40:06.315511001Z I0128 09:40:06.315462       1 reconciler.go:197] ci-ln-vjb5l1t-76ef8-snmcd-worker-us-west-1a-8x8wj: updating machine
2026-01-28T09:40:06.438155697Z I0128 09:40:06.438116       1 reconciler.go:539] ci-ln-vjb5l1t-76ef8-snmcd-worker-us-west-1a-8x8wj: Found instance by id: i-055b83ab99acf565e
2026-01-28T09:40:06.438227168Z I0128 09:40:06.438204       1 reconciler.go:271] ci-ln-vjb5l1t-76ef8-snmcd-worker-us-west-1a-8x8wj: found 1 running instances for machine
2026-01-28T09:40:06.438227168Z I0128 09:40:06.438219       1 reconciler.go:451] ci-ln-vjb5l1t-76ef8-snmcd-worker-us-west-1a-8x8wj: ProviderID already set in the machine Spec with value:aws:///us-west-1a/i-055b83ab99acf565e
2026-01-28T09:40:06.438331070Z I0128 09:40:06.438309       1 reconciler.go:301] Updated machine ci-ln-vjb5l1t-76ef8-snmcd-worker-us-west-1a-8x8wj
2026-01-28T09:40:06.438357081Z I0128 09:40:06.438350       1 machine_scope.go:167] ci-ln-vjb5l1t-76ef8-snmcd-worker-us-west-1a-8x8wj: Updating status
2026-01-28T09:40:06.535449712Z I0128 09:40:06.535406       1 machine_scope.go:193] ci-ln-vjb5l1t-76ef8-snmcd-worker-us-west-1a-8x8wj: finished calculating AWS status
2026-01-28T09:40:06.535449712Z I0128 09:40:06.535423       1 machine_scope.go:90] ci-ln-vjb5l1t-76ef8-snmcd-worker-us-west-1a-8x8wj: patching machine
2026-01-28T09:40:06.551263379Z I0128 09:40:06.551221       1 controller.go:385] ci-ln-vjb5l1t-76ef8-snmcd-worker-us-west-1a-8x8wj: has no node yet, requeuing
2026-01-28T09:40:35.466547673Z I0128 09:40:35.466509       1 controller.go:173] ci-ln-vjb5l1t-76ef8-snmcd-worker-us-west-1c-rgb9d: reconciling Machine
2026-01-28T09:40:35.466656256Z I0128 09:40:35.466604       1 actuator.go:108] ci-ln-vjb5l1t-76ef8-snmcd-worker-us-west-1c-rgb9d: actuator checking if machine exists
2026-01-28T09:40:35.606922286Z I0128 09:40:35.606865       1 reconciler.go:539] ci-ln-vjb5l1t-76ef8-snmcd-worker-us-west-1c-rgb9d: Found instance by id: i-039c1b44e22269044
2026-01-28T09:40:35.606966797Z I0128 09:40:35.606922       1 controller.go:357] ci-ln-vjb5l1t-76ef8-snmcd-worker-us-west-1c-rgb9d: reconciling machine triggers idempotent update
2026-01-28T09:40:35.606966797Z I0128 09:40:35.606930       1 actuator.go:125] ci-ln-vjb5l1t-76ef8-snmcd-worker-us-west-1c-rgb9d: actuator updating machine
2026-01-28T09:40:35.607414266Z I0128 09:40:35.607383       1 reconciler.go:197] ci-ln-vjb5l1t-76ef8-snmcd-worker-us-west-1c-rgb9d: updating machine
2026-01-28T09:40:35.709444983Z I0128 09:40:35.709401       1 reconciler.go:539] ci-ln-vjb5l1t-76ef8-snmcd-worker-us-west-1c-rgb9d: Found instance by id: i-039c1b44e22269044
2026-01-28T09:40:35.709547895Z I0128 09:40:35.709526       1 reconciler.go:271] ci-ln-vjb5l1t-76ef8-snmcd-worker-us-west-1c-rgb9d: found 1 running instances for machine
2026-01-28T09:40:35.709602347Z I0128 09:40:35.709580       1 reconciler.go:451] ci-ln-vjb5l1t-76ef8-snmcd-worker-us-west-1c-rgb9d: ProviderID already set in the machine Spec with value:aws:///us-west-1c/i-039c1b44e22269044
2026-01-28T09:40:35.709693938Z I0128 09:40:35.709668       1 reconciler.go:301] Updated machine ci-ln-vjb5l1t-76ef8-snmcd-worker-us-west-1c-rgb9d
2026-01-28T09:40:35.709693938Z I0128 09:40:35.709684       1 machine_scope.go:167] ci-ln-vjb5l1t-76ef8-snmcd-worker-us-west-1c-rgb9d: Updating status
2026-01-28T09:40:35.810957409Z I0128 09:40:35.810923       1 machine_scope.go:193] ci-ln-vjb5l1t-76ef8-snmcd-worker-us-west-1c-rgb9d: finished calculating AWS status
2026-01-28T09:40:35.810957409Z I0128 09:40:35.810941       1 machine_scope.go:90] ci-ln-vjb5l1t-76ef8-snmcd-worker-us-west-1c-rgb9d: patching machine
2026-01-28T09:40:35.825638835Z I0128 09:40:35.825599       1 controller.go:385] ci-ln-vjb5l1t-76ef8-snmcd-worker-us-west-1c-rgb9d: has no node yet, requeuing
2026-01-28T09:40:36.552176758Z I0128 09:40:36.552141       1 controller.go:173] ci-ln-vjb5l1t-76ef8-snmcd-worker-us-west-1a-8x8wj: reconciling Machine
2026-01-28T09:40:36.552176758Z I0128 09:40:36.552165       1 actuator.go:108] ci-ln-vjb5l1t-76ef8-snmcd-worker-us-west-1a-8x8wj: actuator checking if machine exists
2026-01-28T09:40:36.653915689Z I0128 09:40:36.653860       1 reconciler.go:539] ci-ln-vjb5l1t-76ef8-snmcd-worker-us-west-1a-8x8wj: Found instance by id: i-055b83ab99acf565e
2026-01-28T09:40:36.653958040Z I0128 09:40:36.653910       1 controller.go:357] ci-ln-vjb5l1t-76ef8-snmcd-worker-us-west-1a-8x8wj: reconciling machine triggers idempotent update
2026-01-28T09:40:36.653958040Z I0128 09:40:36.653920       1 actuator.go:125] ci-ln-vjb5l1t-76ef8-snmcd-worker-us-west-1a-8x8wj: actuator updating machine
2026-01-28T09:40:36.654431910Z I0128 09:40:36.654408       1 reconciler.go:197] ci-ln-vjb5l1t-76ef8-snmcd-worker-us-west-1a-8x8wj: updating machine
2026-01-28T09:40:36.721440662Z I0128 09:40:36.721414       1 reconciler.go:539] ci-ln-vjb5l1t-76ef8-snmcd-worker-us-west-1a-8x8wj: Found instance by id: i-055b83ab99acf565e
2026-01-28T09:40:36.721483183Z I0128 09:40:36.721474       1 reconciler.go:271] ci-ln-vjb5l1t-76ef8-snmcd-worker-us-west-1a-8x8wj: found 1 running instances for machine
2026-01-28T09:40:36.721497194Z I0128 09:40:36.721484       1 reconciler.go:451] ci-ln-vjb5l1t-76ef8-snmcd-worker-us-west-1a-8x8wj: ProviderID already set in the machine Spec with value:aws:///us-west-1a/i-055b83ab99acf565e
2026-01-28T09:40:36.721580836Z I0128 09:40:36.721560       1 reconciler.go:301] Updated machine ci-ln-vjb5l1t-76ef8-snmcd-worker-us-west-1a-8x8wj
2026-01-28T09:40:36.721580836Z I0128 09:40:36.721571       1 machine_scope.go:167] ci-ln-vjb5l1t-76ef8-snmcd-worker-us-west-1a-8x8wj: Updating status
2026-01-28T09:40:36.808612829Z I0128 09:40:36.808574       1 machine_scope.go:193] ci-ln-vjb5l1t-76ef8-snmcd-worker-us-west-1a-8x8wj: finished calculating AWS status
2026-01-28T09:40:36.808612829Z I0128 09:40:36.808594       1 machine_scope.go:90] ci-ln-vjb5l1t-76ef8-snmcd-worker-us-west-1a-8x8wj: patching machine
2026-01-28T09:40:36.821844984Z I0128 09:40:36.821815       1 controller.go:385] ci-ln-vjb5l1t-76ef8-snmcd-worker-us-west-1a-8x8wj: has no node yet, requeuing
2026-01-28T09:40:55.116732400Z I0128 09:40:55.116654       1 reflector.go:403] "msg"="Listing and watching" "logger"="controller-runtime.cache" "reflector"="sigs.k8s.io/controller-runtime/pkg/cache/internal/informers.go:114" "type"="*v1beta1.Machine"
2026-01-28T09:40:55.119961350Z I0128 09:40:55.119937       1 reflector.go:430] "msg"="Caches populated" "logger"="controller-runtime.cache" "reflector"="sigs.k8s.io/controller-runtime/pkg/cache/internal/informers.go:114" "type"="*v1beta1.Machine"
2026-01-28T09:40:55.120250486Z I0128 09:40:55.120225       1 controller.go:173] ci-ln-vjb5l1t-76ef8-snmcd-master-0: reconciling Machine
2026-01-28T09:40:55.120250486Z I0128 09:40:55.120243       1 actuator.go:108] ci-ln-vjb5l1t-76ef8-snmcd-master-0: actuator checking if machine exists
2026-01-28T09:40:55.236908669Z I0128 09:40:55.236849       1 reconciler.go:539] ci-ln-vjb5l1t-76ef8-snmcd-master-0: Found instance by id: i-0ef0478c5528c9769
2026-01-28T09:40:55.236908669Z I0128 09:40:55.236880       1 controller.go:357] ci-ln-vjb5l1t-76ef8-snmcd-master-0: reconciling machine triggers idempotent update
2026-01-28T09:40:55.236908669Z I0128 09:40:55.236902       1 actuator.go:125] ci-ln-vjb5l1t-76ef8-snmcd-master-0: actuator updating machine
2026-01-28T09:40:55.237468461Z I0128 09:40:55.237444       1 reconciler.go:197] ci-ln-vjb5l1t-76ef8-snmcd-master-0: updating machine
2026-01-28T09:40:55.296354569Z I0128 09:40:55.296318       1 reconciler.go:539] ci-ln-vjb5l1t-76ef8-snmcd-master-0: Found instance by id: i-0ef0478c5528c9769
2026-01-28T09:40:55.296409480Z I0128 09:40:55.296386       1 reconciler.go:271] ci-ln-vjb5l1t-76ef8-snmcd-master-0: found 1 running instances for machine
2026-01-28T09:40:55.564234869Z I0128 09:40:55.564185       1 reconciler.go:451] ci-ln-vjb5l1t-76ef8-snmcd-master-0: ProviderID already set in the machine Spec with value:aws:///us-west-1c/i-0ef0478c5528c9769
2026-01-28T09:40:55.564322471Z I0128 09:40:55.564301       1 reconciler.go:301] Updated machine ci-ln-vjb5l1t-76ef8-snmcd-master-0
2026-01-28T09:40:55.564322471Z I0128 09:40:55.564314       1 machine_scope.go:167] ci-ln-vjb5l1t-76ef8-snmcd-master-0: Updating status
2026-01-28T09:40:55.696588571Z I0128 09:40:55.696528       1 machine_scope.go:193] ci-ln-vjb5l1t-76ef8-snmcd-master-0: finished calculating AWS status
2026-01-28T09:40:55.696588571Z I0128 09:40:55.696552       1 machine_scope.go:90] ci-ln-vjb5l1t-76ef8-snmcd-master-0: patching machine
2026-01-28T09:40:55.721670941Z I0128 09:40:55.721626       1 controller.go:173] ci-ln-vjb5l1t-76ef8-snmcd-master-1: reconciling Machine
2026-01-28T09:40:55.721670941Z I0128 09:40:55.721651       1 actuator.go:108] ci-ln-vjb5l1t-76ef8-snmcd-master-1: actuator checking if machine exists
2026-01-28T09:40:55.836366411Z I0128 09:40:55.836316       1 reconciler.go:539] ci-ln-vjb5l1t-76ef8-snmcd-master-1: Found instance by id: i-056ab182efb057c55
2026-01-28T09:40:55.836366411Z I0128 09:40:55.836341       1 controller.go:357] ci-ln-vjb5l1t-76ef8-snmcd-master-1: reconciling machine triggers idempotent update
2026-01-28T09:40:55.836366411Z I0128 09:40:55.836347       1 actuator.go:125] ci-ln-vjb5l1t-76ef8-snmcd-master-1: actuator updating machine
2026-01-28T09:40:55.836929203Z I0128 09:40:55.836906       1 reconciler.go:197] ci-ln-vjb5l1t-76ef8-snmcd-master-1: updating machine
2026-01-28T09:40:55.895009185Z I0128 09:40:55.894967       1 reconciler.go:539] ci-ln-vjb5l1t-76ef8-snmcd-master-1: Found instance by id: i-056ab182efb057c55
2026-01-28T09:40:55.895300181Z I0128 09:40:55.895284       1 reconciler.go:271] ci-ln-vjb5l1t-76ef8-snmcd-master-1: found 1 running instances for machine
2026-01-28T09:40:56.154673858Z I0128 09:40:56.154626       1 reconciler.go:451] ci-ln-vjb5l1t-76ef8-snmcd-master-1: ProviderID already set in the machine Spec with value:aws:///us-west-1a/i-056ab182efb057c55
2026-01-28T09:40:56.154758850Z I0128 09:40:56.154736       1 reconciler.go:301] Updated machine ci-ln-vjb5l1t-76ef8-snmcd-master-1
2026-01-28T09:40:56.154758850Z I0128 09:40:56.154748       1 machine_scope.go:167] ci-ln-vjb5l1t-76ef8-snmcd-master-1: Updating status
2026-01-28T09:40:56.248825996Z I0128 09:40:56.248778       1 machine_scope.go:193] ci-ln-vjb5l1t-76ef8-snmcd-master-1: finished calculating AWS status
2026-01-28T09:40:56.248825996Z I0128 09:40:56.248800       1 machine_scope.go:90] ci-ln-vjb5l1t-76ef8-snmcd-master-1: patching machine
2026-01-28T09:40:56.267011028Z I0128 09:40:56.266964       1 controller.go:173] ci-ln-vjb5l1t-76ef8-snmcd-master-2: reconciling Machine
2026-01-28T09:40:56.267011028Z I0128 09:40:56.266986       1 actuator.go:108] ci-ln-vjb5l1t-76ef8-snmcd-master-2: actuator checking if machine exists
2026-01-28T09:40:56.385063011Z I0128 09:40:56.385025       1 reconciler.go:539] ci-ln-vjb5l1t-76ef8-snmcd-master-2: Found instance by id: i-010583ba086028d2a
2026-01-28T09:40:56.385152023Z I0128 09:40:56.385136       1 controller.go:357] ci-ln-vjb5l1t-76ef8-snmcd-master-2: reconciling machine triggers idempotent update
2026-01-28T09:40:56.385190113Z I0128 09:40:56.385178       1 actuator.go:125] ci-ln-vjb5l1t-76ef8-snmcd-master-2: actuator updating machine
2026-01-28T09:40:56.385953070Z I0128 09:40:56.385934       1 reconciler.go:197] ci-ln-vjb5l1t-76ef8-snmcd-master-2: updating machine
2026-01-28T09:40:56.455072869Z I0128 09:40:56.455029       1 reconciler.go:539] ci-ln-vjb5l1t-76ef8-snmcd-master-2: Found instance by id: i-010583ba086028d2a
2026-01-28T09:40:56.455122960Z I0128 09:40:56.455097       1 reconciler.go:271] ci-ln-vjb5l1t-76ef8-snmcd-master-2: found 1 running instances for machine
2026-01-28T09:40:56.704816018Z I0128 09:40:56.704775       1 reconciler.go:451] ci-ln-vjb5l1t-76ef8-snmcd-master-2: ProviderID already set in the machine Spec with value:aws:///us-west-1c/i-010583ba086028d2a
2026-01-28T09:40:56.704911311Z I0128 09:40:56.704873       1 reconciler.go:301] Updated machine ci-ln-vjb5l1t-76ef8-snmcd-master-2
2026-01-28T09:40:56.704911311Z I0128 09:40:56.704904       1 machine_scope.go:167] ci-ln-vjb5l1t-76ef8-snmcd-master-2: Updating status
2026-01-28T09:40:56.792739212Z I0128 09:40:56.792696       1 machine_scope.go:193] ci-ln-vjb5l1t-76ef8-snmcd-master-2: finished calculating AWS status
2026-01-28T09:40:56.792796334Z I0128 09:40:56.792743       1 machine_scope.go:90] ci-ln-vjb5l1t-76ef8-snmcd-master-2: patching machine
2026-01-28T09:40:56.809820980Z I0128 09:40:56.809779       1 controller.go:173] ci-ln-vjb5l1t-76ef8-snmcd-worker-us-west-1a-8x8wj: reconciling Machine
2026-01-28T09:40:56.809820980Z I0128 09:40:56.809803       1 actuator.go:108] ci-ln-vjb5l1t-76ef8-snmcd-worker-us-west-1a-8x8wj: actuator checking if machine exists
2026-01-28T09:40:56.919469572Z I0128 09:40:56.919427       1 reconciler.go:539] ci-ln-vjb5l1t-76ef8-snmcd-worker-us-west-1a-8x8wj: Found instance by id: i-055b83ab99acf565e
2026-01-28T09:40:56.919469572Z I0128 09:40:56.919456       1 controller.go:357] ci-ln-vjb5l1t-76ef8-snmcd-worker-us-west-1a-8x8wj: reconciling machine triggers idempotent update
2026-01-28T09:40:56.919469572Z I0128 09:40:56.919464       1 actuator.go:125] ci-ln-vjb5l1t-76ef8-snmcd-worker-us-west-1a-8x8wj: actuator updating machine
2026-01-28T09:40:56.920000034Z I0128 09:40:56.919974       1 reconciler.go:197] ci-ln-vjb5l1t-76ef8-snmcd-worker-us-west-1a-8x8wj: updating machine
2026-01-28T09:40:57.028794927Z I0128 09:40:57.028751       1 reconciler.go:539] ci-ln-vjb5l1t-76ef8-snmcd-worker-us-west-1a-8x8wj: Found instance by id: i-055b83ab99acf565e
2026-01-28T09:40:57.028959421Z I0128 09:40:57.028941       1 reconciler.go:271] ci-ln-vjb5l1t-76ef8-snmcd-worker-us-west-1a-8x8wj: found 1 running instances for machine
2026-01-28T09:40:57.029037002Z I0128 09:40:57.028990       1 reconciler.go:451] ci-ln-vjb5l1t-76ef8-snmcd-worker-us-west-1a-8x8wj: ProviderID already set in the machine Spec with value:aws:///us-west-1a/i-055b83ab99acf565e
2026-01-28T09:40:57.029094434Z I0128 09:40:57.029078       1 reconciler.go:301] Updated machine ci-ln-vjb5l1t-76ef8-snmcd-worker-us-west-1a-8x8wj
2026-01-28T09:40:57.029137535Z I0128 09:40:57.029124       1 machine_scope.go:167] ci-ln-vjb5l1t-76ef8-snmcd-worker-us-west-1a-8x8wj: Updating status
2026-01-28T09:40:57.181773743Z I0128 09:40:57.181734       1 machine_scope.go:193] ci-ln-vjb5l1t-76ef8-snmcd-worker-us-west-1a-8x8wj: finished calculating AWS status
2026-01-28T09:40:57.181773743Z I0128 09:40:57.181756       1 machine_scope.go:90] ci-ln-vjb5l1t-76ef8-snmcd-worker-us-west-1a-8x8wj: patching machine
2026-01-28T09:40:57.198649976Z I0128 09:40:57.198603       1 controller.go:385] ci-ln-vjb5l1t-76ef8-snmcd-worker-us-west-1a-8x8wj: has no node yet, requeuing
2026-01-28T09:40:57.198770579Z I0128 09:40:57.198733       1 controller.go:173] ci-ln-vjb5l1t-76ef8-snmcd-worker-us-west-1c-mj4l8: reconciling Machine
2026-01-28T09:40:57.198770579Z I0128 09:40:57.198751       1 actuator.go:108] ci-ln-vjb5l1t-76ef8-snmcd-worker-us-west-1c-mj4l8: actuator checking if machine exists
2026-01-28T09:40:57.302739168Z I0128 09:40:57.302696       1 reconciler.go:539] ci-ln-vjb5l1t-76ef8-snmcd-worker-us-west-1c-mj4l8: Found instance by id: i-0b0dc084c90fc4dab
2026-01-28T09:40:57.302739168Z I0128 09:40:57.302723       1 controller.go:357] ci-ln-vjb5l1t-76ef8-snmcd-worker-us-west-1c-mj4l8: reconciling machine triggers idempotent update
2026-01-28T09:40:57.302739168Z I0128 09:40:57.302730       1 actuator.go:125] ci-ln-vjb5l1t-76ef8-snmcd-worker-us-west-1c-mj4l8: actuator updating machine
2026-01-28T09:40:57.303388342Z I0128 09:40:57.303364       1 reconciler.go:197] ci-ln-vjb5l1t-76ef8-snmcd-worker-us-west-1c-mj4l8: updating machine
2026-01-28T09:40:57.377582290Z I0128 09:40:57.377523       1 reconciler.go:539] ci-ln-vjb5l1t-76ef8-snmcd-worker-us-west-1c-mj4l8: Found instance by id: i-0b0dc084c90fc4dab
2026-01-28T09:40:57.377670952Z I0128 09:40:57.377644       1 reconciler.go:271] ci-ln-vjb5l1t-76ef8-snmcd-worker-us-west-1c-mj4l8: found 1 running instances for machine
2026-01-28T09:40:57.377670952Z I0128 09:40:57.377663       1 reconciler.go:451] ci-ln-vjb5l1t-76ef8-snmcd-worker-us-west-1c-mj4l8: ProviderID already set in the machine Spec with value:aws:///us-west-1c/i-0b0dc084c90fc4dab
2026-01-28T09:40:57.377763224Z I0128 09:40:57.377745       1 reconciler.go:301] Updated machine ci-ln-vjb5l1t-76ef8-snmcd-worker-us-west-1c-mj4l8
2026-01-28T09:40:57.377763224Z I0128 09:40:57.377756       1 machine_scope.go:167] ci-ln-vjb5l1t-76ef8-snmcd-worker-us-west-1c-mj4l8: Updating status
2026-01-28T09:40:57.448484748Z I0128 09:40:57.448432       1 machine_scope.go:193] ci-ln-vjb5l1t-76ef8-snmcd-worker-us-west-1c-mj4l8: finished calculating AWS status
2026-01-28T09:40:57.448484748Z I0128 09:40:57.448452       1 machine_scope.go:90] ci-ln-vjb5l1t-76ef8-snmcd-worker-us-west-1c-mj4l8: patching machine
2026-01-28T09:40:57.464385810Z I0128 09:40:57.464340       1 controller.go:173] ci-ln-vjb5l1t-76ef8-snmcd-worker-us-west-1c-rgb9d: reconciling Machine
2026-01-28T09:40:57.464385810Z I0128 09:40:57.464365       1 actuator.go:108] ci-ln-vjb5l1t-76ef8-snmcd-worker-us-west-1c-rgb9d: actuator checking if machine exists
2026-01-28T09:40:57.567765607Z I0128 09:40:57.567723       1 reconciler.go:539] ci-ln-vjb5l1t-76ef8-snmcd-worker-us-west-1c-rgb9d: Found instance by id: i-039c1b44e22269044
2026-01-28T09:40:57.567820578Z I0128 09:40:57.567796       1 controller.go:357] ci-ln-vjb5l1t-76ef8-snmcd-worker-us-west-1c-rgb9d: reconciling machine triggers idempotent update
2026-01-28T09:40:57.567820578Z I0128 09:40:57.567807       1 actuator.go:125] ci-ln-vjb5l1t-76ef8-snmcd-worker-us-west-1c-rgb9d: actuator updating machine
2026-01-28T09:40:57.568404181Z I0128 09:40:57.568374       1 reconciler.go:197] ci-ln-vjb5l1t-76ef8-snmcd-worker-us-west-1c-rgb9d: updating machine
2026-01-28T09:40:57.628412783Z I0128 09:40:57.628369       1 reconciler.go:539] ci-ln-vjb5l1t-76ef8-snmcd-worker-us-west-1c-rgb9d: Found instance by id: i-039c1b44e22269044
2026-01-28T09:40:57.628485185Z I0128 09:40:57.628457       1 reconciler.go:271] ci-ln-vjb5l1t-76ef8-snmcd-worker-us-west-1c-rgb9d: found 1 running instances for machine
2026-01-28T09:40:57.628485185Z I0128 09:40:57.628468       1 reconciler.go:451] ci-ln-vjb5l1t-76ef8-snmcd-worker-us-west-1c-rgb9d: ProviderID already set in the machine Spec with value:aws:///us-west-1c/i-039c1b44e22269044
2026-01-28T09:40:57.628569947Z I0128 09:40:57.628551       1 reconciler.go:301] Updated machine ci-ln-vjb5l1t-76ef8-snmcd-worker-us-west-1c-rgb9d
2026-01-28T09:40:57.628569947Z I0128 09:40:57.628562       1 machine_scope.go:167] ci-ln-vjb5l1t-76ef8-snmcd-worker-us-west-1c-rgb9d: Updating status
2026-01-28T09:40:57.716279796Z I0128 09:40:57.716232       1 machine_scope.go:193] ci-ln-vjb5l1t-76ef8-snmcd-worker-us-west-1c-rgb9d: finished calculating AWS status
2026-01-28T09:40:57.716279796Z I0128 09:40:57.716255       1 machine_scope.go:90] ci-ln-vjb5l1t-76ef8-snmcd-worker-us-west-1c-rgb9d: patching machine
2026-01-28T09:40:57.732486385Z I0128 09:40:57.732441       1 controller.go:385] ci-ln-vjb5l1t-76ef8-snmcd-worker-us-west-1c-rgb9d: has no node yet, requeuing
2026-01-28T09:41:05.733348879Z I0128 09:41:05.733310       1 reflector.go:403] "msg"="Listing and watching" "logger"="controller-runtime.cache" "reflector"="sigs.k8s.io/controller-runtime/pkg/cache/internal/informers.go:114" "type"="*v1beta1.MachineSet"
2026-01-28T09:41:05.735280840Z I0128 09:41:05.735226       1 reflector.go:430] "msg"="Caches populated" "logger"="controller-runtime.cache" "reflector"="sigs.k8s.io/controller-runtime/pkg/cache/internal/informers.go:114" "type"="*v1beta1.MachineSet"
2026-01-28T09:41:05.735455634Z I0128 09:41:05.735413       1 controller.go:71] "msg"="Reconciling" "logger"="controllers.MachineSet" "machineset"="ci-ln-vjb5l1t-76ef8-snmcd-worker-us-west-1a" "namespace"="openshift-machine-api"
2026-01-28T09:41:05.735532656Z I0128 09:41:05.735504       1 controller.go:143] ci-ln-vjb5l1t-76ef8-snmcd-worker-us-west-1a: Reconciling MachineSet
2026-01-28T09:41:05.747664997Z I0128 09:41:05.747619       1 controller.go:71] "msg"="Reconciling" "logger"="controllers.MachineSet" "machineset"="ci-ln-vjb5l1t-76ef8-snmcd-worker-us-west-1c" "namespace"="openshift-machine-api"
2026-01-28T09:41:05.747696338Z I0128 09:41:05.747686       1 controller.go:143] ci-ln-vjb5l1t-76ef8-snmcd-worker-us-west-1c: Reconciling MachineSet
2026-01-28T09:41:05.826782961Z I0128 09:41:05.826735       1 controller.go:173] ci-ln-vjb5l1t-76ef8-snmcd-worker-us-west-1c-rgb9d: reconciling Machine
2026-01-28T09:41:05.826782961Z I0128 09:41:05.826757       1 actuator.go:108] ci-ln-vjb5l1t-76ef8-snmcd-worker-us-west-1c-rgb9d: actuator checking if machine exists
2026-01-28T09:41:05.922811940Z I0128 09:41:05.922770       1 reconciler.go:539] ci-ln-vjb5l1t-76ef8-snmcd-worker-us-west-1c-rgb9d: Found instance by id: i-039c1b44e22269044
2026-01-28T09:41:05.922928052Z I0128 09:41:05.922912       1 controller.go:357] ci-ln-vjb5l1t-76ef8-snmcd-worker-us-west-1c-rgb9d: reconciling machine triggers idempotent update
2026-01-28T09:41:05.922949683Z I0128 09:41:05.922943       1 actuator.go:125] ci-ln-vjb5l1t-76ef8-snmcd-worker-us-west-1c-rgb9d: actuator updating machine
2026-01-28T09:41:05.923494085Z I0128 09:41:05.923469       1 reconciler.go:197] ci-ln-vjb5l1t-76ef8-snmcd-worker-us-west-1c-rgb9d: updating machine
2026-01-28T09:41:05.994635127Z I0128 09:41:05.994596       1 reconciler.go:539] ci-ln-vjb5l1t-76ef8-snmcd-worker-us-west-1c-rgb9d: Found instance by id: i-039c1b44e22269044
2026-01-28T09:41:05.994708779Z I0128 09:41:05.994681       1 reconciler.go:271] ci-ln-vjb5l1t-76ef8-snmcd-worker-us-west-1c-rgb9d: found 1 running instances for machine
2026-01-28T09:41:05.994708779Z I0128 09:41:05.994698       1 reconciler.go:451] ci-ln-vjb5l1t-76ef8-snmcd-worker-us-west-1c-rgb9d: ProviderID already set in the machine Spec with value:aws:///us-west-1c/i-039c1b44e22269044
2026-01-28T09:41:05.994798750Z I0128 09:41:05.994779       1 reconciler.go:301] Updated machine ci-ln-vjb5l1t-76ef8-snmcd-worker-us-west-1c-rgb9d
2026-01-28T09:41:05.994798750Z I0128 09:41:05.994789       1 machine_scope.go:167] ci-ln-vjb5l1t-76ef8-snmcd-worker-us-west-1c-rgb9d: Updating status
2026-01-28T09:41:06.138485865Z I0128 09:41:06.138402       1 machine_scope.go:193] ci-ln-vjb5l1t-76ef8-snmcd-worker-us-west-1c-rgb9d: finished calculating AWS status
2026-01-28T09:41:06.138485865Z I0128 09:41:06.138441       1 machine_scope.go:90] ci-ln-vjb5l1t-76ef8-snmcd-worker-us-west-1c-rgb9d: patching machine
2026-01-28T09:41:06.155430370Z I0128 09:41:06.155370       1 controller.go:385] ci-ln-vjb5l1t-76ef8-snmcd-worker-us-west-1c-rgb9d: has no node yet, requeuing
2026-01-28T09:41:06.822907419Z I0128 09:41:06.822831       1 controller.go:173] ci-ln-vjb5l1t-76ef8-snmcd-worker-us-west-1a-8x8wj: reconciling Machine
2026-01-28T09:41:06.822907419Z I0128 09:41:06.822860       1 actuator.go:108] ci-ln-vjb5l1t-76ef8-snmcd-worker-us-west-1a-8x8wj: actuator checking if machine exists
2026-01-28T09:41:06.933001190Z I0128 09:41:06.932962       1 reconciler.go:539] ci-ln-vjb5l1t-76ef8-snmcd-worker-us-west-1a-8x8wj: Found instance by id: i-055b83ab99acf565e
2026-01-28T09:41:06.933001190Z I0128 09:41:06.932994       1 controller.go:357] ci-ln-vjb5l1t-76ef8-snmcd-worker-us-west-1a-8x8wj: reconciling machine triggers idempotent update
2026-01-28T09:41:06.933052921Z I0128 09:41:06.933004       1 actuator.go:125] ci-ln-vjb5l1t-76ef8-snmcd-worker-us-west-1a-8x8wj: actuator updating machine
2026-01-28T09:41:06.933640924Z I0128 09:41:06.933619       1 reconciler.go:197] ci-ln-vjb5l1t-76ef8-snmcd-worker-us-west-1a-8x8wj: updating machine
2026-01-28T09:41:06.997352176Z I0128 09:41:06.997313       1 reconciler.go:539] ci-ln-vjb5l1t-76ef8-snmcd-worker-us-west-1a-8x8wj: Found instance by id: i-055b83ab99acf565e
2026-01-28T09:41:06.997408737Z I0128 09:41:06.997383       1 reconciler.go:271] ci-ln-vjb5l1t-76ef8-snmcd-worker-us-west-1a-8x8wj: found 1 running instances for machine
2026-01-28T09:41:06.997408737Z I0128 09:41:06.997390       1 reconciler.go:451] ci-ln-vjb5l1t-76ef8-snmcd-worker-us-west-1a-8x8wj: ProviderID already set in the machine Spec with value:aws:///us-west-1a/i-055b83ab99acf565e
2026-01-28T09:41:06.997484409Z I0128 09:41:06.997461       1 reconciler.go:301] Updated machine ci-ln-vjb5l1t-76ef8-snmcd-worker-us-west-1a-8x8wj
2026-01-28T09:41:06.997484409Z I0128 09:41:06.997471       1 machine_scope.go:167] ci-ln-vjb5l1t-76ef8-snmcd-worker-us-west-1a-8x8wj: Updating status
2026-01-28T09:41:07.119631730Z I0128 09:41:07.119572       1 machine_scope.go:193] ci-ln-vjb5l1t-76ef8-snmcd-worker-us-west-1a-8x8wj: finished calculating AWS status
2026-01-28T09:41:07.119631730Z I0128 09:41:07.119599       1 machine_scope.go:90] ci-ln-vjb5l1t-76ef8-snmcd-worker-us-west-1a-8x8wj: patching machine
2026-01-28T09:41:07.139477467Z I0128 09:41:07.139434       1 controller.go:385] ci-ln-vjb5l1t-76ef8-snmcd-worker-us-west-1a-8x8wj: has no node yet, requeuing
2026-01-28T09:41:36.155790350Z I0128 09:41:36.155743       1 controller.go:173] ci-ln-vjb5l1t-76ef8-snmcd-worker-us-west-1c-rgb9d: reconciling Machine
2026-01-28T09:41:36.155790350Z I0128 09:41:36.155772       1 actuator.go:108] ci-ln-vjb5l1t-76ef8-snmcd-worker-us-west-1c-rgb9d: actuator checking if machine exists
2026-01-28T09:41:36.267013814Z I0128 09:41:36.266964       1 reconciler.go:539] ci-ln-vjb5l1t-76ef8-snmcd-worker-us-west-1c-rgb9d: Found instance by id: i-039c1b44e22269044
2026-01-28T09:41:36.267013814Z I0128 09:41:36.266994       1 controller.go:357] ci-ln-vjb5l1t-76ef8-snmcd-worker-us-west-1c-rgb9d: reconciling machine triggers idempotent update
2026-01-28T09:41:36.267013814Z I0128 09:41:36.267002       1 actuator.go:125] ci-ln-vjb5l1t-76ef8-snmcd-worker-us-west-1c-rgb9d: actuator updating machine
2026-01-28T09:41:36.267480394Z I0128 09:41:36.267451       1 reconciler.go:197] ci-ln-vjb5l1t-76ef8-snmcd-worker-us-west-1c-rgb9d: updating machine
2026-01-28T09:41:36.337513995Z I0128 09:41:36.337466       1 reconciler.go:539] ci-ln-vjb5l1t-76ef8-snmcd-worker-us-west-1c-rgb9d: Found instance by id: i-039c1b44e22269044
2026-01-28T09:41:36.337566897Z I0128 09:41:36.337547       1 reconciler.go:271] ci-ln-vjb5l1t-76ef8-snmcd-worker-us-west-1c-rgb9d: found 1 running instances for machine
2026-01-28T09:41:36.337566897Z I0128 09:41:36.337562       1 reconciler.go:451] ci-ln-vjb5l1t-76ef8-snmcd-worker-us-west-1c-rgb9d: ProviderID already set in the machine Spec with value:aws:///us-west-1c/i-039c1b44e22269044
2026-01-28T09:41:36.337677169Z I0128 09:41:36.337655       1 reconciler.go:301] Updated machine ci-ln-vjb5l1t-76ef8-snmcd-worker-us-west-1c-rgb9d
2026-01-28T09:41:36.337677169Z I0128 09:41:36.337667       1 machine_scope.go:167] ci-ln-vjb5l1t-76ef8-snmcd-worker-us-west-1c-rgb9d: Updating status
2026-01-28T09:41:36.437011068Z I0128 09:41:36.436973       1 machine_scope.go:193] ci-ln-vjb5l1t-76ef8-snmcd-worker-us-west-1c-rgb9d: finished calculating AWS status
2026-01-28T09:41:36.437011068Z I0128 09:41:36.436989       1 machine_scope.go:90] ci-ln-vjb5l1t-76ef8-snmcd-worker-us-west-1c-rgb9d: patching machine
2026-01-28T09:41:36.452011959Z I0128 09:41:36.451977       1 controller.go:385] ci-ln-vjb5l1t-76ef8-snmcd-worker-us-west-1c-rgb9d: has no node yet, requeuing
2026-01-28T09:41:37.139739299Z I0128 09:41:37.139686       1 controller.go:173] ci-ln-vjb5l1t-76ef8-snmcd-worker-us-west-1a-8x8wj: reconciling Machine
2026-01-28T09:41:37.139739299Z I0128 09:41:37.139712       1 actuator.go:108] ci-ln-vjb5l1t-76ef8-snmcd-worker-us-west-1a-8x8wj: actuator checking if machine exists
2026-01-28T09:41:37.246633750Z I0128 09:41:37.246595       1 reconciler.go:539] ci-ln-vjb5l1t-76ef8-snmcd-worker-us-west-1a-8x8wj: Found instance by id: i-055b83ab99acf565e
2026-01-28T09:41:37.246633750Z I0128 09:41:37.246625       1 controller.go:357] ci-ln-vjb5l1t-76ef8-snmcd-worker-us-west-1a-8x8wj: reconciling machine triggers idempotent update
2026-01-28T09:41:37.246667971Z I0128 09:41:37.246633       1 actuator.go:125] ci-ln-vjb5l1t-76ef8-snmcd-worker-us-west-1a-8x8wj: actuator updating machine
2026-01-28T09:41:37.247223143Z I0128 09:41:37.247191       1 reconciler.go:197] ci-ln-vjb5l1t-76ef8-snmcd-worker-us-west-1a-8x8wj: updating machine
2026-01-28T09:41:37.315104518Z I0128 09:41:37.315078       1 reconciler.go:539] ci-ln-vjb5l1t-76ef8-snmcd-worker-us-west-1a-8x8wj: Found instance by id: i-055b83ab99acf565e
2026-01-28T09:41:37.315164449Z I0128 09:41:37.315135       1 reconciler.go:271] ci-ln-vjb5l1t-76ef8-snmcd-worker-us-west-1a-8x8wj: found 1 running instances for machine
2026-01-28T09:41:37.315164449Z I0128 09:41:37.315148       1 reconciler.go:451] ci-ln-vjb5l1t-76ef8-snmcd-worker-us-west-1a-8x8wj: ProviderID already set in the machine Spec with value:aws:///us-west-1a/i-055b83ab99acf565e
2026-01-28T09:41:37.315262761Z I0128 09:41:37.315239       1 reconciler.go:301] Updated machine ci-ln-vjb5l1t-76ef8-snmcd-worker-us-west-1a-8x8wj
2026-01-28T09:41:37.315262761Z I0128 09:41:37.315250       1 machine_scope.go:167] ci-ln-vjb5l1t-76ef8-snmcd-worker-us-west-1a-8x8wj: Updating status
2026-01-28T09:41:37.394539351Z I0128 09:41:37.394500       1 machine_scope.go:193] ci-ln-vjb5l1t-76ef8-snmcd-worker-us-west-1a-8x8wj: finished calculating AWS status
2026-01-28T09:41:37.394539351Z I0128 09:41:37.394518       1 machine_scope.go:90] ci-ln-vjb5l1t-76ef8-snmcd-worker-us-west-1a-8x8wj: patching machine
2026-01-28T09:41:37.409953481Z I0128 09:41:37.409920       1 controller.go:385] ci-ln-vjb5l1t-76ef8-snmcd-worker-us-west-1a-8x8wj: has no node yet, requeuing
2026-01-28T09:41:46.518791635Z I0128 09:41:46.518742       1 controller.go:173] ci-ln-vjb5l1t-76ef8-snmcd-worker-us-west-1c-rgb9d: reconciling Machine
2026-01-28T09:41:46.518907008Z I0128 09:41:46.518870       1 actuator.go:108] ci-ln-vjb5l1t-76ef8-snmcd-worker-us-west-1c-rgb9d: actuator checking if machine exists
2026-01-28T09:41:46.589405117Z I0128 09:41:46.589352       1 reconciler.go:539] ci-ln-vjb5l1t-76ef8-snmcd-worker-us-west-1c-rgb9d: Found instance by id: i-039c1b44e22269044
2026-01-28T09:41:46.589405117Z I0128 09:41:46.589384       1 controller.go:357] ci-ln-vjb5l1t-76ef8-snmcd-worker-us-west-1c-rgb9d: reconciling machine triggers idempotent update
2026-01-28T09:41:46.589405117Z I0128 09:41:46.589392       1 actuator.go:125] ci-ln-vjb5l1t-76ef8-snmcd-worker-us-west-1c-rgb9d: actuator updating machine
2026-01-28T09:41:46.589991700Z I0128 09:41:46.589963       1 reconciler.go:197] ci-ln-vjb5l1t-76ef8-snmcd-worker-us-west-1c-rgb9d: updating machine
2026-01-28T09:41:46.655767738Z I0128 09:41:46.655729       1 reconciler.go:539] ci-ln-vjb5l1t-76ef8-snmcd-worker-us-west-1c-rgb9d: Found instance by id: i-039c1b44e22269044
2026-01-28T09:41:46.655837980Z I0128 09:41:46.655809       1 reconciler.go:271] ci-ln-vjb5l1t-76ef8-snmcd-worker-us-west-1c-rgb9d: found 1 running instances for machine
2026-01-28T09:41:46.655837980Z I0128 09:41:46.655829       1 reconciler.go:451] ci-ln-vjb5l1t-76ef8-snmcd-worker-us-west-1c-rgb9d: ProviderID already set in the machine Spec with value:aws:///us-west-1c/i-039c1b44e22269044
2026-01-28T09:41:46.655942972Z I0128 09:41:46.655927       1 reconciler.go:301] Updated machine ci-ln-vjb5l1t-76ef8-snmcd-worker-us-west-1c-rgb9d
2026-01-28T09:41:46.655942972Z I0128 09:41:46.655935       1 machine_scope.go:167] ci-ln-vjb5l1t-76ef8-snmcd-worker-us-west-1c-rgb9d: Updating status
2026-01-28T09:41:46.761235066Z I0128 09:41:46.761196       1 machine_scope.go:193] ci-ln-vjb5l1t-76ef8-snmcd-worker-us-west-1c-rgb9d: finished calculating AWS status
2026-01-28T09:41:46.761235066Z I0128 09:41:46.761213       1 machine_scope.go:90] ci-ln-vjb5l1t-76ef8-snmcd-worker-us-west-1c-rgb9d: patching machine
2026-01-28T09:41:46.790432401Z I0128 09:41:46.790389       1 controller.go:496] ci-ln-vjb5l1t-76ef8-snmcd-worker-us-west-1c-rgb9d: going into phase "Running"
2026-01-28T09:41:46.803574983Z I0128 09:41:46.803518       1 controller.go:173] ci-ln-vjb5l1t-76ef8-snmcd-worker-us-west-1c-rgb9d: reconciling Machine
2026-01-28T09:41:46.804012572Z I0128 09:41:46.803993       1 actuator.go:108] ci-ln-vjb5l1t-76ef8-snmcd-worker-us-west-1c-rgb9d: actuator checking if machine exists
2026-01-28T09:41:46.873807176Z I0128 09:41:46.873770       1 reconciler.go:539] ci-ln-vjb5l1t-76ef8-snmcd-worker-us-west-1c-rgb9d: Found instance by id: i-039c1b44e22269044
2026-01-28T09:41:46.873807176Z I0128 09:41:46.873794       1 controller.go:357] ci-ln-vjb5l1t-76ef8-snmcd-worker-us-west-1c-rgb9d: reconciling machine triggers idempotent update
2026-01-28T09:41:46.873807176Z I0128 09:41:46.873800       1 actuator.go:125] ci-ln-vjb5l1t-76ef8-snmcd-worker-us-west-1c-rgb9d: actuator updating machine
2026-01-28T09:41:46.874318998Z I0128 09:41:46.874288       1 reconciler.go:197] ci-ln-vjb5l1t-76ef8-snmcd-worker-us-west-1c-rgb9d: updating machine
2026-01-28T09:41:46.953017603Z I0128 09:41:46.952977       1 reconciler.go:539] ci-ln-vjb5l1t-76ef8-snmcd-worker-us-west-1c-rgb9d: Found instance by id: i-039c1b44e22269044
2026-01-28T09:41:46.953071524Z I0128 09:41:46.953048       1 reconciler.go:271] ci-ln-vjb5l1t-76ef8-snmcd-worker-us-west-1c-rgb9d: found 1 running instances for machine
2026-01-28T09:41:46.953071524Z I0128 09:41:46.953059       1 reconciler.go:451] ci-ln-vjb5l1t-76ef8-snmcd-worker-us-west-1c-rgb9d: ProviderID already set in the machine Spec with value:aws:///us-west-1c/i-039c1b44e22269044
2026-01-28T09:41:46.953261948Z I0128 09:41:46.953240       1 reconciler.go:301] Updated machine ci-ln-vjb5l1t-76ef8-snmcd-worker-us-west-1c-rgb9d
2026-01-28T09:41:46.953321949Z I0128 09:41:46.953308       1 machine_scope.go:167] ci-ln-vjb5l1t-76ef8-snmcd-worker-us-west-1c-rgb9d: Updating status
2026-01-28T09:41:47.026255161Z I0128 09:41:47.026198       1 machine_scope.go:193] ci-ln-vjb5l1t-76ef8-snmcd-worker-us-west-1c-rgb9d: finished calculating AWS status
2026-01-28T09:41:47.026255161Z I0128 09:41:47.026224       1 machine_scope.go:90] ci-ln-vjb5l1t-76ef8-snmcd-worker-us-west-1c-rgb9d: patching machine
2026-01-28T09:41:49.223960135Z I0128 09:41:49.223871       1 controller.go:173] ci-ln-vjb5l1t-76ef8-snmcd-worker-us-west-1a-8x8wj: reconciling Machine
2026-01-28T09:41:49.224836224Z I0128 09:41:49.224801       1 actuator.go:108] ci-ln-vjb5l1t-76ef8-snmcd-worker-us-west-1a-8x8wj: actuator checking if machine exists
2026-01-28T09:41:49.288975807Z I0128 09:41:49.288939       1 reconciler.go:539] ci-ln-vjb5l1t-76ef8-snmcd-worker-us-west-1a-8x8wj: Found instance by id: i-055b83ab99acf565e
2026-01-28T09:41:49.288975807Z I0128 09:41:49.288965       1 controller.go:357] ci-ln-vjb5l1t-76ef8-snmcd-worker-us-west-1a-8x8wj: reconciling machine triggers idempotent update
2026-01-28T09:41:49.288975807Z I0128 09:41:49.288971       1 actuator.go:125] ci-ln-vjb5l1t-76ef8-snmcd-worker-us-west-1a-8x8wj: actuator updating machine
2026-01-28T09:41:49.290295656Z I0128 09:41:49.289709       1 reconciler.go:197] ci-ln-vjb5l1t-76ef8-snmcd-worker-us-west-1a-8x8wj: updating machine
2026-01-28T09:41:49.353583501Z I0128 09:41:49.353512       1 reconciler.go:539] ci-ln-vjb5l1t-76ef8-snmcd-worker-us-west-1a-8x8wj: Found instance by id: i-055b83ab99acf565e
2026-01-28T09:41:49.353624412Z I0128 09:41:49.353585       1 reconciler.go:271] ci-ln-vjb5l1t-76ef8-snmcd-worker-us-west-1a-8x8wj: found 1 running instances for machine
2026-01-28T09:41:49.353624412Z I0128 09:41:49.353592       1 reconciler.go:451] ci-ln-vjb5l1t-76ef8-snmcd-worker-us-west-1a-8x8wj: ProviderID already set in the machine Spec with value:aws:///us-west-1a/i-055b83ab99acf565e
2026-01-28T09:41:49.353683173Z I0128 09:41:49.353663       1 reconciler.go:301] Updated machine ci-ln-vjb5l1t-76ef8-snmcd-worker-us-west-1a-8x8wj
2026-01-28T09:41:49.353738154Z I0128 09:41:49.353725       1 machine_scope.go:167] ci-ln-vjb5l1t-76ef8-snmcd-worker-us-west-1a-8x8wj: Updating status
2026-01-28T09:41:49.433451221Z I0128 09:41:49.433414       1 machine_scope.go:193] ci-ln-vjb5l1t-76ef8-snmcd-worker-us-west-1a-8x8wj: finished calculating AWS status
2026-01-28T09:41:49.433451221Z I0128 09:41:49.433436       1 machine_scope.go:90] ci-ln-vjb5l1t-76ef8-snmcd-worker-us-west-1a-8x8wj: patching machine
2026-01-28T09:41:49.455961883Z I0128 09:41:49.455919       1 controller.go:496] ci-ln-vjb5l1t-76ef8-snmcd-worker-us-west-1a-8x8wj: going into phase "Running"
2026-01-28T09:41:49.472228441Z I0128 09:41:49.472195       1 controller.go:173] ci-ln-vjb5l1t-76ef8-snmcd-worker-us-west-1a-8x8wj: reconciling Machine
2026-01-28T09:41:49.473322914Z I0128 09:41:49.473299       1 actuator.go:108] ci-ln-vjb5l1t-76ef8-snmcd-worker-us-west-1a-8x8wj: actuator checking if machine exists
2026-01-28T09:41:49.669768721Z I0128 09:41:49.669727       1 reconciler.go:539] ci-ln-vjb5l1t-76ef8-snmcd-worker-us-west-1a-8x8wj: Found instance by id: i-055b83ab99acf565e
2026-01-28T09:41:49.669768721Z I0128 09:41:49.669756       1 controller.go:357] ci-ln-vjb5l1t-76ef8-snmcd-worker-us-west-1a-8x8wj: reconciling machine triggers idempotent update
2026-01-28T09:41:49.669768721Z I0128 09:41:49.669763       1 actuator.go:125] ci-ln-vjb5l1t-76ef8-snmcd-worker-us-west-1a-8x8wj: actuator updating machine
2026-01-28T09:41:49.670310212Z I0128 09:41:49.670287       1 reconciler.go:197] ci-ln-vjb5l1t-76ef8-snmcd-worker-us-west-1a-8x8wj: updating machine
2026-01-28T09:41:49.736529820Z I0128 09:41:49.736478       1 reconciler.go:539] ci-ln-vjb5l1t-76ef8-snmcd-worker-us-west-1a-8x8wj: Found instance by id: i-055b83ab99acf565e
2026-01-28T09:41:49.736572751Z I0128 09:41:49.736560       1 reconciler.go:271] ci-ln-vjb5l1t-76ef8-snmcd-worker-us-west-1a-8x8wj: found 1 running instances for machine
2026-01-28T09:41:49.736585371Z I0128 09:41:49.736572       1 reconciler.go:451] ci-ln-vjb5l1t-76ef8-snmcd-worker-us-west-1a-8x8wj: ProviderID already set in the machine Spec with value:aws:///us-west-1a/i-055b83ab99acf565e
2026-01-28T09:41:49.736664493Z I0128 09:41:49.736642       1 reconciler.go:301] Updated machine ci-ln-vjb5l1t-76ef8-snmcd-worker-us-west-1a-8x8wj
2026-01-28T09:41:49.736664493Z I0128 09:41:49.736653       1 machine_scope.go:167] ci-ln-vjb5l1t-76ef8-snmcd-worker-us-west-1a-8x8wj: Updating status
2026-01-28T09:41:49.823475771Z I0128 09:41:49.823440       1 machine_scope.go:193] ci-ln-vjb5l1t-76ef8-snmcd-worker-us-west-1a-8x8wj: finished calculating AWS status
2026-01-28T09:41:49.823530593Z I0128 09:41:49.823519       1 machine_scope.go:90] ci-ln-vjb5l1t-76ef8-snmcd-worker-us-west-1a-8x8wj: patching machine
2026-01-28T09:42:06.453018211Z I0128 09:42:06.452959       1 controller.go:173] ci-ln-vjb5l1t-76ef8-snmcd-worker-us-west-1c-rgb9d: reconciling Machine
2026-01-28T09:42:06.453018211Z I0128 09:42:06.452982       1 actuator.go:108] ci-ln-vjb5l1t-76ef8-snmcd-worker-us-west-1c-rgb9d: actuator checking if machine exists
2026-01-28T09:42:06.514210866Z I0128 09:42:06.514171       1 reconciler.go:539] ci-ln-vjb5l1t-76ef8-snmcd-worker-us-west-1c-rgb9d: Found instance by id: i-039c1b44e22269044
2026-01-28T09:42:06.514287298Z I0128 09:42:06.514273       1 controller.go:357] ci-ln-vjb5l1t-76ef8-snmcd-worker-us-west-1c-rgb9d: reconciling machine triggers idempotent update
2026-01-28T09:42:06.514325209Z I0128 09:42:06.514313       1 actuator.go:125] ci-ln-vjb5l1t-76ef8-snmcd-worker-us-west-1c-rgb9d: actuator updating machine
2026-01-28T09:42:06.514935072Z I0128 09:42:06.514918       1 reconciler.go:197] ci-ln-vjb5l1t-76ef8-snmcd-worker-us-west-1c-rgb9d: updating machine
2026-01-28T09:42:06.575964404Z I0128 09:42:06.575924       1 reconciler.go:539] ci-ln-vjb5l1t-76ef8-snmcd-worker-us-west-1c-rgb9d: Found instance by id: i-039c1b44e22269044
2026-01-28T09:42:06.576026845Z I0128 09:42:06.576005       1 reconciler.go:271] ci-ln-vjb5l1t-76ef8-snmcd-worker-us-west-1c-rgb9d: found 1 running instances for machine
2026-01-28T09:42:06.576026845Z I0128 09:42:06.576016       1 reconciler.go:451] ci-ln-vjb5l1t-76ef8-snmcd-worker-us-west-1c-rgb9d: ProviderID already set in the machine Spec with value:aws:///us-west-1c/i-039c1b44e22269044
2026-01-28T09:42:06.576117937Z I0128 09:42:06.576099       1 reconciler.go:301] Updated machine ci-ln-vjb5l1t-76ef8-snmcd-worker-us-west-1c-rgb9d
2026-01-28T09:42:06.576160668Z I0128 09:42:06.576148       1 machine_scope.go:167] ci-ln-vjb5l1t-76ef8-snmcd-worker-us-west-1c-rgb9d: Updating status
2026-01-28T09:42:06.661827140Z I0128 09:42:06.661789       1 machine_scope.go:193] ci-ln-vjb5l1t-76ef8-snmcd-worker-us-west-1c-rgb9d: finished calculating AWS status
2026-01-28T09:42:06.661827140Z I0128 09:42:06.661810       1 machine_scope.go:90] ci-ln-vjb5l1t-76ef8-snmcd-worker-us-west-1c-rgb9d: patching machine
2026-01-28T09:42:07.411263004Z I0128 09:42:07.411209       1 controller.go:173] ci-ln-vjb5l1t-76ef8-snmcd-worker-us-west-1a-8x8wj: reconciling Machine
2026-01-28T09:42:07.411263004Z I0128 09:42:07.411242       1 actuator.go:108] ci-ln-vjb5l1t-76ef8-snmcd-worker-us-west-1a-8x8wj: actuator checking if machine exists
2026-01-28T09:42:07.477358006Z I0128 09:42:07.477304       1 reconciler.go:539] ci-ln-vjb5l1t-76ef8-snmcd-worker-us-west-1a-8x8wj: Found instance by id: i-055b83ab99acf565e
2026-01-28T09:42:07.477358006Z I0128 09:42:07.477336       1 controller.go:357] ci-ln-vjb5l1t-76ef8-snmcd-worker-us-west-1a-8x8wj: reconciling machine triggers idempotent update
2026-01-28T09:42:07.477358006Z I0128 09:42:07.477345       1 actuator.go:125] ci-ln-vjb5l1t-76ef8-snmcd-worker-us-west-1a-8x8wj: actuator updating machine
2026-01-28T09:42:07.477976659Z I0128 09:42:07.477950       1 reconciler.go:197] ci-ln-vjb5l1t-76ef8-snmcd-worker-us-west-1a-8x8wj: updating machine
2026-01-28T09:42:07.539341949Z I0128 09:42:07.539301       1 reconciler.go:539] ci-ln-vjb5l1t-76ef8-snmcd-worker-us-west-1a-8x8wj: Found instance by id: i-055b83ab99acf565e
2026-01-28T09:42:07.539405850Z I0128 09:42:07.539390       1 reconciler.go:271] ci-ln-vjb5l1t-76ef8-snmcd-worker-us-west-1a-8x8wj: found 1 running instances for machine
2026-01-28T09:42:07.539419640Z I0128 09:42:07.539404       1 reconciler.go:451] ci-ln-vjb5l1t-76ef8-snmcd-worker-us-west-1a-8x8wj: ProviderID already set in the machine Spec with value:aws:///us-west-1a/i-055b83ab99acf565e
2026-01-28T09:42:07.539499202Z I0128 09:42:07.539479       1 reconciler.go:301] Updated machine ci-ln-vjb5l1t-76ef8-snmcd-worker-us-west-1a-8x8wj
2026-01-28T09:42:07.539499202Z I0128 09:42:07.539489       1 machine_scope.go:167] ci-ln-vjb5l1t-76ef8-snmcd-worker-us-west-1a-8x8wj: Updating status
2026-01-28T09:42:07.622397644Z I0128 09:42:07.622358       1 machine_scope.go:193] ci-ln-vjb5l1t-76ef8-snmcd-worker-us-west-1a-8x8wj: finished calculating AWS status
2026-01-28T09:42:07.622397644Z I0128 09:42:07.622380       1 machine_scope.go:90] ci-ln-vjb5l1t-76ef8-snmcd-worker-us-west-1a-8x8wj: patching machine
2026-01-28T09:42:29.611829957Z I0128 09:42:29.611789       1 controller.go:173] ci-ln-vjb5l1t-76ef8-snmcd-worker-us-west-1c-rgb9d: reconciling Machine
2026-01-28T09:42:29.612072223Z I0128 09:42:29.612054       1 actuator.go:108] ci-ln-vjb5l1t-76ef8-snmcd-worker-us-west-1c-rgb9d: actuator checking if machine exists
2026-01-28T09:42:29.624783428Z I0128 09:42:29.624739       1 controller.go:71] "msg"="Reconciling" "logger"="controllers.MachineSet" "machineset"="ci-ln-vjb5l1t-76ef8-snmcd-worker-us-west-1c" "namespace"="openshift-machine-api"
2026-01-28T09:42:29.625098184Z I0128 09:42:29.625064       1 controller.go:143] ci-ln-vjb5l1t-76ef8-snmcd-worker-us-west-1c: Reconciling MachineSet
2026-01-28T09:42:29.678711914Z I0128 09:42:29.678673       1 reconciler.go:539] ci-ln-vjb5l1t-76ef8-snmcd-worker-us-west-1c-rgb9d: Found instance by id: i-039c1b44e22269044
2026-01-28T09:42:29.678711914Z I0128 09:42:29.678695       1 controller.go:357] ci-ln-vjb5l1t-76ef8-snmcd-worker-us-west-1c-rgb9d: reconciling machine triggers idempotent update
2026-01-28T09:42:29.678711914Z I0128 09:42:29.678700       1 actuator.go:125] ci-ln-vjb5l1t-76ef8-snmcd-worker-us-west-1c-rgb9d: actuator updating machine
2026-01-28T09:42:29.679281936Z I0128 09:42:29.679254       1 reconciler.go:197] ci-ln-vjb5l1t-76ef8-snmcd-worker-us-west-1c-rgb9d: updating machine
2026-01-28T09:42:29.753443850Z I0128 09:42:29.753396       1 reconciler.go:539] ci-ln-vjb5l1t-76ef8-snmcd-worker-us-west-1c-rgb9d: Found instance by id: i-039c1b44e22269044
2026-01-28T09:42:29.753535202Z I0128 09:42:29.753512       1 reconciler.go:271] ci-ln-vjb5l1t-76ef8-snmcd-worker-us-west-1c-rgb9d: found 1 running instances for machine
2026-01-28T09:42:29.753557382Z I0128 09:42:29.753541       1 reconciler.go:451] ci-ln-vjb5l1t-76ef8-snmcd-worker-us-west-1c-rgb9d: ProviderID already set in the machine Spec with value:aws:///us-west-1c/i-039c1b44e22269044
2026-01-28T09:42:29.753659884Z I0128 09:42:29.753641       1 reconciler.go:301] Updated machine ci-ln-vjb5l1t-76ef8-snmcd-worker-us-west-1c-rgb9d
2026-01-28T09:42:29.753659884Z I0128 09:42:29.753653       1 machine_scope.go:167] ci-ln-vjb5l1t-76ef8-snmcd-worker-us-west-1c-rgb9d: Updating status
2026-01-28T09:42:29.829235638Z I0128 09:42:29.829201       1 machine_scope.go:193] ci-ln-vjb5l1t-76ef8-snmcd-worker-us-west-1c-rgb9d: finished calculating AWS status
2026-01-28T09:42:29.829310120Z I0128 09:42:29.829284       1 machine_scope.go:90] ci-ln-vjb5l1t-76ef8-snmcd-worker-us-west-1c-rgb9d: patching machine
2026-01-28T09:42:29.879052756Z I0128 09:42:29.879015       1 controller.go:173] ci-ln-vjb5l1t-76ef8-snmcd-worker-us-west-1a-8x8wj: reconciling Machine
2026-01-28T09:42:29.879310391Z I0128 09:42:29.879290       1 actuator.go:108] ci-ln-vjb5l1t-76ef8-snmcd-worker-us-west-1a-8x8wj: actuator checking if machine exists
2026-01-28T09:42:29.895966051Z I0128 09:42:29.895930       1 controller.go:71] "msg"="Reconciling" "logger"="controllers.MachineSet" "machineset"="ci-ln-vjb5l1t-76ef8-snmcd-worker-us-west-1a" "namespace"="openshift-machine-api"
2026-01-28T09:42:29.896145915Z I0128 09:42:29.896125       1 controller.go:143] ci-ln-vjb5l1t-76ef8-snmcd-worker-us-west-1a: Reconciling MachineSet
2026-01-28T09:42:29.938832078Z I0128 09:42:29.938770       1 reconciler.go:539] ci-ln-vjb5l1t-76ef8-snmcd-worker-us-west-1a-8x8wj: Found instance by id: i-055b83ab99acf565e
2026-01-28T09:42:29.938832078Z I0128 09:42:29.938806       1 controller.go:357] ci-ln-vjb5l1t-76ef8-snmcd-worker-us-west-1a-8x8wj: reconciling machine triggers idempotent update
2026-01-28T09:42:29.938832078Z I0128 09:42:29.938814       1 actuator.go:125] ci-ln-vjb5l1t-76ef8-snmcd-worker-us-west-1a-8x8wj: actuator updating machine
2026-01-28T09:42:29.939520713Z I0128 09:42:29.939478       1 reconciler.go:197] ci-ln-vjb5l1t-76ef8-snmcd-worker-us-west-1a-8x8wj: updating machine
2026-01-28T09:42:29.990908214Z I0128 09:42:29.990860       1 reconciler.go:539] ci-ln-vjb5l1t-76ef8-snmcd-worker-us-west-1a-8x8wj: Found instance by id: i-055b83ab99acf565e
2026-01-28T09:42:29.991003456Z I0128 09:42:29.990983       1 reconciler.go:271] ci-ln-vjb5l1t-76ef8-snmcd-worker-us-west-1a-8x8wj: found 1 running instances for machine
2026-01-28T09:42:29.991046147Z I0128 09:42:29.991033       1 reconciler.go:451] ci-ln-vjb5l1t-76ef8-snmcd-worker-us-west-1a-8x8wj: ProviderID already set in the machine Spec with value:aws:///us-west-1a/i-055b83ab99acf565e
2026-01-28T09:42:29.991159470Z I0128 09:42:29.991142       1 reconciler.go:301] Updated machine ci-ln-vjb5l1t-76ef8-snmcd-worker-us-west-1a-8x8wj
2026-01-28T09:42:29.991159470Z I0128 09:42:29.991155       1 machine_scope.go:167] ci-ln-vjb5l1t-76ef8-snmcd-worker-us-west-1a-8x8wj: Updating status
2026-01-28T09:42:30.081576125Z I0128 09:42:30.081540       1 machine_scope.go:193] ci-ln-vjb5l1t-76ef8-snmcd-worker-us-west-1a-8x8wj: finished calculating AWS status
2026-01-28T09:42:30.081639486Z I0128 09:42:30.081626       1 machine_scope.go:90] ci-ln-vjb5l1t-76ef8-snmcd-worker-us-west-1a-8x8wj: patching machine
2026-01-28T09:49:55.853432018Z I0128 09:49:55.853388       1 controller.go:173] ci-ln-vjb5l1t-76ef8-snmcd-master-2: reconciling Machine
2026-01-28T09:49:55.853432018Z I0128 09:49:55.853419       1 actuator.go:108] ci-ln-vjb5l1t-76ef8-snmcd-master-2: actuator checking if machine exists
2026-01-28T09:49:56.013609737Z I0128 09:49:56.013567       1 reconciler.go:539] ci-ln-vjb5l1t-76ef8-snmcd-master-2: Found instance by id: i-010583ba086028d2a
2026-01-28T09:49:56.013609737Z I0128 09:49:56.013599       1 controller.go:357] ci-ln-vjb5l1t-76ef8-snmcd-master-2: reconciling machine triggers idempotent update
2026-01-28T09:49:56.013640138Z I0128 09:49:56.013608       1 actuator.go:125] ci-ln-vjb5l1t-76ef8-snmcd-master-2: actuator updating machine
2026-01-28T09:49:56.014153219Z I0128 09:49:56.014133       1 reconciler.go:197] ci-ln-vjb5l1t-76ef8-snmcd-master-2: updating machine
2026-01-28T09:49:56.081377013Z I0128 09:49:56.081348       1 reconciler.go:539] ci-ln-vjb5l1t-76ef8-snmcd-master-2: Found instance by id: i-010583ba086028d2a
2026-01-28T09:49:56.081409953Z I0128 09:49:56.081400       1 reconciler.go:271] ci-ln-vjb5l1t-76ef8-snmcd-master-2: found 1 running instances for machine
2026-01-28T09:49:56.348317158Z I0128 09:49:56.348284       1 reconciler.go:451] ci-ln-vjb5l1t-76ef8-snmcd-master-2: ProviderID already set in the machine Spec with value:aws:///us-west-1c/i-010583ba086028d2a
2026-01-28T09:49:56.348397540Z I0128 09:49:56.348378       1 reconciler.go:301] Updated machine ci-ln-vjb5l1t-76ef8-snmcd-master-2
2026-01-28T09:49:56.348437261Z I0128 09:49:56.348424       1 machine_scope.go:167] ci-ln-vjb5l1t-76ef8-snmcd-master-2: Updating status
2026-01-28T09:49:56.465869901Z I0128 09:49:56.465832       1 machine_scope.go:193] ci-ln-vjb5l1t-76ef8-snmcd-master-2: finished calculating AWS status
2026-01-28T09:49:56.465869901Z I0128 09:49:56.465853       1 machine_scope.go:90] ci-ln-vjb5l1t-76ef8-snmcd-master-2: patching machine
2026-01-28T09:49:56.481282345Z I0128 09:49:56.481231       1 controller.go:173] ci-ln-vjb5l1t-76ef8-snmcd-worker-us-west-1a-8x8wj: reconciling Machine
2026-01-28T09:49:56.481282345Z I0128 09:49:56.481248       1 actuator.go:108] ci-ln-vjb5l1t-76ef8-snmcd-worker-us-west-1a-8x8wj: actuator checking if machine exists
2026-01-28T09:49:56.594305893Z I0128 09:49:56.594268       1 reconciler.go:539] ci-ln-vjb5l1t-76ef8-snmcd-worker-us-west-1a-8x8wj: Found instance by id: i-055b83ab99acf565e
2026-01-28T09:49:56.594305893Z I0128 09:49:56.594292       1 controller.go:357] ci-ln-vjb5l1t-76ef8-snmcd-worker-us-west-1a-8x8wj: reconciling machine triggers idempotent update
2026-01-28T09:49:56.594305893Z I0128 09:49:56.594298       1 actuator.go:125] ci-ln-vjb5l1t-76ef8-snmcd-worker-us-west-1a-8x8wj: actuator updating machine
2026-01-28T09:49:56.594796743Z I0128 09:49:56.594775       1 reconciler.go:197] ci-ln-vjb5l1t-76ef8-snmcd-worker-us-west-1a-8x8wj: updating machine
2026-01-28T09:49:56.665773786Z I0128 09:49:56.665740       1 reconciler.go:539] ci-ln-vjb5l1t-76ef8-snmcd-worker-us-west-1a-8x8wj: Found instance by id: i-055b83ab99acf565e
2026-01-28T09:49:56.665842527Z I0128 09:49:56.665815       1 reconciler.go:271] ci-ln-vjb5l1t-76ef8-snmcd-worker-us-west-1a-8x8wj: found 1 running instances for machine
2026-01-28T09:49:56.665857058Z I0128 09:49:56.665846       1 reconciler.go:451] ci-ln-vjb5l1t-76ef8-snmcd-worker-us-west-1a-8x8wj: ProviderID already set in the machine Spec with value:aws:///us-west-1a/i-055b83ab99acf565e
2026-01-28T09:49:56.665969250Z I0128 09:49:56.665946       1 reconciler.go:301] Updated machine ci-ln-vjb5l1t-76ef8-snmcd-worker-us-west-1a-8x8wj
2026-01-28T09:49:56.665969250Z I0128 09:49:56.665959       1 machine_scope.go:167] ci-ln-vjb5l1t-76ef8-snmcd-worker-us-west-1a-8x8wj: Updating status
2026-01-28T09:49:56.757452585Z I0128 09:49:56.757424       1 machine_scope.go:193] ci-ln-vjb5l1t-76ef8-snmcd-worker-us-west-1a-8x8wj: finished calculating AWS status
2026-01-28T09:49:56.757452585Z I0128 09:49:56.757440       1 machine_scope.go:90] ci-ln-vjb5l1t-76ef8-snmcd-worker-us-west-1a-8x8wj: patching machine
2026-01-28T09:49:56.772011801Z I0128 09:49:56.771974       1 controller.go:173] ci-ln-vjb5l1t-76ef8-snmcd-worker-us-west-1c-mj4l8: reconciling Machine
2026-01-28T09:49:56.772011801Z I0128 09:49:56.771992       1 actuator.go:108] ci-ln-vjb5l1t-76ef8-snmcd-worker-us-west-1c-mj4l8: actuator checking if machine exists
2026-01-28T09:49:56.920114407Z I0128 09:49:56.920075       1 reconciler.go:539] ci-ln-vjb5l1t-76ef8-snmcd-worker-us-west-1c-mj4l8: Found instance by id: i-0b0dc084c90fc4dab
2026-01-28T09:49:56.920114407Z I0128 09:49:56.920104       1 controller.go:357] ci-ln-vjb5l1t-76ef8-snmcd-worker-us-west-1c-mj4l8: reconciling machine triggers idempotent update
2026-01-28T09:49:56.920171778Z I0128 09:49:56.920112       1 actuator.go:125] ci-ln-vjb5l1t-76ef8-snmcd-worker-us-west-1c-mj4l8: actuator updating machine
2026-01-28T09:49:56.920621397Z I0128 09:49:56.920592       1 reconciler.go:197] ci-ln-vjb5l1t-76ef8-snmcd-worker-us-west-1c-mj4l8: updating machine
2026-01-28T09:49:57.056876353Z I0128 09:49:57.056835       1 reconciler.go:539] ci-ln-vjb5l1t-76ef8-snmcd-worker-us-west-1c-mj4l8: Found instance by id: i-0b0dc084c90fc4dab
2026-01-28T09:49:57.056982795Z I0128 09:49:57.056960       1 reconciler.go:271] ci-ln-vjb5l1t-76ef8-snmcd-worker-us-west-1c-mj4l8: found 1 running instances for machine
2026-01-28T09:49:57.056982795Z I0128 09:49:57.056977       1 reconciler.go:451] ci-ln-vjb5l1t-76ef8-snmcd-worker-us-west-1c-mj4l8: ProviderID already set in the machine Spec with value:aws:///us-west-1c/i-0b0dc084c90fc4dab
2026-01-28T09:49:57.057079908Z I0128 09:49:57.057059       1 reconciler.go:301] Updated machine ci-ln-vjb5l1t-76ef8-snmcd-worker-us-west-1c-mj4l8
2026-01-28T09:49:57.057079908Z I0128 09:49:57.057069       1 machine_scope.go:167] ci-ln-vjb5l1t-76ef8-snmcd-worker-us-west-1c-mj4l8: Updating status
2026-01-28T09:49:57.179496263Z I0128 09:49:57.179460       1 machine_scope.go:193] ci-ln-vjb5l1t-76ef8-snmcd-worker-us-west-1c-mj4l8: finished calculating AWS status
2026-01-28T09:49:57.179496263Z I0128 09:49:57.179478       1 machine_scope.go:90] ci-ln-vjb5l1t-76ef8-snmcd-worker-us-west-1c-mj4l8: patching machine
2026-01-28T09:49:57.194260743Z I0128 09:49:57.194228       1 controller.go:173] ci-ln-vjb5l1t-76ef8-snmcd-worker-us-west-1c-rgb9d: reconciling Machine
2026-01-28T09:49:57.194260743Z I0128 09:49:57.194247       1 actuator.go:108] ci-ln-vjb5l1t-76ef8-snmcd-worker-us-west-1c-rgb9d: actuator checking if machine exists
2026-01-28T09:49:57.307664909Z I0128 09:49:57.307629       1 reconciler.go:539] ci-ln-vjb5l1t-76ef8-snmcd-worker-us-west-1c-rgb9d: Found instance by id: i-039c1b44e22269044
2026-01-28T09:49:57.307664909Z I0128 09:49:57.307652       1 controller.go:357] ci-ln-vjb5l1t-76ef8-snmcd-worker-us-west-1c-rgb9d: reconciling machine triggers idempotent update
2026-01-28T09:49:57.307664909Z I0128 09:49:57.307658       1 actuator.go:125] ci-ln-vjb5l1t-76ef8-snmcd-worker-us-west-1c-rgb9d: actuator updating machine
2026-01-28T09:49:57.308249171Z I0128 09:49:57.308228       1 reconciler.go:197] ci-ln-vjb5l1t-76ef8-snmcd-worker-us-west-1c-rgb9d: updating machine
2026-01-28T09:49:57.375648969Z I0128 09:49:57.375609       1 reconciler.go:539] ci-ln-vjb5l1t-76ef8-snmcd-worker-us-west-1c-rgb9d: Found instance by id: i-039c1b44e22269044
2026-01-28T09:49:57.375727181Z I0128 09:49:57.375706       1 reconciler.go:271] ci-ln-vjb5l1t-76ef8-snmcd-worker-us-west-1c-rgb9d: found 1 running instances for machine
2026-01-28T09:49:57.375796332Z I0128 09:49:57.375762       1 reconciler.go:451] ci-ln-vjb5l1t-76ef8-snmcd-worker-us-west-1c-rgb9d: ProviderID already set in the machine Spec with value:aws:///us-west-1c/i-039c1b44e22269044
2026-01-28T09:49:57.375854433Z I0128 09:49:57.375841       1 reconciler.go:301] Updated machine ci-ln-vjb5l1t-76ef8-snmcd-worker-us-west-1c-rgb9d
2026-01-28T09:49:57.375906024Z I0128 09:49:57.375878       1 machine_scope.go:167] ci-ln-vjb5l1t-76ef8-snmcd-worker-us-west-1c-rgb9d: Updating status
2026-01-28T09:49:57.463099869Z I0128 09:49:57.463065       1 machine_scope.go:193] ci-ln-vjb5l1t-76ef8-snmcd-worker-us-west-1c-rgb9d: finished calculating AWS status
2026-01-28T09:49:57.463099869Z I0128 09:49:57.463081       1 machine_scope.go:90] ci-ln-vjb5l1t-76ef8-snmcd-worker-us-west-1c-rgb9d: patching machine
2026-01-28T09:49:57.477313258Z I0128 09:49:57.477270       1 controller.go:173] ci-ln-vjb5l1t-76ef8-snmcd-master-0: reconciling Machine
2026-01-28T09:49:57.477313258Z I0128 09:49:57.477291       1 actuator.go:108] ci-ln-vjb5l1t-76ef8-snmcd-master-0: actuator checking if machine exists
2026-01-28T09:49:57.603477182Z I0128 09:49:57.603431       1 reconciler.go:539] ci-ln-vjb5l1t-76ef8-snmcd-master-0: Found instance by id: i-0ef0478c5528c9769
2026-01-28T09:49:57.603477182Z I0128 09:49:57.603456       1 controller.go:357] ci-ln-vjb5l1t-76ef8-snmcd-master-0: reconciling machine triggers idempotent update
2026-01-28T09:49:57.603477182Z I0128 09:49:57.603462       1 actuator.go:125] ci-ln-vjb5l1t-76ef8-snmcd-master-0: actuator updating machine
2026-01-28T09:49:57.604056734Z I0128 09:49:57.604038       1 reconciler.go:197] ci-ln-vjb5l1t-76ef8-snmcd-master-0: updating machine
2026-01-28T09:49:57.670870719Z I0128 09:49:57.670839       1 reconciler.go:539] ci-ln-vjb5l1t-76ef8-snmcd-master-0: Found instance by id: i-0ef0478c5528c9769
2026-01-28T09:49:57.670960651Z I0128 09:49:57.670935       1 reconciler.go:271] ci-ln-vjb5l1t-76ef8-snmcd-master-0: found 1 running instances for machine
2026-01-28T09:49:57.910864868Z I0128 09:49:57.910806       1 reconciler.go:451] ci-ln-vjb5l1t-76ef8-snmcd-master-0: ProviderID already set in the machine Spec with value:aws:///us-west-1c/i-0ef0478c5528c9769
2026-01-28T09:49:57.910950790Z I0128 09:49:57.910938       1 reconciler.go:301] Updated machine ci-ln-vjb5l1t-76ef8-snmcd-master-0
2026-01-28T09:49:57.910950790Z I0128 09:49:57.910947       1 machine_scope.go:167] ci-ln-vjb5l1t-76ef8-snmcd-master-0: Updating status
2026-01-28T09:49:57.985167861Z I0128 09:49:57.985108       1 machine_scope.go:193] ci-ln-vjb5l1t-76ef8-snmcd-master-0: finished calculating AWS status
2026-01-28T09:49:57.985167861Z I0128 09:49:57.985138       1 machine_scope.go:90] ci-ln-vjb5l1t-76ef8-snmcd-master-0: patching machine
2026-01-28T09:49:58.001486934Z I0128 09:49:58.001446       1 controller.go:173] ci-ln-vjb5l1t-76ef8-snmcd-master-1: reconciling Machine
2026-01-28T09:49:58.001486934Z I0128 09:49:58.001467       1 actuator.go:108] ci-ln-vjb5l1t-76ef8-snmcd-master-1: actuator checking if machine exists
2026-01-28T09:49:58.111736044Z I0128 09:49:58.111707       1 reconciler.go:539] ci-ln-vjb5l1t-76ef8-snmcd-master-1: Found instance by id: i-056ab182efb057c55
2026-01-28T09:49:58.111736044Z I0128 09:49:58.111728       1 controller.go:357] ci-ln-vjb5l1t-76ef8-snmcd-master-1: reconciling machine triggers idempotent update
2026-01-28T09:49:58.111782715Z I0128 09:49:58.111746       1 actuator.go:125] ci-ln-vjb5l1t-76ef8-snmcd-master-1: actuator updating machine
2026-01-28T09:49:58.112253654Z I0128 09:49:58.112233       1 reconciler.go:197] ci-ln-vjb5l1t-76ef8-snmcd-master-1: updating machine
2026-01-28T09:49:58.183596786Z I0128 09:49:58.183548       1 reconciler.go:539] ci-ln-vjb5l1t-76ef8-snmcd-master-1: Found instance by id: i-056ab182efb057c55
2026-01-28T09:49:58.183666657Z I0128 09:49:58.183647       1 reconciler.go:271] ci-ln-vjb5l1t-76ef8-snmcd-master-1: found 1 running instances for machine
2026-01-28T09:49:58.439744614Z I0128 09:49:58.439708       1 reconciler.go:451] ci-ln-vjb5l1t-76ef8-snmcd-master-1: ProviderID already set in the machine Spec with value:aws:///us-west-1a/i-056ab182efb057c55
2026-01-28T09:49:58.439831776Z I0128 09:49:58.439804       1 reconciler.go:301] Updated machine ci-ln-vjb5l1t-76ef8-snmcd-master-1
2026-01-28T09:49:58.439831776Z I0128 09:49:58.439816       1 machine_scope.go:167] ci-ln-vjb5l1t-76ef8-snmcd-master-1: Updating status
2026-01-28T09:49:58.530060074Z I0128 09:49:58.530007       1 machine_scope.go:193] ci-ln-vjb5l1t-76ef8-snmcd-master-1: finished calculating AWS status
2026-01-28T09:49:58.530060074Z I0128 09:49:58.530029       1 machine_scope.go:90] ci-ln-vjb5l1t-76ef8-snmcd-master-1: patching machine
2026-01-28T09:50:42.908167642Z I0128 09:50:42.908119       1 controller.go:71] "msg"="Reconciling" "logger"="controllers.MachineSet" "machineset"="ci-ln-vjb5l1t-76ef8-snmcd-worker-us-west-1a" "namespace"="openshift-machine-api"
2026-01-28T09:50:42.908231644Z I0128 09:50:42.908216       1 controller.go:143] ci-ln-vjb5l1t-76ef8-snmcd-worker-us-west-1a: Reconciling MachineSet
2026-01-28T09:50:42.919436145Z I0128 09:50:42.919399       1 controller.go:71] "msg"="Reconciling" "logger"="controllers.MachineSet" "machineset"="ci-ln-vjb5l1t-76ef8-snmcd-worker-us-west-1c" "namespace"="openshift-machine-api"
2026-01-28T09:50:42.919473476Z I0128 09:50:42.919463       1 controller.go:143] ci-ln-vjb5l1t-76ef8-snmcd-worker-us-west-1c: Reconciling MachineSet
2026-01-28T09:58:56.587232487Z I0128 09:58:56.587180       1 controller.go:173] ci-ln-vjb5l1t-76ef8-snmcd-master-1: reconciling Machine
2026-01-28T09:58:56.587232487Z I0128 09:58:56.587207       1 actuator.go:108] ci-ln-vjb5l1t-76ef8-snmcd-master-1: actuator checking if machine exists
2026-01-28T09:58:56.734778266Z I0128 09:58:56.734728       1 reconciler.go:539] ci-ln-vjb5l1t-76ef8-snmcd-master-1: Found instance by id: i-056ab182efb057c55
2026-01-28T09:58:56.734778266Z I0128 09:58:56.734758       1 controller.go:357] ci-ln-vjb5l1t-76ef8-snmcd-master-1: reconciling machine triggers idempotent update
2026-01-28T09:58:56.734778266Z I0128 09:58:56.734767       1 actuator.go:125] ci-ln-vjb5l1t-76ef8-snmcd-master-1: actuator updating machine
2026-01-28T09:58:56.735315787Z I0128 09:58:56.735278       1 reconciler.go:197] ci-ln-vjb5l1t-76ef8-snmcd-master-1: updating machine
2026-01-28T09:58:56.802085675Z I0128 09:58:56.802029       1 reconciler.go:539] ci-ln-vjb5l1t-76ef8-snmcd-master-1: Found instance by id: i-056ab182efb057c55
2026-01-28T09:58:56.802134616Z I0128 09:58:56.802112       1 reconciler.go:271] ci-ln-vjb5l1t-76ef8-snmcd-master-1: found 1 running instances for machine
2026-01-28T09:58:57.081538865Z I0128 09:58:57.081485       1 reconciler.go:451] ci-ln-vjb5l1t-76ef8-snmcd-master-1: ProviderID already set in the machine Spec with value:aws:///us-west-1a/i-056ab182efb057c55
2026-01-28T09:58:57.081615897Z I0128 09:58:57.081596       1 reconciler.go:301] Updated machine ci-ln-vjb5l1t-76ef8-snmcd-master-1
2026-01-28T09:58:57.081615897Z I0128 09:58:57.081607       1 machine_scope.go:167] ci-ln-vjb5l1t-76ef8-snmcd-master-1: Updating status
2026-01-28T09:58:57.244160748Z I0128 09:58:57.244114       1 machine_scope.go:193] ci-ln-vjb5l1t-76ef8-snmcd-master-1: finished calculating AWS status
2026-01-28T09:58:57.244160748Z I0128 09:58:57.244133       1 machine_scope.go:90] ci-ln-vjb5l1t-76ef8-snmcd-master-1: patching machine
2026-01-28T09:58:57.261022861Z I0128 09:58:57.260994       1 controller.go:173] ci-ln-vjb5l1t-76ef8-snmcd-master-2: reconciling Machine
2026-01-28T09:58:57.261022861Z I0128 09:58:57.261012       1 actuator.go:108] ci-ln-vjb5l1t-76ef8-snmcd-master-2: actuator checking if machine exists
2026-01-28T09:58:57.375977247Z I0128 09:58:57.375938       1 reconciler.go:539] ci-ln-vjb5l1t-76ef8-snmcd-master-2: Found instance by id: i-010583ba086028d2a
2026-01-28T09:58:57.375977247Z I0128 09:58:57.375964       1 controller.go:357] ci-ln-vjb5l1t-76ef8-snmcd-master-2: reconciling machine triggers idempotent update
2026-01-28T09:58:57.375977247Z I0128 09:58:57.375970       1 actuator.go:125] ci-ln-vjb5l1t-76ef8-snmcd-master-2: actuator updating machine
2026-01-28T09:58:57.376484748Z I0128 09:58:57.376466       1 reconciler.go:197] ci-ln-vjb5l1t-76ef8-snmcd-master-2: updating machine
2026-01-28T09:58:57.442815157Z I0128 09:58:57.442783       1 reconciler.go:539] ci-ln-vjb5l1t-76ef8-snmcd-master-2: Found instance by id: i-010583ba086028d2a
2026-01-28T09:58:57.442848287Z I0128 09:58:57.442835       1 reconciler.go:271] ci-ln-vjb5l1t-76ef8-snmcd-master-2: found 1 running instances for machine
2026-01-28T09:58:57.696103553Z I0128 09:58:57.696051       1 reconciler.go:451] ci-ln-vjb5l1t-76ef8-snmcd-master-2: ProviderID already set in the machine Spec with value:aws:///us-west-1c/i-010583ba086028d2a
2026-01-28T09:58:57.696186284Z I0128 09:58:57.696166       1 reconciler.go:301] Updated machine ci-ln-vjb5l1t-76ef8-snmcd-master-2
2026-01-28T09:58:57.696186284Z I0128 09:58:57.696176       1 machine_scope.go:167] ci-ln-vjb5l1t-76ef8-snmcd-master-2: Updating status
2026-01-28T09:58:57.781474091Z I0128 09:58:57.781433       1 machine_scope.go:193] ci-ln-vjb5l1t-76ef8-snmcd-master-2: finished calculating AWS status
2026-01-28T09:58:57.781474091Z I0128 09:58:57.781451       1 machine_scope.go:90] ci-ln-vjb5l1t-76ef8-snmcd-master-2: patching machine
2026-01-28T09:58:57.796696739Z I0128 09:58:57.796668       1 controller.go:173] ci-ln-vjb5l1t-76ef8-snmcd-worker-us-west-1a-8x8wj: reconciling Machine
2026-01-28T09:58:57.796696739Z I0128 09:58:57.796684       1 actuator.go:108] ci-ln-vjb5l1t-76ef8-snmcd-worker-us-west-1a-8x8wj: actuator checking if machine exists
2026-01-28T09:58:57.909648652Z I0128 09:58:57.909605       1 reconciler.go:539] ci-ln-vjb5l1t-76ef8-snmcd-worker-us-west-1a-8x8wj: Found instance by id: i-055b83ab99acf565e
2026-01-28T09:58:57.909648652Z I0128 09:58:57.909632       1 controller.go:357] ci-ln-vjb5l1t-76ef8-snmcd-worker-us-west-1a-8x8wj: reconciling machine triggers idempotent update
2026-01-28T09:58:57.909648652Z I0128 09:58:57.909638       1 actuator.go:125] ci-ln-vjb5l1t-76ef8-snmcd-worker-us-west-1a-8x8wj: actuator updating machine
2026-01-28T09:58:57.910285526Z I0128 09:58:57.910264       1 reconciler.go:197] ci-ln-vjb5l1t-76ef8-snmcd-worker-us-west-1a-8x8wj: updating machine
2026-01-28T09:58:57.985594738Z I0128 09:58:57.985548       1 reconciler.go:539] ci-ln-vjb5l1t-76ef8-snmcd-worker-us-west-1a-8x8wj: Found instance by id: i-055b83ab99acf565e
2026-01-28T09:58:57.985645509Z I0128 09:58:57.985632       1 reconciler.go:271] ci-ln-vjb5l1t-76ef8-snmcd-worker-us-west-1a-8x8wj: found 1 running instances for machine
2026-01-28T09:58:57.985659109Z I0128 09:58:57.985643       1 reconciler.go:451] ci-ln-vjb5l1t-76ef8-snmcd-worker-us-west-1a-8x8wj: ProviderID already set in the machine Spec with value:aws:///us-west-1a/i-055b83ab99acf565e
2026-01-28T09:58:57.985748251Z I0128 09:58:57.985723       1 reconciler.go:301] Updated machine ci-ln-vjb5l1t-76ef8-snmcd-worker-us-west-1a-8x8wj
2026-01-28T09:58:57.985748251Z I0128 09:58:57.985734       1 machine_scope.go:167] ci-ln-vjb5l1t-76ef8-snmcd-worker-us-west-1a-8x8wj: Updating status
2026-01-28T09:58:58.066660184Z I0128 09:58:58.066615       1 machine_scope.go:193] ci-ln-vjb5l1t-76ef8-snmcd-worker-us-west-1a-8x8wj: finished calculating AWS status
2026-01-28T09:58:58.066660184Z I0128 09:58:58.066632       1 machine_scope.go:90] ci-ln-vjb5l1t-76ef8-snmcd-worker-us-west-1a-8x8wj: patching machine
2026-01-28T09:58:58.083270162Z I0128 09:58:58.083241       1 controller.go:173] ci-ln-vjb5l1t-76ef8-snmcd-worker-us-west-1c-mj4l8: reconciling Machine
2026-01-28T09:58:58.083270162Z I0128 09:58:58.083259       1 actuator.go:108] ci-ln-vjb5l1t-76ef8-snmcd-worker-us-west-1c-mj4l8: actuator checking if machine exists
2026-01-28T09:58:58.204443862Z I0128 09:58:58.204402       1 reconciler.go:539] ci-ln-vjb5l1t-76ef8-snmcd-worker-us-west-1c-mj4l8: Found instance by id: i-0b0dc084c90fc4dab
2026-01-28T09:58:58.204443862Z I0128 09:58:58.204423       1 controller.go:357] ci-ln-vjb5l1t-76ef8-snmcd-worker-us-west-1c-mj4l8: reconciling machine triggers idempotent update
2026-01-28T09:58:58.204443862Z I0128 09:58:58.204429       1 actuator.go:125] ci-ln-vjb5l1t-76ef8-snmcd-worker-us-west-1c-mj4l8: actuator updating machine
2026-01-28T09:58:58.204985604Z I0128 09:58:58.204964       1 reconciler.go:197] ci-ln-vjb5l1t-76ef8-snmcd-worker-us-west-1c-mj4l8: updating machine
2026-01-28T09:58:58.279197222Z I0128 09:58:58.279168       1 reconciler.go:539] ci-ln-vjb5l1t-76ef8-snmcd-worker-us-west-1c-mj4l8: Found instance by id: i-0b0dc084c90fc4dab
2026-01-28T09:58:58.279233753Z I0128 09:58:58.279224       1 reconciler.go:271] ci-ln-vjb5l1t-76ef8-snmcd-worker-us-west-1c-mj4l8: found 1 running instances for machine
2026-01-28T09:58:58.279246903Z I0128 09:58:58.279232       1 reconciler.go:451] ci-ln-vjb5l1t-76ef8-snmcd-worker-us-west-1c-mj4l8: ProviderID already set in the machine Spec with value:aws:///us-west-1c/i-0b0dc084c90fc4dab
2026-01-28T09:58:58.279317875Z I0128 09:58:58.279300       1 reconciler.go:301] Updated machine ci-ln-vjb5l1t-76ef8-snmcd-worker-us-west-1c-mj4l8
2026-01-28T09:58:58.279317875Z I0128 09:58:58.279310       1 machine_scope.go:167] ci-ln-vjb5l1t-76ef8-snmcd-worker-us-west-1c-mj4l8: Updating status
2026-01-28T09:58:58.373972114Z I0128 09:58:58.373937       1 machine_scope.go:193] ci-ln-vjb5l1t-76ef8-snmcd-worker-us-west-1c-mj4l8: finished calculating AWS status
2026-01-28T09:58:58.373972114Z I0128 09:58:58.373953       1 machine_scope.go:90] ci-ln-vjb5l1t-76ef8-snmcd-worker-us-west-1c-mj4l8: patching machine
2026-01-28T09:58:58.389012978Z I0128 09:58:58.388989       1 controller.go:173] ci-ln-vjb5l1t-76ef8-snmcd-worker-us-west-1c-rgb9d: reconciling Machine
2026-01-28T09:58:58.389012978Z I0128 09:58:58.389003       1 actuator.go:108] ci-ln-vjb5l1t-76ef8-snmcd-worker-us-west-1c-rgb9d: actuator checking if machine exists
2026-01-28T09:58:58.514719455Z I0128 09:58:58.514682       1 reconciler.go:539] ci-ln-vjb5l1t-76ef8-snmcd-worker-us-west-1c-rgb9d: Found instance by id: i-039c1b44e22269044
2026-01-28T09:58:58.514790297Z I0128 09:58:58.514778       1 controller.go:357] ci-ln-vjb5l1t-76ef8-snmcd-worker-us-west-1c-rgb9d: reconciling machine triggers idempotent update
2026-01-28T09:58:58.514831608Z I0128 09:58:58.514809       1 actuator.go:125] ci-ln-vjb5l1t-76ef8-snmcd-worker-us-west-1c-rgb9d: actuator updating machine
2026-01-28T09:58:58.516363071Z I0128 09:58:58.516316       1 reconciler.go:197] ci-ln-vjb5l1t-76ef8-snmcd-worker-us-west-1c-rgb9d: updating machine
2026-01-28T09:58:58.590041138Z I0128 09:58:58.590010       1 reconciler.go:539] ci-ln-vjb5l1t-76ef8-snmcd-worker-us-west-1c-rgb9d: Found instance by id: i-039c1b44e22269044
2026-01-28T09:58:58.590087399Z I0128 09:58:58.590079       1 reconciler.go:271] ci-ln-vjb5l1t-76ef8-snmcd-worker-us-west-1c-rgb9d: found 1 running instances for machine
2026-01-28T09:58:58.590100869Z I0128 09:58:58.590088       1 reconciler.go:451] ci-ln-vjb5l1t-76ef8-snmcd-worker-us-west-1c-rgb9d: ProviderID already set in the machine Spec with value:aws:///us-west-1c/i-039c1b44e22269044
2026-01-28T09:58:58.590182821Z I0128 09:58:58.590163       1 reconciler.go:301] Updated machine ci-ln-vjb5l1t-76ef8-snmcd-worker-us-west-1c-rgb9d
2026-01-28T09:58:58.590182821Z I0128 09:58:58.590174       1 machine_scope.go:167] ci-ln-vjb5l1t-76ef8-snmcd-worker-us-west-1c-rgb9d: Updating status
2026-01-28T09:58:58.672714959Z I0128 09:58:58.672674       1 machine_scope.go:193] ci-ln-vjb5l1t-76ef8-snmcd-worker-us-west-1c-rgb9d: finished calculating AWS status
2026-01-28T09:58:58.672714959Z I0128 09:58:58.672696       1 machine_scope.go:90] ci-ln-vjb5l1t-76ef8-snmcd-worker-us-west-1c-rgb9d: patching machine
2026-01-28T09:58:58.688985199Z I0128 09:58:58.688949       1 controller.go:173] ci-ln-vjb5l1t-76ef8-snmcd-master-0: reconciling Machine
2026-01-28T09:58:58.688985199Z I0128 09:58:58.688967       1 actuator.go:108] ci-ln-vjb5l1t-76ef8-snmcd-master-0: actuator checking if machine exists
2026-01-28T09:58:58.806522621Z I0128 09:58:58.806490       1 reconciler.go:539] ci-ln-vjb5l1t-76ef8-snmcd-master-0: Found instance by id: i-0ef0478c5528c9769
2026-01-28T09:58:58.806522621Z I0128 09:58:58.806512       1 controller.go:357] ci-ln-vjb5l1t-76ef8-snmcd-master-0: reconciling machine triggers idempotent update
2026-01-28T09:58:58.806522621Z I0128 09:58:58.806517       1 actuator.go:125] ci-ln-vjb5l1t-76ef8-snmcd-master-0: actuator updating machine
2026-01-28T09:58:58.807050382Z I0128 09:58:58.807031       1 reconciler.go:197] ci-ln-vjb5l1t-76ef8-snmcd-master-0: updating machine
2026-01-28T09:58:58.865258246Z I0128 09:58:58.865223       1 reconciler.go:539] ci-ln-vjb5l1t-76ef8-snmcd-master-0: Found instance by id: i-0ef0478c5528c9769
2026-01-28T09:58:58.865334398Z I0128 09:58:58.865306       1 reconciler.go:271] ci-ln-vjb5l1t-76ef8-snmcd-master-0: found 1 running instances for machine
2026-01-28T09:58:59.107688388Z I0128 09:58:59.107650       1 reconciler.go:451] ci-ln-vjb5l1t-76ef8-snmcd-master-0: ProviderID already set in the machine Spec with value:aws:///us-west-1c/i-0ef0478c5528c9769
2026-01-28T09:58:59.107787560Z I0128 09:58:59.107761       1 reconciler.go:301] Updated machine ci-ln-vjb5l1t-76ef8-snmcd-master-0
2026-01-28T09:58:59.107787560Z I0128 09:58:59.107775       1 machine_scope.go:167] ci-ln-vjb5l1t-76ef8-snmcd-master-0: Updating status
2026-01-28T09:58:59.196373038Z I0128 09:58:59.196330       1 machine_scope.go:193] ci-ln-vjb5l1t-76ef8-snmcd-master-0: finished calculating AWS status
2026-01-28T09:58:59.196373038Z I0128 09:58:59.196350       1 machine_scope.go:90] ci-ln-vjb5l1t-76ef8-snmcd-master-0: patching machine
2026-01-28T10:00:20.081448918Z I0128 10:00:20.081399       1 controller.go:71] "msg"="Reconciling" "logger"="controllers.MachineSet" "machineset"="ci-ln-vjb5l1t-76ef8-snmcd-worker-us-west-1a" "namespace"="openshift-machine-api"
2026-01-28T10:00:20.081564280Z I0128 10:00:20.081534       1 controller.go:143] ci-ln-vjb5l1t-76ef8-snmcd-worker-us-west-1a: Reconciling MachineSet
2026-01-28T10:00:20.097254507Z I0128 10:00:20.097227       1 controller.go:71] "msg"="Reconciling" "logger"="controllers.MachineSet" "machineset"="ci-ln-vjb5l1t-76ef8-snmcd-worker-us-west-1c" "namespace"="openshift-machine-api"
2026-01-28T10:00:20.097315818Z I0128 10:00:20.097307       1 controller.go:143] ci-ln-vjb5l1t-76ef8-snmcd-worker-us-west-1c: Reconciling MachineSet
2026-01-28T10:07:57.320716171Z I0128 10:07:57.320651       1 controller.go:173] ci-ln-vjb5l1t-76ef8-snmcd-master-2: reconciling Machine
2026-01-28T10:07:57.320716171Z I0128 10:07:57.320682       1 actuator.go:108] ci-ln-vjb5l1t-76ef8-snmcd-master-2: actuator checking if machine exists
2026-01-28T10:07:57.453764333Z I0128 10:07:57.453720       1 reconciler.go:539] ci-ln-vjb5l1t-76ef8-snmcd-master-2: Found instance by id: i-010583ba086028d2a
2026-01-28T10:07:57.453764333Z I0128 10:07:57.453749       1 controller.go:357] ci-ln-vjb5l1t-76ef8-snmcd-master-2: reconciling machine triggers idempotent update
2026-01-28T10:07:57.453764333Z I0128 10:07:57.453758       1 actuator.go:125] ci-ln-vjb5l1t-76ef8-snmcd-master-2: actuator updating machine
2026-01-28T10:07:57.454269524Z I0128 10:07:57.454237       1 reconciler.go:197] ci-ln-vjb5l1t-76ef8-snmcd-master-2: updating machine
2026-01-28T10:07:57.525666669Z I0128 10:07:57.525643       1 reconciler.go:539] ci-ln-vjb5l1t-76ef8-snmcd-master-2: Found instance by id: i-010583ba086028d2a
2026-01-28T10:07:57.525717991Z I0128 10:07:57.525696       1 reconciler.go:271] ci-ln-vjb5l1t-76ef8-snmcd-master-2: found 1 running instances for machine
2026-01-28T10:07:57.807460682Z I0128 10:07:57.807417       1 reconciler.go:451] ci-ln-vjb5l1t-76ef8-snmcd-master-2: ProviderID already set in the machine Spec with value:aws:///us-west-1c/i-010583ba086028d2a
2026-01-28T10:07:57.807588445Z I0128 10:07:57.807570       1 reconciler.go:301] Updated machine ci-ln-vjb5l1t-76ef8-snmcd-master-2
2026-01-28T10:07:57.807610665Z I0128 10:07:57.807591       1 machine_scope.go:167] ci-ln-vjb5l1t-76ef8-snmcd-master-2: Updating status
2026-01-28T10:07:57.927767340Z I0128 10:07:57.927728       1 machine_scope.go:193] ci-ln-vjb5l1t-76ef8-snmcd-master-2: finished calculating AWS status
2026-01-28T10:07:57.927767340Z I0128 10:07:57.927746       1 machine_scope.go:90] ci-ln-vjb5l1t-76ef8-snmcd-master-2: patching machine
2026-01-28T10:07:57.943798335Z I0128 10:07:57.943760       1 controller.go:173] ci-ln-vjb5l1t-76ef8-snmcd-worker-us-west-1a-8x8wj: reconciling Machine
2026-01-28T10:07:57.943798335Z I0128 10:07:57.943777       1 actuator.go:108] ci-ln-vjb5l1t-76ef8-snmcd-worker-us-west-1a-8x8wj: actuator checking if machine exists
2026-01-28T10:07:58.056249654Z I0128 10:07:58.056209       1 reconciler.go:539] ci-ln-vjb5l1t-76ef8-snmcd-worker-us-west-1a-8x8wj: Found instance by id: i-055b83ab99acf565e
2026-01-28T10:07:58.056249654Z I0128 10:07:58.056235       1 controller.go:357] ci-ln-vjb5l1t-76ef8-snmcd-worker-us-west-1a-8x8wj: reconciling machine triggers idempotent update
2026-01-28T10:07:58.056249654Z I0128 10:07:58.056244       1 actuator.go:125] ci-ln-vjb5l1t-76ef8-snmcd-worker-us-west-1a-8x8wj: actuator updating machine
2026-01-28T10:07:58.056777615Z I0128 10:07:58.056758       1 reconciler.go:197] ci-ln-vjb5l1t-76ef8-snmcd-worker-us-west-1a-8x8wj: updating machine
2026-01-28T10:07:58.134916067Z I0128 10:07:58.134843       1 reconciler.go:539] ci-ln-vjb5l1t-76ef8-snmcd-worker-us-west-1a-8x8wj: Found instance by id: i-055b83ab99acf565e
2026-01-28T10:07:58.134978698Z I0128 10:07:58.134955       1 reconciler.go:271] ci-ln-vjb5l1t-76ef8-snmcd-worker-us-west-1a-8x8wj: found 1 running instances for machine
2026-01-28T10:07:58.134978698Z I0128 10:07:58.134970       1 reconciler.go:451] ci-ln-vjb5l1t-76ef8-snmcd-worker-us-west-1a-8x8wj: ProviderID already set in the machine Spec with value:aws:///us-west-1a/i-055b83ab99acf565e
2026-01-28T10:07:58.135064280Z I0128 10:07:58.135042       1 reconciler.go:301] Updated machine ci-ln-vjb5l1t-76ef8-snmcd-worker-us-west-1a-8x8wj
2026-01-28T10:07:58.135064280Z I0128 10:07:58.135054       1 machine_scope.go:167] ci-ln-vjb5l1t-76ef8-snmcd-worker-us-west-1a-8x8wj: Updating status
2026-01-28T10:07:58.230597885Z I0128 10:07:58.230548       1 machine_scope.go:193] ci-ln-vjb5l1t-76ef8-snmcd-worker-us-west-1a-8x8wj: finished calculating AWS status
2026-01-28T10:07:58.230597885Z I0128 10:07:58.230566       1 machine_scope.go:90] ci-ln-vjb5l1t-76ef8-snmcd-worker-us-west-1a-8x8wj: patching machine
2026-01-28T10:07:58.246179890Z I0128 10:07:58.246151       1 controller.go:173] ci-ln-vjb5l1t-76ef8-snmcd-worker-us-west-1c-mj4l8: reconciling Machine
2026-01-28T10:07:58.246179890Z I0128 10:07:58.246170       1 actuator.go:108] ci-ln-vjb5l1t-76ef8-snmcd-worker-us-west-1c-mj4l8: actuator checking if machine exists
2026-01-28T10:07:58.358920986Z I0128 10:07:58.358860       1 reconciler.go:539] ci-ln-vjb5l1t-76ef8-snmcd-worker-us-west-1c-mj4l8: Found instance by id: i-0b0dc084c90fc4dab
2026-01-28T10:07:58.358920986Z I0128 10:07:58.358911       1 controller.go:357] ci-ln-vjb5l1t-76ef8-snmcd-worker-us-west-1c-mj4l8: reconciling machine triggers idempotent update
2026-01-28T10:07:58.358969647Z I0128 10:07:58.358919       1 actuator.go:125] ci-ln-vjb5l1t-76ef8-snmcd-worker-us-west-1c-mj4l8: actuator updating machine
2026-01-28T10:07:58.359399016Z I0128 10:07:58.359359       1 reconciler.go:197] ci-ln-vjb5l1t-76ef8-snmcd-worker-us-west-1c-mj4l8: updating machine
2026-01-28T10:07:58.524297224Z I0128 10:07:58.524248       1 reconciler.go:539] ci-ln-vjb5l1t-76ef8-snmcd-worker-us-west-1c-mj4l8: Found instance by id: i-0b0dc084c90fc4dab
2026-01-28T10:07:58.524362645Z I0128 10:07:58.524344       1 reconciler.go:271] ci-ln-vjb5l1t-76ef8-snmcd-worker-us-west-1c-mj4l8: found 1 running instances for machine
2026-01-28T10:07:58.524362645Z I0128 10:07:58.524357       1 reconciler.go:451] ci-ln-vjb5l1t-76ef8-snmcd-worker-us-west-1c-mj4l8: ProviderID already set in the machine Spec with value:aws:///us-west-1c/i-0b0dc084c90fc4dab
2026-01-28T10:07:58.524455447Z I0128 10:07:58.524435       1 reconciler.go:301] Updated machine ci-ln-vjb5l1t-76ef8-snmcd-worker-us-west-1c-mj4l8
2026-01-28T10:07:58.524455447Z I0128 10:07:58.524446       1 machine_scope.go:167] ci-ln-vjb5l1t-76ef8-snmcd-worker-us-west-1c-mj4l8: Updating status
2026-01-28T10:07:58.606641605Z I0128 10:07:58.606597       1 machine_scope.go:193] ci-ln-vjb5l1t-76ef8-snmcd-worker-us-west-1c-mj4l8: finished calculating AWS status
2026-01-28T10:07:58.606641605Z I0128 10:07:58.606613       1 machine_scope.go:90] ci-ln-vjb5l1t-76ef8-snmcd-worker-us-west-1c-mj4l8: patching machine
2026-01-28T10:07:58.620644377Z I0128 10:07:58.620618       1 controller.go:173] ci-ln-vjb5l1t-76ef8-snmcd-worker-us-west-1c-rgb9d: reconciling Machine
2026-01-28T10:07:58.620644377Z I0128 10:07:58.620638       1 actuator.go:108] ci-ln-vjb5l1t-76ef8-snmcd-worker-us-west-1c-rgb9d: actuator checking if machine exists
2026-01-28T10:07:58.727251510Z I0128 10:07:58.727207       1 reconciler.go:539] ci-ln-vjb5l1t-76ef8-snmcd-worker-us-west-1c-rgb9d: Found instance by id: i-039c1b44e22269044
2026-01-28T10:07:58.727251510Z I0128 10:07:58.727231       1 controller.go:357] ci-ln-vjb5l1t-76ef8-snmcd-worker-us-west-1c-rgb9d: reconciling machine triggers idempotent update
2026-01-28T10:07:58.727251510Z I0128 10:07:58.727237       1 actuator.go:125] ci-ln-vjb5l1t-76ef8-snmcd-worker-us-west-1c-rgb9d: actuator updating machine
2026-01-28T10:07:58.727756011Z I0128 10:07:58.727722       1 reconciler.go:197] ci-ln-vjb5l1t-76ef8-snmcd-worker-us-west-1c-rgb9d: updating machine
2026-01-28T10:07:58.802263524Z I0128 10:07:58.802229       1 reconciler.go:539] ci-ln-vjb5l1t-76ef8-snmcd-worker-us-west-1c-rgb9d: Found instance by id: i-039c1b44e22269044
2026-01-28T10:07:58.802326255Z I0128 10:07:58.802300       1 reconciler.go:271] ci-ln-vjb5l1t-76ef8-snmcd-worker-us-west-1c-rgb9d: found 1 running instances for machine
2026-01-28T10:07:58.802326255Z I0128 10:07:58.802308       1 reconciler.go:451] ci-ln-vjb5l1t-76ef8-snmcd-worker-us-west-1c-rgb9d: ProviderID already set in the machine Spec with value:aws:///us-west-1c/i-039c1b44e22269044
2026-01-28T10:07:58.802404127Z I0128 10:07:58.802385       1 reconciler.go:301] Updated machine ci-ln-vjb5l1t-76ef8-snmcd-worker-us-west-1c-rgb9d
2026-01-28T10:07:58.802404127Z I0128 10:07:58.802398       1 machine_scope.go:167] ci-ln-vjb5l1t-76ef8-snmcd-worker-us-west-1c-rgb9d: Updating status
2026-01-28T10:07:58.897401951Z I0128 10:07:58.897366       1 machine_scope.go:193] ci-ln-vjb5l1t-76ef8-snmcd-worker-us-west-1c-rgb9d: finished calculating AWS status
2026-01-28T10:07:58.897401951Z I0128 10:07:58.897381       1 machine_scope.go:90] ci-ln-vjb5l1t-76ef8-snmcd-worker-us-west-1c-rgb9d: patching machine
2026-01-28T10:07:58.913244812Z I0128 10:07:58.913220       1 controller.go:173] ci-ln-vjb5l1t-76ef8-snmcd-master-0: reconciling Machine
2026-01-28T10:07:58.913244812Z I0128 10:07:58.913235       1 actuator.go:108] ci-ln-vjb5l1t-76ef8-snmcd-master-0: actuator checking if machine exists
2026-01-28T10:07:59.008372538Z I0128 10:07:59.008327       1 reconciler.go:539] ci-ln-vjb5l1t-76ef8-snmcd-master-0: Found instance by id: i-0ef0478c5528c9769
2026-01-28T10:07:59.008372538Z I0128 10:07:59.008355       1 controller.go:357] ci-ln-vjb5l1t-76ef8-snmcd-master-0: reconciling machine triggers idempotent update
2026-01-28T10:07:59.008372538Z I0128 10:07:59.008363       1 actuator.go:125] ci-ln-vjb5l1t-76ef8-snmcd-master-0: actuator updating machine
2026-01-28T10:07:59.008877629Z I0128 10:07:59.008847       1 reconciler.go:197] ci-ln-vjb5l1t-76ef8-snmcd-master-0: updating machine
2026-01-28T10:07:59.084514037Z I0128 10:07:59.084480       1 reconciler.go:539] ci-ln-vjb5l1t-76ef8-snmcd-master-0: Found instance by id: i-0ef0478c5528c9769
2026-01-28T10:07:59.084646489Z I0128 10:07:59.084612       1 reconciler.go:271] ci-ln-vjb5l1t-76ef8-snmcd-master-0: found 1 running instances for machine
2026-01-28T10:07:59.337084480Z I0128 10:07:59.337040       1 reconciler.go:451] ci-ln-vjb5l1t-76ef8-snmcd-master-0: ProviderID already set in the machine Spec with value:aws:///us-west-1c/i-0ef0478c5528c9769
2026-01-28T10:07:59.337128941Z I0128 10:07:59.337122       1 reconciler.go:301] Updated machine ci-ln-vjb5l1t-76ef8-snmcd-master-0
2026-01-28T10:07:59.337139101Z I0128 10:07:59.337129       1 machine_scope.go:167] ci-ln-vjb5l1t-76ef8-snmcd-master-0: Updating status
2026-01-28T10:07:59.421874494Z I0128 10:07:59.421835       1 machine_scope.go:193] ci-ln-vjb5l1t-76ef8-snmcd-master-0: finished calculating AWS status
2026-01-28T10:07:59.421933145Z I0128 10:07:59.421906       1 machine_scope.go:90] ci-ln-vjb5l1t-76ef8-snmcd-master-0: patching machine
2026-01-28T10:07:59.447130407Z I0128 10:07:59.447094       1 controller.go:173] ci-ln-vjb5l1t-76ef8-snmcd-master-1: reconciling Machine
2026-01-28T10:07:59.447130407Z I0128 10:07:59.447110       1 actuator.go:108] ci-ln-vjb5l1t-76ef8-snmcd-master-1: actuator checking if machine exists
2026-01-28T10:07:59.557339948Z I0128 10:07:59.557301       1 reconciler.go:539] ci-ln-vjb5l1t-76ef8-snmcd-master-1: Found instance by id: i-056ab182efb057c55
2026-01-28T10:07:59.557339948Z I0128 10:07:59.557324       1 controller.go:357] ci-ln-vjb5l1t-76ef8-snmcd-master-1: reconciling machine triggers idempotent update
2026-01-28T10:07:59.557339948Z I0128 10:07:59.557330       1 actuator.go:125] ci-ln-vjb5l1t-76ef8-snmcd-master-1: actuator updating machine
2026-01-28T10:07:59.557922491Z I0128 10:07:59.557880       1 reconciler.go:197] ci-ln-vjb5l1t-76ef8-snmcd-master-1: updating machine
2026-01-28T10:07:59.619117617Z I0128 10:07:59.619093       1 reconciler.go:539] ci-ln-vjb5l1t-76ef8-snmcd-master-1: Found instance by id: i-056ab182efb057c55
2026-01-28T10:07:59.619179859Z I0128 10:07:59.619154       1 reconciler.go:271] ci-ln-vjb5l1t-76ef8-snmcd-master-1: found 1 running instances for machine
2026-01-28T10:07:59.869570815Z I0128 10:07:59.869529       1 reconciler.go:451] ci-ln-vjb5l1t-76ef8-snmcd-master-1: ProviderID already set in the machine Spec with value:aws:///us-west-1a/i-056ab182efb057c55
2026-01-28T10:07:59.869644157Z I0128 10:07:59.869620       1 reconciler.go:301] Updated machine ci-ln-vjb5l1t-76ef8-snmcd-master-1
2026-01-28T10:07:59.869644157Z I0128 10:07:59.869632       1 machine_scope.go:167] ci-ln-vjb5l1t-76ef8-snmcd-master-1: Updating status
2026-01-28T10:07:59.948790300Z I0128 10:07:59.948739       1 machine_scope.go:193] ci-ln-vjb5l1t-76ef8-snmcd-master-1: finished calculating AWS status
2026-01-28T10:07:59.948790300Z I0128 10:07:59.948763       1 machine_scope.go:90] ci-ln-vjb5l1t-76ef8-snmcd-master-1: patching machine
2026-01-28T10:09:57.254090427Z I0128 10:09:57.254043       1 controller.go:71] "msg"="Reconciling" "logger"="controllers.MachineSet" "machineset"="ci-ln-vjb5l1t-76ef8-snmcd-worker-us-west-1a" "namespace"="openshift-machine-api"
2026-01-28T10:09:57.254169869Z I0128 10:09:57.254150       1 controller.go:143] ci-ln-vjb5l1t-76ef8-snmcd-worker-us-west-1a: Reconciling MachineSet
2026-01-28T10:09:57.270283435Z I0128 10:09:57.270252       1 controller.go:71] "msg"="Reconciling" "logger"="controllers.MachineSet" "machineset"="ci-ln-vjb5l1t-76ef8-snmcd-worker-us-west-1c" "namespace"="openshift-machine-api"
2026-01-28T10:09:57.270317746Z I0128 10:09:57.270307       1 controller.go:143] ci-ln-vjb5l1t-76ef8-snmcd-worker-us-west-1c: Reconciling MachineSet
2026-01-28T10:16:58.054239120Z I0128 10:16:58.054176       1 controller.go:173] ci-ln-vjb5l1t-76ef8-snmcd-worker-us-west-1a-8x8wj: reconciling Machine
2026-01-28T10:16:58.054239120Z I0128 10:16:58.054205       1 actuator.go:108] ci-ln-vjb5l1t-76ef8-snmcd-worker-us-west-1a-8x8wj: actuator checking if machine exists
2026-01-28T10:16:58.178416432Z I0128 10:16:58.178362       1 reconciler.go:539] ci-ln-vjb5l1t-76ef8-snmcd-worker-us-west-1a-8x8wj: Found instance by id: i-055b83ab99acf565e
2026-01-28T10:16:58.178416432Z I0128 10:16:58.178391       1 controller.go:357] ci-ln-vjb5l1t-76ef8-snmcd-worker-us-west-1a-8x8wj: reconciling machine triggers idempotent update
2026-01-28T10:16:58.178416432Z I0128 10:16:58.178399       1 actuator.go:125] ci-ln-vjb5l1t-76ef8-snmcd-worker-us-west-1a-8x8wj: actuator updating machine
2026-01-28T10:16:58.178950273Z I0128 10:16:58.178926       1 reconciler.go:197] ci-ln-vjb5l1t-76ef8-snmcd-worker-us-west-1a-8x8wj: updating machine
2026-01-28T10:16:58.251460108Z I0128 10:16:58.251420       1 reconciler.go:539] ci-ln-vjb5l1t-76ef8-snmcd-worker-us-west-1a-8x8wj: Found instance by id: i-055b83ab99acf565e
2026-01-28T10:16:58.251502179Z I0128 10:16:58.251486       1 reconciler.go:271] ci-ln-vjb5l1t-76ef8-snmcd-worker-us-west-1a-8x8wj: found 1 running instances for machine
2026-01-28T10:16:58.251502179Z I0128 10:16:58.251496       1 reconciler.go:451] ci-ln-vjb5l1t-76ef8-snmcd-worker-us-west-1a-8x8wj: ProviderID already set in the machine Spec with value:aws:///us-west-1a/i-055b83ab99acf565e
2026-01-28T10:16:58.251595821Z I0128 10:16:58.251569       1 reconciler.go:301] Updated machine ci-ln-vjb5l1t-76ef8-snmcd-worker-us-west-1a-8x8wj
2026-01-28T10:16:58.251595821Z I0128 10:16:58.251580       1 machine_scope.go:167] ci-ln-vjb5l1t-76ef8-snmcd-worker-us-west-1a-8x8wj: Updating status
2026-01-28T10:16:58.366978855Z I0128 10:16:58.366938       1 machine_scope.go:193] ci-ln-vjb5l1t-76ef8-snmcd-worker-us-west-1a-8x8wj: finished calculating AWS status
2026-01-28T10:16:58.366978855Z I0128 10:16:58.366955       1 machine_scope.go:90] ci-ln-vjb5l1t-76ef8-snmcd-worker-us-west-1a-8x8wj: patching machine
2026-01-28T10:16:58.383055069Z I0128 10:16:58.383027       1 controller.go:173] ci-ln-vjb5l1t-76ef8-snmcd-worker-us-west-1c-mj4l8: reconciling Machine
2026-01-28T10:16:58.383055069Z I0128 10:16:58.383043       1 actuator.go:108] ci-ln-vjb5l1t-76ef8-snmcd-worker-us-west-1c-mj4l8: actuator checking if machine exists
2026-01-28T10:16:58.505294790Z I0128 10:16:58.505239       1 reconciler.go:539] ci-ln-vjb5l1t-76ef8-snmcd-worker-us-west-1c-mj4l8: Found instance by id: i-0b0dc084c90fc4dab
2026-01-28T10:16:58.505294790Z I0128 10:16:58.505282       1 controller.go:357] ci-ln-vjb5l1t-76ef8-snmcd-worker-us-west-1c-mj4l8: reconciling machine triggers idempotent update
2026-01-28T10:16:58.505294790Z I0128 10:16:58.505288       1 actuator.go:125] ci-ln-vjb5l1t-76ef8-snmcd-worker-us-west-1c-mj4l8: actuator updating machine
2026-01-28T10:16:58.505812341Z I0128 10:16:58.505790       1 reconciler.go:197] ci-ln-vjb5l1t-76ef8-snmcd-worker-us-west-1c-mj4l8: updating machine
2026-01-28T10:16:58.580676786Z I0128 10:16:58.580633       1 reconciler.go:539] ci-ln-vjb5l1t-76ef8-snmcd-worker-us-west-1c-mj4l8: Found instance by id: i-0b0dc084c90fc4dab
2026-01-28T10:16:58.580724987Z I0128 10:16:58.580702       1 reconciler.go:271] ci-ln-vjb5l1t-76ef8-snmcd-worker-us-west-1c-mj4l8: found 1 running instances for machine
2026-01-28T10:16:58.580724987Z I0128 10:16:58.580709       1 reconciler.go:451] ci-ln-vjb5l1t-76ef8-snmcd-worker-us-west-1c-mj4l8: ProviderID already set in the machine Spec with value:aws:///us-west-1c/i-0b0dc084c90fc4dab
2026-01-28T10:16:58.580825220Z I0128 10:16:58.580798       1 reconciler.go:301] Updated machine ci-ln-vjb5l1t-76ef8-snmcd-worker-us-west-1c-mj4l8
2026-01-28T10:16:58.580825220Z I0128 10:16:58.580813       1 machine_scope.go:167] ci-ln-vjb5l1t-76ef8-snmcd-worker-us-west-1c-mj4l8: Updating status
2026-01-28T10:16:58.650430432Z I0128 10:16:58.650390       1 machine_scope.go:193] ci-ln-vjb5l1t-76ef8-snmcd-worker-us-west-1c-mj4l8: finished calculating AWS status
2026-01-28T10:16:58.650430432Z I0128 10:16:58.650408       1 machine_scope.go:90] ci-ln-vjb5l1t-76ef8-snmcd-worker-us-west-1c-mj4l8: patching machine
2026-01-28T10:16:58.664745259Z I0128 10:16:58.664705       1 controller.go:173] ci-ln-vjb5l1t-76ef8-snmcd-worker-us-west-1c-rgb9d: reconciling Machine
2026-01-28T10:16:58.664745259Z I0128 10:16:58.664724       1 actuator.go:108] ci-ln-vjb5l1t-76ef8-snmcd-worker-us-west-1c-rgb9d: actuator checking if machine exists
2026-01-28T10:16:58.763707240Z I0128 10:16:58.763665       1 reconciler.go:539] ci-ln-vjb5l1t-76ef8-snmcd-worker-us-west-1c-rgb9d: Found instance by id: i-039c1b44e22269044
2026-01-28T10:16:58.763707240Z I0128 10:16:58.763686       1 controller.go:357] ci-ln-vjb5l1t-76ef8-snmcd-worker-us-west-1c-rgb9d: reconciling machine triggers idempotent update
2026-01-28T10:16:58.763707240Z I0128 10:16:58.763692       1 actuator.go:125] ci-ln-vjb5l1t-76ef8-snmcd-worker-us-west-1c-rgb9d: actuator updating machine
2026-01-28T10:16:58.764238132Z I0128 10:16:58.764215       1 reconciler.go:197] ci-ln-vjb5l1t-76ef8-snmcd-worker-us-west-1c-rgb9d: updating machine
2026-01-28T10:16:58.831448513Z I0128 10:16:58.831414       1 reconciler.go:539] ci-ln-vjb5l1t-76ef8-snmcd-worker-us-west-1c-rgb9d: Found instance by id: i-039c1b44e22269044
2026-01-28T10:16:58.831592466Z I0128 10:16:58.831569       1 reconciler.go:271] ci-ln-vjb5l1t-76ef8-snmcd-worker-us-west-1c-rgb9d: found 1 running instances for machine
2026-01-28T10:16:58.831592466Z I0128 10:16:58.831584       1 reconciler.go:451] ci-ln-vjb5l1t-76ef8-snmcd-worker-us-west-1c-rgb9d: ProviderID already set in the machine Spec with value:aws:///us-west-1c/i-039c1b44e22269044
2026-01-28T10:16:58.831667737Z I0128 10:16:58.831651       1 reconciler.go:301] Updated machine ci-ln-vjb5l1t-76ef8-snmcd-worker-us-west-1c-rgb9d
2026-01-28T10:16:58.831687878Z I0128 10:16:58.831667       1 machine_scope.go:167] ci-ln-vjb5l1t-76ef8-snmcd-worker-us-west-1c-rgb9d: Updating status
2026-01-28T10:16:58.931016847Z I0128 10:16:58.930968       1 machine_scope.go:193] ci-ln-vjb5l1t-76ef8-snmcd-worker-us-west-1c-rgb9d: finished calculating AWS status
2026-01-28T10:16:58.931016847Z I0128 10:16:58.930985       1 machine_scope.go:90] ci-ln-vjb5l1t-76ef8-snmcd-worker-us-west-1c-rgb9d: patching machine
2026-01-28T10:16:58.947507811Z I0128 10:16:58.947470       1 controller.go:173] ci-ln-vjb5l1t-76ef8-snmcd-master-0: reconciling Machine
2026-01-28T10:16:58.947507811Z I0128 10:16:58.947485       1 actuator.go:108] ci-ln-vjb5l1t-76ef8-snmcd-master-0: actuator checking if machine exists
2026-01-28T10:16:59.074767139Z I0128 10:16:59.074714       1 reconciler.go:539] ci-ln-vjb5l1t-76ef8-snmcd-master-0: Found instance by id: i-0ef0478c5528c9769
2026-01-28T10:16:59.074767139Z I0128 10:16:59.074743       1 controller.go:357] ci-ln-vjb5l1t-76ef8-snmcd-master-0: reconciling machine triggers idempotent update
2026-01-28T10:16:59.074767139Z I0128 10:16:59.074752       1 actuator.go:125] ci-ln-vjb5l1t-76ef8-snmcd-master-0: actuator updating machine
2026-01-28T10:16:59.075333512Z I0128 10:16:59.075298       1 reconciler.go:197] ci-ln-vjb5l1t-76ef8-snmcd-master-0: updating machine
2026-01-28T10:16:59.156183455Z I0128 10:16:59.156156       1 reconciler.go:539] ci-ln-vjb5l1t-76ef8-snmcd-master-0: Found instance by id: i-0ef0478c5528c9769
2026-01-28T10:16:59.156237316Z I0128 10:16:59.156218       1 reconciler.go:271] ci-ln-vjb5l1t-76ef8-snmcd-master-0: found 1 running instances for machine
2026-01-28T10:16:59.426301066Z I0128 10:16:59.426250       1 reconciler.go:451] ci-ln-vjb5l1t-76ef8-snmcd-master-0: ProviderID already set in the machine Spec with value:aws:///us-west-1c/i-0ef0478c5528c9769
2026-01-28T10:16:59.426358947Z I0128 10:16:59.426347       1 reconciler.go:301] Updated machine ci-ln-vjb5l1t-76ef8-snmcd-master-0
2026-01-28T10:16:59.426358947Z I0128 10:16:59.426355       1 machine_scope.go:167] ci-ln-vjb5l1t-76ef8-snmcd-master-0: Updating status
2026-01-28T10:16:59.510852749Z I0128 10:16:59.510811       1 machine_scope.go:193] ci-ln-vjb5l1t-76ef8-snmcd-master-0: finished calculating AWS status
2026-01-28T10:16:59.510852749Z I0128 10:16:59.510826       1 machine_scope.go:90] ci-ln-vjb5l1t-76ef8-snmcd-master-0: patching machine
2026-01-28T10:16:59.527061066Z I0128 10:16:59.527017       1 controller.go:173] ci-ln-vjb5l1t-76ef8-snmcd-master-1: reconciling Machine
2026-01-28T10:16:59.527061066Z I0128 10:16:59.527037       1 actuator.go:108] ci-ln-vjb5l1t-76ef8-snmcd-master-1: actuator checking if machine exists
2026-01-28T10:16:59.628762096Z I0128 10:16:59.628718       1 reconciler.go:539] ci-ln-vjb5l1t-76ef8-snmcd-master-1: Found instance by id: i-056ab182efb057c55
2026-01-28T10:16:59.628762096Z I0128 10:16:59.628747       1 controller.go:357] ci-ln-vjb5l1t-76ef8-snmcd-master-1: reconciling machine triggers idempotent update
2026-01-28T10:16:59.628762096Z I0128 10:16:59.628755       1 actuator.go:125] ci-ln-vjb5l1t-76ef8-snmcd-master-1: actuator updating machine
2026-01-28T10:16:59.629305698Z I0128 10:16:59.629281       1 reconciler.go:197] ci-ln-vjb5l1t-76ef8-snmcd-master-1: updating machine
2026-01-28T10:16:59.692863221Z I0128 10:16:59.692809       1 reconciler.go:539] ci-ln-vjb5l1t-76ef8-snmcd-master-1: Found instance by id: i-056ab182efb057c55
2026-01-28T10:16:59.692933722Z I0128 10:16:59.692880       1 reconciler.go:271] ci-ln-vjb5l1t-76ef8-snmcd-master-1: found 1 running instances for machine
2026-01-28T10:16:59.938413024Z I0128 10:16:59.938368       1 reconciler.go:451] ci-ln-vjb5l1t-76ef8-snmcd-master-1: ProviderID already set in the machine Spec with value:aws:///us-west-1a/i-056ab182efb057c55
2026-01-28T10:16:59.938491956Z I0128 10:16:59.938476       1 reconciler.go:301] Updated machine ci-ln-vjb5l1t-76ef8-snmcd-master-1
2026-01-28T10:16:59.938491956Z I0128 10:16:59.938487       1 machine_scope.go:167] ci-ln-vjb5l1t-76ef8-snmcd-master-1: Updating status
2026-01-28T10:17:00.027403889Z I0128 10:17:00.027366       1 machine_scope.go:193] ci-ln-vjb5l1t-76ef8-snmcd-master-1: finished calculating AWS status
2026-01-28T10:17:00.027403889Z I0128 10:17:00.027382       1 machine_scope.go:90] ci-ln-vjb5l1t-76ef8-snmcd-master-1: patching machine
2026-01-28T10:17:00.046415123Z I0128 10:17:00.046386       1 controller.go:173] ci-ln-vjb5l1t-76ef8-snmcd-master-2: reconciling Machine
2026-01-28T10:17:00.046415123Z I0128 10:17:00.046403       1 actuator.go:108] ci-ln-vjb5l1t-76ef8-snmcd-master-2: actuator checking if machine exists
2026-01-28T10:17:00.169678373Z I0128 10:17:00.169632       1 reconciler.go:539] ci-ln-vjb5l1t-76ef8-snmcd-master-2: Found instance by id: i-010583ba086028d2a
2026-01-28T10:17:00.169728184Z I0128 10:17:00.169719       1 controller.go:357] ci-ln-vjb5l1t-76ef8-snmcd-master-2: reconciling machine triggers idempotent update
2026-01-28T10:17:00.169740365Z I0128 10:17:00.169729       1 actuator.go:125] ci-ln-vjb5l1t-76ef8-snmcd-master-2: actuator updating machine
2026-01-28T10:17:00.170278176Z I0128 10:17:00.170252       1 reconciler.go:197] ci-ln-vjb5l1t-76ef8-snmcd-master-2: updating machine
2026-01-28T10:17:00.237241733Z I0128 10:17:00.237197       1 reconciler.go:539] ci-ln-vjb5l1t-76ef8-snmcd-master-2: Found instance by id: i-010583ba086028d2a
2026-01-28T10:17:00.237298164Z I0128 10:17:00.237286       1 reconciler.go:271] ci-ln-vjb5l1t-76ef8-snmcd-master-2: found 1 running instances for machine
2026-01-28T10:17:00.481515574Z I0128 10:17:00.481472       1 reconciler.go:451] ci-ln-vjb5l1t-76ef8-snmcd-master-2: ProviderID already set in the machine Spec with value:aws:///us-west-1c/i-010583ba086028d2a
2026-01-28T10:17:00.481608276Z I0128 10:17:00.481587       1 reconciler.go:301] Updated machine ci-ln-vjb5l1t-76ef8-snmcd-master-2
2026-01-28T10:17:00.481656127Z I0128 10:17:00.481643       1 machine_scope.go:167] ci-ln-vjb5l1t-76ef8-snmcd-master-2: Updating status
2026-01-28T10:17:00.562783142Z I0128 10:17:00.562749       1 machine_scope.go:193] ci-ln-vjb5l1t-76ef8-snmcd-master-2: finished calculating AWS status
2026-01-28T10:17:00.562783142Z I0128 10:17:00.562765       1 machine_scope.go:90] ci-ln-vjb5l1t-76ef8-snmcd-master-2: patching machine
2026-01-28T10:19:34.427197721Z I0128 10:19:34.427153       1 controller.go:71] "msg"="Reconciling" "logger"="controllers.MachineSet" "machineset"="ci-ln-vjb5l1t-76ef8-snmcd-worker-us-west-1a" "namespace"="openshift-machine-api"
2026-01-28T10:19:34.427253262Z I0128 10:19:34.427229       1 controller.go:143] ci-ln-vjb5l1t-76ef8-snmcd-worker-us-west-1a: Reconciling MachineSet
2026-01-28T10:19:34.442219292Z I0128 10:19:34.442186       1 controller.go:71] "msg"="Reconciling" "logger"="controllers.MachineSet" "machineset"="ci-ln-vjb5l1t-76ef8-snmcd-worker-us-west-1c" "namespace"="openshift-machine-api"
2026-01-28T10:19:34.442265193Z I0128 10:19:34.442249       1 controller.go:143] ci-ln-vjb5l1t-76ef8-snmcd-worker-us-west-1c: Reconciling MachineSet
