2026-01-28T09:31:03.538320629Z I0128 09:31:03.537714       1 cmd.go:253] Using service-serving-cert provided certificates
2026-01-28T09:31:03.538320629Z I0128 09:31:03.537872       1 leaderelection.go:121] The leader election gives 4 retries and allows for 30s of clock skew. The kube-apiserver downtime tolerance is 78s. Worst non-graceful lease acquisition is 2m43s. Worst graceful lease acquisition is {26s}.
2026-01-28T09:31:03.538320629Z I0128 09:31:03.538287       1 envvar.go:172] "Feature gate default state" feature="ClientsAllowCBOR" enabled=false
2026-01-28T09:31:03.538320629Z I0128 09:31:03.538298       1 envvar.go:172] "Feature gate default state" feature="ClientsPreferCBOR" enabled=false
2026-01-28T09:31:03.538320629Z I0128 09:31:03.538304       1 envvar.go:172] "Feature gate default state" feature="InformerResourceVersion" enabled=false
2026-01-28T09:31:03.538320629Z I0128 09:31:03.538309       1 envvar.go:172] "Feature gate default state" feature="InOrderInformers" enabled=true
2026-01-28T09:31:03.538320629Z I0128 09:31:03.538314       1 envvar.go:172] "Feature gate default state" feature="WatchListClient" enabled=false
2026-01-28T09:31:03.541932357Z I0128 09:31:03.541604       1 observer_polling.go:159] Starting file observer
2026-01-28T09:31:03.541932357Z I0128 09:31:03.541806       1 observer_polling.go:159] Starting file observer
2026-01-28T09:31:03.547587117Z I0128 09:31:03.547567       1 builder.go:304] cluster-storage-operator version 4.20.0-202601161812.p2.gd6b7775.assembly.stream.el9-d6b7775-d6b7775e872264a8e53f4bfe3ba884a3888367b7
2026-01-28T09:31:03.548334014Z I0128 09:31:03.548316       1 dynamic_serving_content.go:116] "Loaded a new cert/key pair" name="serving-cert::/var/run/secrets/serving-cert/tls.crt::/var/run/secrets/serving-cert/tls.key"
2026-01-28T09:31:05.093388397Z I0128 09:31:05.093327       1 requestheader_controller.go:255] Loaded a new request header values for RequestHeaderAuthRequestController
2026-01-28T09:31:05.096825587Z I0128 09:31:05.096725       1 maxinflight.go:139] "Initialized nonMutatingChan" len=400
2026-01-28T09:31:05.096825587Z I0128 09:31:05.096744       1 maxinflight.go:145] "Initialized mutatingChan" len=200
2026-01-28T09:31:05.096825587Z I0128 09:31:05.096789       1 maxinflight.go:116] "Set denominator for readonly requests" limit=400
2026-01-28T09:31:05.096825587Z I0128 09:31:05.096797       1 maxinflight.go:120] "Set denominator for mutating requests" limit=200
2026-01-28T09:31:05.100684538Z I0128 09:31:05.100661       1 secure_serving.go:57] Forcing use of http/1.1 only
2026-01-28T09:31:05.100749431Z W0128 09:31:05.100736       1 secure_serving.go:69] Use of insecure cipher 'TLS_ECDHE_ECDSA_WITH_AES_128_CBC_SHA256' detected.
2026-01-28T09:31:05.100779713Z W0128 09:31:05.100769       1 secure_serving.go:69] Use of insecure cipher 'TLS_ECDHE_RSA_WITH_AES_128_CBC_SHA256' detected.
2026-01-28T09:31:05.100806344Z W0128 09:31:05.100796       1 secure_serving.go:69] Use of insecure cipher 'TLS_RSA_WITH_AES_128_GCM_SHA256' detected.
2026-01-28T09:31:05.100831675Z W0128 09:31:05.100822       1 secure_serving.go:69] Use of insecure cipher 'TLS_RSA_WITH_AES_256_GCM_SHA384' detected.
2026-01-28T09:31:05.100857056Z W0128 09:31:05.100847       1 secure_serving.go:69] Use of insecure cipher 'TLS_RSA_WITH_AES_128_CBC_SHA' detected.
2026-01-28T09:31:05.100882308Z W0128 09:31:05.100872       1 secure_serving.go:69] Use of insecure cipher 'TLS_RSA_WITH_AES_256_CBC_SHA' detected.
2026-01-28T09:31:05.100968142Z I0128 09:31:05.100688       1 genericapiserver.go:546] MuxAndDiscoveryComplete has all endpoints registered and discovery information is complete
2026-01-28T09:31:05.102886787Z I0128 09:31:05.102865       1 tlsconfig.go:203] "Loaded serving cert" certName="serving-cert::/var/run/secrets/serving-cert/tls.crt::/var/run/secrets/serving-cert/tls.key" certDetail="\"cluster-storage-operator-metrics.openshift-cluster-storage-operator.svc\" [serving] validServingFor=[cluster-storage-operator-metrics.openshift-cluster-storage-operator.svc,cluster-storage-operator-metrics.openshift-cluster-storage-operator.svc.cluster.local] issuer=\"openshift-service-serving-signer@1769592635\" (2026-01-28 09:30:39 +0000 UTC to 2028-01-28 09:30:40 +0000 UTC (now=2026-01-28 09:31:05.102834794 +0000 UTC))"
2026-01-28T09:31:05.103179982Z I0128 09:31:05.103163       1 named_certificates.go:53] "Loaded SNI cert" index=0 certName="self-signed loopback" certDetail="\"apiserver-loopback-client@1769592665\" [serving] validServingFor=[apiserver-loopback-client] issuer=\"apiserver-loopback-client-ca@1769592664\" (2026-01-28 08:31:03 +0000 UTC to 2029-01-28 08:31:03 +0000 UTC (now=2026-01-28 09:31:05.10314359 +0000 UTC))"
2026-01-28T09:31:05.103221644Z I0128 09:31:05.103210       1 secure_serving.go:211] Serving securely on [::]:8443
2026-01-28T09:31:05.103257955Z I0128 09:31:05.103248       1 genericapiserver.go:696] [graceful-termination] waiting for shutdown to be initiated
2026-01-28T09:31:05.103297208Z I0128 09:31:05.103287       1 requestheader_controller.go:180] Starting RequestHeaderAuthRequestController
2026-01-28T09:31:05.103364391Z I0128 09:31:05.103350       1 shared_informer.go:350] "Waiting for caches to sync" controller="RequestHeaderAuthRequestController"
2026-01-28T09:31:05.103418353Z I0128 09:31:05.103405       1 dynamic_serving_content.go:135] "Starting controller" name="serving-cert::/var/run/secrets/serving-cert/tls.crt::/var/run/secrets/serving-cert/tls.key"
2026-01-28T09:31:05.103538789Z I0128 09:31:05.103524       1 tlsconfig.go:243] "Starting DynamicServingCertificateController"
2026-01-28T09:31:05.103666506Z I0128 09:31:05.103650       1 configmap_cafile_content.go:205] "Starting controller" name="client-ca::kube-system::extension-apiserver-authentication::client-ca-file"
2026-01-28T09:31:05.103702008Z I0128 09:31:05.103690       1 shared_informer.go:350] "Waiting for caches to sync" controller="client-ca::kube-system::extension-apiserver-authentication::client-ca-file"
2026-01-28T09:31:05.103741169Z I0128 09:31:05.103729       1 configmap_cafile_content.go:205] "Starting controller" name="client-ca::kube-system::extension-apiserver-authentication::requestheader-client-ca-file"
2026-01-28T09:31:05.103771371Z I0128 09:31:05.103761       1 shared_informer.go:350] "Waiting for caches to sync" controller="client-ca::kube-system::extension-apiserver-authentication::requestheader-client-ca-file"
2026-01-28T09:31:05.105321597Z I0128 09:31:05.105300       1 reflector.go:430] "Caches populated" type="*v1.ConfigMap" reflector="k8s.io/client-go@v0.33.3/tools/cache/reflector.go:285"
2026-01-28T09:31:05.105682205Z I0128 09:31:05.105665       1 reflector.go:430] "Caches populated" type="*v1.ConfigMap" reflector="k8s.io/client-go@v0.33.3/tools/cache/reflector.go:285"
2026-01-28T09:31:05.105880925Z I0128 09:31:05.105864       1 reflector.go:430] "Caches populated" type="*v1.ConfigMap" reflector="k8s.io/client-go@v0.33.3/tools/cache/reflector.go:285"
2026-01-28T09:31:05.111380397Z I0128 09:31:05.111359       1 leaderelection.go:257] attempting to acquire leader lease openshift-cluster-storage-operator/cluster-storage-operator-lock...
2026-01-28T09:31:05.124519957Z I0128 09:31:05.116164       1 leaderelection.go:271] successfully acquired lease openshift-cluster-storage-operator/cluster-storage-operator-lock
2026-01-28T09:31:05.124519957Z I0128 09:31:05.118683       1 event.go:377] Event(v1.ObjectReference{Kind:"Lease", Namespace:"openshift-cluster-storage-operator", Name:"cluster-storage-operator-lock", UID:"4657a7d8-1487-40aa-8449-4742f5681856", APIVersion:"coordination.k8s.io/v1", ResourceVersion:"7911", FieldPath:""}): type: 'Normal' reason: 'LeaderElection' cluster-storage-operator-97b755d8c-z5w4v_f266dd9d-6c42-46d3-9c6f-6e1a195f2eec became leader
2026-01-28T09:31:05.124519957Z I0128 09:31:05.122143       1 leaderelection.go:121] The leader election gives 4 retries and allows for 30s of clock skew. The kube-apiserver downtime tolerance is 78s. Worst non-graceful lease acquisition is 2m43s. Worst graceful lease acquisition is {26s}.
2026-01-28T09:31:05.125101906Z I0128 09:31:05.125080       1 simple_featuregate_reader.go:171] Starting feature-gate-detector
2026-01-28T09:31:05.129820849Z I0128 09:31:05.129782       1 operator_starter.go:75] FeatureGates initialized: knownFeatureGates=[AdditionalRoutingCapabilities AdminNetworkPolicy AlibabaPlatform AzureWorkloadIdentity BuildCSIVolumes CPMSMachineNamePrefix ConsolePluginContentSecurityPolicy ExternalOIDC ExternalOIDCWithUIDAndExtraClaimMappings GatewayAPI GatewayAPIController HighlyAvailableArbiter ImageVolume IngressControllerLBSubnetsAWS KMSv1 MachineConfigNodes ManagedBootImages ManagedBootImagesAWS MetricsCollectionProfiles NetworkDiagnosticsConfig NetworkLiveMigration NetworkSegmentation NewOLM PinnedImages PreconfiguredUDNAddresses ProcMountType RouteAdvertisements RouteExternalCertificate ServiceAccountTokenNodeBinding SetEIPForNLBIngressController SigstoreImageVerification StoragePerformantSecurityPolicy UpgradeStatus UserNamespacesPodSecurityStandards UserNamespacesSupport VSphereMultiDisk VSphereMultiNetworks AWSClusterHostedDNS AWSClusterHostedDNSInstall AWSDedicatedHosts AWSServiceLBNetworkSecurityGroup AutomatedEtcdBackup AzureClusterHostedDNSInstall AzureDedicatedHosts AzureMultiDisk BootImageSkewEnforcement BootcNodeManagement ClusterAPIInstall ClusterAPIInstallIBMCloud ClusterMonitoringConfig ClusterVersionOperatorConfiguration DNSNameResolver DualReplica DyanmicServiceEndpointIBMCloud DynamicResourceAllocation EtcdBackendQuota EventedPLEG Example Example2 ExternalSnapshotMetadata GCPClusterHostedDNS GCPClusterHostedDNSInstall GCPCustomAPIEndpoints GCPCustomAPIEndpointsInstall ImageModeStatusReporting ImageStreamImportMode IngressControllerDynamicConfigurationManager InsightsConfig InsightsConfigAPI InsightsOnDemandDataGather IrreconcilableMachineConfig KMSEncryptionProvider MachineAPIMigration MachineAPIOperatorDisableMachineHealthCheckController ManagedBootImagesAzure ManagedBootImagesvSphere MaxUnavailableStatefulSet MinimumKubeletVersion MixedCPUsAllocation MultiArchInstallAzure MultiDiskSetup MutatingAdmissionPolicy NewOLMCatalogdAPIV1Metas NewOLMOwnSingleNamespace NewOLMPreflightPermissionChecks NewOLMWebhookProviderOpenshiftServiceCA NoRegistryClusterOperations NodeSwap NutanixMultiSubnets OVNObservability OpenShiftPodSecurityAdmission SELinuxMount ShortCertRotation SignatureStores SigstoreImageVerificationPKI TranslateStreamCloseWebsocketRequests VSphereConfigurableMaxAllowedBlockVolumesPerNode VSphereHostVMGroupZonal VSphereMixedNodeEnv VolumeAttributesClass VolumeGroupSnapshot]
2026-01-28T09:31:05.129862522Z I0128 09:31:05.129850       1 starter.go:42] Registering default StorageClass count metric for controller
2026-01-28T09:31:05.130050131Z I0128 09:31:05.130011       1 reflector.go:430] "Caches populated" type="*v1.ClusterVersion" reflector="k8s.io/client-go@v0.33.3/tools/cache/reflector.go:285"
2026-01-28T09:31:05.134777255Z I0128 09:31:05.131057       1 event.go:377] Event(v1.ObjectReference{Kind:"Deployment", Namespace:"openshift-cluster-storage-operator", Name:"cluster-storage-operator", UID:"428db879-cf7d-41d8-83a7-3b098331aa7e", APIVersion:"apps/v1", ResourceVersion:"", FieldPath:""}): type: 'Normal' reason: 'FeatureGatesInitialized' FeatureGates updated to featuregates.Features{Enabled:[]v1.FeatureGateName{"AdditionalRoutingCapabilities", "AdminNetworkPolicy", "AlibabaPlatform", "AzureWorkloadIdentity", "BuildCSIVolumes", "CPMSMachineNamePrefix", "ConsolePluginContentSecurityPolicy", "ExternalOIDC", "ExternalOIDCWithUIDAndExtraClaimMappings", "GatewayAPI", "GatewayAPIController", "HighlyAvailableArbiter", "ImageVolume", "IngressControllerLBSubnetsAWS", "KMSv1", "MachineConfigNodes", "ManagedBootImages", "ManagedBootImagesAWS", "MetricsCollectionProfiles", "NetworkDiagnosticsConfig", "NetworkLiveMigration", "NetworkSegmentation", "NewOLM", "PinnedImages", "PreconfiguredUDNAddresses", "ProcMountType", "RouteAdvertisements", "RouteExternalCertificate", "ServiceAccountTokenNodeBinding", "SetEIPForNLBIngressController", "SigstoreImageVerification", "StoragePerformantSecurityPolicy", "UpgradeStatus", "UserNamespacesPodSecurityStandards", "UserNamespacesSupport", "VSphereMultiDisk", "VSphereMultiNetworks"}, Disabled:[]v1.FeatureGateName{"AWSClusterHostedDNS", "AWSClusterHostedDNSInstall", "AWSDedicatedHosts", "AWSServiceLBNetworkSecurityGroup", "AutomatedEtcdBackup", "AzureClusterHostedDNSInstall", "AzureDedicatedHosts", "AzureMultiDisk", "BootImageSkewEnforcement", "BootcNodeManagement", "ClusterAPIInstall", "ClusterAPIInstallIBMCloud", "ClusterMonitoringConfig", "ClusterVersionOperatorConfiguration", "DNSNameResolver", "DualReplica", "DyanmicServiceEndpointIBMCloud", "DynamicResourceAllocation", "EtcdBackendQuota", "EventedPLEG", "Example", "Example2", "ExternalSnapshotMetadata", "GCPClusterHostedDNS", "GCPClusterHostedDNSInstall", "GCPCustomAPIEndpoints", "GCPCustomAPIEndpointsInstall", "ImageModeStatusReporting", "ImageStreamImportMode", "IngressControllerDynamicConfigurationManager", "InsightsConfig", "InsightsConfigAPI", "InsightsOnDemandDataGather", "IrreconcilableMachineConfig", "KMSEncryptionProvider", "MachineAPIMigration", "MachineAPIOperatorDisableMachineHealthCheckController", "ManagedBootImagesAzure", "ManagedBootImagesvSphere", "MaxUnavailableStatefulSet", "MinimumKubeletVersion", "MixedCPUsAllocation", "MultiArchInstallAzure", "MultiDiskSetup", "MutatingAdmissionPolicy", "NewOLMCatalogdAPIV1Metas", "NewOLMOwnSingleNamespace", "NewOLMPreflightPermissionChecks", "NewOLMWebhookProviderOpenshiftServiceCA", "NoRegistryClusterOperations", "NodeSwap", "NutanixMultiSubnets", "OVNObservability", "OpenShiftPodSecurityAdmission", "SELinuxMount", "ShortCertRotation", "SignatureStores", "SigstoreImageVerificationPKI", "TranslateStreamCloseWebsocketRequests", "VSphereConfigurableMaxAllowedBlockVolumesPerNode", "VSphereHostVMGroupZonal", "VSphereMixedNodeEnv", "VolumeAttributesClass", "VolumeGroupSnapshot"}}
2026-01-28T09:31:05.137674218Z I0128 09:31:05.129008       1 reflector.go:430] "Caches populated" type="*v1.FeatureGate" reflector="k8s.io/client-go@v0.33.3/tools/cache/reflector.go:285"
2026-01-28T09:31:05.138072118Z I0128 09:31:05.129377       1 reflector.go:430] "Caches populated" type="*v1.Infrastructure" reflector="k8s.io/client-go@v0.33.3/tools/cache/reflector.go:285"
2026-01-28T09:31:05.141295837Z I0128 09:31:05.128640       1 reflector.go:430] "Caches populated" type="*v1.Proxy" reflector="k8s.io/client-go@v0.33.3/tools/cache/reflector.go:285"
2026-01-28T09:31:05.142628453Z I0128 09:31:05.142604       1 reflector.go:430] "Caches populated" type="*v1.ClusterOperator" reflector="k8s.io/client-go@v0.33.3/tools/cache/reflector.go:285"
2026-01-28T09:31:05.154915171Z E0128 09:31:05.154875       1 static_resource_controller.go:215] "Unhandled Error" err="missing informer for namespace \"openshift-manila-csi-driver\"; no dynamic wiring added, time-based only."
2026-01-28T09:31:05.169685261Z I0128 09:31:05.169542       1 operator_starter.go:208] Starting the Informers.
2026-01-28T09:31:05.169709793Z I0128 09:31:05.169681       1 operator_starter.go:150] Starting the controllers
2026-01-28T09:31:05.169742374Z I0128 09:31:05.169720       1 base_controller.go:76] Waiting for caches to sync for VSphereProblemDetectorStarter
2026-01-28T09:31:05.172487060Z I0128 09:31:05.172466       1 base_controller.go:76] Waiting for caches to sync for LoggingSyncer
2026-01-28T09:31:05.172857278Z I0128 09:31:05.172527       1 base_controller.go:76] Waiting for caches to sync for RemoveStaleConditionsController-RemoveStaleConditions
2026-01-28T09:31:05.172927592Z I0128 09:31:05.172556       1 base_controller.go:76] Waiting for caches to sync for CSIDriverStarter
2026-01-28T09:31:05.172956814Z I0128 09:31:05.172575       1 base_controller.go:76] Waiting for caches to sync for DefaultStorageClassController
2026-01-28T09:31:05.173792885Z I0128 09:31:05.172602       1 base_controller.go:76] Waiting for caches to sync for ConfigObserver
2026-01-28T09:31:05.173832277Z I0128 09:31:05.172710       1 base_controller.go:76] Waiting for caches to sync for StatusSyncer_storage
2026-01-28T09:31:05.173867099Z I0128 09:31:05.172729       1 base_controller.go:76] Waiting for caches to sync for VolumeDataSourceValidatorStarter
2026-01-28T09:31:05.173901130Z I0128 09:31:05.173880       1 reflector.go:430] "Caches populated" type="*v1.Role" reflector="k8s.io/client-go@v0.33.3/tools/cache/reflector.go:285"
2026-01-28T09:31:05.173901130Z I0128 09:31:05.172807       1 base_controller.go:76] Waiting for caches to sync for storage-ManagementState
2026-01-28T09:31:05.173901130Z I0128 09:31:05.173570       1 reflector.go:430] "Caches populated" type="*v1.ConfigMap" reflector="k8s.io/client-go@v0.33.3/tools/cache/reflector.go:285"
2026-01-28T09:31:05.174009435Z I0128 09:31:05.173993       1 reflector.go:430] "Caches populated" type="*v1.Role" reflector="k8s.io/client-go@v0.33.3/tools/cache/reflector.go:285"
2026-01-28T09:31:05.174141022Z I0128 09:31:05.173658       1 reflector.go:430] "Caches populated" type="*v1.RoleBinding" reflector="k8s.io/client-go@v0.33.3/tools/cache/reflector.go:285"
2026-01-28T09:31:05.174222926Z I0128 09:31:05.174201       1 reflector.go:430] "Caches populated" type="*v1.Secret" reflector="k8s.io/client-go@v0.33.3/tools/cache/reflector.go:285"
2026-01-28T09:31:05.174428866Z I0128 09:31:05.173678       1 reflector.go:430] "Caches populated" type="*v1.Secret" reflector="k8s.io/client-go@v0.33.3/tools/cache/reflector.go:285"
2026-01-28T09:31:05.174665348Z I0128 09:31:05.174647       1 reflector.go:430] "Caches populated" type="*v1.ConfigMap" reflector="k8s.io/client-go@v0.33.3/tools/cache/reflector.go:285"
2026-01-28T09:31:05.174751262Z I0128 09:31:05.174663       1 reflector.go:430] "Caches populated" type="*v1.Secret" reflector="k8s.io/client-go@v0.33.3/tools/cache/reflector.go:285"
2026-01-28T09:31:05.177154441Z I0128 09:31:05.177132       1 reflector.go:430] "Caches populated" type="*v1.RoleBinding" reflector="k8s.io/client-go@v0.33.3/tools/cache/reflector.go:285"
2026-01-28T09:31:05.189153704Z I0128 09:31:05.180516       1 reflector.go:430] "Caches populated" type="*v1.StorageClass" reflector="k8s.io/client-go@v0.33.3/tools/cache/reflector.go:285"
2026-01-28T09:31:05.189153704Z I0128 09:31:05.181889       1 reflector.go:430] "Caches populated" type="*v1.ClusterCSIDriver" reflector="k8s.io/client-go@v0.33.3/tools/cache/reflector.go:285"
2026-01-28T09:31:05.189153704Z I0128 09:31:05.182526       1 reflector.go:430] "Caches populated" type="*v1.RoleBinding" reflector="k8s.io/client-go@v0.33.3/tools/cache/reflector.go:285"
2026-01-28T09:31:05.189153704Z I0128 09:31:05.182741       1 reflector.go:430] "Caches populated" type="*v1.Role" reflector="k8s.io/client-go@v0.33.3/tools/cache/reflector.go:285"
2026-01-28T09:31:05.189153704Z I0128 09:31:05.182980       1 reflector.go:430] "Caches populated" type="*v1.CSIDriver" reflector="k8s.io/client-go@v0.33.3/tools/cache/reflector.go:285"
2026-01-28T09:31:05.189153704Z I0128 09:31:05.183330       1 reflector.go:430] "Caches populated" type="*v1.Secret" reflector="k8s.io/client-go@v0.33.3/tools/cache/reflector.go:285"
2026-01-28T09:31:05.189153704Z I0128 09:31:05.183865       1 reflector.go:430] "Caches populated" type="operator.openshift.io/v1, Resource=storages" reflector="k8s.io/client-go@v0.33.3/tools/cache/reflector.go:285"
2026-01-28T09:31:05.189153704Z I0128 09:31:05.185145       1 reflector.go:430] "Caches populated" type="*v1.ConfigMap" reflector="k8s.io/client-go@v0.33.3/tools/cache/reflector.go:285"
2026-01-28T09:31:05.189153704Z I0128 09:31:05.185666       1 reflector.go:430] "Caches populated" type="*v1.Deployment" reflector="k8s.io/client-go@v0.33.3/tools/cache/reflector.go:285"
2026-01-28T09:31:05.189153704Z I0128 09:31:05.187534       1 reflector.go:430] "Caches populated" type="*v1.Deployment" reflector="k8s.io/client-go@v0.33.3/tools/cache/reflector.go:285"
2026-01-28T09:31:05.189192577Z I0128 09:31:05.189143       1 reflector.go:430] "Caches populated" type="*v1.Service" reflector="k8s.io/client-go@v0.33.3/tools/cache/reflector.go:285"
2026-01-28T09:31:05.195743771Z I0128 09:31:05.195568       1 reflector.go:430] "Caches populated" type="*v1.Service" reflector="k8s.io/client-go@v0.33.3/tools/cache/reflector.go:285"
2026-01-28T09:31:05.196958021Z I0128 09:31:05.196935       1 reflector.go:430] "Caches populated" type="*v1.ServiceMonitor" reflector="k8s.io/client-go@v0.33.3/tools/cache/reflector.go:285"
2026-01-28T09:31:05.206393147Z I0128 09:31:05.206355       1 reflector.go:430] "Caches populated" type="*v1.ClusterRoleBinding" reflector="k8s.io/client-go@v0.33.3/tools/cache/reflector.go:285"
2026-01-28T09:31:05.206673701Z I0128 09:31:05.206653       1 shared_informer.go:357] "Caches are synced" controller="RequestHeaderAuthRequestController"
2026-01-28T09:31:05.207310343Z I0128 09:31:05.207289       1 shared_informer.go:357] "Caches are synced" controller="client-ca::kube-system::extension-apiserver-authentication::requestheader-client-ca-file"
2026-01-28T09:31:05.207384026Z I0128 09:31:05.207362       1 shared_informer.go:357] "Caches are synced" controller="client-ca::kube-system::extension-apiserver-authentication::client-ca-file"
2026-01-28T09:31:05.207668000Z I0128 09:31:05.207648       1 tlsconfig.go:181] "Loaded client CA" index=0 certName="client-ca::kube-system::extension-apiserver-authentication::client-ca-file,client-ca::kube-system::extension-apiserver-authentication::requestheader-client-ca-file" certDetail="\"aggregator-signer\" [] issuer=\"<self>\" (2026-01-28 09:13:04 +0000 UTC to 2026-01-29 09:13:04 +0000 UTC (now=2026-01-28 09:31:05.207603007 +0000 UTC))"
2026-01-28T09:31:05.208059300Z I0128 09:31:05.208018       1 tlsconfig.go:203] "Loaded serving cert" certName="serving-cert::/var/run/secrets/serving-cert/tls.crt::/var/run/secrets/serving-cert/tls.key" certDetail="\"cluster-storage-operator-metrics.openshift-cluster-storage-operator.svc\" [serving] validServingFor=[cluster-storage-operator-metrics.openshift-cluster-storage-operator.svc,cluster-storage-operator-metrics.openshift-cluster-storage-operator.svc.cluster.local] issuer=\"openshift-service-serving-signer@1769592635\" (2026-01-28 09:30:39 +0000 UTC to 2028-01-28 09:30:40 +0000 UTC (now=2026-01-28 09:31:05.207979996 +0000 UTC))"
2026-01-28T09:31:05.208388246Z I0128 09:31:05.208365       1 named_certificates.go:53] "Loaded SNI cert" index=0 certName="self-signed loopback" certDetail="\"apiserver-loopback-client@1769592665\" [serving] validServingFor=[apiserver-loopback-client] issuer=\"apiserver-loopback-client-ca@1769592664\" (2026-01-28 08:31:03 +0000 UTC to 2029-01-28 08:31:03 +0000 UTC (now=2026-01-28 09:31:05.208342574 +0000 UTC))"
2026-01-28T09:31:05.208449499Z I0128 09:31:05.208432       1 reflector.go:430] "Caches populated" type="*v1.PrometheusRule" reflector="k8s.io/client-go@v0.33.3/tools/cache/reflector.go:285"
2026-01-28T09:31:05.208922943Z I0128 09:31:05.208897       1 tlsconfig.go:181] "Loaded client CA" index=0 certName="client-ca::kube-system::extension-apiserver-authentication::client-ca-file,client-ca::kube-system::extension-apiserver-authentication::requestheader-client-ca-file" certDetail="\"admin-kubeconfig-signer\" [] issuer=\"<self>\" (2026-01-28 09:13:02 +0000 UTC to 2036-01-26 09:13:02 +0000 UTC (now=2026-01-28 09:31:05.20887437 +0000 UTC))"
2026-01-28T09:31:05.209012147Z I0128 09:31:05.208991       1 tlsconfig.go:181] "Loaded client CA" index=1 certName="client-ca::kube-system::extension-apiserver-authentication::client-ca-file,client-ca::kube-system::extension-apiserver-authentication::requestheader-client-ca-file" certDetail="\"kubelet-signer\" [] issuer=\"<self>\" (2026-01-28 09:13:06 +0000 UTC to 2026-01-29 09:13:06 +0000 UTC (now=2026-01-28 09:31:05.208956464 +0000 UTC))"
2026-01-28T09:31:05.209118872Z I0128 09:31:05.209088       1 tlsconfig.go:181] "Loaded client CA" index=2 certName="client-ca::kube-system::extension-apiserver-authentication::client-ca-file,client-ca::kube-system::extension-apiserver-authentication::requestheader-client-ca-file" certDetail="\"kube-control-plane-signer\" [] issuer=\"<self>\" (2026-01-28 09:13:06 +0000 UTC to 2027-01-28 09:13:06 +0000 UTC (now=2026-01-28 09:31:05.209057829 +0000 UTC))"
2026-01-28T09:31:05.209182426Z I0128 09:31:05.209163       1 tlsconfig.go:181] "Loaded client CA" index=3 certName="client-ca::kube-system::extension-apiserver-authentication::client-ca-file,client-ca::kube-system::extension-apiserver-authentication::requestheader-client-ca-file" certDetail="\"kube-apiserver-to-kubelet-signer\" [] issuer=\"<self>\" (2026-01-28 09:13:07 +0000 UTC to 2027-01-28 09:13:07 +0000 UTC (now=2026-01-28 09:31:05.209147964 +0000 UTC))"
2026-01-28T09:31:05.209240658Z I0128 09:31:05.209228       1 tlsconfig.go:181] "Loaded client CA" index=4 certName="client-ca::kube-system::extension-apiserver-authentication::client-ca-file,client-ca::kube-system::extension-apiserver-authentication::requestheader-client-ca-file" certDetail="\"kubelet-bootstrap-kubeconfig-signer\" [] issuer=\"<self>\" (2026-01-28 09:13:03 +0000 UTC to 2036-01-26 09:13:03 +0000 UTC (now=2026-01-28 09:31:05.209209457 +0000 UTC))"
2026-01-28T09:31:05.209310512Z I0128 09:31:05.209297       1 tlsconfig.go:181] "Loaded client CA" index=5 certName="client-ca::kube-system::extension-apiserver-authentication::client-ca-file,client-ca::kube-system::extension-apiserver-authentication::requestheader-client-ca-file" certDetail="\"aggregator-signer\" [] issuer=\"<self>\" (2026-01-28 09:13:04 +0000 UTC to 2026-01-29 09:13:04 +0000 UTC (now=2026-01-28 09:31:05.20926503 +0000 UTC))"
2026-01-28T09:31:05.209655629Z I0128 09:31:05.209638       1 tlsconfig.go:203] "Loaded serving cert" certName="serving-cert::/var/run/secrets/serving-cert/tls.crt::/var/run/secrets/serving-cert/tls.key" certDetail="\"cluster-storage-operator-metrics.openshift-cluster-storage-operator.svc\" [serving] validServingFor=[cluster-storage-operator-metrics.openshift-cluster-storage-operator.svc,cluster-storage-operator-metrics.openshift-cluster-storage-operator.svc.cluster.local] issuer=\"openshift-service-serving-signer@1769592635\" (2026-01-28 09:30:39 +0000 UTC to 2028-01-28 09:30:40 +0000 UTC (now=2026-01-28 09:31:05.209616627 +0000 UTC))"
2026-01-28T09:31:05.210411886Z I0128 09:31:05.210379       1 named_certificates.go:53] "Loaded SNI cert" index=0 certName="self-signed loopback" certDetail="\"apiserver-loopback-client@1769592665\" [serving] validServingFor=[apiserver-loopback-client] issuer=\"apiserver-loopback-client-ca@1769592664\" (2026-01-28 08:31:03 +0000 UTC to 2029-01-28 08:31:03 +0000 UTC (now=2026-01-28 09:31:05.210362564 +0000 UTC))"
2026-01-28T09:31:05.210432417Z I0128 09:31:05.209664       1 reflector.go:430] "Caches populated" type="*v1.ConfigMap" reflector="k8s.io/client-go@v0.33.3/tools/cache/reflector.go:285"
2026-01-28T09:31:05.212388084Z I0128 09:31:05.212369       1 reflector.go:430] "Caches populated" type="*v1.ClusterRole" reflector="k8s.io/client-go@v0.33.3/tools/cache/reflector.go:285"
2026-01-28T09:31:05.269934581Z I0128 09:31:05.269878       1 base_controller.go:82] Caches are synced for VSphereProblemDetectorStarter 
2026-01-28T09:31:05.269934581Z I0128 09:31:05.269905       1 base_controller.go:119] Starting #1 worker of VSphereProblemDetectorStarter controller ...
2026-01-28T09:31:05.273510238Z I0128 09:31:05.273485       1 base_controller.go:82] Caches are synced for CSIDriverStarter 
2026-01-28T09:31:05.273536729Z I0128 09:31:05.273517       1 base_controller.go:82] Caches are synced for RemoveStaleConditionsController-RemoveStaleConditions 
2026-01-28T09:31:05.273548230Z I0128 09:31:05.273523       1 base_controller.go:119] Starting #1 worker of CSIDriverStarter controller ...
2026-01-28T09:31:05.273548230Z I0128 09:31:05.273494       1 base_controller.go:82] Caches are synced for LoggingSyncer 
2026-01-28T09:31:05.273558320Z I0128 09:31:05.273550       1 base_controller.go:119] Starting #1 worker of LoggingSyncer controller ...
2026-01-28T09:31:05.273626434Z I0128 09:31:05.273527       1 base_controller.go:119] Starting #1 worker of RemoveStaleConditionsController-RemoveStaleConditions controller ...
2026-01-28T09:31:05.273823393Z I0128 09:31:05.273806       1 base_controller.go:82] Caches are synced for DefaultStorageClassController 
2026-01-28T09:31:05.273859365Z I0128 09:31:05.273848       1 base_controller.go:119] Starting #1 worker of DefaultStorageClassController controller ...
2026-01-28T09:31:05.273913468Z I0128 09:31:05.273882       1 base_controller.go:82] Caches are synced for StatusSyncer_storage 
2026-01-28T09:31:05.273913468Z I0128 09:31:05.273898       1 base_controller.go:119] Starting #1 worker of StatusSyncer_storage controller ...
2026-01-28T09:31:05.273930509Z I0128 09:31:05.273912       1 base_controller.go:82] Caches are synced for VolumeDataSourceValidatorStarter 
2026-01-28T09:31:05.273930509Z I0128 09:31:05.273917       1 base_controller.go:119] Starting #1 worker of VolumeDataSourceValidatorStarter controller ...
2026-01-28T09:31:05.274068985Z I0128 09:31:05.274050       1 base_controller.go:76] Waiting for caches to sync for VolumeDataSourceValidatorDeploymentController
2026-01-28T09:31:05.274106287Z I0128 09:31:05.274096       1 base_controller.go:82] Caches are synced for VolumeDataSourceValidatorDeploymentController 
2026-01-28T09:31:05.274147029Z I0128 09:31:05.274122       1 base_controller.go:119] Starting #1 worker of VolumeDataSourceValidatorDeploymentController controller ...
2026-01-28T09:31:05.274147029Z I0128 09:31:05.274141       1 base_controller.go:82] Caches are synced for storage-ManagementState 
2026-01-28T09:31:05.274162780Z I0128 09:31:05.274146       1 base_controller.go:119] Starting #1 worker of storage-ManagementState controller ...
2026-01-28T09:31:05.274527158Z I0128 09:31:05.274492       1 base_controller.go:82] Caches are synced for ConfigObserver 
2026-01-28T09:31:05.274527158Z I0128 09:31:05.274505       1 base_controller.go:119] Starting #1 worker of ConfigObserver controller ...
2026-01-28T09:31:05.274680886Z I0128 09:31:05.274660       1 status_controller.go:229] clusteroperator/storage diff {"status":{"conditions":[{"lastTransitionTime":"2026-01-28T09:31:05Z","reason":"NoData","status":"Unknown","type":"Degraded"},{"lastTransitionTime":"2026-01-28T09:31:05Z","reason":"NoData","status":"Unknown","type":"Progressing"},{"lastTransitionTime":"2026-01-28T09:31:05Z","reason":"NoData","status":"Unknown","type":"Available"},{"lastTransitionTime":"2026-01-28T09:31:05Z","reason":"NoData","status":"Unknown","type":"Upgradeable"},{"lastTransitionTime":"2026-01-28T09:31:05Z","reason":"NoData","status":"Unknown","type":"EvaluationConditionsDetected"}],"relatedObjects":[{"group":"","name":"openshift-cluster-storage-operator","resource":"namespaces"},{"group":"","name":"openshift-cluster-csi-drivers","resource":"namespaces"},{"group":"operator.openshift.io","name":"cluster","resource":"storages"},{"group":"rbac.authorization.k8s.io","name":"cluster-storage-operator-role","resource":"clusterrolebindings"}],"versions":[{"name":"operator","version":"4.20.0-0-2026-01-28-090915-test-ci-ln-vjb5l1t-latest"}]}}
2026-01-28T09:31:05.275051294Z I0128 09:31:05.275014       1 base_controller.go:76] Waiting for caches to sync for VolumeDataSourceValidatorStaticController-StaticResources
2026-01-28T09:31:05.275500216Z I0128 09:31:05.275471       1 event.go:377] Event(v1.ObjectReference{Kind:"Deployment", Namespace:"openshift-cluster-storage-operator", Name:"cluster-storage-operator", UID:"428db879-cf7d-41d8-83a7-3b098331aa7e", APIVersion:"apps/v1", ResourceVersion:"", FieldPath:""}): type: 'Normal' reason: 'OperatorVersionChanged' clusteroperator/storage version "operator" changed from "" to "4.20.0-0-2026-01-28-090915-test-ci-ln-vjb5l1t-latest"
2026-01-28T09:31:05.280979297Z I0128 09:31:05.280946       1 status_controller.go:229] clusteroperator/storage diff {"status":{"conditions":[{"lastTransitionTime":"2026-01-28T09:31:05Z","reason":"NoData","status":"Unknown","type":"Degraded"},{"lastTransitionTime":"2026-01-28T09:31:05Z","reason":"NoData","status":"Unknown","type":"Progressing"},{"lastTransitionTime":"2026-01-28T09:31:05Z","reason":"NoData","status":"Unknown","type":"Available"},{"lastTransitionTime":"2026-01-28T09:31:05Z","reason":"NoData","status":"Unknown","type":"Upgradeable"},{"lastTransitionTime":"2026-01-28T09:31:05Z","reason":"NoData","status":"Unknown","type":"EvaluationConditionsDetected"}],"relatedObjects":[{"group":"","name":"openshift-cluster-storage-operator","resource":"namespaces"},{"group":"","name":"openshift-cluster-csi-drivers","resource":"namespaces"},{"group":"operator.openshift.io","name":"cluster","resource":"storages"},{"group":"rbac.authorization.k8s.io","name":"cluster-storage-operator-role","resource":"clusterrolebindings"}],"versions":[{"name":"operator","version":"4.20.0-0-2026-01-28-090915-test-ci-ln-vjb5l1t-latest"}]}}
2026-01-28T09:31:05.281260661Z I0128 09:31:05.281200       1 event.go:377] Event(v1.ObjectReference{Kind:"Deployment", Namespace:"openshift-cluster-storage-operator", Name:"cluster-storage-operator", UID:"428db879-cf7d-41d8-83a7-3b098331aa7e", APIVersion:"apps/v1", ResourceVersion:"", FieldPath:""}): type: 'Normal' reason: 'OperatorStatusChanged' Status for clusteroperator/storage changed: Degraded set to Unknown (""),Progressing set to Unknown (""),Available set to Unknown (""),Upgradeable set to Unknown (""),EvaluationConditionsDetected set to Unknown (""),status.relatedObjects changed from [] to [{"" "namespaces" "" "openshift-cluster-storage-operator"} {"" "namespaces" "" "openshift-cluster-csi-drivers"} {"operator.openshift.io" "storages" "" "cluster"} {"rbac.authorization.k8s.io" "clusterrolebindings" "" "cluster-storage-operator-role"}],status.versions changed from [] to [{"operator" "4.20.0-0-2026-01-28-090915-test-ci-ln-vjb5l1t-latest"}]
2026-01-28T09:31:05.281516124Z I0128 09:31:05.281288       1 event.go:377] Event(v1.ObjectReference{Kind:"Deployment", Namespace:"openshift-cluster-storage-operator", Name:"cluster-storage-operator", UID:"428db879-cf7d-41d8-83a7-3b098331aa7e", APIVersion:"apps/v1", ResourceVersion:"", FieldPath:""}): type: 'Normal' reason: 'OperatorVersionChanged' clusteroperator/storage version "operator" changed from "" to "4.20.0-0-2026-01-28-090915-test-ci-ln-vjb5l1t-latest"
2026-01-28T09:31:05.286943472Z E0128 09:31:05.286915       1 base_controller.go:279] "Unhandled Error" err="StatusSyncer_storage reconciliation failed: Operation cannot be fulfilled on clusteroperators.config.openshift.io \"storage\": the object has been modified; please apply your changes to the latest version and try again"
2026-01-28T09:31:05.291393242Z I0128 09:31:05.291363       1 status_controller.go:229] clusteroperator/storage diff {"status":{"conditions":[{"lastTransitionTime":"2026-01-28T09:31:05Z","reason":"NoData","status":"Unknown","type":"Degraded"},{"lastTransitionTime":"2026-01-28T09:31:05Z","message":"All is well","reason":"AsExpected","status":"False","type":"Progressing"},{"lastTransitionTime":"2026-01-28T09:31:05Z","message":"DefaultStorageClassControllerAvailable: StorageClass provided by supplied CSI Driver instead of the cluster-storage-operator","reason":"AsExpected","status":"True","type":"Available"},{"lastTransitionTime":"2026-01-28T09:31:05Z","reason":"NoData","status":"Unknown","type":"Upgradeable"},{"lastTransitionTime":"2026-01-28T09:31:05Z","reason":"NoData","status":"Unknown","type":"EvaluationConditionsDetected"}]}}
2026-01-28T09:31:05.292355570Z I0128 09:31:05.292179       1 event.go:377] Event(v1.ObjectReference{Kind:"Deployment", Namespace:"openshift-cluster-storage-operator", Name:"cluster-storage-operator", UID:"428db879-cf7d-41d8-83a7-3b098331aa7e", APIVersion:"apps/v1", ResourceVersion:"", FieldPath:""}): type: 'Normal' reason: 'DeploymentCreated' Created Deployment.apps/volume-data-source-validator -n openshift-cluster-storage-operator because it was missing
2026-01-28T09:31:05.292552910Z I0128 09:31:05.292532       1 driver_starter.go:253] Starting ControllerManager for AWSEBS
2026-01-28T09:31:05.292861475Z I0128 09:31:05.292844       1 base_controller.go:76] Waiting for caches to sync for AWSEBSCSIDriverOperatorDeployment
2026-01-28T09:31:05.292899557Z I0128 09:31:05.292888       1 base_controller.go:82] Caches are synced for AWSEBSCSIDriverOperatorDeployment 
2026-01-28T09:31:05.292929068Z I0128 09:31:05.292918       1 base_controller.go:119] Starting #1 worker of AWSEBSCSIDriverOperatorDeployment controller ...
2026-01-28T09:31:05.293512537Z I0128 09:31:05.293495       1 base_controller.go:76] Waiting for caches to sync for AWSEBSCSIDriverOperatorStaticController-StaticResources
2026-01-28T09:31:05.293789041Z I0128 09:31:05.293774       1 base_controller.go:76] Waiting for caches to sync for AWSEBSCSIDriverOperator
2026-01-28T09:31:05.293840573Z I0128 09:31:05.293829       1 base_controller.go:82] Caches are synced for AWSEBSCSIDriverOperator 
2026-01-28T09:31:05.293871085Z I0128 09:31:05.293860       1 base_controller.go:119] Starting #1 worker of AWSEBSCSIDriverOperator controller ...
2026-01-28T09:31:05.314787820Z I0128 09:31:05.314726       1 event.go:377] Event(v1.ObjectReference{Kind:"Deployment", Namespace:"openshift-cluster-storage-operator", Name:"cluster-storage-operator", UID:"428db879-cf7d-41d8-83a7-3b098331aa7e", APIVersion:"apps/v1", ResourceVersion:"", FieldPath:""}): type: 'Normal' reason: 'OperatorStatusChanged' Status for clusteroperator/storage changed: Progressing changed from Unknown to False ("All is well"),Available changed from Unknown to True ("DefaultStorageClassControllerAvailable: StorageClass provided by supplied CSI Driver instead of the cluster-storage-operator")
2026-01-28T09:31:05.314984280Z I0128 09:31:05.314966       1 status_controller.go:229] clusteroperator/storage diff {"status":{"relatedObjects":[{"group":"","name":"aws-ebs-csi-driver-operator","namespace":"openshift-cluster-csi-drivers","resource":"serviceaccounts"},{"group":"rbac.authorization.k8s.io","name":"aws-ebs-csi-driver-operator-role","namespace":"openshift-cluster-csi-drivers","resource":"roles"},{"group":"rbac.authorization.k8s.io","name":"aws-ebs-csi-driver-operator-rolebinding","namespace":"openshift-cluster-csi-drivers","resource":"rolebindings"},{"group":"rbac.authorization.k8s.io","name":"aws-ebs-csi-driver-operator-clusterrole","resource":"clusterroles"},{"group":"rbac.authorization.k8s.io","name":"aws-ebs-csi-driver-operator-clusterrolebinding","resource":"clusterrolebindings"},{"group":"rbac.authorization.k8s.io","name":"aws-ebs-csi-driver-operator-aws-config-role","namespace":"openshift-config-managed","resource":"roles"},{"group":"rbac.authorization.k8s.io","name":"aws-ebs-csi-driver-operator-aws-config-clusterrolebinding","namespace":"openshift-config-managed","resource":"rolebindings"},{"group":"operator.openshift.io","name":"ebs.csi.aws.com","resource":"clustercsidrivers"},{"group":"","name":"openshift-cluster-storage-operator","resource":"namespaces"},{"group":"","name":"openshift-cluster-csi-drivers","resource":"namespaces"},{"group":"operator.openshift.io","name":"cluster","resource":"storages"},{"group":"rbac.authorization.k8s.io","name":"cluster-storage-operator-role","resource":"clusterrolebindings"}]}}
2026-01-28T09:31:05.316121316Z I0128 09:31:05.316096       1 warnings.go:110] "Warning: spec.template.spec.nodeSelector[node-role.kubernetes.io/master]: use \"node-role.kubernetes.io/control-plane\" instead"
2026-01-28T09:31:05.316980718Z I0128 09:31:05.316947       1 event.go:377] Event(v1.ObjectReference{Kind:"Deployment", Namespace:"openshift-cluster-storage-operator", Name:"cluster-storage-operator", UID:"428db879-cf7d-41d8-83a7-3b098331aa7e", APIVersion:"apps/v1", ResourceVersion:"", FieldPath:""}): type: 'Normal' reason: 'ClusterCSIDriverCreated' Created ClusterCSIDriver.operator.openshift.io/ebs.csi.aws.com -n openshift-cluster-csi-drivers because it was missing
2026-01-28T09:31:05.317488723Z I0128 09:31:05.317452       1 event.go:377] Event(v1.ObjectReference{Kind:"Deployment", Namespace:"openshift-cluster-storage-operator", Name:"cluster-storage-operator", UID:"428db879-cf7d-41d8-83a7-3b098331aa7e", APIVersion:"apps/v1", ResourceVersion:"", FieldPath:""}): type: 'Normal' reason: 'DeploymentCreated' Created Deployment.apps/aws-ebs-csi-driver-operator -n openshift-cluster-csi-drivers because it was missing
2026-01-28T09:31:05.330755209Z I0128 09:31:05.330712       1 event.go:377] Event(v1.ObjectReference{Kind:"Deployment", Namespace:"openshift-cluster-storage-operator", Name:"cluster-storage-operator", UID:"428db879-cf7d-41d8-83a7-3b098331aa7e", APIVersion:"apps/v1", ResourceVersion:"", FieldPath:""}): type: 'Normal' reason: 'OperatorStatusChanged' Status for clusteroperator/storage changed: status.relatedObjects changed from [{"" "namespaces" "" "openshift-cluster-storage-operator"} {"" "namespaces" "" "openshift-cluster-csi-drivers"} {"operator.openshift.io" "storages" "" "cluster"} {"rbac.authorization.k8s.io" "clusterrolebindings" "" "cluster-storage-operator-role"}] to [{"" "serviceaccounts" "openshift-cluster-csi-drivers" "aws-ebs-csi-driver-operator"} {"rbac.authorization.k8s.io" "roles" "openshift-cluster-csi-drivers" "aws-ebs-csi-driver-operator-role"} {"rbac.authorization.k8s.io" "rolebindings" "openshift-cluster-csi-drivers" "aws-ebs-csi-driver-operator-rolebinding"} {"rbac.authorization.k8s.io" "clusterroles" "" "aws-ebs-csi-driver-operator-clusterrole"} {"rbac.authorization.k8s.io" "clusterrolebindings" "" "aws-ebs-csi-driver-operator-clusterrolebinding"} {"rbac.authorization.k8s.io" "roles" "openshift-config-managed" "aws-ebs-csi-driver-operator-aws-config-role"} {"rbac.authorization.k8s.io" "rolebindings" "openshift-config-managed" "aws-ebs-csi-driver-operator-aws-config-clusterrolebinding"} {"operator.openshift.io" "clustercsidrivers" "" "ebs.csi.aws.com"} {"" "namespaces" "" "openshift-cluster-storage-operator"} {"" "namespaces" "" "openshift-cluster-csi-drivers"} {"operator.openshift.io" "storages" "" "cluster"} {"rbac.authorization.k8s.io" "clusterrolebindings" "" "cluster-storage-operator-role"}]
2026-01-28T09:31:05.332093006Z I0128 09:31:05.332074       1 status_controller.go:229] clusteroperator/storage diff {"status":{"conditions":[{"lastTransitionTime":"2026-01-28T09:31:05Z","reason":"NoData","status":"Unknown","type":"Degraded"},{"lastTransitionTime":"2026-01-28T09:31:05Z","message":"AWSEBSProgressing: Waiting for Deployment to act on changes","reason":"AWSEBS_Deploying","status":"True","type":"Progressing"},{"lastTransitionTime":"2026-01-28T09:31:05Z","message":"DefaultStorageClassControllerAvailable: StorageClass provided by supplied CSI Driver instead of the cluster-storage-operator","reason":"AsExpected","status":"True","type":"Available"},{"lastTransitionTime":"2026-01-28T09:31:05Z","reason":"NoData","status":"Unknown","type":"Upgradeable"},{"lastTransitionTime":"2026-01-28T09:31:05Z","reason":"NoData","status":"Unknown","type":"EvaluationConditionsDetected"}]}}
2026-01-28T09:31:05.346569622Z I0128 09:31:05.346537       1 status_controller.go:229] clusteroperator/storage diff {"status":{"conditions":[{"lastTransitionTime":"2026-01-28T09:31:05Z","message":"All is well","reason":"AsExpected","status":"False","type":"Degraded"},{"lastTransitionTime":"2026-01-28T09:31:05Z","message":"AWSEBSProgressing: Waiting for Deployment to act on changes","reason":"AWSEBS_Deploying","status":"True","type":"Progressing"},{"lastTransitionTime":"2026-01-28T09:31:05Z","message":"DefaultStorageClassControllerAvailable: StorageClass provided by supplied CSI Driver instead of the cluster-storage-operator","reason":"AsExpected","status":"True","type":"Available"},{"lastTransitionTime":"2026-01-28T09:31:05Z","reason":"NoData","status":"Unknown","type":"Upgradeable"},{"lastTransitionTime":"2026-01-28T09:31:05Z","reason":"NoData","status":"Unknown","type":"EvaluationConditionsDetected"}]}}
2026-01-28T09:31:05.347015234Z I0128 09:31:05.346969       1 event.go:377] Event(v1.ObjectReference{Kind:"Deployment", Namespace:"openshift-cluster-storage-operator", Name:"cluster-storage-operator", UID:"428db879-cf7d-41d8-83a7-3b098331aa7e", APIVersion:"apps/v1", ResourceVersion:"", FieldPath:""}): type: 'Normal' reason: 'OperatorStatusChanged' Status for clusteroperator/storage changed: Progressing changed from False to True ("AWSEBSProgressing: Waiting for Deployment to act on changes")
2026-01-28T09:31:05.358758435Z I0128 09:31:05.355706       1 status_controller.go:229] clusteroperator/storage diff {"status":{"conditions":[{"lastTransitionTime":"2026-01-28T09:31:05Z","message":"All is well","reason":"AsExpected","status":"False","type":"Degraded"},{"lastTransitionTime":"2026-01-28T09:31:05Z","message":"AWSEBSProgressing: Waiting for Deployment to act on changes","reason":"AWSEBS_Deploying","status":"True","type":"Progressing"},{"lastTransitionTime":"2026-01-28T09:31:05Z","message":"DefaultStorageClassControllerAvailable: StorageClass provided by supplied CSI Driver instead of the cluster-storage-operator","reason":"AsExpected","status":"True","type":"Available"},{"lastTransitionTime":"2026-01-28T09:31:05Z","reason":"NoData","status":"Unknown","type":"Upgradeable"},{"lastTransitionTime":"2026-01-28T09:31:05Z","reason":"NoData","status":"Unknown","type":"EvaluationConditionsDetected"}]}}
2026-01-28T09:31:05.358758435Z I0128 09:31:05.355777       1 event.go:377] Event(v1.ObjectReference{Kind:"Deployment", Namespace:"openshift-cluster-storage-operator", Name:"cluster-storage-operator", UID:"428db879-cf7d-41d8-83a7-3b098331aa7e", APIVersion:"apps/v1", ResourceVersion:"", FieldPath:""}): type: 'Normal' reason: 'OperatorStatusChanged' Status for clusteroperator/storage changed: Degraded changed from Unknown to False ("All is well")
2026-01-28T09:31:05.372060343Z I0128 09:31:05.371856       1 reflector.go:430] "Caches populated" type="*v1.ServiceAccount" reflector="k8s.io/client-go@v0.33.3/tools/cache/reflector.go:285"
2026-01-28T09:31:05.376096863Z I0128 09:31:05.376078       1 base_controller.go:82] Caches are synced for VolumeDataSourceValidatorStaticController-StaticResources 
2026-01-28T09:31:05.376160066Z I0128 09:31:05.376147       1 base_controller.go:119] Starting #1 worker of VolumeDataSourceValidatorStaticController-StaticResources controller ...
2026-01-28T09:31:05.526943225Z E0128 09:31:05.526903       1 base_controller.go:279] "Unhandled Error" err="StatusSyncer_storage reconciliation failed: Operation cannot be fulfilled on clusteroperators.config.openshift.io \"storage\": the object has been modified; please apply your changes to the latest version and try again"
2026-01-28T09:31:05.528804097Z I0128 09:31:05.528781       1 status_controller.go:229] clusteroperator/storage diff {"status":{"conditions":[{"lastTransitionTime":"2026-01-28T09:31:05Z","message":"All is well","reason":"AsExpected","status":"False","type":"Degraded"},{"lastTransitionTime":"2026-01-28T09:31:05Z","message":"AWSEBSProgressing: Waiting for Deployment to act on changes\nVolumeDataSourceValidatorDeploymentControllerProgressing: Waiting for Deployment to act on changes","reason":"AWSEBS_Deploying::VolumeDataSourceValidatorDeploymentController_Deploying","status":"True","type":"Progressing"},{"lastTransitionTime":"2026-01-28T09:31:05Z","message":"DefaultStorageClassControllerAvailable: StorageClass provided by supplied CSI Driver instead of the cluster-storage-operator","reason":"AsExpected","status":"True","type":"Available"},{"lastTransitionTime":"2026-01-28T09:31:05Z","reason":"NoData","status":"Unknown","type":"Upgradeable"},{"lastTransitionTime":"2026-01-28T09:31:05Z","reason":"NoData","status":"Unknown","type":"EvaluationConditionsDetected"}]}}
2026-01-28T09:31:05.572821955Z I0128 09:31:05.572613       1 reflector.go:430] "Caches populated" type="*v1.ServiceAccount" reflector="k8s.io/client-go@v0.33.3/tools/cache/reflector.go:285"
2026-01-28T09:31:05.594270496Z I0128 09:31:05.594103       1 base_controller.go:82] Caches are synced for AWSEBSCSIDriverOperatorStaticController-StaticResources 
2026-01-28T09:31:05.594351649Z I0128 09:31:05.594336       1 base_controller.go:119] Starting #1 worker of AWSEBSCSIDriverOperatorStaticController-StaticResources controller ...
2026-01-28T09:31:05.731963387Z I0128 09:31:05.731924       1 status_controller.go:229] clusteroperator/storage diff {"status":{"conditions":[{"lastTransitionTime":"2026-01-28T09:31:05Z","message":"All is well","reason":"AsExpected","status":"False","type":"Degraded"},{"lastTransitionTime":"2026-01-28T09:31:05Z","message":"AWSEBSProgressing: Waiting for Deployment to act on changes\nVolumeDataSourceValidatorDeploymentControllerProgressing: Waiting for Deployment to act on changes","reason":"AWSEBS_Deploying::VolumeDataSourceValidatorDeploymentController_Deploying","status":"True","type":"Progressing"},{"lastTransitionTime":"2026-01-28T09:31:05Z","message":"DefaultStorageClassControllerAvailable: StorageClass provided by supplied CSI Driver instead of the cluster-storage-operator","reason":"AsExpected","status":"True","type":"Available"},{"lastTransitionTime":"2026-01-28T09:31:05Z","reason":"NoData","status":"Unknown","type":"Upgradeable"},{"lastTransitionTime":"2026-01-28T09:31:05Z","reason":"NoData","status":"Unknown","type":"EvaluationConditionsDetected"}]}}
2026-01-28T09:31:05.732298304Z I0128 09:31:05.732272       1 event.go:377] Event(v1.ObjectReference{Kind:"Deployment", Namespace:"openshift-cluster-storage-operator", Name:"cluster-storage-operator", UID:"428db879-cf7d-41d8-83a7-3b098331aa7e", APIVersion:"apps/v1", ResourceVersion:"", FieldPath:""}): type: 'Normal' reason: 'OperatorStatusChanged' Status for clusteroperator/storage changed: Progressing message changed from "AWSEBSProgressing: Waiting for Deployment to act on changes" to "AWSEBSProgressing: Waiting for Deployment to act on changes\nVolumeDataSourceValidatorDeploymentControllerProgressing: Waiting for Deployment to act on changes"
2026-01-28T09:31:05.927524241Z E0128 09:31:05.927482       1 base_controller.go:279] "Unhandled Error" err="StatusSyncer_storage reconciliation failed: Operation cannot be fulfilled on clusteroperators.config.openshift.io \"storage\": the object has been modified; please apply your changes to the latest version and try again"
2026-01-28T09:31:06.173312421Z I0128 09:31:06.173265       1 event.go:377] Event(v1.ObjectReference{Kind:"Deployment", Namespace:"openshift-cluster-storage-operator", Name:"cluster-storage-operator", UID:"428db879-cf7d-41d8-83a7-3b098331aa7e", APIVersion:"apps/v1", ResourceVersion:"", FieldPath:""}): type: 'Normal' reason: 'ServiceAccountCreated' Created ServiceAccount/volume-data-source-validator -n openshift-cluster-storage-operator because it was missing
2026-01-28T09:31:06.178615343Z I0128 09:31:06.178590       1 event.go:377] Event(v1.ObjectReference{Kind:"Deployment", Namespace:"openshift-cluster-storage-operator", Name:"cluster-storage-operator", UID:"428db879-cf7d-41d8-83a7-3b098331aa7e", APIVersion:"apps/v1", ResourceVersion:"", FieldPath:""}): type: 'Normal' reason: 'ClusterRoleCreated' Created ClusterRole.rbac.authorization.k8s.io/volume-data-source-validator because it was missing
2026-01-28T09:31:06.182967408Z I0128 09:31:06.182869       1 event.go:377] Event(v1.ObjectReference{Kind:"Deployment", Namespace:"openshift-cluster-storage-operator", Name:"cluster-storage-operator", UID:"428db879-cf7d-41d8-83a7-3b098331aa7e", APIVersion:"apps/v1", ResourceVersion:"", FieldPath:""}): type: 'Normal' reason: 'ClusterRoleBindingCreated' Created ClusterRoleBinding.rbac.authorization.k8s.io/volume-data-source-validator because it was missing
2026-01-28T09:31:06.190011207Z I0128 09:31:06.189970       1 event.go:377] Event(v1.ObjectReference{Kind:"Deployment", Namespace:"openshift-cluster-storage-operator", Name:"cluster-storage-operator", UID:"428db879-cf7d-41d8-83a7-3b098331aa7e", APIVersion:"apps/v1", ResourceVersion:"", FieldPath:""}): type: 'Normal' reason: 'CustomResourceDefinitionCreated' Created CustomResourceDefinition.apiextensions.k8s.io/volumepopulators.populator.storage.k8s.io because it was missing
2026-01-28T09:31:06.375149545Z I0128 09:31:06.375107       1 request.go:752] "Waited before sending request" delay="1.000282393s" reason="client-side throttling, not priority and fairness" verb="PATCH" URL="https://172.30.0.1:443/apis/operator.openshift.io/v1/storages/cluster/status?fieldManager=VolumeDataSourceValidatorDeploymentController-reportDegraded&force=true"
2026-01-28T09:31:06.376505252Z I0128 09:31:06.375860       1 event.go:377] Event(v1.ObjectReference{Kind:"Deployment", Namespace:"openshift-cluster-storage-operator", Name:"cluster-storage-operator", UID:"428db879-cf7d-41d8-83a7-3b098331aa7e", APIVersion:"apps/v1", ResourceVersion:"", FieldPath:""}): type: 'Normal' reason: 'ServiceAccountCreated' Created ServiceAccount/aws-ebs-csi-driver-operator -n openshift-cluster-csi-drivers because it was missing
2026-01-28T09:31:06.382947941Z I0128 09:31:06.382915       1 event.go:377] Event(v1.ObjectReference{Kind:"Deployment", Namespace:"openshift-cluster-storage-operator", Name:"cluster-storage-operator", UID:"428db879-cf7d-41d8-83a7-3b098331aa7e", APIVersion:"apps/v1", ResourceVersion:"", FieldPath:""}): type: 'Normal' reason: 'RoleCreated' Created Role.rbac.authorization.k8s.io/aws-ebs-csi-driver-operator-role -n openshift-cluster-csi-drivers because it was missing
2026-01-28T09:31:06.390788179Z I0128 09:31:06.390762       1 event.go:377] Event(v1.ObjectReference{Kind:"Deployment", Namespace:"openshift-cluster-storage-operator", Name:"cluster-storage-operator", UID:"428db879-cf7d-41d8-83a7-3b098331aa7e", APIVersion:"apps/v1", ResourceVersion:"", FieldPath:""}): type: 'Normal' reason: 'RoleBindingCreated' Created RoleBinding.rbac.authorization.k8s.io/aws-ebs-csi-driver-operator-rolebinding -n openshift-cluster-csi-drivers because it was missing
2026-01-28T09:31:06.775284940Z I0128 09:31:06.775231       1 event.go:377] Event(v1.ObjectReference{Kind:"Deployment", Namespace:"openshift-cluster-storage-operator", Name:"cluster-storage-operator", UID:"428db879-cf7d-41d8-83a7-3b098331aa7e", APIVersion:"apps/v1", ResourceVersion:"", FieldPath:""}): type: 'Normal' reason: 'ClusterRoleCreated' Created ClusterRole.rbac.authorization.k8s.io/aws-ebs-csi-driver-operator-clusterrole because it was missing
2026-01-28T09:31:07.174627585Z I0128 09:31:07.174565       1 event.go:377] Event(v1.ObjectReference{Kind:"Deployment", Namespace:"openshift-cluster-storage-operator", Name:"cluster-storage-operator", UID:"428db879-cf7d-41d8-83a7-3b098331aa7e", APIVersion:"apps/v1", ResourceVersion:"", FieldPath:""}): type: 'Normal' reason: 'ClusterRoleBindingCreated' Created ClusterRoleBinding.rbac.authorization.k8s.io/aws-ebs-csi-driver-operator-clusterrolebinding because it was missing
2026-01-28T09:31:07.573477606Z I0128 09:31:07.573431       1 request.go:752] "Waited before sending request" delay="1.186112786s" reason="client-side throttling, not priority and fairness" verb="PATCH" URL="https://172.30.0.1:443/apis/operator.openshift.io/v1/storages/cluster/status?fieldManager=VolumeDataSourceValidatorDeploymentController-Deployment&force=true"
2026-01-28T09:31:07.574530518Z I0128 09:31:07.574500       1 event.go:377] Event(v1.ObjectReference{Kind:"Deployment", Namespace:"openshift-cluster-storage-operator", Name:"cluster-storage-operator", UID:"428db879-cf7d-41d8-83a7-3b098331aa7e", APIVersion:"apps/v1", ResourceVersion:"", FieldPath:""}): type: 'Normal' reason: 'RoleCreated' Created Role.rbac.authorization.k8s.io/aws-ebs-csi-driver-operator-aws-config-role -n openshift-config-managed because it was missing
2026-01-28T09:31:07.585401476Z I0128 09:31:07.585365       1 status_controller.go:229] clusteroperator/storage diff {"status":{"conditions":[{"lastTransitionTime":"2026-01-28T09:31:05Z","message":"All is well","reason":"AsExpected","status":"False","type":"Degraded"},{"lastTransitionTime":"2026-01-28T09:31:05Z","message":"AWSEBSProgressing: Waiting for Deployment to act on changes\nVolumeDataSourceValidatorDeploymentControllerProgressing: Waiting for Deployment to deploy pods","reason":"AWSEBS_Deploying::VolumeDataSourceValidatorDeploymentController_Deploying","status":"True","type":"Progressing"},{"lastTransitionTime":"2026-01-28T09:31:05Z","message":"DefaultStorageClassControllerAvailable: StorageClass provided by supplied CSI Driver instead of the cluster-storage-operator","reason":"AsExpected","status":"True","type":"Available"},{"lastTransitionTime":"2026-01-28T09:31:05Z","reason":"NoData","status":"Unknown","type":"Upgradeable"},{"lastTransitionTime":"2026-01-28T09:31:05Z","reason":"NoData","status":"Unknown","type":"EvaluationConditionsDetected"}]}}
2026-01-28T09:31:07.592499677Z I0128 09:31:07.592472       1 event.go:377] Event(v1.ObjectReference{Kind:"Deployment", Namespace:"openshift-cluster-storage-operator", Name:"cluster-storage-operator", UID:"428db879-cf7d-41d8-83a7-3b098331aa7e", APIVersion:"apps/v1", ResourceVersion:"", FieldPath:""}): type: 'Normal' reason: 'OperatorStatusChanged' Status for clusteroperator/storage changed: Progressing message changed from "AWSEBSProgressing: Waiting for Deployment to act on changes\nVolumeDataSourceValidatorDeploymentControllerProgressing: Waiting for Deployment to act on changes" to "AWSEBSProgressing: Waiting for Deployment to act on changes\nVolumeDataSourceValidatorDeploymentControllerProgressing: Waiting for Deployment to deploy pods"
2026-01-28T09:31:08.185048740Z I0128 09:31:08.184977       1 status_controller.go:229] clusteroperator/storage diff {"status":{"conditions":[{"lastTransitionTime":"2026-01-28T09:31:05Z","message":"All is well","reason":"AsExpected","status":"False","type":"Degraded"},{"lastTransitionTime":"2026-01-28T09:31:05Z","message":"AWSEBSProgressing: Waiting for Deployment to deploy pods\nVolumeDataSourceValidatorDeploymentControllerProgressing: Waiting for Deployment to deploy pods","reason":"AWSEBS_Deploying::VolumeDataSourceValidatorDeploymentController_Deploying","status":"True","type":"Progressing"},{"lastTransitionTime":"2026-01-28T09:31:05Z","message":"DefaultStorageClassControllerAvailable: StorageClass provided by supplied CSI Driver instead of the cluster-storage-operator","reason":"AsExpected","status":"True","type":"Available"},{"lastTransitionTime":"2026-01-28T09:31:05Z","reason":"NoData","status":"Unknown","type":"Upgradeable"},{"lastTransitionTime":"2026-01-28T09:31:05Z","reason":"NoData","status":"Unknown","type":"EvaluationConditionsDetected"}]}}
2026-01-28T09:31:08.196590726Z I0128 09:31:08.196548       1 event.go:377] Event(v1.ObjectReference{Kind:"Deployment", Namespace:"openshift-cluster-storage-operator", Name:"cluster-storage-operator", UID:"428db879-cf7d-41d8-83a7-3b098331aa7e", APIVersion:"apps/v1", ResourceVersion:"", FieldPath:""}): type: 'Normal' reason: 'OperatorStatusChanged' Status for clusteroperator/storage changed: Progressing message changed from "AWSEBSProgressing: Waiting for Deployment to act on changes\nVolumeDataSourceValidatorDeploymentControllerProgressing: Waiting for Deployment to deploy pods" to "AWSEBSProgressing: Waiting for Deployment to deploy pods\nVolumeDataSourceValidatorDeploymentControllerProgressing: Waiting for Deployment to deploy pods"
2026-01-28T09:31:08.385498287Z I0128 09:31:08.385430       1 event.go:377] Event(v1.ObjectReference{Kind:"Deployment", Namespace:"openshift-cluster-storage-operator", Name:"cluster-storage-operator", UID:"428db879-cf7d-41d8-83a7-3b098331aa7e", APIVersion:"apps/v1", ResourceVersion:"", FieldPath:""}): type: 'Normal' reason: 'RoleBindingCreated' Created RoleBinding.rbac.authorization.k8s.io/aws-ebs-csi-driver-operator-aws-config-clusterrolebinding -n openshift-config-managed because it was missing
2026-01-28T09:31:08.395052033Z E0128 09:31:08.395008       1 base_controller.go:279] "Unhandled Error" err="AWSEBSCSIDriverOperator reconciliation failed: Operation cannot be fulfilled on storages.operator.openshift.io \"cluster\": the object has been modified; please apply your changes to the latest version and try again"
2026-01-28T09:31:08.397961038Z I0128 09:31:08.397928       1 status_controller.go:229] clusteroperator/storage diff {"status":{"conditions":[{"lastTransitionTime":"2026-01-28T09:31:05Z","message":"AWSEBSCSIDriverOperatorDegraded: Operation cannot be fulfilled on storages.operator.openshift.io \"cluster\": the object has been modified; please apply your changes to the latest version and try again","reason":"AsExpected","status":"False","type":"Degraded"},{"lastTransitionTime":"2026-01-28T09:31:05Z","message":"AWSEBSProgressing: Waiting for Deployment to deploy pods\nVolumeDataSourceValidatorDeploymentControllerProgressing: Waiting for Deployment to deploy pods","reason":"AWSEBS_Deploying::VolumeDataSourceValidatorDeploymentController_Deploying","status":"True","type":"Progressing"},{"lastTransitionTime":"2026-01-28T09:31:05Z","message":"DefaultStorageClassControllerAvailable: StorageClass provided by supplied CSI Driver instead of the cluster-storage-operator","reason":"AsExpected","status":"True","type":"Available"},{"lastTransitionTime":"2026-01-28T09:31:05Z","reason":"NoData","status":"Unknown","type":"Upgradeable"},{"lastTransitionTime":"2026-01-28T09:31:05Z","reason":"NoData","status":"Unknown","type":"EvaluationConditionsDetected"}]}}
2026-01-28T09:31:08.425195918Z I0128 09:31:08.425145       1 event.go:377] Event(v1.ObjectReference{Kind:"Deployment", Namespace:"openshift-cluster-storage-operator", Name:"cluster-storage-operator", UID:"428db879-cf7d-41d8-83a7-3b098331aa7e", APIVersion:"apps/v1", ResourceVersion:"", FieldPath:""}): type: 'Normal' reason: 'OperatorStatusChanged' Status for clusteroperator/storage changed: Degraded message changed from "All is well" to "AWSEBSCSIDriverOperatorDegraded: Operation cannot be fulfilled on storages.operator.openshift.io \"cluster\": the object has been modified; please apply your changes to the latest version and try again"
2026-01-28T09:31:08.985574591Z I0128 09:31:08.985537       1 status_controller.go:229] clusteroperator/storage diff {"status":{"conditions":[{"lastTransitionTime":"2026-01-28T09:31:05Z","message":"AWSEBSCSIDriverOperatorDegraded: Operation cannot be fulfilled on storages.operator.openshift.io \"cluster\": the object has been modified; please apply your changes to the latest version and try again","reason":"AsExpected","status":"False","type":"Degraded"},{"lastTransitionTime":"2026-01-28T09:31:05Z","message":"AWSEBSCSIDriverOperatorCRProgressing: Waiting for AWSEBS operator to report status\nAWSEBSProgressing: Waiting for Deployment to deploy pods\nVolumeDataSourceValidatorDeploymentControllerProgressing: Waiting for Deployment to deploy pods","reason":"AWSEBSCSIDriverOperatorCR_WaitForOperator::AWSEBS_Deploying::VolumeDataSourceValidatorDeploymentController_Deploying","status":"True","type":"Progressing"},{"lastTransitionTime":"2026-01-28T09:31:08Z","message":"AWSEBSCSIDriverOperatorCRAvailable: Waiting for AWSEBS operator to report status","reason":"AWSEBSCSIDriverOperatorCR_WaitForOperator","status":"False","type":"Available"},{"lastTransitionTime":"2026-01-28T09:31:08Z","message":"All is well","reason":"AsExpected","status":"True","type":"Upgradeable"},{"lastTransitionTime":"2026-01-28T09:31:05Z","reason":"NoData","status":"Unknown","type":"EvaluationConditionsDetected"}]}}
2026-01-28T09:31:08.994178191Z I0128 09:31:08.994150       1 event.go:377] Event(v1.ObjectReference{Kind:"Deployment", Namespace:"openshift-cluster-storage-operator", Name:"cluster-storage-operator", UID:"428db879-cf7d-41d8-83a7-3b098331aa7e", APIVersion:"apps/v1", ResourceVersion:"", FieldPath:""}): type: 'Normal' reason: 'OperatorStatusChanged' Status for clusteroperator/storage changed: Progressing message changed from "AWSEBSProgressing: Waiting for Deployment to deploy pods\nVolumeDataSourceValidatorDeploymentControllerProgressing: Waiting for Deployment to deploy pods" to "AWSEBSCSIDriverOperatorCRProgressing: Waiting for AWSEBS operator to report status\nAWSEBSProgressing: Waiting for Deployment to deploy pods\nVolumeDataSourceValidatorDeploymentControllerProgressing: Waiting for Deployment to deploy pods",Available changed from True to False ("AWSEBSCSIDriverOperatorCRAvailable: Waiting for AWSEBS operator to report status"),Upgradeable changed from Unknown to True ("All is well")
2026-01-28T09:31:09.187419897Z I0128 09:31:09.187378       1 status_controller.go:229] clusteroperator/storage diff {"status":{"conditions":[{"lastTransitionTime":"2026-01-28T09:31:05Z","message":"All is well","reason":"AsExpected","status":"False","type":"Degraded"},{"lastTransitionTime":"2026-01-28T09:31:05Z","message":"AWSEBSCSIDriverOperatorCRProgressing: Waiting for AWSEBS operator to report status\nAWSEBSProgressing: Waiting for Deployment to deploy pods\nVolumeDataSourceValidatorDeploymentControllerProgressing: Waiting for Deployment to deploy pods","reason":"AWSEBSCSIDriverOperatorCR_WaitForOperator::AWSEBS_Deploying::VolumeDataSourceValidatorDeploymentController_Deploying","status":"True","type":"Progressing"},{"lastTransitionTime":"2026-01-28T09:31:08Z","message":"AWSEBSCSIDriverOperatorCRAvailable: Waiting for AWSEBS operator to report status","reason":"AWSEBSCSIDriverOperatorCR_WaitForOperator","status":"False","type":"Available"},{"lastTransitionTime":"2026-01-28T09:31:08Z","message":"All is well","reason":"AsExpected","status":"True","type":"Upgradeable"},{"lastTransitionTime":"2026-01-28T09:31:05Z","reason":"NoData","status":"Unknown","type":"EvaluationConditionsDetected"}]}}
2026-01-28T09:31:09.194763594Z I0128 09:31:09.194727       1 event.go:377] Event(v1.ObjectReference{Kind:"Deployment", Namespace:"openshift-cluster-storage-operator", Name:"cluster-storage-operator", UID:"428db879-cf7d-41d8-83a7-3b098331aa7e", APIVersion:"apps/v1", ResourceVersion:"", FieldPath:""}): type: 'Normal' reason: 'OperatorStatusChanged' Status for clusteroperator/storage changed: Degraded message changed from "AWSEBSCSIDriverOperatorDegraded: Operation cannot be fulfilled on storages.operator.openshift.io \"cluster\": the object has been modified; please apply your changes to the latest version and try again" to "All is well"
2026-01-28T09:31:11.404107951Z I0128 09:31:11.402789       1 status_controller.go:229] clusteroperator/storage diff {"status":{"conditions":[{"lastTransitionTime":"2026-01-28T09:31:05Z","message":"All is well","reason":"AsExpected","status":"False","type":"Degraded"},{"lastTransitionTime":"2026-01-28T09:31:05Z","message":"AWSEBSCSIDriverOperatorCRProgressing: Waiting for AWSEBS operator to report status\nVolumeDataSourceValidatorDeploymentControllerProgressing: Waiting for Deployment to deploy pods","reason":"AWSEBSCSIDriverOperatorCR_WaitForOperator::VolumeDataSourceValidatorDeploymentController_Deploying","status":"True","type":"Progressing"},{"lastTransitionTime":"2026-01-28T09:31:08Z","message":"AWSEBSCSIDriverOperatorCRAvailable: Waiting for AWSEBS operator to report status","reason":"AWSEBSCSIDriverOperatorCR_WaitForOperator","status":"False","type":"Available"},{"lastTransitionTime":"2026-01-28T09:31:08Z","message":"All is well","reason":"AsExpected","status":"True","type":"Upgradeable"},{"lastTransitionTime":"2026-01-28T09:31:05Z","reason":"NoData","status":"Unknown","type":"EvaluationConditionsDetected"}]}}
2026-01-28T09:31:11.416761843Z I0128 09:31:11.416683       1 event.go:377] Event(v1.ObjectReference{Kind:"Deployment", Namespace:"openshift-cluster-storage-operator", Name:"cluster-storage-operator", UID:"428db879-cf7d-41d8-83a7-3b098331aa7e", APIVersion:"apps/v1", ResourceVersion:"", FieldPath:""}): type: 'Normal' reason: 'OperatorStatusChanged' Status for clusteroperator/storage changed: Progressing message changed from "AWSEBSCSIDriverOperatorCRProgressing: Waiting for AWSEBS operator to report status\nAWSEBSProgressing: Waiting for Deployment to deploy pods\nVolumeDataSourceValidatorDeploymentControllerProgressing: Waiting for Deployment to deploy pods" to "AWSEBSCSIDriverOperatorCRProgressing: Waiting for AWSEBS operator to report status\nVolumeDataSourceValidatorDeploymentControllerProgressing: Waiting for Deployment to deploy pods"
2026-01-28T09:31:12.115939335Z I0128 09:31:12.115899       1 status_controller.go:229] clusteroperator/storage diff {"status":{"conditions":[{"lastTransitionTime":"2026-01-28T09:31:05Z","message":"AWSEBSCSIDriverOperatorCRDegraded: All is well","reason":"AsExpected","status":"False","type":"Degraded"},{"lastTransitionTime":"2026-01-28T09:31:05Z","message":"AWSEBSCSIDriverOperatorCRProgressing: Waiting for AWSEBS operator to report status\nVolumeDataSourceValidatorDeploymentControllerProgressing: Waiting for Deployment to deploy pods","reason":"AWSEBSCSIDriverOperatorCR_WaitForOperator::VolumeDataSourceValidatorDeploymentController_Deploying","status":"True","type":"Progressing"},{"lastTransitionTime":"2026-01-28T09:31:08Z","message":"AWSEBSCSIDriverOperatorCRAvailable: Waiting for AWSEBS operator to report status","reason":"AWSEBSCSIDriverOperatorCR_WaitForOperator","status":"False","type":"Available"},{"lastTransitionTime":"2026-01-28T09:31:08Z","message":"All is well","reason":"AsExpected","status":"True","type":"Upgradeable"},{"lastTransitionTime":"2026-01-28T09:31:05Z","reason":"NoData","status":"Unknown","type":"EvaluationConditionsDetected"}]}}
2026-01-28T09:31:12.154038087Z I0128 09:31:12.153962       1 event.go:377] Event(v1.ObjectReference{Kind:"Deployment", Namespace:"openshift-cluster-storage-operator", Name:"cluster-storage-operator", UID:"428db879-cf7d-41d8-83a7-3b098331aa7e", APIVersion:"apps/v1", ResourceVersion:"", FieldPath:""}): type: 'Normal' reason: 'OperatorStatusChanged' Status for clusteroperator/storage changed: Degraded message changed from "All is well" to "AWSEBSCSIDriverOperatorCRDegraded: All is well"
2026-01-28T09:31:12.180485417Z I0128 09:31:12.180455       1 status_controller.go:229] clusteroperator/storage diff {"status":{"conditions":[{"lastTransitionTime":"2026-01-28T09:31:05Z","message":"AWSEBSCSIDriverOperatorCRDegraded: All is well","reason":"AsExpected","status":"False","type":"Degraded"},{"lastTransitionTime":"2026-01-28T09:31:05Z","message":"AWSEBSCSIDriverOperatorCRProgressing: AWSEBSDriverControllerServiceControllerProgressing: Waiting for Deployment to act on changes\nVolumeDataSourceValidatorDeploymentControllerProgressing: Waiting for Deployment to deploy pods","reason":"AWSEBSCSIDriverOperatorCR_AWSEBSDriverControllerServiceController_Deploying::VolumeDataSourceValidatorDeploymentController_Deploying","status":"True","type":"Progressing"},{"lastTransitionTime":"2026-01-28T09:31:08Z","message":"AWSEBSCSIDriverOperatorCRAvailable: AWSEBSDriverControllerServiceControllerAvailable: Waiting for Deployment","reason":"AWSEBSCSIDriverOperatorCR_AWSEBSDriverControllerServiceController_Deploying","status":"False","type":"Available"},{"lastTransitionTime":"2026-01-28T09:31:08Z","message":"All is well","reason":"AsExpected","status":"True","type":"Upgradeable"},{"lastTransitionTime":"2026-01-28T09:31:05Z","reason":"NoData","status":"Unknown","type":"EvaluationConditionsDetected"}]}}
2026-01-28T09:31:12.209287485Z I0128 09:31:12.209244       1 event.go:377] Event(v1.ObjectReference{Kind:"Deployment", Namespace:"openshift-cluster-storage-operator", Name:"cluster-storage-operator", UID:"428db879-cf7d-41d8-83a7-3b098331aa7e", APIVersion:"apps/v1", ResourceVersion:"", FieldPath:""}): type: 'Normal' reason: 'OperatorStatusChanged' Status for clusteroperator/storage changed: Progressing message changed from "AWSEBSCSIDriverOperatorCRProgressing: Waiting for AWSEBS operator to report status\nVolumeDataSourceValidatorDeploymentControllerProgressing: Waiting for Deployment to deploy pods" to "AWSEBSCSIDriverOperatorCRProgressing: AWSEBSDriverControllerServiceControllerProgressing: Waiting for Deployment to act on changes\nVolumeDataSourceValidatorDeploymentControllerProgressing: Waiting for Deployment to deploy pods",Available message changed from "AWSEBSCSIDriverOperatorCRAvailable: Waiting for AWSEBS operator to report status" to "AWSEBSCSIDriverOperatorCRAvailable: AWSEBSDriverControllerServiceControllerAvailable: Waiting for Deployment"
2026-01-28T09:31:12.233712904Z I0128 09:31:12.233676       1 status_controller.go:229] clusteroperator/storage diff {"status":{"conditions":[{"lastTransitionTime":"2026-01-28T09:31:05Z","message":"AWSEBSCSIDriverOperatorCRDegraded: All is well","reason":"AsExpected","status":"False","type":"Degraded"},{"lastTransitionTime":"2026-01-28T09:31:05Z","message":"AWSEBSCSIDriverOperatorCRProgressing: AWSEBSDriverControllerServiceControllerProgressing: Waiting for Deployment to act on changes\nAWSEBSCSIDriverOperatorCRProgressing: AWSEBSDriverNodeServiceControllerProgressing: Waiting for DaemonSet to act on changes\nVolumeDataSourceValidatorDeploymentControllerProgressing: Waiting for Deployment to deploy pods","reason":"AWSEBSCSIDriverOperatorCR_AWSEBSDriverControllerServiceController_Deploying::AWSEBSDriverNodeServiceController_Deploying::VolumeDataSourceValidatorDeploymentController_Deploying","status":"True","type":"Progressing"},{"lastTransitionTime":"2026-01-28T09:31:08Z","message":"AWSEBSCSIDriverOperatorCRAvailable: AWSEBSDriverControllerServiceControllerAvailable: Waiting for Deployment\nAWSEBSCSIDriverOperatorCRAvailable: AWSEBSDriverNodeServiceControllerAvailable: Waiting for the DaemonSet to deploy the CSI Node Service","reason":"AWSEBSCSIDriverOperatorCR_AWSEBSDriverControllerServiceController_Deploying::AWSEBSDriverNodeServiceController_Deploying","status":"False","type":"Available"},{"lastTransitionTime":"2026-01-28T09:31:08Z","message":"All is well","reason":"AsExpected","status":"True","type":"Upgradeable"},{"lastTransitionTime":"2026-01-28T09:31:05Z","reason":"NoData","status":"Unknown","type":"EvaluationConditionsDetected"}]}}
2026-01-28T09:31:12.251419508Z I0128 09:31:12.251374       1 event.go:377] Event(v1.ObjectReference{Kind:"Deployment", Namespace:"openshift-cluster-storage-operator", Name:"cluster-storage-operator", UID:"428db879-cf7d-41d8-83a7-3b098331aa7e", APIVersion:"apps/v1", ResourceVersion:"", FieldPath:""}): type: 'Normal' reason: 'OperatorStatusChanged' Status for clusteroperator/storage changed: Progressing message changed from "AWSEBSCSIDriverOperatorCRProgressing: AWSEBSDriverControllerServiceControllerProgressing: Waiting for Deployment to act on changes\nVolumeDataSourceValidatorDeploymentControllerProgressing: Waiting for Deployment to deploy pods" to "AWSEBSCSIDriverOperatorCRProgressing: AWSEBSDriverControllerServiceControllerProgressing: Waiting for Deployment to act on changes\nAWSEBSCSIDriverOperatorCRProgressing: AWSEBSDriverNodeServiceControllerProgressing: Waiting for DaemonSet to act on changes\nVolumeDataSourceValidatorDeploymentControllerProgressing: Waiting for Deployment to deploy pods",Available message changed from "AWSEBSCSIDriverOperatorCRAvailable: AWSEBSDriverControllerServiceControllerAvailable: Waiting for Deployment" to "AWSEBSCSIDriverOperatorCRAvailable: AWSEBSDriverControllerServiceControllerAvailable: Waiting for Deployment\nAWSEBSCSIDriverOperatorCRAvailable: AWSEBSDriverNodeServiceControllerAvailable: Waiting for the DaemonSet to deploy the CSI Node Service"
2026-01-28T09:31:12.256232849Z I0128 09:31:12.256198       1 status_controller.go:229] clusteroperator/storage diff {"status":{"conditions":[{"lastTransitionTime":"2026-01-28T09:31:05Z","message":"AWSEBSCSIDriverOperatorCRDegraded: AWSEBSDriverControllerServiceControllerDegraded: Operation cannot be fulfilled on deployments.apps \"aws-ebs-csi-driver-controller\": the object has been modified; please apply your changes to the latest version and try again","reason":"AsExpected","status":"False","type":"Degraded"},{"lastTransitionTime":"2026-01-28T09:31:05Z","message":"AWSEBSCSIDriverOperatorCRProgressing: AWSEBSDriverControllerServiceControllerProgressing: Waiting for Deployment to act on changes\nAWSEBSCSIDriverOperatorCRProgressing: AWSEBSDriverNodeServiceControllerProgressing: Waiting for DaemonSet to act on changes\nVolumeDataSourceValidatorDeploymentControllerProgressing: Waiting for Deployment to deploy pods","reason":"AWSEBSCSIDriverOperatorCR_AWSEBSDriverControllerServiceController_Deploying::AWSEBSDriverNodeServiceController_Deploying::VolumeDataSourceValidatorDeploymentController_Deploying","status":"True","type":"Progressing"},{"lastTransitionTime":"2026-01-28T09:31:08Z","message":"AWSEBSCSIDriverOperatorCRAvailable: AWSEBSDriverControllerServiceControllerAvailable: Waiting for Deployment\nAWSEBSCSIDriverOperatorCRAvailable: AWSEBSDriverNodeServiceControllerAvailable: Waiting for the DaemonSet to deploy the CSI Node Service","reason":"AWSEBSCSIDriverOperatorCR_AWSEBSDriverControllerServiceController_Deploying::AWSEBSDriverNodeServiceController_Deploying","status":"False","type":"Available"},{"lastTransitionTime":"2026-01-28T09:31:08Z","message":"All is well","reason":"AsExpected","status":"True","type":"Upgradeable"},{"lastTransitionTime":"2026-01-28T09:31:05Z","reason":"NoData","status":"Unknown","type":"EvaluationConditionsDetected"}]}}
2026-01-28T09:31:12.269870979Z I0128 09:31:12.265515       1 event.go:377] Event(v1.ObjectReference{Kind:"Deployment", Namespace:"openshift-cluster-storage-operator", Name:"cluster-storage-operator", UID:"428db879-cf7d-41d8-83a7-3b098331aa7e", APIVersion:"apps/v1", ResourceVersion:"", FieldPath:""}): type: 'Normal' reason: 'OperatorStatusChanged' Status for clusteroperator/storage changed: Degraded message changed from "AWSEBSCSIDriverOperatorCRDegraded: All is well" to "AWSEBSCSIDriverOperatorCRDegraded: AWSEBSDriverControllerServiceControllerDegraded: Operation cannot be fulfilled on deployments.apps \"aws-ebs-csi-driver-controller\": the object has been modified; please apply your changes to the latest version and try again"
2026-01-28T09:31:12.834423691Z I0128 09:31:12.834368       1 status_controller.go:229] clusteroperator/storage diff {"status":{"conditions":[{"lastTransitionTime":"2026-01-28T09:31:05Z","message":"AWSEBSCSIDriverOperatorCRDegraded: AWSEBSDriverControllerServiceControllerDegraded: Operation cannot be fulfilled on deployments.apps \"aws-ebs-csi-driver-controller\": the object has been modified; please apply your changes to the latest version and try again","reason":"AsExpected","status":"False","type":"Degraded"},{"lastTransitionTime":"2026-01-28T09:31:05Z","message":"AWSEBSCSIDriverOperatorCRProgressing: AWSEBSDriverControllerServiceControllerProgressing: Waiting for Deployment to act on changes\nAWSEBSCSIDriverOperatorCRProgressing: AWSEBSDriverNodeServiceControllerProgressing: Waiting for DaemonSet to update 3 node pods\nVolumeDataSourceValidatorDeploymentControllerProgressing: Waiting for Deployment to deploy pods","reason":"AWSEBSCSIDriverOperatorCR_AWSEBSDriverControllerServiceController_Deploying::AWSEBSDriverNodeServiceController_Deploying::VolumeDataSourceValidatorDeploymentController_Deploying","status":"True","type":"Progressing"},{"lastTransitionTime":"2026-01-28T09:31:08Z","message":"AWSEBSCSIDriverOperatorCRAvailable: AWSEBSDriverControllerServiceControllerAvailable: Waiting for Deployment\nAWSEBSCSIDriverOperatorCRAvailable: AWSEBSDriverNodeServiceControllerAvailable: Waiting for the DaemonSet to deploy the CSI Node Service","reason":"AWSEBSCSIDriverOperatorCR_AWSEBSDriverControllerServiceController_Deploying::AWSEBSDriverNodeServiceController_Deploying","status":"False","type":"Available"},{"lastTransitionTime":"2026-01-28T09:31:08Z","message":"All is well","reason":"AsExpected","status":"True","type":"Upgradeable"},{"lastTransitionTime":"2026-01-28T09:31:05Z","reason":"NoData","status":"Unknown","type":"EvaluationConditionsDetected"}]}}
2026-01-28T09:31:12.845732516Z I0128 09:31:12.845674       1 event.go:377] Event(v1.ObjectReference{Kind:"Deployment", Namespace:"openshift-cluster-storage-operator", Name:"cluster-storage-operator", UID:"428db879-cf7d-41d8-83a7-3b098331aa7e", APIVersion:"apps/v1", ResourceVersion:"", FieldPath:""}): type: 'Normal' reason: 'OperatorStatusChanged' Status for clusteroperator/storage changed: Progressing message changed from "AWSEBSCSIDriverOperatorCRProgressing: AWSEBSDriverControllerServiceControllerProgressing: Waiting for Deployment to act on changes\nAWSEBSCSIDriverOperatorCRProgressing: AWSEBSDriverNodeServiceControllerProgressing: Waiting for DaemonSet to act on changes\nVolumeDataSourceValidatorDeploymentControllerProgressing: Waiting for Deployment to deploy pods" to "AWSEBSCSIDriverOperatorCRProgressing: AWSEBSDriverControllerServiceControllerProgressing: Waiting for Deployment to act on changes\nAWSEBSCSIDriverOperatorCRProgressing: AWSEBSDriverNodeServiceControllerProgressing: Waiting for DaemonSet to update 3 node pods\nVolumeDataSourceValidatorDeploymentControllerProgressing: Waiting for Deployment to deploy pods"
2026-01-28T09:31:13.061840804Z I0128 09:31:13.061777       1 status_controller.go:229] clusteroperator/storage diff {"status":{"conditions":[{"lastTransitionTime":"2026-01-28T09:31:05Z","message":"AWSEBSCSIDriverOperatorCRDegraded: All is well","reason":"AsExpected","status":"False","type":"Degraded"},{"lastTransitionTime":"2026-01-28T09:31:05Z","message":"AWSEBSCSIDriverOperatorCRProgressing: AWSEBSDriverControllerServiceControllerProgressing: Waiting for Deployment to act on changes\nAWSEBSCSIDriverOperatorCRProgressing: AWSEBSDriverNodeServiceControllerProgressing: Waiting for DaemonSet to update 3 node pods\nVolumeDataSourceValidatorDeploymentControllerProgressing: Waiting for Deployment to deploy pods","reason":"AWSEBSCSIDriverOperatorCR_AWSEBSDriverControllerServiceController_Deploying::AWSEBSDriverNodeServiceController_Deploying::VolumeDataSourceValidatorDeploymentController_Deploying","status":"True","type":"Progressing"},{"lastTransitionTime":"2026-01-28T09:31:08Z","message":"AWSEBSCSIDriverOperatorCRAvailable: AWSEBSDriverControllerServiceControllerAvailable: Waiting for Deployment\nAWSEBSCSIDriverOperatorCRAvailable: AWSEBSDriverNodeServiceControllerAvailable: Waiting for the DaemonSet to deploy the CSI Node Service","reason":"AWSEBSCSIDriverOperatorCR_AWSEBSDriverControllerServiceController_Deploying::AWSEBSDriverNodeServiceController_Deploying","status":"False","type":"Available"},{"lastTransitionTime":"2026-01-28T09:31:08Z","message":"All is well","reason":"AsExpected","status":"True","type":"Upgradeable"},{"lastTransitionTime":"2026-01-28T09:31:05Z","reason":"NoData","status":"Unknown","type":"EvaluationConditionsDetected"}]}}
2026-01-28T09:31:13.074558648Z I0128 09:31:13.074427       1 event.go:377] Event(v1.ObjectReference{Kind:"Deployment", Namespace:"openshift-cluster-storage-operator", Name:"cluster-storage-operator", UID:"428db879-cf7d-41d8-83a7-3b098331aa7e", APIVersion:"apps/v1", ResourceVersion:"", FieldPath:""}): type: 'Normal' reason: 'OperatorStatusChanged' Status for clusteroperator/storage changed: Degraded message changed from "AWSEBSCSIDriverOperatorCRDegraded: AWSEBSDriverControllerServiceControllerDegraded: Operation cannot be fulfilled on deployments.apps \"aws-ebs-csi-driver-controller\": the object has been modified; please apply your changes to the latest version and try again" to "AWSEBSCSIDriverOperatorCRDegraded: All is well"
2026-01-28T09:31:13.229336575Z I0128 09:31:13.229297       1 status_controller.go:229] clusteroperator/storage diff {"status":{"conditions":[{"lastTransitionTime":"2026-01-28T09:31:05Z","message":"AWSEBSCSIDriverOperatorCRDegraded: All is well","reason":"AsExpected","status":"False","type":"Degraded"},{"lastTransitionTime":"2026-01-28T09:31:05Z","message":"AWSEBSCSIDriverOperatorCRProgressing: AWSEBSDriverControllerServiceControllerProgressing: Waiting for Deployment to act on changes\nAWSEBSCSIDriverOperatorCRProgressing: AWSEBSDriverNodeServiceControllerProgressing: Waiting for DaemonSet to act on changes\nVolumeDataSourceValidatorDeploymentControllerProgressing: Waiting for Deployment to deploy pods","reason":"AWSEBSCSIDriverOperatorCR_AWSEBSDriverControllerServiceController_Deploying::AWSEBSDriverNodeServiceController_Deploying::VolumeDataSourceValidatorDeploymentController_Deploying","status":"True","type":"Progressing"},{"lastTransitionTime":"2026-01-28T09:31:08Z","message":"AWSEBSCSIDriverOperatorCRAvailable: AWSEBSDriverControllerServiceControllerAvailable: Waiting for Deployment\nAWSEBSCSIDriverOperatorCRAvailable: AWSEBSDriverNodeServiceControllerAvailable: Waiting for the DaemonSet to deploy the CSI Node Service","reason":"AWSEBSCSIDriverOperatorCR_AWSEBSDriverControllerServiceController_Deploying::AWSEBSDriverNodeServiceController_Deploying","status":"False","type":"Available"},{"lastTransitionTime":"2026-01-28T09:31:08Z","message":"All is well","reason":"AsExpected","status":"True","type":"Upgradeable"},{"lastTransitionTime":"2026-01-28T09:31:05Z","reason":"NoData","status":"Unknown","type":"EvaluationConditionsDetected"}]}}
2026-01-28T09:31:13.237170216Z I0128 09:31:13.237141       1 event.go:377] Event(v1.ObjectReference{Kind:"Deployment", Namespace:"openshift-cluster-storage-operator", Name:"cluster-storage-operator", UID:"428db879-cf7d-41d8-83a7-3b098331aa7e", APIVersion:"apps/v1", ResourceVersion:"", FieldPath:""}): type: 'Normal' reason: 'OperatorStatusChanged' Status for clusteroperator/storage changed: Progressing message changed from "AWSEBSCSIDriverOperatorCRProgressing: AWSEBSDriverControllerServiceControllerProgressing: Waiting for Deployment to act on changes\nAWSEBSCSIDriverOperatorCRProgressing: AWSEBSDriverNodeServiceControllerProgressing: Waiting for DaemonSet to update 3 node pods\nVolumeDataSourceValidatorDeploymentControllerProgressing: Waiting for Deployment to deploy pods" to "AWSEBSCSIDriverOperatorCRProgressing: AWSEBSDriverControllerServiceControllerProgressing: Waiting for Deployment to act on changes\nAWSEBSCSIDriverOperatorCRProgressing: AWSEBSDriverNodeServiceControllerProgressing: Waiting for DaemonSet to act on changes\nVolumeDataSourceValidatorDeploymentControllerProgressing: Waiting for Deployment to deploy pods"
2026-01-28T09:31:13.832579778Z I0128 09:31:13.832540       1 status_controller.go:229] clusteroperator/storage diff {"status":{"conditions":[{"lastTransitionTime":"2026-01-28T09:31:05Z","message":"AWSEBSCSIDriverOperatorCRDegraded: All is well","reason":"AsExpected","status":"False","type":"Degraded"},{"lastTransitionTime":"2026-01-28T09:31:05Z","message":"AWSEBSCSIDriverOperatorCRProgressing: AWSEBSDriverControllerServiceControllerProgressing: Waiting for Deployment to act on changes\nAWSEBSCSIDriverOperatorCRProgressing: AWSEBSDriverNodeServiceControllerProgressing: Waiting for DaemonSet to update 3 node pods\nVolumeDataSourceValidatorDeploymentControllerProgressing: Waiting for Deployment to deploy pods","reason":"AWSEBSCSIDriverOperatorCR_AWSEBSDriverControllerServiceController_Deploying::AWSEBSDriverNodeServiceController_Deploying::VolumeDataSourceValidatorDeploymentController_Deploying","status":"True","type":"Progressing"},{"lastTransitionTime":"2026-01-28T09:31:08Z","message":"AWSEBSCSIDriverOperatorCRAvailable: AWSEBSDriverControllerServiceControllerAvailable: Waiting for Deployment\nAWSEBSCSIDriverOperatorCRAvailable: AWSEBSDriverNodeServiceControllerAvailable: Waiting for the DaemonSet to deploy the CSI Node Service","reason":"AWSEBSCSIDriverOperatorCR_AWSEBSDriverControllerServiceController_Deploying::AWSEBSDriverNodeServiceController_Deploying","status":"False","type":"Available"},{"lastTransitionTime":"2026-01-28T09:31:08Z","message":"All is well","reason":"AsExpected","status":"True","type":"Upgradeable"},{"lastTransitionTime":"2026-01-28T09:31:05Z","reason":"NoData","status":"Unknown","type":"EvaluationConditionsDetected"}]}}
2026-01-28T09:31:13.840716994Z I0128 09:31:13.840684       1 event.go:377] Event(v1.ObjectReference{Kind:"Deployment", Namespace:"openshift-cluster-storage-operator", Name:"cluster-storage-operator", UID:"428db879-cf7d-41d8-83a7-3b098331aa7e", APIVersion:"apps/v1", ResourceVersion:"", FieldPath:""}): type: 'Normal' reason: 'OperatorStatusChanged' Status for clusteroperator/storage changed: Progressing message changed from "AWSEBSCSIDriverOperatorCRProgressing: AWSEBSDriverControllerServiceControllerProgressing: Waiting for Deployment to act on changes\nAWSEBSCSIDriverOperatorCRProgressing: AWSEBSDriverNodeServiceControllerProgressing: Waiting for DaemonSet to act on changes\nVolumeDataSourceValidatorDeploymentControllerProgressing: Waiting for Deployment to deploy pods" to "AWSEBSCSIDriverOperatorCRProgressing: AWSEBSDriverControllerServiceControllerProgressing: Waiting for Deployment to act on changes\nAWSEBSCSIDriverOperatorCRProgressing: AWSEBSDriverNodeServiceControllerProgressing: Waiting for DaemonSet to update 3 node pods\nVolumeDataSourceValidatorDeploymentControllerProgressing: Waiting for Deployment to deploy pods"
2026-01-28T09:31:14.429907006Z I0128 09:31:14.429698       1 status_controller.go:229] clusteroperator/storage diff {"status":{"conditions":[{"lastTransitionTime":"2026-01-28T09:31:05Z","message":"AWSEBSCSIDriverOperatorCRDegraded: All is well","reason":"AsExpected","status":"False","type":"Degraded"},{"lastTransitionTime":"2026-01-28T09:31:05Z","message":"AWSEBSCSIDriverOperatorCRProgressing: AWSEBSDriverControllerServiceControllerProgressing: Waiting for Deployment to deploy pods\nAWSEBSCSIDriverOperatorCRProgressing: AWSEBSDriverNodeServiceControllerProgressing: Waiting for DaemonSet to update 3 node pods\nVolumeDataSourceValidatorDeploymentControllerProgressing: Waiting for Deployment to deploy pods","reason":"AWSEBSCSIDriverOperatorCR_AWSEBSDriverControllerServiceController_Deploying::AWSEBSDriverNodeServiceController_Deploying::VolumeDataSourceValidatorDeploymentController_Deploying","status":"True","type":"Progressing"},{"lastTransitionTime":"2026-01-28T09:31:08Z","message":"AWSEBSCSIDriverOperatorCRAvailable: AWSEBSDriverControllerServiceControllerAvailable: Waiting for Deployment\nAWSEBSCSIDriverOperatorCRAvailable: AWSEBSDriverNodeServiceControllerAvailable: Waiting for the DaemonSet to deploy the CSI Node Service","reason":"AWSEBSCSIDriverOperatorCR_AWSEBSDriverControllerServiceController_Deploying::AWSEBSDriverNodeServiceController_Deploying","status":"False","type":"Available"},{"lastTransitionTime":"2026-01-28T09:31:08Z","message":"All is well","reason":"AsExpected","status":"True","type":"Upgradeable"},{"lastTransitionTime":"2026-01-28T09:31:05Z","reason":"NoData","status":"Unknown","type":"EvaluationConditionsDetected"}]}}
2026-01-28T09:31:14.439786979Z I0128 09:31:14.439758       1 event.go:377] Event(v1.ObjectReference{Kind:"Deployment", Namespace:"openshift-cluster-storage-operator", Name:"cluster-storage-operator", UID:"428db879-cf7d-41d8-83a7-3b098331aa7e", APIVersion:"apps/v1", ResourceVersion:"", FieldPath:""}): type: 'Normal' reason: 'OperatorStatusChanged' Status for clusteroperator/storage changed: Progressing message changed from "AWSEBSCSIDriverOperatorCRProgressing: AWSEBSDriverControllerServiceControllerProgressing: Waiting for Deployment to act on changes\nAWSEBSCSIDriverOperatorCRProgressing: AWSEBSDriverNodeServiceControllerProgressing: Waiting for DaemonSet to update 3 node pods\nVolumeDataSourceValidatorDeploymentControllerProgressing: Waiting for Deployment to deploy pods" to "AWSEBSCSIDriverOperatorCRProgressing: AWSEBSDriverControllerServiceControllerProgressing: Waiting for Deployment to deploy pods\nAWSEBSCSIDriverOperatorCRProgressing: AWSEBSDriverNodeServiceControllerProgressing: Waiting for DaemonSet to update 3 node pods\nVolumeDataSourceValidatorDeploymentControllerProgressing: Waiting for Deployment to deploy pods"
2026-01-28T09:31:20.598654202Z I0128 09:31:20.598245       1 status_controller.go:229] clusteroperator/storage diff {"status":{"conditions":[{"lastTransitionTime":"2026-01-28T09:31:05Z","message":"AWSEBSCSIDriverOperatorCRDegraded: All is well","reason":"AsExpected","status":"False","type":"Degraded"},{"lastTransitionTime":"2026-01-28T09:31:05Z","message":"AWSEBSCSIDriverOperatorCRProgressing: AWSEBSDriverControllerServiceControllerProgressing: Waiting for Deployment to deploy pods\nAWSEBSCSIDriverOperatorCRProgressing: AWSEBSDriverNodeServiceControllerProgressing: Waiting for DaemonSet to deploy node pods\nVolumeDataSourceValidatorDeploymentControllerProgressing: Waiting for Deployment to deploy pods","reason":"AWSEBSCSIDriverOperatorCR_AWSEBSDriverControllerServiceController_Deploying::AWSEBSDriverNodeServiceController_Deploying::VolumeDataSourceValidatorDeploymentController_Deploying","status":"True","type":"Progressing"},{"lastTransitionTime":"2026-01-28T09:31:08Z","message":"AWSEBSCSIDriverOperatorCRAvailable: AWSEBSDriverControllerServiceControllerAvailable: Waiting for Deployment\nAWSEBSCSIDriverOperatorCRAvailable: AWSEBSDriverNodeServiceControllerAvailable: Waiting for the DaemonSet to deploy the CSI Node Service","reason":"AWSEBSCSIDriverOperatorCR_AWSEBSDriverControllerServiceController_Deploying::AWSEBSDriverNodeServiceController_Deploying","status":"False","type":"Available"},{"lastTransitionTime":"2026-01-28T09:31:08Z","message":"All is well","reason":"AsExpected","status":"True","type":"Upgradeable"},{"lastTransitionTime":"2026-01-28T09:31:05Z","reason":"NoData","status":"Unknown","type":"EvaluationConditionsDetected"}]}}
2026-01-28T09:31:20.606827870Z I0128 09:31:20.606781       1 event.go:377] Event(v1.ObjectReference{Kind:"Deployment", Namespace:"openshift-cluster-storage-operator", Name:"cluster-storage-operator", UID:"428db879-cf7d-41d8-83a7-3b098331aa7e", APIVersion:"apps/v1", ResourceVersion:"", FieldPath:""}): type: 'Normal' reason: 'OperatorStatusChanged' Status for clusteroperator/storage changed: Progressing message changed from "AWSEBSCSIDriverOperatorCRProgressing: AWSEBSDriverControllerServiceControllerProgressing: Waiting for Deployment to deploy pods\nAWSEBSCSIDriverOperatorCRProgressing: AWSEBSDriverNodeServiceControllerProgressing: Waiting for DaemonSet to update 3 node pods\nVolumeDataSourceValidatorDeploymentControllerProgressing: Waiting for Deployment to deploy pods" to "AWSEBSCSIDriverOperatorCRProgressing: AWSEBSDriverControllerServiceControllerProgressing: Waiting for Deployment to deploy pods\nAWSEBSCSIDriverOperatorCRProgressing: AWSEBSDriverNodeServiceControllerProgressing: Waiting for DaemonSet to deploy node pods\nVolumeDataSourceValidatorDeploymentControllerProgressing: Waiting for Deployment to deploy pods"
2026-01-28T09:31:53.000842662Z I0128 09:31:52.991711       1 status_controller.go:229] clusteroperator/storage diff {"status":{"conditions":[{"lastTransitionTime":"2026-01-28T09:31:05Z","message":"AWSEBSCSIDriverOperatorCRDegraded: All is well","reason":"AsExpected","status":"False","type":"Degraded"},{"lastTransitionTime":"2026-01-28T09:31:05Z","message":"AWSEBSCSIDriverOperatorCRProgressing: AWSEBSDriverControllerServiceControllerProgressing: Waiting for Deployment to deploy pods\nAWSEBSCSIDriverOperatorCRProgressing: AWSEBSDriverNodeServiceControllerProgressing: Waiting for DaemonSet to deploy node pods\nVolumeDataSourceValidatorDeploymentControllerProgressing: Waiting for Deployment to deploy pods","reason":"AWSEBSCSIDriverOperatorCR_AWSEBSDriverControllerServiceController_Deploying::AWSEBSDriverNodeServiceController_Deploying::VolumeDataSourceValidatorDeploymentController_Deploying","status":"True","type":"Progressing"},{"lastTransitionTime":"2026-01-28T09:31:08Z","message":"AWSEBSCSIDriverOperatorCRAvailable: AWSEBSDriverControllerServiceControllerAvailable: Waiting for Deployment","reason":"AWSEBSCSIDriverOperatorCR_AWSEBSDriverControllerServiceController_Deploying","status":"False","type":"Available"},{"lastTransitionTime":"2026-01-28T09:31:08Z","message":"All is well","reason":"AsExpected","status":"True","type":"Upgradeable"},{"lastTransitionTime":"2026-01-28T09:31:05Z","reason":"NoData","status":"Unknown","type":"EvaluationConditionsDetected"}]}}
2026-01-28T09:31:53.020637901Z I0128 09:31:53.020583       1 event.go:377] Event(v1.ObjectReference{Kind:"Deployment", Namespace:"openshift-cluster-storage-operator", Name:"cluster-storage-operator", UID:"428db879-cf7d-41d8-83a7-3b098331aa7e", APIVersion:"apps/v1", ResourceVersion:"", FieldPath:""}): type: 'Normal' reason: 'OperatorStatusChanged' Status for clusteroperator/storage changed: Available message changed from "AWSEBSCSIDriverOperatorCRAvailable: AWSEBSDriverControllerServiceControllerAvailable: Waiting for Deployment\nAWSEBSCSIDriverOperatorCRAvailable: AWSEBSDriverNodeServiceControllerAvailable: Waiting for the DaemonSet to deploy the CSI Node Service" to "AWSEBSCSIDriverOperatorCRAvailable: AWSEBSDriverControllerServiceControllerAvailable: Waiting for Deployment"
2026-01-28T09:32:10.077523858Z I0128 09:32:10.077478       1 status_controller.go:229] clusteroperator/storage diff {"status":{"conditions":[{"lastTransitionTime":"2026-01-28T09:31:05Z","message":"AWSEBSCSIDriverOperatorCRDegraded: All is well","reason":"AsExpected","status":"False","type":"Degraded"},{"lastTransitionTime":"2026-01-28T09:31:05Z","message":"AWSEBSCSIDriverOperatorCRProgressing: AWSEBSDriverControllerServiceControllerProgressing: Waiting for Deployment to deploy pods\nAWSEBSCSIDriverOperatorCRProgressing: AWSEBSDriverNodeServiceControllerProgressing: Waiting for DaemonSet to deploy node pods\nVolumeDataSourceValidatorDeploymentControllerProgressing: Waiting for Deployment to deploy pods","reason":"AWSEBSCSIDriverOperatorCR_AWSEBSDriverControllerServiceController_Deploying::AWSEBSDriverNodeServiceController_Deploying::VolumeDataSourceValidatorDeploymentController_Deploying","status":"True","type":"Progressing"},{"lastTransitionTime":"2026-01-28T09:32:10Z","message":"DefaultStorageClassControllerAvailable: StorageClass provided by supplied CSI Driver instead of the cluster-storage-operator\nAWSEBSCSIDriverOperatorCRAvailable: AWSEBSDriverControllerServiceControllerAvailable: Deployment is available\nAWSEBSCSIDriverOperatorCRAvailable: AWSEBSDriverNodeServiceControllerAvailable: DaemonSet is available","reason":"AsExpected","status":"True","type":"Available"},{"lastTransitionTime":"2026-01-28T09:31:08Z","message":"All is well","reason":"AsExpected","status":"True","type":"Upgradeable"},{"lastTransitionTime":"2026-01-28T09:31:05Z","reason":"NoData","status":"Unknown","type":"EvaluationConditionsDetected"}]}}
2026-01-28T09:32:10.090083789Z I0128 09:32:10.090041       1 event.go:377] Event(v1.ObjectReference{Kind:"Deployment", Namespace:"openshift-cluster-storage-operator", Name:"cluster-storage-operator", UID:"428db879-cf7d-41d8-83a7-3b098331aa7e", APIVersion:"apps/v1", ResourceVersion:"", FieldPath:""}): type: 'Normal' reason: 'OperatorStatusChanged' Status for clusteroperator/storage changed: Available changed from False to True ("DefaultStorageClassControllerAvailable: StorageClass provided by supplied CSI Driver instead of the cluster-storage-operator\nAWSEBSCSIDriverOperatorCRAvailable: AWSEBSDriverControllerServiceControllerAvailable: Deployment is available\nAWSEBSCSIDriverOperatorCRAvailable: AWSEBSDriverNodeServiceControllerAvailable: DaemonSet is available")
2026-01-28T09:32:11.108000237Z I0128 09:32:11.107890       1 status_controller.go:229] clusteroperator/storage diff {"status":{"conditions":[{"lastTransitionTime":"2026-01-28T09:31:05Z","message":"AWSEBSCSIDriverOperatorCRDegraded: All is well","reason":"AsExpected","status":"False","type":"Degraded"},{"lastTransitionTime":"2026-01-28T09:31:05Z","message":"AWSEBSCSIDriverOperatorCRProgressing: AWSEBSDriverControllerServiceControllerProgressing: Waiting for Deployment to deploy pods\nVolumeDataSourceValidatorDeploymentControllerProgressing: Waiting for Deployment to deploy pods","reason":"AWSEBSCSIDriverOperatorCR_AWSEBSDriverControllerServiceController_Deploying::VolumeDataSourceValidatorDeploymentController_Deploying","status":"True","type":"Progressing"},{"lastTransitionTime":"2026-01-28T09:32:10Z","message":"DefaultStorageClassControllerAvailable: StorageClass provided by supplied CSI Driver instead of the cluster-storage-operator\nAWSEBSCSIDriverOperatorCRAvailable: AWSEBSDriverControllerServiceControllerAvailable: Deployment is available\nAWSEBSCSIDriverOperatorCRAvailable: AWSEBSDriverNodeServiceControllerAvailable: DaemonSet is available","reason":"AsExpected","status":"True","type":"Available"},{"lastTransitionTime":"2026-01-28T09:31:08Z","message":"All is well","reason":"AsExpected","status":"True","type":"Upgradeable"},{"lastTransitionTime":"2026-01-28T09:31:05Z","reason":"NoData","status":"Unknown","type":"EvaluationConditionsDetected"}]}}
2026-01-28T09:32:11.129869999Z I0128 09:32:11.129749       1 event.go:377] Event(v1.ObjectReference{Kind:"Deployment", Namespace:"openshift-cluster-storage-operator", Name:"cluster-storage-operator", UID:"428db879-cf7d-41d8-83a7-3b098331aa7e", APIVersion:"apps/v1", ResourceVersion:"", FieldPath:""}): type: 'Normal' reason: 'OperatorStatusChanged' Status for clusteroperator/storage changed: Progressing message changed from "AWSEBSCSIDriverOperatorCRProgressing: AWSEBSDriverControllerServiceControllerProgressing: Waiting for Deployment to deploy pods\nAWSEBSCSIDriverOperatorCRProgressing: AWSEBSDriverNodeServiceControllerProgressing: Waiting for DaemonSet to deploy node pods\nVolumeDataSourceValidatorDeploymentControllerProgressing: Waiting for Deployment to deploy pods" to "AWSEBSCSIDriverOperatorCRProgressing: AWSEBSDriverControllerServiceControllerProgressing: Waiting for Deployment to deploy pods\nVolumeDataSourceValidatorDeploymentControllerProgressing: Waiting for Deployment to deploy pods"
2026-01-28T09:32:49.702774633Z I0128 09:32:49.702738       1 status_controller.go:229] clusteroperator/storage diff {"status":{"conditions":[{"lastTransitionTime":"2026-01-28T09:31:05Z","message":"AWSEBSCSIDriverOperatorCRDegraded: All is well","reason":"AsExpected","status":"False","type":"Degraded"},{"lastTransitionTime":"2026-01-28T09:31:05Z","message":"AWSEBSCSIDriverOperatorCRProgressing: AWSEBSDriverControllerServiceControllerProgressing: Waiting for Deployment to update pods\nVolumeDataSourceValidatorDeploymentControllerProgressing: Waiting for Deployment to deploy pods","reason":"AWSEBSCSIDriverOperatorCR_AWSEBSDriverControllerServiceController_Deploying::VolumeDataSourceValidatorDeploymentController_Deploying","status":"True","type":"Progressing"},{"lastTransitionTime":"2026-01-28T09:32:10Z","message":"DefaultStorageClassControllerAvailable: StorageClass provided by supplied CSI Driver instead of the cluster-storage-operator\nAWSEBSCSIDriverOperatorCRAvailable: AWSEBSDriverControllerServiceControllerAvailable: Deployment is available\nAWSEBSCSIDriverOperatorCRAvailable: AWSEBSDriverNodeServiceControllerAvailable: DaemonSet is available","reason":"AsExpected","status":"True","type":"Available"},{"lastTransitionTime":"2026-01-28T09:31:08Z","message":"All is well","reason":"AsExpected","status":"True","type":"Upgradeable"},{"lastTransitionTime":"2026-01-28T09:31:05Z","reason":"NoData","status":"Unknown","type":"EvaluationConditionsDetected"}]}}
2026-01-28T09:32:49.727382752Z I0128 09:32:49.720489       1 event.go:377] Event(v1.ObjectReference{Kind:"Deployment", Namespace:"openshift-cluster-storage-operator", Name:"cluster-storage-operator", UID:"428db879-cf7d-41d8-83a7-3b098331aa7e", APIVersion:"apps/v1", ResourceVersion:"", FieldPath:""}): type: 'Normal' reason: 'OperatorStatusChanged' Status for clusteroperator/storage changed: Progressing message changed from "AWSEBSCSIDriverOperatorCRProgressing: AWSEBSDriverControllerServiceControllerProgressing: Waiting for Deployment to deploy pods\nVolumeDataSourceValidatorDeploymentControllerProgressing: Waiting for Deployment to deploy pods" to "AWSEBSCSIDriverOperatorCRProgressing: AWSEBSDriverControllerServiceControllerProgressing: Waiting for Deployment to update pods\nVolumeDataSourceValidatorDeploymentControllerProgressing: Waiting for Deployment to deploy pods"
2026-01-28T09:32:49.764860990Z I0128 09:32:49.764817       1 status_controller.go:229] clusteroperator/storage diff {"status":{"conditions":[{"lastTransitionTime":"2026-01-28T09:31:05Z","message":"AWSEBSCSIDriverOperatorCRDegraded: All is well","reason":"AsExpected","status":"False","type":"Degraded"},{"lastTransitionTime":"2026-01-28T09:31:05Z","message":"AWSEBSCSIDriverOperatorCRProgressing: AWSEBSDriverControllerServiceControllerProgressing: Waiting for Deployment to deploy pods\nVolumeDataSourceValidatorDeploymentControllerProgressing: Waiting for Deployment to deploy pods","reason":"AWSEBSCSIDriverOperatorCR_AWSEBSDriverControllerServiceController_Deploying::VolumeDataSourceValidatorDeploymentController_Deploying","status":"True","type":"Progressing"},{"lastTransitionTime":"2026-01-28T09:32:10Z","message":"DefaultStorageClassControllerAvailable: StorageClass provided by supplied CSI Driver instead of the cluster-storage-operator\nAWSEBSCSIDriverOperatorCRAvailable: AWSEBSDriverControllerServiceControllerAvailable: Deployment is available\nAWSEBSCSIDriverOperatorCRAvailable: AWSEBSDriverNodeServiceControllerAvailable: DaemonSet is available","reason":"AsExpected","status":"True","type":"Available"},{"lastTransitionTime":"2026-01-28T09:31:08Z","message":"All is well","reason":"AsExpected","status":"True","type":"Upgradeable"},{"lastTransitionTime":"2026-01-28T09:31:05Z","reason":"NoData","status":"Unknown","type":"EvaluationConditionsDetected"}]}}
2026-01-28T09:32:49.785235372Z I0128 09:32:49.785137       1 event.go:377] Event(v1.ObjectReference{Kind:"Deployment", Namespace:"openshift-cluster-storage-operator", Name:"cluster-storage-operator", UID:"428db879-cf7d-41d8-83a7-3b098331aa7e", APIVersion:"apps/v1", ResourceVersion:"", FieldPath:""}): type: 'Normal' reason: 'OperatorStatusChanged' Status for clusteroperator/storage changed: Progressing message changed from "AWSEBSCSIDriverOperatorCRProgressing: AWSEBSDriverControllerServiceControllerProgressing: Waiting for Deployment to update pods\nVolumeDataSourceValidatorDeploymentControllerProgressing: Waiting for Deployment to deploy pods" to "AWSEBSCSIDriverOperatorCRProgressing: AWSEBSDriverControllerServiceControllerProgressing: Waiting for Deployment to deploy pods\nVolumeDataSourceValidatorDeploymentControllerProgressing: Waiting for Deployment to deploy pods"
2026-01-28T09:33:01.399103021Z I0128 09:33:01.399062       1 status_controller.go:229] clusteroperator/storage diff {"status":{"conditions":[{"lastTransitionTime":"2026-01-28T09:31:05Z","message":"AWSEBSCSIDriverOperatorCRDegraded: All is well","reason":"AsExpected","status":"False","type":"Degraded"},{"lastTransitionTime":"2026-01-28T09:31:05Z","message":"VolumeDataSourceValidatorDeploymentControllerProgressing: Waiting for Deployment to deploy pods","reason":"VolumeDataSourceValidatorDeploymentController_Deploying","status":"True","type":"Progressing"},{"lastTransitionTime":"2026-01-28T09:32:10Z","message":"DefaultStorageClassControllerAvailable: StorageClass provided by supplied CSI Driver instead of the cluster-storage-operator\nAWSEBSCSIDriverOperatorCRAvailable: AWSEBSDriverControllerServiceControllerAvailable: Deployment is available\nAWSEBSCSIDriverOperatorCRAvailable: AWSEBSDriverNodeServiceControllerAvailable: DaemonSet is available","reason":"AsExpected","status":"True","type":"Available"},{"lastTransitionTime":"2026-01-28T09:31:08Z","message":"All is well","reason":"AsExpected","status":"True","type":"Upgradeable"},{"lastTransitionTime":"2026-01-28T09:31:05Z","reason":"NoData","status":"Unknown","type":"EvaluationConditionsDetected"}]}}
2026-01-28T09:33:01.412888377Z I0128 09:33:01.411929       1 event.go:377] Event(v1.ObjectReference{Kind:"Deployment", Namespace:"openshift-cluster-storage-operator", Name:"cluster-storage-operator", UID:"428db879-cf7d-41d8-83a7-3b098331aa7e", APIVersion:"apps/v1", ResourceVersion:"", FieldPath:""}): type: 'Normal' reason: 'OperatorStatusChanged' Status for clusteroperator/storage changed: Progressing message changed from "AWSEBSCSIDriverOperatorCRProgressing: AWSEBSDriverControllerServiceControllerProgressing: Waiting for Deployment to deploy pods\nVolumeDataSourceValidatorDeploymentControllerProgressing: Waiting for Deployment to deploy pods" to "VolumeDataSourceValidatorDeploymentControllerProgressing: Waiting for Deployment to deploy pods"
2026-01-28T09:35:53.584058690Z I0128 09:35:53.583983       1 tlsconfig.go:181] "Loaded client CA" index=0 certName="client-ca::kube-system::extension-apiserver-authentication::client-ca-file,client-ca::kube-system::extension-apiserver-authentication::requestheader-client-ca-file" certDetail="\"admin-kubeconfig-signer\" [] issuer=\"<self>\" (2026-01-28 09:13:02 +0000 UTC to 2036-01-26 09:13:02 +0000 UTC (now=2026-01-28 09:35:53.58386267 +0000 UTC))"
2026-01-28T09:35:53.584058690Z I0128 09:35:53.584049       1 tlsconfig.go:181] "Loaded client CA" index=1 certName="client-ca::kube-system::extension-apiserver-authentication::client-ca-file,client-ca::kube-system::extension-apiserver-authentication::requestheader-client-ca-file" certDetail="\"kubelet-signer\" [] issuer=\"<self>\" (2026-01-28 09:13:06 +0000 UTC to 2026-01-29 09:13:06 +0000 UTC (now=2026-01-28 09:35:53.584006717 +0000 UTC))"
2026-01-28T09:35:53.584094431Z I0128 09:35:53.584072       1 tlsconfig.go:181] "Loaded client CA" index=2 certName="client-ca::kube-system::extension-apiserver-authentication::client-ca-file,client-ca::kube-system::extension-apiserver-authentication::requestheader-client-ca-file" certDetail="\"kube-control-plane-signer\" [] issuer=\"<self>\" (2026-01-28 09:13:06 +0000 UTC to 2027-01-28 09:13:06 +0000 UTC (now=2026-01-28 09:35:53.58405812 +0000 UTC))"
2026-01-28T09:35:53.584106542Z I0128 09:35:53.584091       1 tlsconfig.go:181] "Loaded client CA" index=3 certName="client-ca::kube-system::extension-apiserver-authentication::client-ca-file,client-ca::kube-system::extension-apiserver-authentication::requestheader-client-ca-file" certDetail="\"kube-apiserver-to-kubelet-signer\" [] issuer=\"<self>\" (2026-01-28 09:13:07 +0000 UTC to 2027-01-28 09:13:07 +0000 UTC (now=2026-01-28 09:35:53.584078351 +0000 UTC))"
2026-01-28T09:35:53.584116983Z I0128 09:35:53.584108       1 tlsconfig.go:181] "Loaded client CA" index=4 certName="client-ca::kube-system::extension-apiserver-authentication::client-ca-file,client-ca::kube-system::extension-apiserver-authentication::requestheader-client-ca-file" certDetail="\"kubelet-bootstrap-kubeconfig-signer\" [] issuer=\"<self>\" (2026-01-28 09:13:03 +0000 UTC to 2036-01-26 09:13:03 +0000 UTC (now=2026-01-28 09:35:53.584096611 +0000 UTC))"
2026-01-28T09:35:53.584129953Z I0128 09:35:53.584123       1 tlsconfig.go:181] "Loaded client CA" index=5 certName="client-ca::kube-system::extension-apiserver-authentication::client-ca-file,client-ca::kube-system::extension-apiserver-authentication::requestheader-client-ca-file" certDetail="\"kube-csr-signer_@1769592636\" [] issuer=\"kubelet-signer\" (2026-01-28 09:30:35 +0000 UTC to 2026-01-29 09:13:06 +0000 UTC (now=2026-01-28 09:35:53.584113723 +0000 UTC))"
2026-01-28T09:35:53.584149194Z I0128 09:35:53.584140       1 tlsconfig.go:181] "Loaded client CA" index=6 certName="client-ca::kube-system::extension-apiserver-authentication::client-ca-file,client-ca::kube-system::extension-apiserver-authentication::requestheader-client-ca-file" certDetail="\"openshift-kube-apiserver-operator_node-system-admin-signer@1769592635\" [] issuer=\"<self>\" (2026-01-28 09:30:35 +0000 UTC to 2029-01-27 09:30:36 +0000 UTC (now=2026-01-28 09:35:53.584128983 +0000 UTC))"
2026-01-28T09:35:53.584161335Z I0128 09:35:53.584155       1 tlsconfig.go:181] "Loaded client CA" index=7 certName="client-ca::kube-system::extension-apiserver-authentication::client-ca-file,client-ca::kube-system::extension-apiserver-authentication::requestheader-client-ca-file" certDetail="\"aggregator-signer\" [] issuer=\"<self>\" (2026-01-28 09:13:04 +0000 UTC to 2026-01-29 09:13:04 +0000 UTC (now=2026-01-28 09:35:53.584145334 +0000 UTC))"
2026-01-28T09:35:53.584441019Z I0128 09:35:53.584398       1 tlsconfig.go:203] "Loaded serving cert" certName="serving-cert::/var/run/secrets/serving-cert/tls.crt::/var/run/secrets/serving-cert/tls.key" certDetail="\"cluster-storage-operator-metrics.openshift-cluster-storage-operator.svc\" [serving] validServingFor=[cluster-storage-operator-metrics.openshift-cluster-storage-operator.svc,cluster-storage-operator-metrics.openshift-cluster-storage-operator.svc.cluster.local] issuer=\"openshift-service-serving-signer@1769592635\" (2026-01-28 09:30:39 +0000 UTC to 2028-01-28 09:30:40 +0000 UTC (now=2026-01-28 09:35:53.584373245 +0000 UTC))"
2026-01-28T09:35:53.584612277Z I0128 09:35:53.584590       1 named_certificates.go:53] "Loaded SNI cert" index=0 certName="self-signed loopback" certDetail="\"apiserver-loopback-client@1769592665\" [serving] validServingFor=[apiserver-loopback-client] issuer=\"apiserver-loopback-client-ca@1769592664\" (2026-01-28 08:31:03 +0000 UTC to 2029-01-28 08:31:03 +0000 UTC (now=2026-01-28 09:35:53.584574015 +0000 UTC))"
2026-01-28T09:36:11.283982907Z I0128 09:36:11.283846       1 status_controller.go:229] clusteroperator/storage diff {"status":{"conditions":[{"lastTransitionTime":"2026-01-28T09:31:05Z","message":"AWSEBSCSIDriverOperatorCRDegraded: All is well","reason":"AsExpected","status":"False","type":"Degraded"},{"lastTransitionTime":"2026-01-28T09:31:05Z","message":"AWSEBSCSIDriverOperatorCRProgressing: AWSEBSDriverNodeServiceControllerProgressing: Waiting for DaemonSet to deploy node pods\nVolumeDataSourceValidatorDeploymentControllerProgressing: Waiting for Deployment to deploy pods","reason":"AWSEBSCSIDriverOperatorCR_AWSEBSDriverNodeServiceController_Deploying::VolumeDataSourceValidatorDeploymentController_Deploying","status":"True","type":"Progressing"},{"lastTransitionTime":"2026-01-28T09:32:10Z","message":"DefaultStorageClassControllerAvailable: StorageClass provided by supplied CSI Driver instead of the cluster-storage-operator\nAWSEBSCSIDriverOperatorCRAvailable: AWSEBSDriverControllerServiceControllerAvailable: Deployment is available\nAWSEBSCSIDriverOperatorCRAvailable: AWSEBSDriverNodeServiceControllerAvailable: DaemonSet is available","reason":"AsExpected","status":"True","type":"Available"},{"lastTransitionTime":"2026-01-28T09:31:08Z","message":"All is well","reason":"AsExpected","status":"True","type":"Upgradeable"},{"lastTransitionTime":"2026-01-28T09:31:05Z","reason":"NoData","status":"Unknown","type":"EvaluationConditionsDetected"}]}}
2026-01-28T09:36:11.298775579Z I0128 09:36:11.294594       1 event.go:377] Event(v1.ObjectReference{Kind:"Deployment", Namespace:"openshift-cluster-storage-operator", Name:"cluster-storage-operator", UID:"428db879-cf7d-41d8-83a7-3b098331aa7e", APIVersion:"apps/v1", ResourceVersion:"", FieldPath:""}): type: 'Normal' reason: 'OperatorStatusChanged' Status for clusteroperator/storage changed: Progressing message changed from "VolumeDataSourceValidatorDeploymentControllerProgressing: Waiting for Deployment to deploy pods" to "AWSEBSCSIDriverOperatorCRProgressing: AWSEBSDriverNodeServiceControllerProgressing: Waiting for DaemonSet to deploy node pods\nVolumeDataSourceValidatorDeploymentControllerProgressing: Waiting for Deployment to deploy pods"
2026-01-28T09:36:42.033088743Z I0128 09:36:42.033040       1 status_controller.go:229] clusteroperator/storage diff {"status":{"conditions":[{"lastTransitionTime":"2026-01-28T09:31:05Z","message":"AWSEBSCSIDriverOperatorCRDegraded: All is well","reason":"AsExpected","status":"False","type":"Degraded"},{"lastTransitionTime":"2026-01-28T09:31:05Z","message":"VolumeDataSourceValidatorDeploymentControllerProgressing: Waiting for Deployment to deploy pods","reason":"VolumeDataSourceValidatorDeploymentController_Deploying","status":"True","type":"Progressing"},{"lastTransitionTime":"2026-01-28T09:32:10Z","message":"DefaultStorageClassControllerAvailable: StorageClass provided by supplied CSI Driver instead of the cluster-storage-operator\nAWSEBSCSIDriverOperatorCRAvailable: AWSEBSDriverControllerServiceControllerAvailable: Deployment is available\nAWSEBSCSIDriverOperatorCRAvailable: AWSEBSDriverNodeServiceControllerAvailable: DaemonSet is available","reason":"AsExpected","status":"True","type":"Available"},{"lastTransitionTime":"2026-01-28T09:31:08Z","message":"All is well","reason":"AsExpected","status":"True","type":"Upgradeable"},{"lastTransitionTime":"2026-01-28T09:31:05Z","reason":"NoData","status":"Unknown","type":"EvaluationConditionsDetected"}]}}
2026-01-28T09:36:42.047555949Z I0128 09:36:42.045996       1 event.go:377] Event(v1.ObjectReference{Kind:"Deployment", Namespace:"openshift-cluster-storage-operator", Name:"cluster-storage-operator", UID:"428db879-cf7d-41d8-83a7-3b098331aa7e", APIVersion:"apps/v1", ResourceVersion:"", FieldPath:""}): type: 'Normal' reason: 'OperatorStatusChanged' Status for clusteroperator/storage changed: Progressing message changed from "AWSEBSCSIDriverOperatorCRProgressing: AWSEBSDriverNodeServiceControllerProgressing: Waiting for DaemonSet to deploy node pods\nVolumeDataSourceValidatorDeploymentControllerProgressing: Waiting for Deployment to deploy pods" to "VolumeDataSourceValidatorDeploymentControllerProgressing: Waiting for Deployment to deploy pods"
2026-01-28T09:37:00.278474530Z I0128 09:37:00.278398       1 status_controller.go:229] clusteroperator/storage diff {"status":{"conditions":[{"lastTransitionTime":"2026-01-28T09:31:05Z","message":"AWSEBSCSIDriverOperatorCRDegraded: All is well","reason":"AsExpected","status":"False","type":"Degraded"},{"lastTransitionTime":"2026-01-28T09:37:00Z","message":"VolumeDataSourceValidatorDeploymentControllerProgressing: Deployment is not progressing\nAWSEBSCSIDriverOperatorCRProgressing: AWSEBSDriverControllerServiceControllerProgressing: Deployment is not progressing\nAWSEBSCSIDriverOperatorCRProgressing: AWSEBSDriverNodeServiceControllerProgressing: DaemonSet is not progressing","reason":"AsExpected","status":"False","type":"Progressing"},{"lastTransitionTime":"2026-01-28T09:32:10Z","message":"DefaultStorageClassControllerAvailable: StorageClass provided by supplied CSI Driver instead of the cluster-storage-operator\nAWSEBSCSIDriverOperatorCRAvailable: AWSEBSDriverControllerServiceControllerAvailable: Deployment is available\nAWSEBSCSIDriverOperatorCRAvailable: AWSEBSDriverNodeServiceControllerAvailable: DaemonSet is available","reason":"AsExpected","status":"True","type":"Available"},{"lastTransitionTime":"2026-01-28T09:31:08Z","message":"All is well","reason":"AsExpected","status":"True","type":"Upgradeable"},{"lastTransitionTime":"2026-01-28T09:31:05Z","reason":"NoData","status":"Unknown","type":"EvaluationConditionsDetected"}]}}
2026-01-28T09:37:00.303346377Z I0128 09:37:00.303295       1 event.go:377] Event(v1.ObjectReference{Kind:"Deployment", Namespace:"openshift-cluster-storage-operator", Name:"cluster-storage-operator", UID:"428db879-cf7d-41d8-83a7-3b098331aa7e", APIVersion:"apps/v1", ResourceVersion:"", FieldPath:""}): type: 'Normal' reason: 'OperatorStatusChanged' Status for clusteroperator/storage changed: Progressing changed from True to False ("VolumeDataSourceValidatorDeploymentControllerProgressing: Deployment is not progressing\nAWSEBSCSIDriverOperatorCRProgressing: AWSEBSDriverControllerServiceControllerProgressing: Deployment is not progressing\nAWSEBSCSIDriverOperatorCRProgressing: AWSEBSDriverNodeServiceControllerProgressing: DaemonSet is not progressing")
2026-01-28T09:41:05.632451680Z I0128 09:41:05.632396       1 reflector.go:430] "Caches populated" type="*v1.ServiceMonitor" reflector="k8s.io/client-go@v0.33.3/tools/cache/reflector.go:285"
2026-01-28T09:41:05.952741113Z I0128 09:41:05.952684       1 reflector.go:430] "Caches populated" type="operator.openshift.io/v1, Resource=storages" reflector="k8s.io/client-go@v0.33.3/tools/cache/reflector.go:285"
2026-01-28T09:41:07.391828584Z I0128 09:41:07.391787       1 reflector.go:430] "Caches populated" type="*v1.ClusterCSIDriver" reflector="k8s.io/client-go@v0.33.3/tools/cache/reflector.go:285"
2026-01-28T09:41:47.114789280Z I0128 09:41:47.114732       1 status_controller.go:229] clusteroperator/storage diff {"status":{"conditions":[{"lastTransitionTime":"2026-01-28T09:31:05Z","message":"AWSEBSCSIDriverOperatorCRDegraded: All is well","reason":"AsExpected","status":"False","type":"Degraded"},{"lastTransitionTime":"2026-01-28T09:41:47Z","message":"AWSEBSCSIDriverOperatorCRProgressing: AWSEBSDriverNodeServiceControllerProgressing: Waiting for DaemonSet to update 5 node pods","reason":"AWSEBSCSIDriverOperatorCR_AWSEBSDriverNodeServiceController_Deploying","status":"True","type":"Progressing"},{"lastTransitionTime":"2026-01-28T09:32:10Z","message":"DefaultStorageClassControllerAvailable: StorageClass provided by supplied CSI Driver instead of the cluster-storage-operator\nAWSEBSCSIDriverOperatorCRAvailable: AWSEBSDriverControllerServiceControllerAvailable: Deployment is available\nAWSEBSCSIDriverOperatorCRAvailable: AWSEBSDriverNodeServiceControllerAvailable: DaemonSet is available","reason":"AsExpected","status":"True","type":"Available"},{"lastTransitionTime":"2026-01-28T09:31:08Z","message":"All is well","reason":"AsExpected","status":"True","type":"Upgradeable"},{"lastTransitionTime":"2026-01-28T09:31:05Z","reason":"NoData","status":"Unknown","type":"EvaluationConditionsDetected"}]}}
2026-01-28T09:41:47.428046474Z I0128 09:41:47.427401       1 event.go:377] Event(v1.ObjectReference{Kind:"Deployment", Namespace:"openshift-cluster-storage-operator", Name:"cluster-storage-operator", UID:"428db879-cf7d-41d8-83a7-3b098331aa7e", APIVersion:"apps/v1", ResourceVersion:"", FieldPath:""}): type: 'Normal' reason: 'OperatorStatusChanged' Status for clusteroperator/storage changed: Progressing changed from False to True ("AWSEBSCSIDriverOperatorCRProgressing: AWSEBSDriverNodeServiceControllerProgressing: Waiting for DaemonSet to update 5 node pods")
2026-01-28T09:41:47.479364251Z I0128 09:41:47.474850       1 status_controller.go:229] clusteroperator/storage diff {"status":{"conditions":[{"lastTransitionTime":"2026-01-28T09:31:05Z","message":"AWSEBSCSIDriverOperatorCRDegraded: All is well","reason":"AsExpected","status":"False","type":"Degraded"},{"lastTransitionTime":"2026-01-28T09:41:47Z","message":"AWSEBSCSIDriverOperatorCRProgressing: AWSEBSDriverNodeServiceControllerProgressing: Waiting for DaemonSet to deploy node pods","reason":"AWSEBSCSIDriverOperatorCR_AWSEBSDriverNodeServiceController_Deploying","status":"True","type":"Progressing"},{"lastTransitionTime":"2026-01-28T09:32:10Z","message":"DefaultStorageClassControllerAvailable: StorageClass provided by supplied CSI Driver instead of the cluster-storage-operator\nAWSEBSCSIDriverOperatorCRAvailable: AWSEBSDriverControllerServiceControllerAvailable: Deployment is available\nAWSEBSCSIDriverOperatorCRAvailable: AWSEBSDriverNodeServiceControllerAvailable: DaemonSet is available","reason":"AsExpected","status":"True","type":"Available"},{"lastTransitionTime":"2026-01-28T09:31:08Z","message":"All is well","reason":"AsExpected","status":"True","type":"Upgradeable"},{"lastTransitionTime":"2026-01-28T09:31:05Z","reason":"NoData","status":"Unknown","type":"EvaluationConditionsDetected"}]}}
2026-01-28T09:41:47.551122475Z I0128 09:41:47.550601       1 event.go:377] Event(v1.ObjectReference{Kind:"Deployment", Namespace:"openshift-cluster-storage-operator", Name:"cluster-storage-operator", UID:"428db879-cf7d-41d8-83a7-3b098331aa7e", APIVersion:"apps/v1", ResourceVersion:"", FieldPath:""}): type: 'Normal' reason: 'OperatorStatusChanged' Status for clusteroperator/storage changed: Progressing message changed from "AWSEBSCSIDriverOperatorCRProgressing: AWSEBSDriverNodeServiceControllerProgressing: Waiting for DaemonSet to update 5 node pods" to "AWSEBSCSIDriverOperatorCRProgressing: AWSEBSDriverNodeServiceControllerProgressing: Waiting for DaemonSet to deploy node pods"
2026-01-28T09:42:21.377334625Z I0128 09:42:21.377295       1 status_controller.go:229] clusteroperator/storage diff {"status":{"conditions":[{"lastTransitionTime":"2026-01-28T09:31:05Z","message":"AWSEBSCSIDriverOperatorCRDegraded: All is well","reason":"AsExpected","status":"False","type":"Degraded"},{"lastTransitionTime":"2026-01-28T09:42:21Z","message":"VolumeDataSourceValidatorDeploymentControllerProgressing: Deployment is not progressing\nAWSEBSCSIDriverOperatorCRProgressing: AWSEBSDriverControllerServiceControllerProgressing: Deployment is not progressing\nAWSEBSCSIDriverOperatorCRProgressing: AWSEBSDriverNodeServiceControllerProgressing: DaemonSet is not progressing","reason":"AsExpected","status":"False","type":"Progressing"},{"lastTransitionTime":"2026-01-28T09:32:10Z","message":"DefaultStorageClassControllerAvailable: StorageClass provided by supplied CSI Driver instead of the cluster-storage-operator\nAWSEBSCSIDriverOperatorCRAvailable: AWSEBSDriverControllerServiceControllerAvailable: Deployment is available\nAWSEBSCSIDriverOperatorCRAvailable: AWSEBSDriverNodeServiceControllerAvailable: DaemonSet is available","reason":"AsExpected","status":"True","type":"Available"},{"lastTransitionTime":"2026-01-28T09:31:08Z","message":"All is well","reason":"AsExpected","status":"True","type":"Upgradeable"},{"lastTransitionTime":"2026-01-28T09:31:05Z","reason":"NoData","status":"Unknown","type":"EvaluationConditionsDetected"}]}}
2026-01-28T09:42:21.401382004Z I0128 09:42:21.401322       1 event.go:377] Event(v1.ObjectReference{Kind:"Deployment", Namespace:"openshift-cluster-storage-operator", Name:"cluster-storage-operator", UID:"428db879-cf7d-41d8-83a7-3b098331aa7e", APIVersion:"apps/v1", ResourceVersion:"", FieldPath:""}): type: 'Normal' reason: 'OperatorStatusChanged' Status for clusteroperator/storage changed: Progressing changed from True to False ("VolumeDataSourceValidatorDeploymentControllerProgressing: Deployment is not progressing\nAWSEBSCSIDriverOperatorCRProgressing: AWSEBSDriverControllerServiceControllerProgressing: Deployment is not progressing\nAWSEBSCSIDriverOperatorCRProgressing: AWSEBSDriverNodeServiceControllerProgressing: DaemonSet is not progressing")
